order_date,order_datetime,ticket_type,access_level,attendance_days,product_name,platform,price,gross_price,quantity,is_paid
2026-05-06,2026-05-06 19:17:00,vendredi,early_entry,['vendredi'],Vendredi | Entrée avant 21h,DICE,45.674834999999995,48.41,1,1
2026-05-09,2026-05-09 16:50:00,vendredi,early_entry,['vendredi'],Vendredi | Entrée avant 21h,DICE,45.674834999999995,48.41,1,1
2026-05-09,2026-05-09 16:50:00,vendredi,early_entry,['vendredi'],Vendredi | Entrée avant 21h,DICE,45.674834999999995,48.41,1,1
2026-05-09,2026-05-09 16:50:00,vendredi,early_entry,['vendredi'],Vendredi | Entrée avant 21h,DICE,45.674834999999995,48.41,1,1
2026-07-11,2026-07-11 23:28:00,vendredi,early_entry,['vendredi'],Vendredi | Entrée avant 21h,DICE,50.533860000000004,53.56,1,1
2026-05-28,2026-05-28 14:34:00,vendredi,early_entry,['vendredi'],Vendredi | Entrée avant 21h,DICE,50.533860000000004,53.56,1,1
2026-05-28,2026-05-28 14:34:00,vendredi,early_entry,['vendredi'],Vendredi | Entrée avant 21h,DICE,50.533860000000004,53.56,1,1
2026-05-14,2026-05-14 20:00:00,vendredi,early_entry,['vendredi'],Vendredi | Entrée avant 21h,DICE,45.674834999999995,48.41,1,1
2026-05-06,2026-05-06 19:33:00,vendredi,early_entry,['vendredi'],Vendredi | Entrée avant 21h,DICE,45.674834999999995,48.41,1,1
2026-05-06,2026-05-06 19:33:00,vendredi,early_entry,['vendredi'],Vendredi | Entrée avant 21h,DICE,45.674834999999995,48.41,1,1
2026-05-06,2026-05-06 19:33:00,vendredi,early_entry,['vendredi'],Vendredi | Entrée avant 21h,DICE,45.674834999999995,48.41,1,1
2026-05-23,2026-05-23 20:44:00,vendredi,early_entry,['vendredi'],Vendredi | Entrée avant 21h,DICE,45.674834999999995,48.41,1,1
2026-05-23,2026-05-23 20:44:00,vendredi,early_entry,['vendredi'],Vendredi | Entrée avant 21h,DICE,45.674834999999995,48.41,1,1
2026-07-11,2026-07-11 22:10:00,vendredi,early_entry,['vendredi'],Vendredi | Entrée avant 21h,DICE,50.533860000000004,53.56,1,1
2026-07-11,2026-07-11 22:10:00,vendredi,early_entry,['vendredi'],Vendredi | Entrée avant 21h,DICE,50.533860000000004,53.56,1,1
2026-07-11,2026-07-11 22:10:00,vendredi,early_entry,['vendredi'],Vendredi | Entrée avant 21h,DICE,50.533860000000004,53.56,1,1
2026-07-11,2026-07-11 22:10:00,vendredi,early_entry,['vendredi'],Vendredi | Entrée avant 21h,DICE,50.533860000000004,53.56,1,1
2026-05-06,2026-05-06 19:16:00,vendredi,early_entry,['vendredi'],Vendredi | Entrée avant 21h,DICE,45.674834999999995,48.41,1,1
2026-05-21,2026-05-21 22:16:00,vendredi,early_entry,['vendredi'],Vendredi | Entrée avant 21h,DICE,45.674834999999995,48.41,1,1
2026-05-21,2026-05-21 22:16:00,vendredi,early_entry,['vendredi'],Vendredi | Entrée avant 21h,DICE,45.674834999999995,48.41,1,1
2026-05-06,2026-05-06 19:44:00,vendredi,early_entry,['vendredi'],Vendredi | Entrée avant 21h,DICE,45.674834999999995,48.41,1,1
2026-05-06,2026-05-06 19:18:00,vendredi,early_entry,['vendredi'],Vendredi | Entrée avant 21h,DICE,45.674834999999995,48.41,1,1
2026-08-04,2026-08-04 09:45:00,vendredi,early_entry,['vendredi'],Vendredi | Entrée avant 21h,DICE,50.533860000000004,53.56,1,1
2026-08-05,2026-08-05 06:56:00,vendredi,early_entry,['vendredi'],Vendredi | Entrée avant 21h,DICE,50.533860000000004,53.56,1,1
2026-05-07,2026-05-07 00:50:00,vendredi,early_entry,['vendredi'],Vendredi | Entrée avant 21h,DICE,45.674834999999995,48.41,1,1
2026-05-07,2026-05-07 00:50:00,vendredi,early_entry,['vendredi'],Vendredi | Entrée avant 21h,DICE,45.674834999999995,48.41,1,1
2026-05-18,2026-05-18 12:37:00,vendredi,early_entry,['vendredi'],Vendredi | Entrée avant 21h,DICE,45.674834999999995,48.41,1,1
2026-05-18,2026-05-18 12:37:00,vendredi,early_entry,['vendredi'],Vendredi | Entrée avant 21h,DICE,45.674834999999995,48.41,1,1
2026-05-06,2026-05-06 19:16:00,vendredi,early_entry,['vendredi'],Vendredi | Entrée avant 21h,DICE,45.674834999999995,48.41,1,1
2026-05-06,2026-05-06 19:16:00,vendredi,early_entry,['vendredi'],Vendredi | Entrée avant 21h,DICE,45.674834999999995,48.41,1,1
2026-05-06,2026-05-06 19:16:00,vendredi,early_entry,['vendredi'],Vendredi | Entrée avant 21h,DICE,45.674834999999995,48.41,1,1
2026-05-06,2026-05-06 19:16:00,vendredi,early_entry,['vendredi'],Vendredi | Entrée avant 21h,DICE,45.674834999999995,48.41,1,1
2026-08-04,2026-08-04 09:45:00,vendredi,early_entry,['vendredi'],Vendredi | Entrée avant 21h,DICE,50.533860000000004,53.56,1,1
2026-05-07,2026-05-07 22:41:00,vendredi,early_entry,['vendredi'],Vendredi | Entrée avant 21h,DICE,45.674834999999995,48.41,1,1
2026-05-06,2026-05-06 20:29:00,vendredi,early_entry,['vendredi'],Vendredi | Entrée avant 21h,DICE,45.674834999999995,48.41,1,1
2026-07-30,2026-07-30 05:47:00,vendredi,early_entry,['vendredi'],Vendredi | Entrée avant 21h,DICE,50.533860000000004,53.56,1,1
2026-07-30,2026-07-30 05:47:00,vendredi,early_entry,['vendredi'],Vendredi | Entrée avant 21h,DICE,50.533860000000004,53.56,1,1
2026-07-30,2026-07-30 05:47:00,vendredi,early_entry,['vendredi'],Vendredi | Entrée avant 21h,DICE,50.533860000000004,53.56,1,1
2026-05-06,2026-05-06 19:21:00,vendredi,early_entry,['vendredi'],Vendredi | Entrée avant 21h,DICE,45.674834999999995,48.41,1,1
2026-05-06,2026-05-06 19:16:00,vendredi,early_entry,['vendredi'],Vendredi | Entrée avant 21h,DICE,45.674834999999995,48.41,1,1
2026-05-06,2026-05-06 19:16:00,vendredi,early_entry,['vendredi'],Vendredi | Entrée avant 21h,DICE,45.674834999999995,48.41,1,1
2026-05-06,2026-05-06 19:16:00,vendredi,early_entry,['vendredi'],Vendredi | Entrée avant 21h,DICE,45.674834999999995,48.41,1,1
2026-05-17,2026-05-17 20:37:00,vendredi,early_entry,['vendredi'],Vendredi | Entrée avant 21h,DICE,45.674834999999995,48.41,1,1
2026-05-17,2026-05-17 20:37:00,vendredi,early_entry,['vendredi'],Vendredi | Entrée avant 21h,DICE,45.674834999999995,48.41,1,1
2026-05-17,2026-05-17 20:37:00,vendredi,early_entry,['vendredi'],Vendredi | Entrée avant 21h,DICE,45.674834999999995,48.41,1,1
2026-05-17,2026-05-17 20:37:00,vendredi,early_entry,['vendredi'],Vendredi | Entrée avant 21h,DICE,45.674834999999995,48.41,1,1
2026-05-17,2026-05-17 20:37:00,vendredi,early_entry,['vendredi'],Vendredi | Entrée avant 21h,DICE,45.674834999999995,48.41,1,1
2026-05-17,2026-05-17 20:37:00,vendredi,early_entry,['vendredi'],Vendredi | Entrée avant 21h,DICE,45.674834999999995,48.41,1,1
2026-05-17,2026-05-17 20:37:00,vendredi,early_entry,['vendredi'],Vendredi | Entrée avant 21h,DICE,45.674834999999995,48.41,1,1
2026-05-06,2026-05-06 21:36:00,vendredi,early_entry,['vendredi'],Vendredi | Entrée avant 21h,DICE,45.674834999999995,48.41,1,1
2026-05-06,2026-05-06 21:36:00,vendredi,early_entry,['vendredi'],Vendredi | Entrée avant 21h,DICE,45.674834999999995,48.41,1,1
2026-06-20,2026-06-20 22:01:00,vendredi,early_entry,['vendredi'],Vendredi | Entrée avant 21h,DICE,50.533860000000004,53.56,1,1
2026-05-06,2026-05-06 19:49:00,vendredi,early_entry,['vendredi'],Vendredi | Entrée avant 21h,DICE,45.674834999999995,48.41,1,1
2026-05-06,2026-05-06 19:49:00,vendredi,early_entry,['vendredi'],Vendredi | Entrée avant 21h,DICE,45.674834999999995,48.41,1,1
2026-08-01,2026-08-01 23:34:00,vendredi,early_entry,['vendredi'],Vendredi | Entrée avant 21h,DICE,50.533860000000004,53.56,1,1
2026-06-20,2026-06-20 07:25:00,vendredi,early_entry,['vendredi'],Vendredi | Entrée avant 21h,DICE,50.533860000000004,53.56,1,1
2026-06-20,2026-06-20 07:25:00,vendredi,early_entry,['vendredi'],Vendredi | Entrée avant 21h,DICE,50.533860000000004,53.56,1,1
2026-05-16,2026-05-16 13:39:00,vendredi,early_entry,['vendredi'],Vendredi | Entrée avant 21h,DICE,45.674834999999995,48.41,1,1
2026-05-16,2026-05-16 13:39:00,vendredi,early_entry,['vendredi'],Vendredi | Entrée avant 21h,DICE,45.674834999999995,48.41,1,1
2026-05-16,2026-05-16 13:39:00,vendredi,early_entry,['vendredi'],Vendredi | Entrée avant 21h,DICE,45.674834999999995,48.41,1,1
2026-06-21,2026-06-21 11:17:00,vendredi,early_entry,['vendredi'],Vendredi | Entrée avant 21h,DICE,50.533860000000004,53.56,1,1
2026-06-21,2026-06-21 11:17:00,vendredi,early_entry,['vendredi'],Vendredi | Entrée avant 21h,DICE,50.533860000000004,53.56,1,1
2026-05-06,2026-05-06 20:25:00,vendredi,early_entry,['vendredi'],Vendredi | Entrée avant 21h,DICE,45.674834999999995,48.41,1,1
2026-05-06,2026-05-06 20:25:00,vendredi,early_entry,['vendredi'],Vendredi | Entrée avant 21h,DICE,45.674834999999995,48.41,1,1
2026-05-08,2026-05-08 21:21:00,vendredi,early_entry,['vendredi'],Vendredi | Entrée avant 21h,DICE,45.674834999999995,48.41,1,1
2026-05-08,2026-05-08 21:21:00,vendredi,early_entry,['vendredi'],Vendredi | Entrée avant 21h,DICE,45.674834999999995,48.41,1,1
2026-06-11,2026-06-11 21:51:00,vendredi,early_entry,['vendredi'],Vendredi | Entrée avant 21h,DICE,50.533860000000004,53.56,1,1
2026-05-06,2026-05-06 19:15:00,vendredi,early_entry,['vendredi'],Vendredi | Entrée avant 21h,DICE,45.674834999999995,48.41,1,1
2026-05-06,2026-05-06 19:15:00,vendredi,early_entry,['vendredi'],Vendredi | Entrée avant 21h,DICE,45.674834999999995,48.41,1,1
2026-05-07,2026-05-07 20:28:00,vendredi,early_entry,['vendredi'],Vendredi | Entrée avant 21h,DICE,45.674834999999995,48.41,1,1
2026-05-07,2026-05-07 20:28:00,vendredi,early_entry,['vendredi'],Vendredi | Entrée avant 21h,DICE,45.674834999999995,48.41,1,1
2026-05-06,2026-05-06 20:04:00,vendredi,early_entry,['vendredi'],Vendredi | Entrée avant 21h,DICE,45.674834999999995,48.41,1,1
2026-05-06,2026-05-06 20:04:00,vendredi,early_entry,['vendredi'],Vendredi | Entrée avant 21h,DICE,45.674834999999995,48.41,1,1
2026-05-08,2026-05-08 18:09:00,vendredi,early_entry,['vendredi'],Vendredi | Entrée avant 21h,DICE,45.674834999999995,48.41,1,1
2026-05-08,2026-05-08 18:09:00,vendredi,early_entry,['vendredi'],Vendredi | Entrée avant 21h,DICE,45.674834999999995,48.41,1,1
2026-05-08,2026-05-08 18:09:00,vendredi,early_entry,['vendredi'],Vendredi | Entrée avant 21h,DICE,45.674834999999995,48.41,1,1
2026-05-08,2026-05-08 18:09:00,vendredi,early_entry,['vendredi'],Vendredi | Entrée avant 21h,DICE,45.674834999999995,48.41,1,1
2026-06-01,2026-06-01 17:08:00,vendredi,early_entry,['vendredi'],Vendredi | Entrée avant 21h,DICE,50.533860000000004,53.56,1,1
2026-05-06,2026-05-06 19:20:00,vendredi,early_entry,['vendredi'],Vendredi | Entrée avant 21h,DICE,45.674834999999995,48.41,1,1
2026-05-06,2026-05-06 19:20:00,vendredi,early_entry,['vendredi'],Vendredi | Entrée avant 21h,DICE,45.674834999999995,48.41,1,1
2026-05-06,2026-05-06 19:20:00,vendredi,early_entry,['vendredi'],Vendredi | Entrée avant 21h,DICE,45.674834999999995,48.41,1,1
2026-05-06,2026-05-06 19:20:00,vendredi,early_entry,['vendredi'],Vendredi | Entrée avant 21h,DICE,45.674834999999995,48.41,1,1
2026-05-06,2026-05-06 19:20:00,vendredi,early_entry,['vendredi'],Vendredi | Entrée avant 21h,DICE,45.674834999999995,48.41,1,1
2026-05-06,2026-05-06 19:20:00,vendredi,early_entry,['vendredi'],Vendredi | Entrée avant 21h,DICE,45.674834999999995,48.41,1,1
2026-05-06,2026-05-06 19:18:00,vendredi,early_entry,['vendredi'],Vendredi | Entrée avant 21h,DICE,45.674834999999995,48.41,1,1
2026-06-20,2026-06-20 22:04:00,vendredi,early_entry,['vendredi'],Vendredi | Entrée avant 21h,DICE,50.533860000000004,53.56,1,1
2026-06-20,2026-06-20 22:01:00,vendredi,early_entry,['vendredi'],Vendredi | Entrée avant 21h,DICE,50.533860000000004,53.56,1,1
2026-05-06,2026-05-06 19:15:00,vendredi,early_entry,['vendredi'],Vendredi | Entrée avant 21h,DICE,45.674834999999995,48.41,1,1
2026-05-06,2026-05-06 19:17:00,vendredi,early_entry,['vendredi'],Vendredi | Entrée avant 21h,DICE,45.674834999999995,48.41,1,1
2026-05-06,2026-05-06 19:17:00,vendredi,early_entry,['vendredi'],Vendredi | Entrée avant 21h,DICE,45.674834999999995,48.41,1,1
2026-05-06,2026-05-06 19:17:00,vendredi,early_entry,['vendredi'],Vendredi | Entrée avant 21h,DICE,45.674834999999995,48.41,1,1
2026-05-06,2026-05-06 19:17:00,vendredi,early_entry,['vendredi'],Vendredi | Entrée avant 21h,DICE,45.674834999999995,48.41,1,1
2026-05-06,2026-05-06 20:20:00,vendredi,early_entry,['vendredi'],Vendredi | Entrée avant 21h,DICE,45.674834999999995,48.41,1,1
2026-05-06,2026-05-06 20:20:00,vendredi,early_entry,['vendredi'],Vendredi | Entrée avant 21h,DICE,45.674834999999995,48.41,1,1
2026-05-07,2026-05-07 07:17:00,vendredi,early_entry,['vendredi'],Vendredi | Entrée avant 21h,DICE,45.674834999999995,48.41,1,1
2026-05-20,2026-05-20 21:18:00,vendredi,early_entry,['vendredi'],Vendredi | Entrée avant 21h,DICE,45.674834999999995,48.41,1,1
2026-05-06,2026-05-06 19:16:00,vendredi,early_entry,['vendredi'],Vendredi | Entrée avant 21h,DICE,45.674834999999995,48.41,1,1
2026-05-06,2026-05-06 19:16:00,vendredi,early_entry,['vendredi'],Vendredi | Entrée avant 21h,DICE,45.674834999999995,48.41,1,1
2026-05-06,2026-05-06 19:36:00,vendredi,early_entry,['vendredi'],Vendredi | Entrée avant 21h,DICE,45.674834999999995,48.41,1,1
2026-06-10,2026-06-10 21:04:00,vendredi,early_entry,['vendredi'],Vendredi | Entrée avant 21h,DICE,50.533860000000004,53.56,1,1
2026-06-10,2026-06-10 20:50:00,vendredi,early_entry,['vendredi'],Vendredi | Entrée avant 21h,DICE,50.533860000000004,53.56,1,1
2026-05-06,2026-05-06 19:33:00,vendredi,early_entry,['vendredi'],Vendredi | Entrée avant 21h,DICE,45.674834999999995,48.41,1,1
2026-05-06,2026-05-06 19:16:00,vendredi,early_entry,['vendredi'],Vendredi | Entrée avant 21h,DICE,45.674834999999995,48.41,1,1
2026-05-06,2026-05-06 19:16:00,vendredi,early_entry,['vendredi'],Vendredi | Entrée avant 21h,DICE,45.674834999999995,48.41,1,1
2026-06-29,2026-06-29 20:34:00,vendredi,early_entry,['vendredi'],Vendredi | Entrée avant 21h,DICE,50.533860000000004,53.56,1,1
2026-06-09,2026-06-09 18:44:00,vendredi,early_entry,['vendredi'],Vendredi | Entrée avant 21h,DICE,50.533860000000004,53.56,1,1
2026-05-06,2026-05-06 19:17:00,vendredi,early_entry,['vendredi'],Vendredi | Entrée avant 21h,DICE,45.674834999999995,48.41,1,1
2026-06-16,2026-06-16 15:29:00,vendredi,early_entry,['vendredi'],Vendredi | Entrée avant 21h,DICE,50.533860000000004,53.56,1,1
2026-05-07,2026-05-07 06:38:00,vendredi,early_entry,['vendredi'],Vendredi | Entrée avant 21h,DICE,45.674834999999995,48.41,1,1
2026-05-21,2026-05-21 12:46:00,vendredi,early_entry,['vendredi'],Vendredi | Entrée avant 21h,DICE,45.674834999999995,48.41,1,1
2026-05-06,2026-05-06 19:17:00,vendredi,early_entry,['vendredi'],Vendredi | Entrée avant 21h,DICE,45.674834999999995,48.41,1,1
2026-05-06,2026-05-06 19:17:00,vendredi,early_entry,['vendredi'],Vendredi | Entrée avant 21h,DICE,45.674834999999995,48.41,1,1
2026-05-06,2026-05-06 19:17:00,vendredi,early_entry,['vendredi'],Vendredi | Entrée avant 21h,DICE,45.674834999999995,48.41,1,1
2026-05-17,2026-05-17 09:20:00,vendredi,early_entry,['vendredi'],Vendredi | Entrée avant 21h,DICE,45.674834999999995,48.41,1,1
2026-05-06,2026-05-06 19:15:00,vendredi,early_entry,['vendredi'],Vendredi | Entrée avant 21h,DICE,45.674834999999995,48.41,1,1
2026-05-06,2026-05-06 22:02:00,vendredi,early_entry,['vendredi'],Vendredi | Entrée avant 21h,DICE,45.674834999999995,48.41,1,1
2026-05-06,2026-05-06 22:02:00,vendredi,early_entry,['vendredi'],Vendredi | Entrée avant 21h,DICE,45.674834999999995,48.41,1,1
2026-05-10,2026-05-10 22:11:00,vendredi,early_entry,['vendredi'],Vendredi | Entrée avant 21h,DICE,45.674834999999995,48.41,1,1
2026-05-10,2026-05-10 22:01:00,vendredi,early_entry,['vendredi'],Vendredi | Entrée avant 21h,DICE,45.674834999999995,48.41,1,1
2026-05-06,2026-05-06 19:51:00,vendredi,early_entry,['vendredi'],Vendredi | Entrée avant 21h,DICE,45.674834999999995,48.41,1,1
2026-05-30,2026-05-30 16:36:00,vendredi,early_entry,['vendredi'],Vendredi | Entrée avant 21h,DICE,50.533860000000004,53.56,1,1
2026-05-30,2026-05-30 16:36:00,vendredi,early_entry,['vendredi'],Vendredi | Entrée avant 21h,DICE,50.533860000000004,53.56,1,1
2026-05-06,2026-05-06 19:15:00,vendredi,early_entry,['vendredi'],Vendredi | Entrée avant 21h,DICE,45.674834999999995,48.41,1,1
2026-05-06,2026-05-06 19:15:00,vendredi,early_entry,['vendredi'],Vendredi | Entrée avant 21h,DICE,45.674834999999995,48.41,1,1
2026-05-18,2026-05-18 19:55:00,vendredi,early_entry,['vendredi'],Vendredi | Entrée avant 21h,DICE,45.674834999999995,48.41,1,1
2026-05-18,2026-05-18 19:55:00,vendredi,early_entry,['vendredi'],Vendredi | Entrée avant 21h,DICE,45.674834999999995,48.41,1,1
2026-05-18,2026-05-18 19:55:00,vendredi,early_entry,['vendredi'],Vendredi | Entrée avant 21h,DICE,45.674834999999995,48.41,1,1
2026-05-21,2026-05-21 22:01:00,vendredi,early_entry,['vendredi'],Vendredi | Entrée avant 21h,DICE,45.674834999999995,48.41,1,1
2026-05-10,2026-05-10 04:01:00,vendredi,early_entry,['vendredi'],Vendredi | Entrée avant 21h,DICE,45.674834999999995,48.41,1,1
2026-05-10,2026-05-10 04:01:00,vendredi,early_entry,['vendredi'],Vendredi | Entrée avant 21h,DICE,45.674834999999995,48.41,1,1
2026-05-18,2026-05-18 19:55:00,vendredi,early_entry,['vendredi'],Vendredi | Entrée avant 21h,DICE,45.674834999999995,48.41,1,1
2026-06-02,2026-06-02 21:55:00,vendredi,early_entry,['vendredi'],Vendredi | Entrée avant 21h,DICE,50.533860000000004,53.56,1,1
2026-06-02,2026-06-02 21:55:00,vendredi,early_entry,['vendredi'],Vendredi | Entrée avant 21h,DICE,50.533860000000004,53.56,1,1
2026-06-30,2026-06-30 17:25:00,vendredi,early_entry,['vendredi'],Vendredi | Entrée avant 21h,DICE,50.533860000000004,53.56,1,1
2026-05-08,2026-05-08 12:20:00,vendredi,early_entry,['vendredi'],Vendredi | Entrée avant 21h,DICE,45.674834999999995,48.41,1,1
2026-05-20,2026-05-20 18:07:00,vendredi,early_entry,['vendredi'],Vendredi | Entrée avant 21h,DICE,45.674834999999995,48.41,1,1
2026-05-20,2026-05-20 18:07:00,vendredi,early_entry,['vendredi'],Vendredi | Entrée avant 21h,DICE,45.674834999999995,48.41,1,1
2026-05-20,2026-05-20 18:07:00,vendredi,early_entry,['vendredi'],Vendredi | Entrée avant 21h,DICE,45.674834999999995,48.41,1,1
2026-05-06,2026-05-06 19:36:00,vendredi,early_entry,['vendredi'],Vendredi | Entrée avant 21h,DICE,45.674834999999995,48.41,1,1
2026-05-06,2026-05-06 19:36:00,vendredi,early_entry,['vendredi'],Vendredi | Entrée avant 21h,DICE,45.674834999999995,48.41,1,1
2026-06-02,2026-06-02 18:31:00,vendredi,early_entry,['vendredi'],Vendredi | Entrée avant 21h,DICE,50.533860000000004,53.56,1,1
2026-07-03,2026-07-03 13:58:00,vendredi,early_entry,['vendredi'],Vendredi | Entrée avant 21h,DICE,50.533860000000004,53.56,1,1
2026-05-15,2026-05-15 22:08:00,vendredi,early_entry,['vendredi'],Vendredi | Entrée avant 21h,DICE,45.674834999999995,48.41,1,1
2026-05-15,2026-05-15 22:08:00,vendredi,early_entry,['vendredi'],Vendredi | Entrée avant 21h,DICE,45.674834999999995,48.41,1,1
2026-07-15,2026-07-15 22:34:00,vendredi,early_entry,['vendredi'],Vendredi | Entrée avant 21h,DICE,50.533860000000004,53.56,1,1
2026-05-24,2026-05-24 22:43:00,vendredi,early_entry,['vendredi'],Vendredi | Entrée avant 21h,DICE,45.674834999999995,48.41,1,1
2026-05-06,2026-05-06 19:20:00,vendredi,early_entry,['vendredi'],Vendredi | Entrée avant 21h,DICE,45.674834999999995,48.41,1,1
2026-05-06,2026-05-06 19:37:00,vendredi,early_entry,['vendredi'],Vendredi | Entrée avant 21h,DICE,45.674834999999995,48.41,1,1
2026-05-06,2026-05-06 19:37:00,vendredi,early_entry,['vendredi'],Vendredi | Entrée avant 21h,DICE,45.674834999999995,48.41,1,1
2026-05-06,2026-05-06 19:15:00,vendredi,early_entry,['vendredi'],Vendredi | Entrée avant 21h,DICE,45.674834999999995,48.41,1,1
2026-07-14,2026-07-14 17:16:00,vendredi,early_entry,['vendredi'],Vendredi | Entrée avant 21h,DICE,50.533860000000004,53.56,1,1
2026-08-06,2026-08-06 12:05:00,vendredi,early_entry,['vendredi'],Vendredi | Entrée avant 21h,DICE,50.533860000000004,53.56,1,1
2026-08-06,2026-08-06 12:05:00,vendredi,early_entry,['vendredi'],Vendredi | Entrée avant 21h,DICE,50.533860000000004,53.56,1,1
2026-05-06,2026-05-06 19:15:00,vendredi,early_entry,['vendredi'],Vendredi | Entrée avant 21h,DICE,45.674834999999995,48.41,1,1
2026-05-06,2026-05-06 19:42:00,vendredi,early_entry,['vendredi'],Vendredi | Entrée avant 21h,DICE,45.674834999999995,48.41,1,1
2026-05-06,2026-05-06 19:42:00,vendredi,early_entry,['vendredi'],Vendredi | Entrée avant 21h,DICE,45.674834999999995,48.41,1,1
2026-05-06,2026-05-06 19:42:00,vendredi,early_entry,['vendredi'],Vendredi | Entrée avant 21h,DICE,45.674834999999995,48.41,1,1
2026-05-06,2026-05-06 19:16:00,vendredi,early_entry,['vendredi'],Vendredi | Entrée avant 21h,DICE,45.674834999999995,48.41,1,1
2026-05-06,2026-05-06 19:15:00,vendredi,early_entry,['vendredi'],Vendredi | Entrée avant 21h,DICE,45.674834999999995,48.41,1,1
2026-05-06,2026-05-06 19:15:00,vendredi,early_entry,['vendredi'],Vendredi | Entrée avant 21h,DICE,45.674834999999995,48.41,1,1
2026-05-06,2026-05-06 19:16:00,vendredi,early_entry,['vendredi'],Vendredi | Entrée avant 21h,DICE,45.674834999999995,48.41,1,1
2026-05-06,2026-05-06 19:16:00,vendredi,early_entry,['vendredi'],Vendredi | Entrée avant 21h,DICE,45.674834999999995,48.41,1,1
2026-05-14,2026-05-14 18:18:00,vendredi,early_entry,['vendredi'],Vendredi | Entrée avant 21h,DICE,45.674834999999995,48.41,1,1
2026-05-14,2026-05-14 18:18:00,vendredi,early_entry,['vendredi'],Vendredi | Entrée avant 21h,DICE,45.674834999999995,48.41,1,1
2026-05-08,2026-05-08 22:00:00,vendredi,early_entry,['vendredi'],Vendredi | Entrée avant 21h,DICE,45.674834999999995,48.41,1,1
2026-05-08,2026-05-08 22:00:00,vendredi,early_entry,['vendredi'],Vendredi | Entrée avant 21h,DICE,45.674834999999995,48.41,1,1
2026-07-28,2026-07-28 02:19:00,vendredi,early_entry,['vendredi'],Vendredi | Entrée avant 21h,DICE,50.533860000000004,53.56,1,1
2026-07-28,2026-07-28 02:19:00,vendredi,early_entry,['vendredi'],Vendredi | Entrée avant 21h,DICE,50.533860000000004,53.56,1,1
2026-05-14,2026-05-14 20:40:00,vendredi,early_entry,['vendredi'],Vendredi | Entrée avant 21h,DICE,45.674834999999995,48.41,1,1
2026-05-06,2026-05-06 19:25:00,vendredi,early_entry,['vendredi'],Vendredi | Entrée avant 21h,DICE,45.674834999999995,48.41,1,1
2026-05-06,2026-05-06 19:25:00,vendredi,early_entry,['vendredi'],Vendredi | Entrée avant 21h,DICE,45.674834999999995,48.41,1,1
2026-05-06,2026-05-06 19:20:00,vendredi,early_entry,['vendredi'],Vendredi | Entrée avant 21h,DICE,45.674834999999995,48.41,1,1
2026-05-06,2026-05-06 21:20:00,vendredi,early_entry,['vendredi'],Vendredi | Entrée avant 21h,DICE,45.674834999999995,48.41,1,1
2026-05-06,2026-05-06 21:20:00,vendredi,early_entry,['vendredi'],Vendredi | Entrée avant 21h,DICE,45.674834999999995,48.41,1,1
2026-05-06,2026-05-06 19:33:00,vendredi,early_entry,['vendredi'],Vendredi | Entrée avant 21h,DICE,45.674834999999995,48.41,1,1
2026-05-06,2026-05-06 19:33:00,vendredi,early_entry,['vendredi'],Vendredi | Entrée avant 21h,DICE,45.674834999999995,48.41,1,1
2026-05-07,2026-05-07 10:55:00,vendredi,early_entry,['vendredi'],Vendredi | Entrée avant 21h,DICE,45.674834999999995,48.41,1,1
2026-05-07,2026-05-07 10:55:00,vendredi,early_entry,['vendredi'],Vendredi | Entrée avant 21h,DICE,45.674834999999995,48.41,1,1
2026-05-06,2026-05-06 19:33:00,vendredi,early_entry,['vendredi'],Vendredi | Entrée avant 21h,DICE,45.674834999999995,48.41,1,1
2026-05-06,2026-05-06 19:33:00,vendredi,early_entry,['vendredi'],Vendredi | Entrée avant 21h,DICE,45.674834999999995,48.41,1,1
2026-05-19,2026-05-19 14:08:00,vendredi,early_entry,['vendredi'],Vendredi | Entrée avant 21h,DICE,45.674834999999995,48.41,1,1
2026-05-06,2026-05-06 19:15:00,vendredi,early_entry,['vendredi'],Vendredi | Entrée avant 21h,DICE,45.674834999999995,48.41,1,1
2026-05-06,2026-05-06 19:15:00,vendredi,early_entry,['vendredi'],Vendredi | Entrée avant 21h,DICE,45.674834999999995,48.41,1,1
2026-05-06,2026-05-06 19:15:00,vendredi,early_entry,['vendredi'],Vendredi | Entrée avant 21h,DICE,45.674834999999995,48.41,1,1
2026-05-06,2026-05-06 19:15:00,vendredi,early_entry,['vendredi'],Vendredi | Entrée avant 21h,DICE,45.674834999999995,48.41,1,1
2026-06-29,2026-06-29 18:18:00,vendredi,early_entry,['vendredi'],Vendredi | Entrée avant 21h,DICE,50.533860000000004,53.56,1,1
2026-05-26,2026-05-26 16:25:00,vendredi,early_entry,['vendredi'],Vendredi | Entrée avant 21h,DICE,50.533860000000004,53.56,1,1
2026-05-26,2026-05-26 16:25:00,vendredi,early_entry,['vendredi'],Vendredi | Entrée avant 21h,DICE,50.533860000000004,53.56,1,1
2026-05-06,2026-05-06 19:25:00,vendredi,early_entry,['vendredi'],Vendredi | Entrée avant 21h,DICE,45.674834999999995,48.41,1,1
2026-05-06,2026-05-06 19:25:00,vendredi,early_entry,['vendredi'],Vendredi | Entrée avant 21h,DICE,45.674834999999995,48.41,1,1
2026-05-07,2026-05-07 06:47:00,vendredi,early_entry,['vendredi'],Vendredi | Entrée avant 21h,DICE,45.674834999999995,48.41,1,1
2026-05-07,2026-05-07 06:47:00,vendredi,early_entry,['vendredi'],Vendredi | Entrée avant 21h,DICE,45.674834999999995,48.41,1,1
2026-05-24,2026-05-24 17:47:00,vendredi,early_entry,['vendredi'],Vendredi | Entrée avant 21h,DICE,45.674834999999995,48.41,1,1
2026-05-24,2026-05-24 17:47:00,vendredi,early_entry,['vendredi'],Vendredi | Entrée avant 21h,DICE,45.674834999999995,48.41,1,1
2026-05-06,2026-05-06 19:39:00,vendredi,early_entry,['vendredi'],Vendredi | Entrée avant 21h,DICE,45.674834999999995,48.41,1,1
2026-05-06,2026-05-06 19:39:00,vendredi,early_entry,['vendredi'],Vendredi | Entrée avant 21h,DICE,45.674834999999995,48.41,1,1
2026-05-06,2026-05-06 19:39:00,vendredi,early_entry,['vendredi'],Vendredi | Entrée avant 21h,DICE,45.674834999999995,48.41,1,1
2026-05-06,2026-05-06 19:39:00,vendredi,early_entry,['vendredi'],Vendredi | Entrée avant 21h,DICE,45.674834999999995,48.41,1,1
2026-07-16,2026-07-16 17:09:00,vendredi,early_entry,['vendredi'],Vendredi | Entrée avant 21h,DICE,50.533860000000004,53.56,1,1
2026-05-10,2026-05-10 15:45:00,vendredi,early_entry,['vendredi'],Vendredi | Entrée avant 21h,DICE,45.674834999999995,48.41,1,1
2026-05-10,2026-05-10 15:30:00,vendredi,early_entry,['vendredi'],Vendredi | Entrée avant 21h,DICE,45.674834999999995,48.41,1,1
2026-05-06,2026-05-06 19:21:00,vendredi,early_entry,['vendredi'],Vendredi | Entrée avant 21h,DICE,45.674834999999995,48.41,1,1
2026-05-06,2026-05-06 19:52:00,vendredi,early_entry,['vendredi'],Vendredi | Entrée avant 21h,DICE,45.674834999999995,48.41,1,1
2026-05-06,2026-05-06 19:52:00,vendredi,early_entry,['vendredi'],Vendredi | Entrée avant 21h,DICE,45.674834999999995,48.41,1,1
2026-05-15,2026-05-15 17:41:00,vendredi,early_entry,['vendredi'],Vendredi | Entrée avant 21h,DICE,45.674834999999995,48.41,1,1
2026-05-16,2026-05-16 20:52:00,vendredi,early_entry,['vendredi'],Vendredi | Entrée avant 21h,DICE,45.674834999999995,48.41,1,1
2026-06-01,2026-06-01 11:37:00,vendredi,early_entry,['vendredi'],Vendredi | Entrée avant 21h,DICE,50.533860000000004,53.56,1,1
2026-06-01,2026-06-01 11:37:00,vendredi,early_entry,['vendredi'],Vendredi | Entrée avant 21h,DICE,50.533860000000004,53.56,1,1
2026-05-06,2026-05-06 19:17:00,vendredi,early_entry,['vendredi'],Vendredi | Entrée avant 21h,DICE,45.674834999999995,48.41,1,1
2026-07-19,2026-07-19 19:39:00,vendredi,early_entry,['vendredi'],Vendredi | Entrée avant 21h,DICE,50.533860000000004,53.56,1,1
2026-05-06,2026-05-06 19:18:00,vendredi,early_entry,['vendredi'],Vendredi | Entrée avant 21h,DICE,45.674834999999995,48.41,1,1
2026-05-06,2026-05-06 19:17:00,vendredi,early_entry,['vendredi'],Vendredi | Entrée avant 21h,DICE,45.674834999999995,48.41,1,1
2026-05-06,2026-05-06 22:16:00,vendredi,early_entry,['vendredi'],Vendredi | Entrée avant 21h,DICE,45.674834999999995,48.41,1,1
2026-05-06,2026-05-06 19:16:00,vendredi,early_entry,['vendredi'],Vendredi | Entrée avant 21h,DICE,45.674834999999995,48.41,1,1
2026-05-06,2026-05-06 19:16:00,vendredi,early_entry,['vendredi'],Vendredi | Entrée avant 21h,DICE,45.674834999999995,48.41,1,1
2026-05-06,2026-05-06 19:16:00,vendredi,early_entry,['vendredi'],Vendredi | Entrée avant 21h,DICE,45.674834999999995,48.41,1,1
2026-05-30,2026-05-30 08:23:00,vendredi,early_entry,['vendredi'],Vendredi | Entrée avant 21h,DICE,50.533860000000004,53.56,1,1
2026-05-30,2026-05-30 08:23:00,vendredi,early_entry,['vendredi'],Vendredi | Entrée avant 21h,DICE,50.533860000000004,53.56,1,1
2026-05-30,2026-05-30 08:23:00,vendredi,early_entry,['vendredi'],Vendredi | Entrée avant 21h,DICE,50.533860000000004,53.56,1,1
2026-05-08,2026-05-08 22:13:00,vendredi,early_entry,['vendredi'],Vendredi | Entrée avant 21h,DICE,45.674834999999995,48.41,1,1
2026-05-06,2026-05-06 21:33:00,vendredi,early_entry,['vendredi'],Vendredi | Entrée avant 21h,DICE,45.674834999999995,48.41,1,1
2026-05-06,2026-05-06 19:15:00,vendredi,early_entry,['vendredi'],Vendredi | Entrée avant 21h,DICE,45.674834999999995,48.41,1,1
2026-05-06,2026-05-06 19:15:00,vendredi,early_entry,['vendredi'],Vendredi | Entrée avant 21h,DICE,45.674834999999995,48.41,1,1
2026-06-10,2026-06-10 20:50:00,vendredi,early_entry,['vendredi'],Vendredi | Entrée avant 21h,DICE,50.533860000000004,53.56,1,1
2026-05-19,2026-05-19 14:08:00,vendredi,early_entry,['vendredi'],Vendredi | Entrée avant 21h,DICE,45.674834999999995,48.41,1,1
2026-05-06,2026-05-06 22:03:00,vendredi,early_entry,['vendredi'],Vendredi | Entrée avant 21h,DICE,45.674834999999995,48.41,1,1
2026-05-07,2026-05-07 08:52:00,vendredi,early_entry,['vendredi'],Vendredi | Entrée avant 21h,DICE,45.674834999999995,48.41,1,1
2026-05-08,2026-05-08 07:22:00,vendredi,early_entry,['vendredi'],Vendredi | Entrée avant 21h,DICE,45.674834999999995,48.41,1,1
2026-05-08,2026-05-08 07:22:00,vendredi,early_entry,['vendredi'],Vendredi | Entrée avant 21h,DICE,45.674834999999995,48.41,1,1
2026-05-06,2026-05-06 19:37:00,vendredi,early_entry,['vendredi'],Vendredi | Entrée avant 21h,DICE,45.674834999999995,48.41,1,1
2026-05-06,2026-05-06 19:37:00,vendredi,early_entry,['vendredi'],Vendredi | Entrée avant 21h,DICE,45.674834999999995,48.41,1,1
2026-05-06,2026-05-06 19:15:00,vendredi,early_entry,['vendredi'],Vendredi | Entrée avant 21h,DICE,45.674834999999995,48.41,1,1
2026-05-06,2026-05-06 19:17:00,vendredi,early_entry,['vendredi'],Vendredi | Entrée avant 21h,DICE,45.674834999999995,48.41,1,1
2026-05-06,2026-05-06 22:36:00,vendredi,early_entry,['vendredi'],Vendredi | Entrée avant 21h,DICE,45.674834999999995,48.41,1,1
2026-05-06,2026-05-06 22:36:00,vendredi,early_entry,['vendredi'],Vendredi | Entrée avant 21h,DICE,45.674834999999995,48.41,1,1
2026-06-13,2026-06-13 20:34:00,vendredi,early_entry,['vendredi'],Vendredi | Entrée avant 21h,DICE,50.533860000000004,53.56,1,1
2026-07-28,2026-07-28 21:58:00,vendredi,early_entry,['vendredi'],Vendredi | Entrée avant 21h,DICE,50.533860000000004,53.56,1,1
2026-05-06,2026-05-06 19:16:00,vendredi,early_entry,['vendredi'],Vendredi | Entrée avant 21h,DICE,45.674834999999995,48.41,1,1
2026-05-06,2026-05-06 19:16:00,vendredi,early_entry,['vendredi'],Vendredi | Entrée avant 21h,DICE,45.674834999999995,48.41,1,1
2026-05-06,2026-05-06 19:16:00,vendredi,early_entry,['vendredi'],Vendredi | Entrée avant 21h,DICE,45.674834999999995,48.41,1,1
2026-05-06,2026-05-06 19:16:00,vendredi,early_entry,['vendredi'],Vendredi | Entrée avant 21h,DICE,45.674834999999995,48.41,1,1
2026-05-06,2026-05-06 19:24:00,vendredi,early_entry,['vendredi'],Vendredi | Entrée avant 21h,DICE,45.674834999999995,48.41,1,1
2026-05-06,2026-05-06 19:24:00,vendredi,early_entry,['vendredi'],Vendredi | Entrée avant 21h,DICE,45.674834999999995,48.41,1,1
2026-05-06,2026-05-06 19:24:00,vendredi,early_entry,['vendredi'],Vendredi | Entrée avant 21h,DICE,45.674834999999995,48.41,1,1
2026-05-06,2026-05-06 19:24:00,vendredi,early_entry,['vendredi'],Vendredi | Entrée avant 21h,DICE,45.674834999999995,48.41,1,1
2026-05-06,2026-05-06 19:16:00,vendredi,early_entry,['vendredi'],Vendredi | Entrée avant 21h,DICE,45.674834999999995,48.41,1,1
2026-05-06,2026-05-06 19:16:00,vendredi,early_entry,['vendredi'],Vendredi | Entrée avant 21h,DICE,45.674834999999995,48.41,1,1
2026-05-11,2026-05-11 10:07:00,vendredi,early_entry,['vendredi'],Vendredi | Entrée avant 21h,DICE,45.674834999999995,48.41,1,1
2026-05-11,2026-05-11 10:07:00,vendredi,early_entry,['vendredi'],Vendredi | Entrée avant 21h,DICE,45.674834999999995,48.41,1,1
2026-05-14,2026-05-14 20:17:00,vendredi,early_entry,['vendredi'],Vendredi | Entrée avant 21h,DICE,45.674834999999995,48.41,1,1
2026-05-06,2026-05-06 21:12:00,vendredi,early_entry,['vendredi'],Vendredi | Entrée avant 21h,DICE,45.674834999999995,48.41,1,1
2026-05-25,2026-05-25 19:51:00,vendredi,early_entry,['vendredi'],Vendredi | Entrée avant 21h,DICE,45.674834999999995,48.41,1,1
2026-05-25,2026-05-25 19:51:00,vendredi,early_entry,['vendredi'],Vendredi | Entrée avant 21h,DICE,45.674834999999995,48.41,1,1
2026-05-06,2026-05-06 19:17:00,vendredi,early_entry,['vendredi'],Vendredi | Entrée avant 21h,DICE,45.674834999999995,48.41,1,1
2026-05-06,2026-05-06 19:17:00,vendredi,early_entry,['vendredi'],Vendredi | Entrée avant 21h,DICE,45.674834999999995,48.41,1,1
2026-05-06,2026-05-06 19:17:00,vendredi,early_entry,['vendredi'],Vendredi | Entrée avant 21h,DICE,45.674834999999995,48.41,1,1
2026-05-06,2026-05-06 19:17:00,vendredi,early_entry,['vendredi'],Vendredi | Entrée avant 21h,DICE,45.674834999999995,48.41,1,1
2026-05-08,2026-05-08 15:06:00,vendredi,early_entry,['vendredi'],Vendredi | Entrée avant 21h,DICE,45.674834999999995,48.41,1,1
2026-05-08,2026-05-08 15:06:00,vendredi,early_entry,['vendredi'],Vendredi | Entrée avant 21h,DICE,45.674834999999995,48.41,1,1
2026-06-10,2026-06-10 06:23:00,vendredi,early_entry,['vendredi'],Vendredi | Entrée avant 21h,DICE,50.533860000000004,53.56,1,1
2026-05-06,2026-05-06 21:36:00,vendredi,early_entry,['vendredi'],Vendredi | Entrée avant 21h,DICE,45.674834999999995,48.41,1,1
2026-05-06,2026-05-06 21:36:00,vendredi,early_entry,['vendredi'],Vendredi | Entrée avant 21h,DICE,45.674834999999995,48.41,1,1
2026-05-06,2026-05-06 19:17:00,vendredi,early_entry,['vendredi'],Vendredi | Entrée avant 21h,DICE,45.674834999999995,48.41,1,1
2026-05-06,2026-05-06 19:17:00,vendredi,early_entry,['vendredi'],Vendredi | Entrée avant 21h,DICE,45.674834999999995,48.41,1,1
2026-07-16,2026-07-16 16:38:00,vendredi,early_entry,['vendredi'],Vendredi | Entrée avant 21h,DICE,50.533860000000004,53.56,1,1
2026-05-06,2026-05-06 21:08:00,vendredi,early_entry,['vendredi'],Vendredi | Entrée avant 21h,DICE,45.674834999999995,48.41,1,1
2026-05-11,2026-05-11 12:14:00,vendredi,early_entry,['vendredi'],Vendredi | Entrée avant 21h,DICE,45.674834999999995,48.41,1,1
2026-05-11,2026-05-11 12:14:00,vendredi,early_entry,['vendredi'],Vendredi | Entrée avant 21h,DICE,45.674834999999995,48.41,1,1
2026-05-06,2026-05-06 19:22:00,vendredi,early_entry,['vendredi'],Vendredi | Entrée avant 21h,DICE,45.674834999999995,48.41,1,1
2026-05-14,2026-05-14 10:44:00,vendredi,early_entry,['vendredi'],Vendredi | Entrée avant 21h,DICE,45.674834999999995,48.41,1,1
2026-05-14,2026-05-14 10:44:00,vendredi,early_entry,['vendredi'],Vendredi | Entrée avant 21h,DICE,45.674834999999995,48.41,1,1
2026-05-06,2026-05-06 19:15:00,vendredi,early_entry,['vendredi'],Vendredi | Entrée avant 21h,DICE,45.674834999999995,48.41,1,1
2026-05-06,2026-05-06 19:15:00,vendredi,early_entry,['vendredi'],Vendredi | Entrée avant 21h,DICE,45.674834999999995,48.41,1,1
2026-05-06,2026-05-06 22:22:00,vendredi,early_entry,['vendredi'],Vendredi | Entrée avant 21h,DICE,45.674834999999995,48.41,1,1
2026-05-06,2026-05-06 19:15:00,vendredi,early_entry,['vendredi'],Vendredi | Entrée avant 21h,DICE,45.674834999999995,48.41,1,1
2026-05-06,2026-05-06 19:15:00,vendredi,early_entry,['vendredi'],Vendredi | Entrée avant 21h,DICE,45.674834999999995,48.41,1,1
2026-05-06,2026-05-06 22:03:00,vendredi,early_entry,['vendredi'],Vendredi | Entrée avant 21h,DICE,45.674834999999995,48.41,1,1
2026-05-06,2026-05-06 19:15:00,vendredi,early_entry,['vendredi'],Vendredi | Entrée avant 21h,DICE,45.674834999999995,48.41,1,1
2026-05-06,2026-05-06 19:15:00,vendredi,early_entry,['vendredi'],Vendredi | Entrée avant 21h,DICE,45.674834999999995,48.41,1,1
2026-05-06,2026-05-06 19:15:00,vendredi,early_entry,['vendredi'],Vendredi | Entrée avant 21h,DICE,45.674834999999995,48.41,1,1
2026-05-06,2026-05-06 19:15:00,vendredi,early_entry,['vendredi'],Vendredi | Entrée avant 21h,DICE,45.674834999999995,48.41,1,1
2026-05-06,2026-05-06 19:15:00,vendredi,early_entry,['vendredi'],Vendredi | Entrée avant 21h,DICE,45.674834999999995,48.41,1,1
2026-05-06,2026-05-06 19:15:00,vendredi,early_entry,['vendredi'],Vendredi | Entrée avant 21h,DICE,45.674834999999995,48.41,1,1
2026-05-07,2026-05-07 10:07:00,vendredi,early_entry,['vendredi'],Vendredi | Entrée avant 21h,DICE,45.674834999999995,48.41,1,1
2026-05-06,2026-05-06 21:24:00,vendredi,early_entry,['vendredi'],Vendredi | Entrée avant 21h,DICE,45.674834999999995,48.41,1,1
2026-07-11,2026-07-11 23:28:00,vendredi,early_entry,['vendredi'],Vendredi | Entrée avant 21h,DICE,50.533860000000004,53.56,1,1
2026-05-06,2026-05-06 19:16:00,vendredi,early_entry,['vendredi'],Vendredi | Entrée avant 21h,DICE,45.674834999999995,48.41,1,1
2026-05-06,2026-05-06 19:16:00,vendredi,early_entry,['vendredi'],Vendredi | Entrée avant 21h,DICE,45.674834999999995,48.41,1,1
2026-06-03,2026-06-03 14:33:00,vendredi,early_entry,['vendredi'],Vendredi | Entrée avant 21h,DICE,50.533860000000004,53.56,1,1
2026-06-03,2026-06-03 14:33:00,vendredi,early_entry,['vendredi'],Vendredi | Entrée avant 21h,DICE,50.533860000000004,53.56,1,1
2026-08-02,2026-08-02 20:17:00,vendredi,early_entry,['vendredi'],Vendredi | Entrée avant 21h,DICE,50.533860000000004,53.56,1,1
2026-05-07,2026-05-07 11:16:00,vendredi,early_entry,['vendredi'],Vendredi | Entrée avant 21h,DICE,45.674834999999995,48.41,1,1
2026-05-06,2026-05-06 20:23:00,vendredi,early_entry,['vendredi'],Vendredi | Entrée avant 21h,DICE,45.674834999999995,48.41,1,1
2026-05-06,2026-05-06 20:23:00,vendredi,early_entry,['vendredi'],Vendredi | Entrée avant 21h,DICE,45.674834999999995,48.41,1,1
2026-05-06,2026-05-06 19:17:00,vendredi,early_entry,['vendredi'],Vendredi | Entrée avant 21h,DICE,45.674834999999995,48.41,1,1
2026-08-02,2026-08-02 20:55:00,vendredi,early_entry,['vendredi'],Vendredi | Entrée avant 21h,DICE,50.533860000000004,53.56,1,1
2026-08-02,2026-08-02 20:55:00,vendredi,early_entry,['vendredi'],Vendredi | Entrée avant 21h,DICE,50.533860000000004,53.56,1,1
2026-05-10,2026-05-10 10:53:00,vendredi,early_entry,['vendredi'],Vendredi | Entrée avant 21h,DICE,45.674834999999995,48.41,1,1
2026-05-10,2026-05-10 10:53:00,vendredi,early_entry,['vendredi'],Vendredi | Entrée avant 21h,DICE,45.674834999999995,48.41,1,1
2026-05-17,2026-05-17 11:03:00,vendredi,early_entry,['vendredi'],Vendredi | Entrée avant 21h,DICE,45.674834999999995,48.41,1,1
2026-05-17,2026-05-17 11:03:00,vendredi,early_entry,['vendredi'],Vendredi | Entrée avant 21h,DICE,45.674834999999995,48.41,1,1
2026-05-06,2026-05-06 19:17:00,vendredi,early_entry,['vendredi'],Vendredi | Entrée avant 21h,DICE,45.674834999999995,48.41,1,1
2026-05-06,2026-05-06 19:17:00,vendredi,early_entry,['vendredi'],Vendredi | Entrée avant 21h,DICE,45.674834999999995,48.41,1,1
2026-05-06,2026-05-06 19:17:00,vendredi,early_entry,['vendredi'],Vendredi | Entrée avant 21h,DICE,45.674834999999995,48.41,1,1
2026-05-06,2026-05-06 19:17:00,vendredi,early_entry,['vendredi'],Vendredi | Entrée avant 21h,DICE,45.674834999999995,48.41,1,1
2026-05-06,2026-05-06 19:17:00,vendredi,early_entry,['vendredi'],Vendredi | Entrée avant 21h,DICE,45.674834999999995,48.41,1,1
2026-08-02,2026-08-02 20:52:00,vendredi,early_entry,['vendredi'],Vendredi | Entrée avant 21h,DICE,50.533860000000004,53.56,1,1
2026-05-06,2026-05-06 20:20:00,vendredi,early_entry,['vendredi'],Vendredi | Entrée avant 21h,DICE,45.674834999999995,48.41,1,1
2026-05-11,2026-05-11 15:22:00,vendredi,early_entry,['vendredi'],Vendredi | Entrée avant 21h,DICE,45.674834999999995,48.41,1,1
2026-06-15,2026-06-15 23:02:00,vendredi,early_entry,['vendredi'],Vendredi | Entrée avant 21h,DICE,50.533860000000004,53.56,1,1
2026-05-10,2026-05-10 10:06:00,vendredi,early_entry,['vendredi'],Vendredi | Entrée avant 21h,DICE,45.674834999999995,48.41,1,1
2026-08-03,2026-08-03 09:53:00,vendredi,early_entry,['vendredi'],Vendredi | Entrée avant 21h,DICE,50.533860000000004,53.56,1,1
2026-06-02,2026-06-02 21:30:00,vendredi,early_entry,['vendredi'],Vendredi | Entrée avant 21h,DICE,50.533860000000004,53.56,1,1
2026-06-02,2026-06-02 21:30:00,vendredi,early_entry,['vendredi'],Vendredi | Entrée avant 21h,DICE,50.533860000000004,53.56,1,1
2026-05-06,2026-05-06 19:17:00,vendredi,early_entry,['vendredi'],Vendredi | Entrée avant 21h,DICE,45.674834999999995,48.41,1,1
2026-05-06,2026-05-06 19:17:00,vendredi,early_entry,['vendredi'],Vendredi | Entrée avant 21h,DICE,45.674834999999995,48.41,1,1
2026-05-06,2026-05-06 19:17:00,vendredi,early_entry,['vendredi'],Vendredi | Entrée avant 21h,DICE,45.674834999999995,48.41,1,1
2026-08-03,2026-08-03 08:12:00,vendredi,early_entry,['vendredi'],Vendredi | Entrée avant 21h,DICE,50.533860000000004,53.56,1,1
2026-05-06,2026-05-06 19:31:00,vendredi,early_entry,['vendredi'],Vendredi | Entrée avant 21h,DICE,45.674834999999995,48.41,1,1
2026-05-21,2026-05-21 10:08:00,vendredi,early_entry,['vendredi'],Vendredi | Entrée avant 21h,DICE,45.674834999999995,48.41,1,1
2026-05-21,2026-05-21 10:08:00,vendredi,early_entry,['vendredi'],Vendredi | Entrée avant 21h,DICE,45.674834999999995,48.41,1,1
2026-05-21,2026-05-21 10:08:00,vendredi,early_entry,['vendredi'],Vendredi | Entrée avant 21h,DICE,45.674834999999995,48.41,1,1
2026-05-21,2026-05-21 10:08:00,vendredi,early_entry,['vendredi'],Vendredi | Entrée avant 21h,DICE,45.674834999999995,48.41,1,1
2026-06-20,2026-06-20 22:01:00,vendredi,early_entry,['vendredi'],Vendredi | Entrée avant 21h,DICE,50.533860000000004,53.56,1,1
2026-07-28,2026-07-28 21:30:00,vendredi,early_entry,['vendredi'],Vendredi | Entrée avant 21h,DICE,50.533860000000004,53.56,1,1
2026-05-07,2026-05-07 08:55:00,vendredi,early_entry,['vendredi'],Vendredi | Entrée avant 21h,DICE,45.674834999999995,48.41,1,1
2026-05-07,2026-05-07 08:55:00,vendredi,early_entry,['vendredi'],Vendredi | Entrée avant 21h,DICE,45.674834999999995,48.41,1,1
2026-05-17,2026-05-17 18:08:00,vendredi,early_entry,['vendredi'],Vendredi | Entrée avant 21h,DICE,45.674834999999995,48.41,1,1
2026-05-17,2026-05-17 18:08:00,vendredi,early_entry,['vendredi'],Vendredi | Entrée avant 21h,DICE,45.674834999999995,48.41,1,1
2026-05-06,2026-05-06 19:38:00,vendredi,early_entry,['vendredi'],Vendredi | Entrée avant 21h,DICE,45.674834999999995,48.41,1,1
2026-05-06,2026-05-06 19:16:00,vendredi,early_entry,['vendredi'],Vendredi | Entrée avant 21h,DICE,45.674834999999995,48.41,1,1
2026-05-06,2026-05-06 19:16:00,vendredi,early_entry,['vendredi'],Vendredi | Entrée avant 21h,DICE,45.674834999999995,48.41,1,1
2026-05-06,2026-05-06 19:16:00,vendredi,early_entry,['vendredi'],Vendredi | Entrée avant 21h,DICE,45.674834999999995,48.41,1,1
2026-05-15,2026-05-15 22:34:00,vendredi,early_entry,['vendredi'],Vendredi | Entrée avant 21h,DICE,45.674834999999995,48.41,1,1
2026-05-15,2026-05-15 22:34:00,vendredi,early_entry,['vendredi'],Vendredi | Entrée avant 21h,DICE,45.674834999999995,48.41,1,1
2026-05-06,2026-05-06 19:19:00,vendredi,early_entry,['vendredi'],Vendredi | Entrée avant 21h,DICE,45.674834999999995,48.41,1,1
2026-05-06,2026-05-06 19:19:00,vendredi,early_entry,['vendredi'],Vendredi | Entrée avant 21h,DICE,45.674834999999995,48.41,1,1
2026-05-06,2026-05-06 19:15:00,vendredi,early_entry,['vendredi'],Vendredi | Entrée avant 21h,DICE,45.674834999999995,48.41,1,1
2026-05-08,2026-05-08 18:35:00,vendredi,early_entry,['vendredi'],Vendredi | Entrée avant 21h,DICE,45.674834999999995,48.41,1,1
2026-05-08,2026-05-08 18:35:00,vendredi,early_entry,['vendredi'],Vendredi | Entrée avant 21h,DICE,45.674834999999995,48.41,1,1
2026-05-30,2026-05-30 23:45:00,vendredi,early_entry,['vendredi'],Vendredi | Entrée avant 21h,DICE,50.533860000000004,53.56,1,1
2026-05-06,2026-05-06 19:17:00,vendredi,early_entry,['vendredi'],Vendredi | Entrée avant 21h,DICE,45.674834999999995,48.41,1,1
2026-07-18,2026-07-18 15:41:00,vendredi,early_entry,['vendredi'],Vendredi | Entrée avant 21h,DICE,50.533860000000004,53.56,1,1
2026-05-06,2026-05-06 19:18:00,vendredi,early_entry,['vendredi'],Vendredi | Entrée avant 21h,DICE,45.674834999999995,48.41,1,1
2026-05-06,2026-05-06 19:18:00,vendredi,early_entry,['vendredi'],Vendredi | Entrée avant 21h,DICE,45.674834999999995,48.41,1,1
2026-05-06,2026-05-06 19:18:00,vendredi,early_entry,['vendredi'],Vendredi | Entrée avant 21h,DICE,45.674834999999995,48.41,1,1
2026-05-19,2026-05-19 23:05:00,vendredi,early_entry,['vendredi'],Vendredi | Entrée avant 21h,DICE,45.674834999999995,48.41,1,1
2026-05-06,2026-05-06 19:23:00,vendredi,early_entry,['vendredi'],Vendredi | Entrée avant 21h,DICE,45.674834999999995,48.41,1,1
2026-05-06,2026-05-06 19:23:00,vendredi,early_entry,['vendredi'],Vendredi | Entrée avant 21h,DICE,45.674834999999995,48.41,1,1
2026-05-06,2026-05-06 19:32:00,vendredi,early_entry,['vendredi'],Vendredi | Entrée avant 21h,DICE,45.674834999999995,48.41,1,1
2026-06-14,2026-06-14 16:55:00,vendredi,early_entry,['vendredi'],Vendredi | Entrée avant 21h,DICE,50.533860000000004,53.56,1,1
2026-05-10,2026-05-10 17:15:00,vendredi,early_entry,['vendredi'],Vendredi | Entrée avant 21h,DICE,45.674834999999995,48.41,1,1
2026-05-06,2026-05-06 22:48:00,vendredi,early_entry,['vendredi'],Vendredi | Entrée avant 21h,DICE,45.674834999999995,48.41,1,1
2026-05-06,2026-05-06 22:48:00,vendredi,early_entry,['vendredi'],Vendredi | Entrée avant 21h,DICE,45.674834999999995,48.41,1,1
2026-05-12,2026-05-12 19:53:00,vendredi,early_entry,['vendredi'],Vendredi | Entrée avant 21h,DICE,45.674834999999995,48.41,1,1
2026-05-12,2026-05-12 19:53:00,vendredi,early_entry,['vendredi'],Vendredi | Entrée avant 21h,DICE,45.674834999999995,48.41,1,1
2026-06-11,2026-06-11 20:56:00,vendredi,early_entry,['vendredi'],Vendredi | Entrée avant 21h,DICE,50.533860000000004,53.56,1,1
2026-05-06,2026-05-06 21:03:00,vendredi,early_entry,['vendredi'],Vendredi | Entrée avant 21h,DICE,45.674834999999995,48.41,1,1
2026-05-06,2026-05-06 21:03:00,vendredi,early_entry,['vendredi'],Vendredi | Entrée avant 21h,DICE,45.674834999999995,48.41,1,1
2026-05-26,2026-05-26 10:50:00,vendredi,early_entry,['vendredi'],Vendredi | Entrée avant 21h,DICE,45.674834999999995,48.41,1,1
2026-05-06,2026-05-06 19:15:00,vendredi,early_entry,['vendredi'],Vendredi | Entrée avant 21h,DICE,45.674834999999995,48.41,1,1
2026-05-06,2026-05-06 20:02:00,vendredi,early_entry,['vendredi'],Vendredi | Entrée avant 21h,DICE,45.674834999999995,48.41,1,1
2026-05-06,2026-05-06 19:22:00,vendredi,early_entry,['vendredi'],Vendredi | Entrée avant 21h,DICE,45.674834999999995,48.41,1,1
2026-07-15,2026-07-15 22:41:00,vendredi,early_entry,['vendredi'],Vendredi | Entrée avant 21h,DICE,50.533860000000004,53.56,1,1
2026-05-07,2026-05-07 15:46:00,vendredi,early_entry,['vendredi'],Vendredi | Entrée avant 21h,DICE,45.674834999999995,48.41,1,1
2026-05-07,2026-05-07 15:46:00,vendredi,early_entry,['vendredi'],Vendredi | Entrée avant 21h,DICE,45.674834999999995,48.41,1,1
2026-05-06,2026-05-06 19:15:00,vendredi,early_entry,['vendredi'],Vendredi | Entrée avant 21h,DICE,45.674834999999995,48.41,1,1
2026-05-07,2026-05-07 06:20:00,vendredi,early_entry,['vendredi'],Vendredi | Entrée avant 21h,DICE,45.674834999999995,48.41,1,1
2026-05-07,2026-05-07 06:20:00,vendredi,early_entry,['vendredi'],Vendredi | Entrée avant 21h,DICE,45.674834999999995,48.41,1,1
2026-05-06,2026-05-06 19:20:00,vendredi,early_entry,['vendredi'],Vendredi | Entrée avant 21h,DICE,45.674834999999995,48.41,1,1
2026-05-06,2026-05-06 19:20:00,vendredi,early_entry,['vendredi'],Vendredi | Entrée avant 21h,DICE,45.674834999999995,48.41,1,1
2026-05-06,2026-05-06 19:20:00,vendredi,early_entry,['vendredi'],Vendredi | Entrée avant 21h,DICE,45.674834999999995,48.41,1,1
2026-05-06,2026-05-06 19:15:00,vendredi,early_entry,['vendredi'],Vendredi | Entrée avant 21h,DICE,45.674834999999995,48.41,1,1
2026-05-06,2026-05-06 19:15:00,vendredi,early_entry,['vendredi'],Vendredi | Entrée avant 21h,DICE,45.674834999999995,48.41,1,1
2026-06-17,2026-06-17 11:52:00,vendredi,early_entry,['vendredi'],Vendredi | Entrée avant 21h,DICE,50.533860000000004,53.56,1,1
2026-05-06,2026-05-06 19:16:00,vendredi,early_entry,['vendredi'],Vendredi | Entrée avant 21h,DICE,45.674834999999995,48.41,1,1
2026-05-06,2026-05-06 19:16:00,vendredi,early_entry,['vendredi'],Vendredi | Entrée avant 21h,DICE,45.674834999999995,48.41,1,1
2026-05-06,2026-05-06 19:16:00,vendredi,early_entry,['vendredi'],Vendredi | Entrée avant 21h,DICE,45.674834999999995,48.41,1,1
2026-05-06,2026-05-06 19:31:00,vendredi,early_entry,['vendredi'],Vendredi | Entrée avant 21h,DICE,45.674834999999995,48.41,1,1
2026-06-07,2026-06-07 14:40:00,vendredi,early_entry,['vendredi'],Vendredi | Entrée avant 21h,DICE,50.533860000000004,53.56,1,1
2026-05-06,2026-05-06 22:17:00,vendredi,early_entry,['vendredi'],Vendredi | Entrée avant 21h,DICE,45.674834999999995,48.41,1,1
2026-05-08,2026-05-08 20:20:00,vendredi,early_entry,['vendredi'],Vendredi | Entrée avant 21h,DICE,45.674834999999995,48.41,1,1
2026-05-06,2026-05-06 23:30:00,vendredi,early_entry,['vendredi'],Vendredi | Entrée avant 21h,DICE,45.674834999999995,48.41,1,1
2026-05-06,2026-05-06 19:16:00,vendredi,early_entry,['vendredi'],Vendredi | Entrée avant 21h,DICE,45.674834999999995,48.41,1,1
2026-05-06,2026-05-06 19:16:00,vendredi,early_entry,['vendredi'],Vendredi | Entrée avant 21h,DICE,45.674834999999995,48.41,1,1
2026-05-06,2026-05-06 22:30:00,vendredi,early_entry,['vendredi'],Vendredi | Entrée avant 21h,DICE,45.674834999999995,48.41,1,1
2026-05-06,2026-05-06 22:30:00,vendredi,early_entry,['vendredi'],Vendredi | Entrée avant 21h,DICE,45.674834999999995,48.41,1,1
2026-05-06,2026-05-06 22:30:00,vendredi,early_entry,['vendredi'],Vendredi | Entrée avant 21h,DICE,45.674834999999995,48.41,1,1
2026-05-06,2026-05-06 22:30:00,vendredi,early_entry,['vendredi'],Vendredi | Entrée avant 21h,DICE,45.674834999999995,48.41,1,1
2026-05-06,2026-05-06 19:24:00,vendredi,early_entry,['vendredi'],Vendredi | Entrée avant 21h,DICE,45.674834999999995,48.41,1,1
2026-05-06,2026-05-06 19:24:00,vendredi,early_entry,['vendredi'],Vendredi | Entrée avant 21h,DICE,45.674834999999995,48.41,1,1
2026-05-07,2026-05-07 07:34:00,vendredi,early_entry,['vendredi'],Vendredi | Entrée avant 21h,DICE,45.674834999999995,48.41,1,1
2026-05-07,2026-05-07 07:34:00,vendredi,early_entry,['vendredi'],Vendredi | Entrée avant 21h,DICE,45.674834999999995,48.41,1,1
2026-07-22,2026-07-22 10:01:00,vendredi,early_entry,['vendredi'],Vendredi | Entrée avant 21h,DICE,50.533860000000004,53.56,1,1
2026-07-22,2026-07-22 10:01:00,vendredi,early_entry,['vendredi'],Vendredi | Entrée avant 21h,DICE,50.533860000000004,53.56,1,1
2026-08-05,2026-08-05 17:48:00,vendredi,early_entry,['vendredi'],Vendredi | Entrée avant 21h,DICE,50.533860000000004,53.56,1,1
2026-07-28,2026-07-28 19:49:00,vendredi,early_entry,['vendredi'],Vendredi | Entrée avant 21h,DICE,50.533860000000004,53.56,1,1
2026-07-28,2026-07-28 19:49:00,vendredi,early_entry,['vendredi'],Vendredi | Entrée avant 21h,DICE,50.533860000000004,53.56,1,1
2026-05-06,2026-05-06 19:16:00,vendredi,early_entry,['vendredi'],Vendredi | Entrée avant 21h,DICE,45.674834999999995,48.41,1,1
2026-05-06,2026-05-06 19:16:00,vendredi,early_entry,['vendredi'],Vendredi | Entrée avant 21h,DICE,45.674834999999995,48.41,1,1
2026-05-08,2026-05-08 20:32:00,vendredi,early_entry,['vendredi'],Vendredi | Entrée avant 21h,DICE,45.674834999999995,48.41,1,1
2026-05-08,2026-05-08 07:28:00,vendredi,early_entry,['vendredi'],Vendredi | Entrée avant 21h,DICE,45.674834999999995,48.41,1,1
2026-05-08,2026-05-08 17:47:00,vendredi,early_entry,['vendredi'],Vendredi | Entrée avant 21h,DICE,45.674834999999995,48.41,1,1
2026-05-17,2026-05-17 09:20:00,vendredi,early_entry,['vendredi'],Vendredi | Entrée avant 21h,DICE,45.674834999999995,48.41,1,1
2026-05-23,2026-05-23 21:00:00,vendredi,early_entry,['vendredi'],Vendredi | Entrée avant 21h,DICE,45.674834999999995,48.41,1,1
2026-05-07,2026-05-07 22:14:00,vendredi,early_entry,['vendredi'],Vendredi | Entrée avant 21h,DICE,45.674834999999995,48.41,1,1
2026-05-07,2026-05-07 22:14:00,vendredi,early_entry,['vendredi'],Vendredi | Entrée avant 21h,DICE,45.674834999999995,48.41,1,1
2026-05-06,2026-05-06 19:40:00,vendredi,early_entry,['vendredi'],Vendredi | Entrée avant 21h,DICE,45.674834999999995,48.41,1,1
2026-05-06,2026-05-06 19:40:00,vendredi,early_entry,['vendredi'],Vendredi | Entrée avant 21h,DICE,45.674834999999995,48.41,1,1
2026-05-06,2026-05-06 19:24:00,vendredi,early_entry,['vendredi'],Vendredi | Entrée avant 21h,DICE,45.674834999999995,48.41,1,1
2026-05-06,2026-05-06 19:24:00,vendredi,early_entry,['vendredi'],Vendredi | Entrée avant 21h,DICE,45.674834999999995,48.41,1,1
2026-05-06,2026-05-06 19:24:00,vendredi,early_entry,['vendredi'],Vendredi | Entrée avant 21h,DICE,45.674834999999995,48.41,1,1
2026-05-06,2026-05-06 19:24:00,vendredi,early_entry,['vendredi'],Vendredi | Entrée avant 21h,DICE,45.674834999999995,48.41,1,1
2026-05-06,2026-05-06 19:24:00,vendredi,early_entry,['vendredi'],Vendredi | Entrée avant 21h,DICE,45.674834999999995,48.41,1,1
2026-05-06,2026-05-06 19:24:00,vendredi,early_entry,['vendredi'],Vendredi | Entrée avant 21h,DICE,45.674834999999995,48.41,1,1
2026-05-07,2026-05-07 22:19:00,vendredi,early_entry,['vendredi'],Vendredi | Entrée avant 21h,DICE,45.674834999999995,48.41,1,1
2026-05-07,2026-05-07 22:19:00,vendredi,early_entry,['vendredi'],Vendredi | Entrée avant 21h,DICE,45.674834999999995,48.41,1,1
2026-05-07,2026-05-07 11:19:00,vendredi,early_entry,['vendredi'],Vendredi | Entrée avant 21h,DICE,45.674834999999995,48.41,1,1
2026-05-06,2026-05-06 20:42:00,vendredi,early_entry,['vendredi'],Vendredi | Entrée avant 21h,DICE,45.674834999999995,48.41,1,1
2026-05-06,2026-05-06 20:42:00,vendredi,early_entry,['vendredi'],Vendredi | Entrée avant 21h,DICE,45.674834999999995,48.41,1,1
2026-05-17,2026-05-17 05:18:00,vendredi,early_entry,['vendredi'],Vendredi | Entrée avant 21h,DICE,45.674834999999995,48.41,1,1
2026-05-17,2026-05-17 05:18:00,vendredi,early_entry,['vendredi'],Vendredi | Entrée avant 21h,DICE,45.674834999999995,48.41,1,1
2026-05-17,2026-05-17 05:18:00,vendredi,early_entry,['vendredi'],Vendredi | Entrée avant 21h,DICE,45.674834999999995,48.41,1,1
2026-05-17,2026-05-17 05:18:00,vendredi,early_entry,['vendredi'],Vendredi | Entrée avant 21h,DICE,45.674834999999995,48.41,1,1
2026-05-17,2026-05-17 05:18:00,vendredi,early_entry,['vendredi'],Vendredi | Entrée avant 21h,DICE,45.674834999999995,48.41,1,1
2026-05-17,2026-05-17 05:18:00,vendredi,early_entry,['vendredi'],Vendredi | Entrée avant 21h,DICE,45.674834999999995,48.41,1,1
2026-05-06,2026-05-06 22:12:00,vendredi,early_entry,['vendredi'],Vendredi | Entrée avant 21h,DICE,45.674834999999995,48.41,1,1
2026-06-08,2026-06-08 23:07:00,vendredi,early_entry,['vendredi'],Vendredi | Entrée avant 21h,DICE,50.533860000000004,53.56,1,1
2026-06-08,2026-06-08 23:07:00,vendredi,early_entry,['vendredi'],Vendredi | Entrée avant 21h,DICE,50.533860000000004,53.56,1,1
2026-06-08,2026-06-08 23:07:00,vendredi,early_entry,['vendredi'],Vendredi | Entrée avant 21h,DICE,50.533860000000004,53.56,1,1
2026-06-01,2026-06-01 19:06:00,vendredi,early_entry,['vendredi'],Vendredi | Entrée avant 21h,DICE,50.533860000000004,53.56,1,1
2026-06-01,2026-06-01 19:06:00,vendredi,early_entry,['vendredi'],Vendredi | Entrée avant 21h,DICE,50.533860000000004,53.56,1,1
2026-06-02,2026-06-02 21:54:00,vendredi,early_entry,['vendredi'],Vendredi | Entrée avant 21h,DICE,50.533860000000004,53.56,1,1
2026-05-06,2026-05-06 19:16:00,vendredi,early_entry,['vendredi'],Vendredi | Entrée avant 21h,DICE,45.674834999999995,48.41,1,1
2026-05-06,2026-05-06 19:16:00,vendredi,early_entry,['vendredi'],Vendredi | Entrée avant 21h,DICE,45.674834999999995,48.41,1,1
2026-05-06,2026-05-06 19:15:00,vendredi,early_entry,['vendredi'],Vendredi | Entrée avant 21h,DICE,45.674834999999995,48.41,1,1
2026-07-06,2026-07-06 18:45:00,vendredi,early_entry,['vendredi'],Vendredi | Entrée avant 21h,DICE,50.533860000000004,53.56,1,1
2026-06-20,2026-06-20 11:29:00,vendredi,early_entry,['vendredi'],Vendredi | Entrée avant 21h,DICE,50.533860000000004,53.56,1,1
2026-06-20,2026-06-20 11:29:00,vendredi,early_entry,['vendredi'],Vendredi | Entrée avant 21h,DICE,50.533860000000004,53.56,1,1
2026-05-06,2026-05-06 19:39:00,vendredi,early_entry,['vendredi'],Vendredi | Entrée avant 21h,DICE,45.674834999999995,48.41,1,1
2026-05-06,2026-05-06 22:47:00,vendredi,early_entry,['vendredi'],Vendredi | Entrée avant 21h,DICE,45.674834999999995,48.41,1,1
2026-05-31,2026-05-31 15:42:00,vendredi,early_entry,['vendredi'],Vendredi | Entrée avant 21h,DICE,50.533860000000004,53.56,1,1
2026-05-31,2026-05-31 15:42:00,vendredi,early_entry,['vendredi'],Vendredi | Entrée avant 21h,DICE,50.533860000000004,53.56,1,1
2026-05-06,2026-05-06 19:16:00,vendredi,early_entry,['vendredi'],Vendredi | Entrée avant 21h,DICE,45.674834999999995,48.41,1,1
2026-05-06,2026-05-06 19:16:00,vendredi,early_entry,['vendredi'],Vendredi | Entrée avant 21h,DICE,45.674834999999995,48.41,1,1
2026-05-06,2026-05-06 20:21:00,vendredi,early_entry,['vendredi'],Vendredi | Entrée avant 21h,DICE,45.674834999999995,48.41,1,1
2026-05-27,2026-05-27 12:45:00,vendredi,early_entry,['vendredi'],Vendredi | Entrée avant 21h,DICE,50.533860000000004,53.56,1,1
2026-05-06,2026-05-06 19:16:00,vendredi,early_entry,['vendredi'],Vendredi | Entrée avant 21h,DICE,45.674834999999995,48.41,1,1
2026-06-20,2026-06-20 22:01:00,vendredi,early_entry,['vendredi'],Vendredi | Entrée avant 21h,DICE,50.533860000000004,53.56,1,1
2026-05-06,2026-05-06 21:08:00,vendredi,early_entry,['vendredi'],Vendredi | Entrée avant 21h,DICE,45.674834999999995,48.41,1,1
2026-05-06,2026-05-06 21:08:00,vendredi,early_entry,['vendredi'],Vendredi | Entrée avant 21h,DICE,45.674834999999995,48.41,1,1
2026-05-06,2026-05-06 21:08:00,vendredi,early_entry,['vendredi'],Vendredi | Entrée avant 21h,DICE,45.674834999999995,48.41,1,1
2026-05-06,2026-05-06 20:37:00,vendredi,early_entry,['vendredi'],Vendredi | Entrée avant 21h,DICE,45.674834999999995,48.41,1,1
2026-05-06,2026-05-06 19:15:00,vendredi,early_entry,['vendredi'],Vendredi | Entrée avant 21h,DICE,45.674834999999995,48.41,1,1
2026-05-06,2026-05-06 19:22:00,vendredi,early_entry,['vendredi'],Vendredi | Entrée avant 21h,DICE,45.674834999999995,48.41,1,1
2026-05-06,2026-05-06 19:22:00,vendredi,early_entry,['vendredi'],Vendredi | Entrée avant 21h,DICE,45.674834999999995,48.41,1,1
2026-07-28,2026-07-28 11:02:00,vendredi,early_entry,['vendredi'],Vendredi | Entrée avant 21h,DICE,50.533860000000004,53.56,1,1
2026-05-06,2026-05-06 19:43:00,vendredi,early_entry,['vendredi'],Vendredi | Entrée avant 21h,DICE,45.674834999999995,48.41,1,1
2026-05-06,2026-05-06 19:43:00,vendredi,early_entry,['vendredi'],Vendredi | Entrée avant 21h,DICE,45.674834999999995,48.41,1,1
2026-06-16,2026-06-16 11:51:00,vendredi,early_entry,['vendredi'],Vendredi | Entrée avant 21h,DICE,50.533860000000004,53.56,1,1
2026-05-06,2026-05-06 19:15:00,vendredi,early_entry,['vendredi'],Vendredi | Entrée avant 21h,DICE,45.674834999999995,48.41,1,1
2026-05-06,2026-05-06 19:17:00,vendredi,early_entry,['vendredi'],Vendredi | Entrée avant 21h,DICE,45.674834999999995,48.41,1,1
2026-06-03,2026-06-03 13:23:00,vendredi,early_entry,['vendredi'],Vendredi | Entrée avant 21h,DICE,50.533860000000004,53.56,1,1
2026-05-07,2026-05-07 13:49:00,vendredi,early_entry,['vendredi'],Vendredi | Entrée avant 21h,DICE,45.674834999999995,48.41,1,1
2026-05-06,2026-05-06 19:21:00,vendredi,early_entry,['vendredi'],Vendredi | Entrée avant 21h,DICE,45.674834999999995,48.41,1,1
2026-08-02,2026-08-02 22:40:00,vendredi,early_entry,['vendredi'],Vendredi | Entrée avant 21h,DICE,50.533860000000004,53.56,1,1
2026-05-06,2026-05-06 19:55:00,vendredi,early_entry,['vendredi'],Vendredi | Entrée avant 21h,DICE,45.674834999999995,48.41,1,1
2026-05-06,2026-05-06 19:55:00,vendredi,early_entry,['vendredi'],Vendredi | Entrée avant 21h,DICE,45.674834999999995,48.41,1,1
2026-05-06,2026-05-06 19:55:00,vendredi,early_entry,['vendredi'],Vendredi | Entrée avant 21h,DICE,45.674834999999995,48.41,1,1
2026-05-06,2026-05-06 19:55:00,vendredi,early_entry,['vendredi'],Vendredi | Entrée avant 21h,DICE,45.674834999999995,48.41,1,1
2026-05-06,2026-05-06 19:55:00,vendredi,early_entry,['vendredi'],Vendredi | Entrée avant 21h,DICE,45.674834999999995,48.41,1,1
2026-05-06,2026-05-06 19:55:00,vendredi,early_entry,['vendredi'],Vendredi | Entrée avant 21h,DICE,45.674834999999995,48.41,1,1
2026-05-06,2026-05-06 19:55:00,vendredi,early_entry,['vendredi'],Vendredi | Entrée avant 21h,DICE,45.674834999999995,48.41,1,1
2026-05-06,2026-05-06 19:55:00,vendredi,early_entry,['vendredi'],Vendredi | Entrée avant 21h,DICE,45.674834999999995,48.41,1,1
2026-05-06,2026-05-06 19:18:00,vendredi,early_entry,['vendredi'],Vendredi | Entrée avant 21h,DICE,45.674834999999995,48.41,1,1
2026-05-06,2026-05-06 19:15:00,vendredi,early_entry,['vendredi'],Vendredi | Entrée avant 21h,DICE,45.674834999999995,48.41,1,1
2026-06-15,2026-06-15 23:02:00,vendredi,early_entry,['vendredi'],Vendredi | Entrée avant 21h,DICE,50.533860000000004,53.56,1,1
2026-05-06,2026-05-06 21:12:00,vendredi,early_entry,['vendredi'],Vendredi | Entrée avant 21h,DICE,45.674834999999995,48.41,1,1
2026-05-17,2026-05-17 16:32:00,vendredi,early_entry,['vendredi'],Vendredi | Entrée avant 21h,DICE,45.674834999999995,48.41,1,1
2026-05-17,2026-05-17 16:32:00,vendredi,early_entry,['vendredi'],Vendredi | Entrée avant 21h,DICE,45.674834999999995,48.41,1,1
2026-05-06,2026-05-06 21:25:00,vendredi,early_entry,['vendredi'],Vendredi | Entrée avant 21h,DICE,45.674834999999995,48.41,1,1
2026-05-06,2026-05-06 21:25:00,vendredi,early_entry,['vendredi'],Vendredi | Entrée avant 21h,DICE,45.674834999999995,48.41,1,1
2026-05-06,2026-05-06 23:22:00,vendredi,early_entry,['vendredi'],Vendredi | Entrée avant 21h,DICE,45.674834999999995,48.41,1,1
2026-05-06,2026-05-06 19:18:00,vendredi,early_entry,['vendredi'],Vendredi | Entrée avant 21h,DICE,45.674834999999995,48.41,1,1
2026-05-06,2026-05-06 20:05:00,vendredi,early_entry,['vendredi'],Vendredi | Entrée avant 21h,DICE,45.674834999999995,48.41,1,1
2026-05-06,2026-05-06 21:13:00,vendredi,early_entry,['vendredi'],Vendredi | Entrée avant 21h,DICE,45.674834999999995,48.41,1,1
2026-05-06,2026-05-06 20:46:00,vendredi,early_entry,['vendredi'],Vendredi | Entrée avant 21h,DICE,45.674834999999995,48.41,1,1
2026-05-06,2026-05-06 20:46:00,vendredi,early_entry,['vendredi'],Vendredi | Entrée avant 21h,DICE,45.674834999999995,48.41,1,1
2026-05-30,2026-05-30 02:45:00,vendredi,early_entry,['vendredi'],Vendredi | Entrée avant 21h,DICE,50.533860000000004,53.56,1,1
2026-05-06,2026-05-06 19:17:00,vendredi,early_entry,['vendredi'],Vendredi | Entrée avant 21h,DICE,45.674834999999995,48.41,1,1
2026-05-06,2026-05-06 21:38:00,vendredi,early_entry,['vendredi'],Vendredi | Entrée avant 21h,DICE,45.674834999999995,48.41,1,1
2026-06-18,2026-06-18 20:32:00,samedi,vip,['samedi'],Samedi | Entrée VIP | Billet standard,DICE,128.27826000000002,135.96,1,1
2026-05-07,2026-05-07 20:06:00,samedi,vip,['samedi'],Samedi | Entrée VIP | Billet standard,DICE,128.27826000000002,135.96,1,1
2026-06-25,2026-06-25 11:59:00,samedi,vip,['samedi'],Samedi | Entrée VIP | Billet standard,DICE,128.27826000000002,135.96,1,1
2026-06-25,2026-06-25 11:59:00,samedi,vip,['samedi'],Samedi | Entrée VIP | Billet standard,DICE,128.27826000000002,135.96,1,1
2026-07-08,2026-07-08 19:28:00,samedi,vip,['samedi'],Samedi | Entrée VIP | Billet standard,DICE,128.27826000000002,135.96,1,1
2026-07-08,2026-07-08 19:28:00,samedi,vip,['samedi'],Samedi | Entrée VIP | Billet standard,DICE,128.27826000000002,135.96,1,1
2026-05-07,2026-05-07 20:06:00,samedi,vip,['samedi'],Samedi | Entrée VIP | Billet standard,DICE,128.27826000000002,135.96,1,1
2026-05-06,2026-05-06 23:15:00,samedi,vip,['samedi'],Samedi | Entrée VIP | Billet standard,DICE,128.27826000000002,135.96,1,1
2026-05-06,2026-05-06 19:59:00,samedi,vip,['samedi'],Samedi | Entrée VIP | Billet standard,DICE,128.27826000000002,135.96,1,1
2026-05-06,2026-05-06 19:59:00,samedi,vip,['samedi'],Samedi | Entrée VIP | Billet standard,DICE,128.27826000000002,135.96,1,1
2026-05-06,2026-05-06 21:17:00,samedi,vip,['samedi'],Samedi | Entrée VIP | Billet standard,DICE,128.27826000000002,135.96,1,1
2026-05-23,2026-05-23 21:49:00,samedi,vip,['samedi'],Samedi | Entrée VIP | Billet standard,DICE,128.27826000000002,135.96,1,1
2026-05-23,2026-05-23 21:49:00,samedi,vip,['samedi'],Samedi | Entrée VIP | Billet standard,DICE,128.27826000000002,135.96,1,1
2026-05-06,2026-05-06 19:17:00,samedi,vip,['samedi'],Samedi | Entrée VIP | Billet standard,DICE,128.27826000000002,135.96,1,1
2026-05-06,2026-05-06 19:17:00,samedi,vip,['samedi'],Samedi | Entrée VIP | Billet standard,DICE,128.27826000000002,135.96,1,1
2026-08-04,2026-08-04 17:01:00,samedi,vip,['samedi'],Samedi | Entrée VIP | Billet standard,DICE,128.27826000000002,135.96,1,1
2026-05-24,2026-05-24 19:05:00,samedi,vip,['samedi'],Samedi | Entrée VIP | Billet standard,DICE,128.27826000000002,135.96,1,1
2026-05-22,2026-05-22 20:52:00,samedi,vip,['samedi'],Samedi | Entrée VIP | Billet standard,DICE,128.27826000000002,135.96,1,1
2026-07-10,2026-07-10 19:58:00,samedi,vip,['samedi'],Samedi | Entrée VIP | Billet standard,DICE,128.27826000000002,135.96,1,1
2026-07-10,2026-07-10 19:58:00,samedi,vip,['samedi'],Samedi | Entrée VIP | Billet standard,DICE,128.27826000000002,135.96,1,1
2026-05-06,2026-05-06 19:39:00,samedi,vip,['samedi'],Samedi | Entrée VIP | Billet standard,DICE,128.27826000000002,135.96,1,1
2026-05-06,2026-05-06 19:39:00,samedi,vip,['samedi'],Samedi | Entrée VIP | Billet standard,DICE,128.27826000000002,135.96,1,1
2026-06-26,2026-06-26 17:49:00,samedi,vip,['samedi'],Samedi | Entrée VIP | Billet standard,DICE,128.27826000000002,135.96,1,1
2026-06-26,2026-06-26 17:49:00,samedi,vip,['samedi'],Samedi | Entrée VIP | Billet standard,DICE,128.27826000000002,135.96,1,1
2026-06-15,2026-06-15 13:33:00,samedi,vip,['samedi'],Samedi | Entrée VIP | Billet standard,DICE,128.27826000000002,135.96,1,1
2026-06-15,2026-06-15 13:33:00,samedi,vip,['samedi'],Samedi | Entrée VIP | Billet standard,DICE,128.27826000000002,135.96,1,1
2026-05-06,2026-05-06 21:19:00,samedi,vip,['samedi'],Samedi | Entrée VIP | Billet standard,DICE,128.27826000000002,135.96,1,1
2026-05-06,2026-05-06 21:19:00,samedi,vip,['samedi'],Samedi | Entrée VIP | Billet standard,DICE,128.27826000000002,135.96,1,1
2026-05-07,2026-05-07 15:54:00,samedi,vip,['samedi'],Samedi | Entrée VIP | Billet standard,DICE,128.27826000000002,135.96,1,1
2026-07-24,2026-07-24 13:14:00,samedi,vip,['samedi'],Samedi | Entrée VIP | Billet standard,DICE,128.27826000000002,135.96,1,1
2026-07-05,2026-07-05 13:30:00,samedi,vip,['samedi'],Samedi | Entrée VIP | Billet standard,DICE,128.27826000000002,135.96,1,1
2026-08-02,2026-08-02 07:30:00,samedi,vip,['samedi'],Samedi | Entrée VIP | Billet standard,DICE,128.27826000000002,135.96,1,1
2026-05-26,2026-05-26 19:58:00,samedi,vip,['samedi'],Samedi | Entrée VIP | Billet standard,DICE,128.27826000000002,135.96,1,1
2026-05-06,2026-05-06 19:39:00,samedi,vip,['samedi'],Samedi | Entrée VIP | Billet standard,DICE,128.27826000000002,135.96,1,1
2026-06-26,2026-06-26 21:02:00,samedi,vip,['samedi'],Samedi | Entrée VIP | Billet standard,DICE,128.27826000000002,135.96,1,1
2026-07-29,2026-07-29 11:32:00,samedi,vip,['samedi'],Samedi | Entrée VIP | Billet standard,DICE,128.27826000000002,135.96,1,1
2026-07-29,2026-07-29 11:32:00,samedi,vip,['samedi'],Samedi | Entrée VIP | Billet standard,DICE,128.27826000000002,135.96,1,1
2026-05-06,2026-05-06 19:17:00,samedi,vip,['samedi'],Samedi | Entrée VIP | Billet standard,DICE,128.27826000000002,135.96,1,1
2026-06-06,2026-06-06 02:18:00,samedi,vip,['samedi'],Samedi | Entrée VIP | Billet standard,DICE,128.27826000000002,135.96,1,1
2026-08-02,2026-08-02 07:19:00,samedi,vip,['samedi'],Samedi | Entrée VIP | Billet standard,DICE,128.27826000000002,135.96,1,1
2026-05-06,2026-05-06 20:34:00,samedi,vip,['samedi'],Samedi | Entrée VIP | Billet standard,DICE,128.27826000000002,135.96,1,1
2026-05-06,2026-05-06 20:34:00,samedi,vip,['samedi'],Samedi | Entrée VIP | Billet standard,DICE,128.27826000000002,135.96,1,1
2026-05-06,2026-05-06 20:34:00,samedi,vip,['samedi'],Samedi | Entrée VIP | Billet standard,DICE,128.27826000000002,135.96,1,1
2026-05-06,2026-05-06 20:34:00,samedi,vip,['samedi'],Samedi | Entrée VIP | Billet standard,DICE,128.27826000000002,135.96,1,1
2026-05-06,2026-05-06 20:34:00,samedi,vip,['samedi'],Samedi | Entrée VIP | Billet standard,DICE,128.27826000000002,135.96,1,1
2026-05-06,2026-05-06 19:17:00,samedi,vip,['samedi'],Samedi | Entrée VIP | Billet standard,DICE,128.27826000000002,135.96,1,1
2026-06-30,2026-06-30 23:01:00,samedi,vip,['samedi'],Samedi | Entrée VIP | Billet standard,DICE,128.27826000000002,135.96,1,1
2026-06-30,2026-06-30 23:01:00,samedi,vip,['samedi'],Samedi | Entrée VIP | Billet standard,DICE,128.27826000000002,135.96,1,1
2026-06-30,2026-06-30 23:01:00,samedi,vip,['samedi'],Samedi | Entrée VIP | Billet standard,DICE,128.27826000000002,135.96,1,1
2026-07-02,2026-07-02 13:22:00,samedi,vip,['samedi'],Samedi | Entrée VIP | Billet standard,DICE,128.27826000000002,135.96,1,1
2026-05-08,2026-05-08 12:55:00,vendredi,vip,['vendredi'],Vendredi | Entrée VIP | Billet standard,DICE,128.27826000000002,135.96,1,1
2026-05-08,2026-05-08 12:55:00,vendredi,vip,['vendredi'],Vendredi | Entrée VIP | Billet standard,DICE,128.27826000000002,135.96,1,1
2026-05-06,2026-05-06 19:21:00,vendredi,vip,['vendredi'],Vendredi | Entrée VIP | Billet standard,DICE,128.27826000000002,135.96,1,1
2026-07-29,2026-07-29 10:49:00,vendredi,vip,['vendredi'],Vendredi | Entrée VIP | Billet standard,DICE,128.27826000000002,135.96,1,1
2026-07-29,2026-07-29 10:49:00,vendredi,vip,['vendredi'],Vendredi | Entrée VIP | Billet standard,DICE,128.27826000000002,135.96,1,1
2026-05-06,2026-05-06 22:00:00,vendredi,vip,['vendredi'],Vendredi | Entrée VIP | Billet standard,DICE,128.27826000000002,135.96,1,1
2026-05-19,2026-05-19 01:31:00,vendredi,vip,['vendredi'],Vendredi | Entrée VIP | Billet standard,DICE,128.27826000000002,135.96,1,1
2026-05-19,2026-05-19 01:31:00,vendredi,vip,['vendredi'],Vendredi | Entrée VIP | Billet standard,DICE,128.27826000000002,135.96,1,1
2026-05-15,2026-05-15 21:08:00,vendredi,vip,['vendredi'],Vendredi | Entrée VIP | Billet standard,DICE,128.27826000000002,135.96,1,1
2026-08-04,2026-08-04 19:15:00,vendredi,vip,['vendredi'],Vendredi | Entrée VIP | Billet standard,DICE,128.27826000000002,135.96,1,1
2026-08-04,2026-08-04 19:15:00,vendredi,vip,['vendredi'],Vendredi | Entrée VIP | Billet standard,DICE,128.27826000000002,135.96,1,1
2026-05-06,2026-05-06 19:19:00,vendredi,vip,['vendredi'],Vendredi | Entrée VIP | Billet standard,DICE,128.27826000000002,135.96,1,1
2026-05-07,2026-05-07 08:53:00,vendredi,vip,['vendredi'],Vendredi | Entrée VIP | Billet standard,DICE,128.27826000000002,135.96,1,1
2026-05-07,2026-05-07 08:53:00,vendredi,vip,['vendredi'],Vendredi | Entrée VIP | Billet standard,DICE,128.27826000000002,135.96,1,1
2026-06-14,2026-06-14 15:04:00,vendredi,vip,['vendredi'],Vendredi | Entrée VIP | Billet standard,DICE,128.27826000000002,135.96,1,1
2026-06-14,2026-06-14 15:04:00,vendredi,vip,['vendredi'],Vendredi | Entrée VIP | Billet standard,DICE,128.27826000000002,135.96,1,1
2026-05-06,2026-05-06 22:00:00,vendredi,vip,['vendredi'],Vendredi | Entrée VIP | Billet standard,DICE,128.27826000000002,135.96,1,1
2026-05-06,2026-05-06 19:21:00,vendredi,vip,['vendredi'],Vendredi | Entrée VIP | Billet standard,DICE,128.27826000000002,135.96,1,1
2026-05-21,2026-05-21 21:52:00,vendredi,vip,['vendredi'],Vendredi | Entrée VIP | Billet standard,DICE,128.27826000000002,135.96,1,1
2026-05-06,2026-05-06 19:16:00,vendredi,vip,['vendredi'],Vendredi | Entrée VIP | Billet standard,DICE,128.27826000000002,135.96,1,1
2026-05-07,2026-05-07 16:31:00,vendredi,vip,['vendredi'],Vendredi | Entrée VIP | Billet standard,DICE,128.27826000000002,135.96,1,1
2026-05-07,2026-05-07 16:31:00,vendredi,vip,['vendredi'],Vendredi | Entrée VIP | Billet standard,DICE,128.27826000000002,135.96,1,1
2026-05-07,2026-05-07 16:31:00,vendredi,vip,['vendredi'],Vendredi | Entrée VIP | Billet standard,DICE,128.27826000000002,135.96,1,1
2026-05-12,2026-05-12 09:53:00,vendredi,vip,['vendredi'],Vendredi | Entrée VIP | Billet standard,DICE,128.27826000000002,135.96,1,1
2026-05-12,2026-05-12 09:53:00,vendredi,vip,['vendredi'],Vendredi | Entrée VIP | Billet standard,DICE,128.27826000000002,135.96,1,1
2026-07-29,2026-07-29 16:40:00,vendredi,vip,['vendredi'],Vendredi | Entrée VIP | Billet standard,DICE,128.27826000000002,135.96,1,1
2026-07-29,2026-07-29 16:40:00,vendredi,vip,['vendredi'],Vendredi | Entrée VIP | Billet standard,DICE,128.27826000000002,135.96,1,1
2026-05-06,2026-05-06 21:48:00,vendredi,vip,['vendredi'],Vendredi | Entrée VIP | Billet standard,DICE,128.27826000000002,135.96,1,1
2026-07-16,2026-07-16 18:27:00,vendredi,vip,['vendredi'],Vendredi | Entrée VIP | Billet standard,DICE,128.27826000000002,135.96,1,1
2026-07-16,2026-07-16 18:27:00,vendredi,vip,['vendredi'],Vendredi | Entrée VIP | Billet standard,DICE,128.27826000000002,135.96,1,1
2026-06-17,2026-06-17 19:01:00,vendredi,vip,['vendredi'],Vendredi | Entrée VIP | Billet standard,DICE,128.27826000000002,135.96,1,1
2026-06-17,2026-06-17 19:01:00,vendredi,vip,['vendredi'],Vendredi | Entrée VIP | Billet standard,DICE,128.27826000000002,135.96,1,1
2026-05-06,2026-05-06 22:00:00,vendredi,vip,['vendredi'],Vendredi | Entrée VIP | Billet standard,DICE,128.27826000000002,135.96,1,1
2026-05-06,2026-05-06 19:24:00,vendredi,vip,['vendredi'],Vendredi | Entrée VIP | Billet standard,DICE,128.27826000000002,135.96,1,1
2026-05-06,2026-05-06 19:24:00,vendredi,vip,['vendredi'],Vendredi | Entrée VIP | Billet standard,DICE,128.27826000000002,135.96,1,1
2026-05-06,2026-05-06 19:32:00,vendredi,vip,['vendredi'],Vendredi | Entrée VIP | Billet standard,DICE,128.27826000000002,135.96,1,1
2026-05-06,2026-05-06 19:32:00,vendredi,vip,['vendredi'],Vendredi | Entrée VIP | Billet standard,DICE,128.27826000000002,135.96,1,1
2026-05-07,2026-05-07 01:33:00,vendredi,vip,['vendredi'],Vendredi | Entrée VIP | Billet standard,DICE,128.27826000000002,135.96,1,1
2026-05-07,2026-05-07 01:33:00,vendredi,vip,['vendredi'],Vendredi | Entrée VIP | Billet standard,DICE,128.27826000000002,135.96,1,1
2026-05-07,2026-05-07 01:33:00,vendredi,vip,['vendredi'],Vendredi | Entrée VIP | Billet standard,DICE,128.27826000000002,135.96,1,1
2026-05-07,2026-05-07 01:33:00,vendredi,vip,['vendredi'],Vendredi | Entrée VIP | Billet standard,DICE,128.27826000000002,135.96,1,1
2026-05-07,2026-05-07 01:33:00,vendredi,vip,['vendredi'],Vendredi | Entrée VIP | Billet standard,DICE,128.27826000000002,135.96,1,1
2026-05-07,2026-05-07 01:33:00,vendredi,vip,['vendredi'],Vendredi | Entrée VIP | Billet standard,DICE,128.27826000000002,135.96,1,1
2026-05-19,2026-05-19 11:32:00,vendredi,vip,['vendredi'],Vendredi | Entrée VIP | Billet standard,DICE,128.27826000000002,135.96,1,1
2026-05-19,2026-05-19 11:32:00,vendredi,vip,['vendredi'],Vendredi | Entrée VIP | Billet standard,DICE,128.27826000000002,135.96,1,1
2026-07-25,2026-07-25 17:16:00,vendredi,vip,['vendredi'],Vendredi | Entrée VIP | Billet standard,DICE,128.27826000000002,135.96,1,1
2026-07-16,2026-07-16 09:29:00,vendredi,vip,['vendredi'],Vendredi | Entrée VIP | Billet standard,DICE,128.27826000000002,135.96,1,1
2026-07-16,2026-07-16 09:29:00,vendredi,vip,['vendredi'],Vendredi | Entrée VIP | Billet standard,DICE,128.27826000000002,135.96,1,1
2026-05-08,2026-05-08 12:41:00,vendredi,vip,['vendredi'],Vendredi | Entrée VIP | Billet standard,DICE,128.27826000000002,135.96,1,1
2026-05-10,2026-05-10 22:30:00,vendredi,vip,['vendredi'],Vendredi | Entrée VIP | Billet standard,DICE,128.27826000000002,135.96,1,1
2026-05-06,2026-05-06 19:22:00,vendredi,vip,['vendredi'],Vendredi | Entrée VIP | Billet standard,DICE,128.27826000000002,135.96,1,1
2026-05-06,2026-05-06 19:22:00,vendredi,vip,['vendredi'],Vendredi | Entrée VIP | Billet standard,DICE,128.27826000000002,135.96,1,1
2026-05-06,2026-05-06 19:22:00,vendredi,vip,['vendredi'],Vendredi | Entrée VIP | Billet standard,DICE,128.27826000000002,135.96,1,1
2026-05-06,2026-05-06 19:22:00,vendredi,vip,['vendredi'],Vendredi | Entrée VIP | Billet standard,DICE,128.27826000000002,135.96,1,1
2026-05-06,2026-05-06 19:22:00,vendredi,vip,['vendredi'],Vendredi | Entrée VIP | Billet standard,DICE,128.27826000000002,135.96,1,1
2026-05-06,2026-05-06 19:22:00,vendredi,vip,['vendredi'],Vendredi | Entrée VIP | Billet standard,DICE,128.27826000000002,135.96,1,1
2026-05-07,2026-05-07 19:21:00,vendredi,vip,['vendredi'],Vendredi | Entrée VIP | Billet standard,DICE,128.27826000000002,135.96,1,1
2026-05-08,2026-05-08 11:18:00,vendredi,vip,['vendredi'],Vendredi | Entrée VIP | Billet standard,DICE,128.27826000000002,135.96,1,1
2026-05-08,2026-05-08 11:18:00,vendredi,vip,['vendredi'],Vendredi | Entrée VIP | Billet standard,DICE,128.27826000000002,135.96,1,1
2026-05-06,2026-05-06 20:42:00,vendredi,vip,['vendredi'],Vendredi | Entrée VIP | Billet standard,DICE,128.27826000000002,135.96,1,1
2026-05-06,2026-05-06 20:42:00,vendredi,vip,['vendredi'],Vendredi | Entrée VIP | Billet standard,DICE,128.27826000000002,135.96,1,1
2026-05-31,2026-05-31 22:00:00,vendredi,vip,['vendredi'],Vendredi | Entrée VIP | Billet standard,DICE,128.27826000000002,135.96,1,1
2026-05-31,2026-05-31 22:00:00,vendredi,vip,['vendredi'],Vendredi | Entrée VIP | Billet standard,DICE,128.27826000000002,135.96,1,1
2026-05-30,2026-05-30 23:15:00,vendredi,vip,['vendredi'],Vendredi | Entrée VIP | Billet standard,DICE,128.27826000000002,135.96,1,1
2026-05-12,2026-05-12 22:16:00,vendredi,vip,['vendredi'],Vendredi | Entrée VIP | Billet standard,DICE,128.27826000000002,135.96,1,1
2026-05-06,2026-05-06 19:17:00,vendredi,vip,['vendredi'],Vendredi | Entrée VIP | Billet standard,DICE,128.27826000000002,135.96,1,1
2026-05-21,2026-05-21 21:40:00,vendredi,vip,['vendredi'],Vendredi | Entrée VIP | Billet standard,DICE,128.27826000000002,135.96,1,1
2026-07-03,2026-07-03 13:54:00,vendredi,vip,['vendredi'],Vendredi | Entrée VIP | Billet standard,DICE,128.27826000000002,135.96,1,1
2026-06-18,2026-06-18 20:02:00,vendredi,vip,['vendredi'],Vendredi | Entrée VIP | Billet standard,DICE,128.27826000000002,135.96,1,1
2026-06-18,2026-06-18 20:02:00,vendredi,vip,['vendredi'],Vendredi | Entrée VIP | Billet standard,DICE,128.27826000000002,135.96,1,1
2026-06-18,2026-06-18 20:02:00,vendredi,vip,['vendredi'],Vendredi | Entrée VIP | Billet standard,DICE,128.27826000000002,135.96,1,1
2026-05-06,2026-05-06 19:15:00,single_day,vip,,Weekend | Entrée VIP,DICE,250.72569000000001,265.74,1,1
2026-06-02,2026-06-02 10:48:00,single_day,vip,,Weekend | Entrée VIP,DICE,250.72569000000001,265.74,1,1
2026-06-02,2026-06-02 10:48:00,single_day,vip,,Weekend | Entrée VIP,DICE,250.72569000000001,265.74,1,1
2026-05-06,2026-05-06 21:00:00,single_day,vip,,Weekend | Entrée VIP,DICE,250.72569000000001,265.74,1,1
2026-05-14,2026-05-14 03:03:00,single_day,vip,,Weekend | Entrée VIP,DICE,250.72569000000001,265.74,1,1
2026-05-14,2026-05-14 03:03:00,single_day,vip,,Weekend | Entrée VIP,DICE,250.72569000000001,265.74,1,1
2026-05-06,2026-05-06 19:15:00,single_day,vip,,Weekend | Entrée VIP,DICE,250.72569000000001,265.74,1,1
2026-05-06,2026-05-06 19:15:00,single_day,vip,,Weekend | Entrée VIP,DICE,250.72569000000001,265.74,1,1
2026-05-09,2026-05-09 10:14:00,single_day,vip,,Weekend | Entrée VIP,DICE,250.72569000000001,265.74,1,1
2026-05-06,2026-05-06 19:20:00,single_day,vip,,Weekend | Entrée VIP,DICE,250.72569000000001,265.74,1,1
2026-07-24,2026-07-24 20:53:00,single_day,vip,,Weekend | Entrée VIP,DICE,250.72569000000001,265.74,1,1
2026-07-24,2026-07-24 20:50:00,single_day,vip,,Weekend | Entrée VIP,DICE,250.72569000000001,265.74,1,1
2026-05-06,2026-05-06 19:17:00,single_day,vip,,Weekend | Entrée VIP,DICE,250.72569000000001,265.74,1,1
2026-05-06,2026-05-06 19:35:00,single_day,vip,,Weekend | Entrée VIP,DICE,250.72569000000001,265.74,1,1
2026-05-06,2026-05-06 19:35:00,single_day,vip,,Weekend | Entrée VIP,DICE,250.72569000000001,265.74,1,1
2026-05-06,2026-05-06 19:15:00,single_day,vip,,Weekend | Entrée VIP,DICE,250.72569000000001,265.74,1,1
2026-05-10,2026-05-10 10:50:00,single_day,regular,,Weekend | Billet standard,DICE,89.40606000000001,94.76,1,1
2026-05-10,2026-05-10 10:50:00,single_day,regular,,Weekend | Billet standard,DICE,89.40606000000001,94.76,1,1
2026-05-10,2026-05-10 10:50:00,single_day,regular,,Weekend | Billet standard,DICE,89.40606000000001,94.76,1,1
2026-05-10,2026-05-10 10:50:00,single_day,regular,,Weekend | Billet standard,DICE,89.40606000000001,94.76,1,1
2026-05-06,2026-05-06 19:17:00,single_day,regular,,Weekend | Billet standard,DICE,89.40606000000001,94.76,1,1
2026-05-15,2026-05-15 17:44:00,single_day,regular,,Weekend | Billet standard,DICE,89.40606000000001,94.76,1,1
2026-05-06,2026-05-06 22:10:00,single_day,regular,,Weekend | Billet standard,DICE,89.40606000000001,94.76,1,1
2026-06-07,2026-06-07 18:42:00,single_day,regular,,Weekend | Billet standard,DICE,89.40606000000001,94.76,1,1
2026-05-06,2026-05-06 19:19:00,single_day,regular,,Weekend | Billet standard,DICE,89.40606000000001,94.76,1,1
2026-05-06,2026-05-06 19:15:00,single_day,regular,,Weekend | Billet standard,DICE,89.40606000000001,94.76,1,1
2026-05-06,2026-05-06 19:17:00,single_day,regular,,Weekend | Billet standard,DICE,89.40606000000001,94.76,1,1
2026-05-09,2026-05-09 15:19:00,single_day,regular,,Weekend | Billet standard,DICE,89.40606000000001,94.76,1,1
2026-06-17,2026-06-17 20:31:00,single_day,regular,,Weekend | Billet standard,DICE,89.40606000000001,94.76,1,1
2026-06-28,2026-06-28 16:20:00,single_day,regular,,Weekend | Billet standard,DICE,89.40606000000001,94.76,1,1
2026-06-28,2026-06-28 16:20:00,single_day,regular,,Weekend | Billet standard,DICE,89.40606000000001,94.76,1,1
2026-05-08,2026-05-08 12:29:00,single_day,regular,,Weekend | Billet standard,DICE,89.40606000000001,94.76,1,1
2026-05-06,2026-05-06 19:17:00,single_day,regular,,Weekend | Billet standard,DICE,89.40606000000001,94.76,1,1
2026-05-06,2026-05-06 19:55:00,single_day,regular,,Weekend | Billet standard,DICE,89.40606000000001,94.76,1,1
2026-07-15,2026-07-15 20:20:00,single_day,regular,,Weekend | Billet standard,DICE,89.40606000000001,94.76,1,1
2026-05-08,2026-05-08 12:59:00,single_day,regular,,Weekend | Billet standard,DICE,89.40606000000001,94.76,1,1
2026-05-06,2026-05-06 19:44:00,single_day,regular,,Weekend | Billet standard,DICE,89.40606000000001,94.76,1,1
2026-05-06,2026-05-06 19:44:00,single_day,regular,,Weekend | Billet standard,DICE,89.40606000000001,94.76,1,1
2026-05-06,2026-05-06 19:16:00,single_day,regular,,Weekend | Billet standard,DICE,89.40606000000001,94.76,1,1
2026-05-06,2026-05-06 19:16:00,single_day,regular,,Weekend | Billet standard,DICE,89.40606000000001,94.76,1,1
2026-05-29,2026-05-29 19:18:00,single_day,regular,,Weekend | Billet standard,DICE,89.40606000000001,94.76,1,1
2026-05-09,2026-05-09 03:21:00,single_day,regular,,Weekend | Billet standard,DICE,89.40606000000001,94.76,1,1
2026-05-06,2026-05-06 19:15:00,single_day,regular,,Weekend | Billet standard,DICE,89.40606000000001,94.76,1,1
2026-05-06,2026-05-06 20:03:00,single_day,regular,,Weekend | Billet standard,DICE,89.40606000000001,94.76,1,1
2026-07-16,2026-07-16 12:55:00,single_day,regular,,Weekend | Billet standard,DICE,89.40606000000001,94.76,1,1
2026-05-06,2026-05-06 19:15:00,single_day,regular,,Weekend | Billet standard,DICE,89.40606000000001,94.76,1,1
2026-05-07,2026-05-07 17:12:00,single_day,regular,,Weekend | Billet standard,DICE,89.40606000000001,94.76,1,1
2026-05-06,2026-05-06 19:15:00,single_day,regular,,Weekend | Billet standard,DICE,89.40606000000001,94.76,1,1
2026-06-10,2026-06-10 18:05:00,single_day,regular,,Weekend | Billet standard,DICE,89.40606000000001,94.76,1,1
2026-06-10,2026-06-10 18:05:00,single_day,regular,,Weekend | Billet standard,DICE,89.40606000000001,94.76,1,1
2026-06-08,2026-06-08 20:55:00,single_day,regular,,Weekend | Billet standard,DICE,89.40606000000001,94.76,1,1
2026-06-08,2026-06-08 20:55:00,single_day,regular,,Weekend | Billet standard,DICE,89.40606000000001,94.76,1,1
2026-05-06,2026-05-06 19:16:00,single_day,regular,,Weekend | Billet standard,DICE,89.40606000000001,94.76,1,1
2026-05-06,2026-05-06 19:53:00,single_day,regular,,Weekend | Billet standard,DICE,89.40606000000001,94.76,1,1
2026-05-06,2026-05-06 19:53:00,single_day,regular,,Weekend | Billet standard,DICE,89.40606000000001,94.76,1,1
2026-08-04,2026-08-04 22:51:00,single_day,regular,,Weekend | Billet standard,DICE,99.12411,105.06,1,1
2026-05-06,2026-05-06 19:30:00,single_day,regular,,Weekend | Billet standard,DICE,89.40606000000001,94.76,1,1
2026-05-07,2026-05-07 08:22:00,single_day,regular,,Weekend | Billet standard,DICE,89.40606000000001,94.76,1,1
2026-05-07,2026-05-07 08:22:00,single_day,regular,,Weekend | Billet standard,DICE,89.40606000000001,94.76,1,1
2026-08-06,2026-08-06 08:44:00,single_day,regular,,Weekend | Billet standard,DICE,99.12411,105.06,1,1
2026-05-06,2026-05-06 19:15:00,single_day,regular,,Weekend | Billet standard,DICE,89.40606000000001,94.76,1,1
2026-07-30,2026-07-30 05:47:00,single_day,regular,,Weekend | Billet standard,DICE,99.12411,105.06,1,1
2026-07-15,2026-07-15 01:32:00,single_day,regular,,Weekend | Billet standard,DICE,89.40606000000001,94.76,1,1
2026-05-06,2026-05-06 19:15:00,single_day,regular,,Weekend | Billet standard,DICE,89.40606000000001,94.76,1,1
2026-07-19,2026-07-19 16:07:00,single_day,regular,,Weekend | Billet standard,DICE,89.40606000000001,94.76,1,1
2026-07-19,2026-07-19 16:07:00,single_day,regular,,Weekend | Billet standard,DICE,89.40606000000001,94.76,1,1
2026-07-08,2026-07-08 00:30:00,single_day,regular,,Weekend | Billet standard,DICE,89.40606000000001,94.76,1,1
2026-07-08,2026-07-08 00:30:00,single_day,regular,,Weekend | Billet standard,DICE,89.40606000000001,94.76,1,1
2026-05-06,2026-05-06 19:26:00,single_day,regular,,Weekend | Billet standard,DICE,89.40606000000001,94.76,1,1
2026-05-06,2026-05-06 19:26:00,single_day,regular,,Weekend | Billet standard,DICE,89.40606000000001,94.76,1,1
2026-05-13,2026-05-13 13:52:00,single_day,regular,,Weekend | Billet standard,DICE,89.40606000000001,94.76,1,1
2026-05-13,2026-05-13 13:50:00,single_day,regular,,Weekend | Billet standard,DICE,89.40606000000001,94.76,1,1
2026-05-13,2026-05-13 13:50:00,single_day,regular,,Weekend | Billet standard,DICE,89.40606000000001,94.76,1,1
2026-05-09,2026-05-09 12:40:00,single_day,regular,,Weekend | Billet standard,DICE,89.40606000000001,94.76,1,1
2026-05-09,2026-05-09 12:40:00,single_day,regular,,Weekend | Billet standard,DICE,89.40606000000001,94.76,1,1
2026-05-06,2026-05-06 19:20:00,single_day,regular,,Weekend | Billet standard,DICE,89.40606000000001,94.76,1,1
2026-05-06,2026-05-06 19:17:00,single_day,regular,,Weekend | Billet standard,DICE,89.40606000000001,94.76,1,1
2026-07-06,2026-07-06 09:25:00,single_day,regular,,Weekend | Billet standard,DICE,89.40606000000001,94.76,1,1
2026-05-06,2026-05-06 19:40:00,single_day,regular,,Weekend | Billet standard,DICE,89.40606000000001,94.76,1,1
2026-05-06,2026-05-06 19:16:00,single_day,regular,,Weekend | Billet standard,DICE,89.40606000000001,94.76,1,1
2026-05-06,2026-05-06 22:15:00,single_day,regular,,Weekend | Billet standard,DICE,89.40606000000001,94.76,1,1
2026-05-06,2026-05-06 22:15:00,single_day,regular,,Weekend | Billet standard,DICE,89.40606000000001,94.76,1,1
2026-05-08,2026-05-08 09:56:00,single_day,regular,,Weekend | Billet standard,DICE,89.40606000000001,94.76,1,1
2026-05-08,2026-05-08 09:56:00,single_day,regular,,Weekend | Billet standard,DICE,89.40606000000001,94.76,1,1
2026-05-06,2026-05-06 19:17:00,single_day,regular,,Weekend | Billet standard,DICE,89.40606000000001,94.76,1,1
2026-05-06,2026-05-06 19:17:00,single_day,regular,,Weekend | Billet standard,DICE,89.40606000000001,94.76,1,1
2026-05-06,2026-05-06 19:17:00,single_day,regular,,Weekend | Billet standard,DICE,89.40606000000001,94.76,1,1
2026-05-06,2026-05-06 19:17:00,single_day,regular,,Weekend | Billet standard,DICE,89.40606000000001,94.76,1,1
2026-05-06,2026-05-06 19:17:00,single_day,regular,,Weekend | Billet standard,DICE,89.40606000000001,94.76,1,1
2026-05-06,2026-05-06 21:07:00,single_day,regular,,Weekend | Billet standard,DICE,89.40606000000001,94.76,1,1
2026-05-06,2026-05-06 19:35:00,single_day,regular,,Weekend | Billet standard,DICE,89.40606000000001,94.76,1,1
2026-05-07,2026-05-07 11:13:00,single_day,regular,,Weekend | Billet standard,DICE,89.40606000000001,94.76,1,1
2026-05-07,2026-05-07 11:13:00,single_day,regular,,Weekend | Billet standard,DICE,89.40606000000001,94.76,1,1
2026-05-06,2026-05-06 19:18:00,single_day,regular,,Weekend | Billet standard,DICE,89.40606000000001,94.76,1,1
2026-05-06,2026-05-06 19:18:00,single_day,regular,,Weekend | Billet standard,DICE,89.40606000000001,94.76,1,1
2026-05-06,2026-05-06 19:18:00,single_day,regular,,Weekend | Billet standard,DICE,89.40606000000001,94.76,1,1
2026-05-06,2026-05-06 22:50:00,single_day,regular,,Weekend | Billet standard,DICE,89.40606000000001,94.76,1,1
2026-05-06,2026-05-06 19:22:00,single_day,regular,,Weekend | Billet standard,DICE,89.40606000000001,94.76,1,1
2026-05-06,2026-05-06 19:19:00,single_day,regular,,Weekend | Billet standard,DICE,89.40606000000001,94.76,1,1
2026-05-06,2026-05-06 19:15:00,single_day,regular,,Weekend | Billet standard,DICE,89.40606000000001,94.76,1,1
2026-05-07,2026-05-07 23:09:00,single_day,regular,,Weekend | Billet standard,DICE,89.40606000000001,94.76,1,1
2026-05-06,2026-05-06 19:16:00,single_day,regular,,Weekend | Billet standard,DICE,89.40606000000001,94.76,1,1
2026-05-06,2026-05-06 19:16:00,single_day,regular,,Weekend | Billet standard,DICE,89.40606000000001,94.76,1,1
2026-05-06,2026-05-06 19:19:00,single_day,regular,,Weekend | Billet standard,DICE,89.40606000000001,94.76,1,1
2026-07-31,2026-07-31 14:16:00,single_day,regular,,Weekend | Billet standard,DICE,99.12411,105.06,1,1
2026-07-31,2026-07-31 14:16:00,single_day,regular,,Weekend | Billet standard,DICE,99.12411,105.06,1,1
2026-07-27,2026-07-27 21:37:00,single_day,regular,,Weekend | Billet standard,DICE,99.12411,105.06,1,1
2026-07-18,2026-07-18 14:09:00,single_day,regular,,Weekend | Billet standard,DICE,89.40606000000001,94.76,1,1
2026-06-30,2026-06-30 14:13:00,single_day,regular,,Weekend | Billet standard,DICE,89.40606000000001,94.76,1,1
2026-06-30,2026-06-30 14:13:00,single_day,regular,,Weekend | Billet standard,DICE,89.40606000000001,94.76,1,1
2026-05-14,2026-05-14 16:17:00,single_day,regular,,Weekend | Billet standard,DICE,89.40606000000001,94.76,1,1
2026-05-06,2026-05-06 19:15:00,single_day,regular,,Weekend | Billet standard,DICE,89.40606000000001,94.76,1,1
2026-05-06,2026-05-06 19:15:00,single_day,regular,,Weekend | Billet standard,DICE,89.40606000000001,94.76,1,1
2026-05-06,2026-05-06 19:15:00,single_day,regular,,Weekend | Billet standard,DICE,89.40606000000001,94.76,1,1
2026-07-30,2026-07-30 20:24:00,single_day,regular,,Weekend | Billet standard,DICE,99.12411,105.06,1,1
2026-05-06,2026-05-06 19:15:00,single_day,regular,,Weekend | Billet standard,DICE,89.40606000000001,94.76,1,1
2026-05-06,2026-05-06 19:15:00,single_day,regular,,Weekend | Billet standard,DICE,89.40606000000001,94.76,1,1
2026-05-06,2026-05-06 19:15:00,single_day,regular,,Weekend | Billet standard,DICE,89.40606000000001,94.76,1,1
2026-05-06,2026-05-06 19:26:00,single_day,regular,,Weekend | Billet standard,DICE,89.40606000000001,94.76,1,1
2026-05-06,2026-05-06 19:26:00,single_day,regular,,Weekend | Billet standard,DICE,89.40606000000001,94.76,1,1
2026-06-09,2026-06-09 22:24:00,single_day,regular,,Weekend | Billet standard,DICE,89.40606000000001,94.76,1,1
2026-06-09,2026-06-09 22:24:00,single_day,regular,,Weekend | Billet standard,DICE,89.40606000000001,94.76,1,1
2026-06-09,2026-06-09 22:24:00,single_day,regular,,Weekend | Billet standard,DICE,89.40606000000001,94.76,1,1
2026-05-06,2026-05-06 19:21:00,single_day,regular,,Weekend | Billet standard,DICE,89.40606000000001,94.76,1,1
2026-05-06,2026-05-06 19:21:00,single_day,regular,,Weekend | Billet standard,DICE,89.40606000000001,94.76,1,1
2026-06-07,2026-06-07 21:39:00,single_day,regular,,Weekend | Billet standard,DICE,89.40606000000001,94.76,1,1
2026-06-07,2026-06-07 21:39:00,single_day,regular,,Weekend | Billet standard,DICE,89.40606000000001,94.76,1,1
2026-05-06,2026-05-06 19:17:00,single_day,regular,,Weekend | Billet standard,DICE,89.40606000000001,94.76,1,1
2026-05-07,2026-05-07 13:28:00,single_day,regular,,Weekend | Billet standard,DICE,89.40606000000001,94.76,1,1
2026-05-06,2026-05-06 19:21:00,single_day,regular,,Weekend | Billet standard,DICE,89.40606000000001,94.76,1,1
2026-05-07,2026-05-07 13:31:00,single_day,regular,,Weekend | Billet standard,DICE,89.40606000000001,94.76,1,1
2026-05-07,2026-05-07 13:31:00,single_day,regular,,Weekend | Billet standard,DICE,89.40606000000001,94.76,1,1
2026-05-09,2026-05-09 20:45:00,single_day,regular,,Weekend | Billet standard,DICE,89.40606000000001,94.76,1,1
2026-05-09,2026-05-09 20:45:00,single_day,regular,,Weekend | Billet standard,DICE,89.40606000000001,94.76,1,1
2026-05-06,2026-05-06 19:23:00,single_day,regular,,Weekend | Billet standard,DICE,89.40606000000001,94.76,1,1
2026-08-01,2026-08-01 21:37:00,single_day,regular,,Weekend | Billet standard,DICE,99.12411,105.06,1,1
2026-05-06,2026-05-06 19:26:00,single_day,regular,,Weekend | Billet standard,DICE,89.40606000000001,94.76,1,1
2026-05-06,2026-05-06 19:26:00,single_day,regular,,Weekend | Billet standard,DICE,89.40606000000001,94.76,1,1
2026-05-06,2026-05-06 19:16:00,single_day,regular,,Weekend | Billet standard,DICE,89.40606000000001,94.76,1,1
2026-05-06,2026-05-06 19:16:00,single_day,regular,,Weekend | Billet standard,DICE,89.40606000000001,94.76,1,1
2026-08-02,2026-08-02 17:50:00,single_day,regular,,Weekend | Billet standard,DICE,99.12411,105.06,1,1
2026-05-08,2026-05-08 06:02:00,single_day,regular,,Weekend | Billet standard,DICE,89.40606000000001,94.76,1,1
2026-05-08,2026-05-08 06:02:00,single_day,regular,,Weekend | Billet standard,DICE,89.40606000000001,94.76,1,1
2026-05-06,2026-05-06 19:24:00,single_day,regular,,Weekend | Billet standard,DICE,89.40606000000001,94.76,1,1
2026-05-23,2026-05-23 18:40:00,single_day,regular,,Weekend | Billet standard,DICE,89.40606000000001,94.76,1,1
2026-05-23,2026-05-23 16:59:00,single_day,regular,,Weekend | Billet standard,DICE,89.40606000000001,94.76,1,1
2026-05-23,2026-05-23 16:24:00,single_day,regular,,Weekend | Billet standard,DICE,89.40606000000001,94.76,1,1
2026-05-23,2026-05-23 16:24:00,single_day,regular,,Weekend | Billet standard,DICE,89.40606000000001,94.76,1,1
2026-05-06,2026-05-06 19:18:00,single_day,regular,,Weekend | Billet standard,DICE,89.40606000000001,94.76,1,1
2026-05-06,2026-05-06 19:18:00,single_day,regular,,Weekend | Billet standard,DICE,89.40606000000001,94.76,1,1
2026-05-06,2026-05-06 19:18:00,single_day,regular,,Weekend | Billet standard,DICE,89.40606000000001,94.76,1,1
2026-05-09,2026-05-09 02:32:00,single_day,regular,,Weekend | Billet standard,DICE,89.40606000000001,94.76,1,1
2026-05-06,2026-05-06 20:16:00,single_day,regular,,Weekend | Billet standard,DICE,89.40606000000001,94.76,1,1
2026-05-06,2026-05-06 20:16:00,single_day,regular,,Weekend | Billet standard,DICE,89.40606000000001,94.76,1,1
2026-05-06,2026-05-06 20:16:00,single_day,regular,,Weekend | Billet standard,DICE,89.40606000000001,94.76,1,1
2026-05-06,2026-05-06 19:16:00,single_day,regular,,Weekend | Billet standard,DICE,89.40606000000001,94.76,1,1
2026-05-06,2026-05-06 20:49:00,single_day,regular,,Weekend | Billet standard,DICE,89.40606000000001,94.76,1,1
2026-05-20,2026-05-20 21:18:00,single_day,regular,,Weekend | Billet standard,DICE,89.40606000000001,94.76,1,1
2026-05-06,2026-05-06 19:16:00,single_day,regular,,Weekend | Billet standard,DICE,89.40606000000001,94.76,1,1
2026-05-06,2026-05-06 19:16:00,single_day,regular,,Weekend | Billet standard,DICE,89.40606000000001,94.76,1,1
2026-05-11,2026-05-11 10:43:00,single_day,regular,,Weekend | Billet standard,DICE,89.40606000000001,94.76,1,1
2026-05-06,2026-05-06 22:48:00,single_day,regular,,Weekend | Billet standard,DICE,89.40606000000001,94.76,1,1
2026-05-06,2026-05-06 19:16:00,single_day,regular,,Weekend | Billet standard,DICE,89.40606000000001,94.76,1,1
2026-05-06,2026-05-06 21:19:00,single_day,regular,,Weekend | Billet standard,DICE,89.40606000000001,94.76,1,1
2026-05-06,2026-05-06 19:16:00,single_day,regular,,Weekend | Billet standard,DICE,89.40606000000001,94.76,1,1
2026-05-06,2026-05-06 19:19:00,single_day,regular,,Weekend | Billet standard,DICE,89.40606000000001,94.76,1,1
2026-05-06,2026-05-06 19:19:00,single_day,regular,,Weekend | Billet standard,DICE,89.40606000000001,94.76,1,1
2026-07-14,2026-07-14 22:04:00,single_day,regular,,Weekend | Billet standard,DICE,89.40606000000001,94.76,1,1
2026-06-29,2026-06-29 16:27:00,single_day,regular,,Weekend | Billet standard,DICE,89.40606000000001,94.76,1,1
2026-05-06,2026-05-06 19:15:00,single_day,regular,,Weekend | Billet standard,DICE,89.40606000000001,94.76,1,1
2026-05-06,2026-05-06 19:15:00,single_day,regular,,Weekend | Billet standard,DICE,89.40606000000001,94.76,1,1
2026-05-06,2026-05-06 19:16:00,single_day,regular,,Weekend | Billet standard,DICE,89.40606000000001,94.76,1,1
2026-07-09,2026-07-09 11:33:00,single_day,regular,,Weekend | Billet standard,DICE,89.40606000000001,94.76,1,1
2026-07-09,2026-07-09 11:33:00,single_day,regular,,Weekend | Billet standard,DICE,89.40606000000001,94.76,1,1
2026-05-14,2026-05-14 12:11:00,single_day,regular,,Weekend | Billet standard,DICE,89.40606000000001,94.76,1,1
2026-05-14,2026-05-14 12:11:00,single_day,regular,,Weekend | Billet standard,DICE,89.40606000000001,94.76,1,1
2026-05-13,2026-05-13 21:09:00,single_day,regular,,Weekend | Billet standard,DICE,89.40606000000001,94.76,1,1
2026-05-13,2026-05-13 21:09:00,single_day,regular,,Weekend | Billet standard,DICE,89.40606000000001,94.76,1,1
2026-05-06,2026-05-06 19:31:00,single_day,regular,,Weekend | Billet standard,DICE,89.40606000000001,94.76,1,1
2026-06-08,2026-06-08 19:00:00,single_day,regular,,Weekend | Billet standard,DICE,89.40606000000001,94.76,1,1
2026-06-08,2026-06-08 19:00:00,single_day,regular,,Weekend | Billet standard,DICE,89.40606000000001,94.76,1,1
2026-05-06,2026-05-06 20:35:00,single_day,regular,,Weekend | Billet standard,DICE,89.40606000000001,94.76,1,1
2026-07-28,2026-07-28 08:29:00,single_day,regular,,Weekend | Billet standard,DICE,99.12411,105.06,1,1
2026-05-28,2026-05-28 11:37:00,single_day,regular,,Weekend | Billet standard,DICE,89.40606000000001,94.76,1,1
2026-05-10,2026-05-10 05:14:00,single_day,regular,,Weekend | Billet standard,DICE,89.40606000000001,94.76,1,1
2026-05-06,2026-05-06 19:20:00,single_day,regular,,Weekend | Billet standard,DICE,89.40606000000001,94.76,1,1
2026-06-06,2026-06-06 19:04:00,single_day,regular,,Weekend | Billet standard,DICE,89.40606000000001,94.76,1,1
2026-06-06,2026-06-06 19:04:00,single_day,regular,,Weekend | Billet standard,DICE,89.40606000000001,94.76,1,1
2026-06-06,2026-06-06 19:04:00,single_day,regular,,Weekend | Billet standard,DICE,89.40606000000001,94.76,1,1
2026-06-06,2026-06-06 19:04:00,single_day,regular,,Weekend | Billet standard,DICE,89.40606000000001,94.76,1,1
2026-06-06,2026-06-06 19:04:00,single_day,regular,,Weekend | Billet standard,DICE,89.40606000000001,94.76,1,1
2026-05-06,2026-05-06 19:16:00,single_day,regular,,Weekend | Billet standard,DICE,89.40606000000001,94.76,1,1
2026-05-06,2026-05-06 19:16:00,single_day,regular,,Weekend | Billet standard,DICE,89.40606000000001,94.76,1,1
2026-05-06,2026-05-06 19:16:00,single_day,regular,,Weekend | Billet standard,DICE,89.40606000000001,94.76,1,1
2026-05-06,2026-05-06 19:27:00,single_day,regular,,Weekend | Billet standard,DICE,89.40606000000001,94.76,1,1
2026-05-06,2026-05-06 19:24:00,single_day,regular,,Weekend | Billet standard,DICE,89.40606000000001,94.76,1,1
2026-05-06,2026-05-06 19:18:00,single_day,regular,,Weekend | Billet standard,DICE,89.40606000000001,94.76,1,1
2026-05-06,2026-05-06 19:18:00,single_day,regular,,Weekend | Billet standard,DICE,89.40606000000001,94.76,1,1
2026-05-06,2026-05-06 19:18:00,single_day,regular,,Weekend | Billet standard,DICE,89.40606000000001,94.76,1,1
2026-05-06,2026-05-06 19:18:00,single_day,regular,,Weekend | Billet standard,DICE,89.40606000000001,94.76,1,1
2026-05-06,2026-05-06 20:21:00,single_day,regular,,Weekend | Billet standard,DICE,89.40606000000001,94.76,1,1
2026-08-03,2026-08-03 15:08:00,single_day,regular,,Weekend | Billet standard,DICE,99.12411,105.06,1,1
2026-05-06,2026-05-06 19:15:00,single_day,regular,,Weekend | Billet standard,DICE,89.40606000000001,94.76,1,1
2026-05-06,2026-05-06 20:06:00,single_day,regular,,Weekend | Billet standard,DICE,89.40606000000001,94.76,1,1
2026-05-06,2026-05-06 19:28:00,single_day,regular,,Weekend | Billet standard,DICE,89.40606000000001,94.76,1,1
2026-05-07,2026-05-07 13:22:00,single_day,regular,,Weekend | Billet standard,DICE,89.40606000000001,94.76,1,1
2026-06-04,2026-06-04 21:53:00,single_day,regular,,Weekend | Billet standard,DICE,89.40606000000001,94.76,1,1
2026-06-04,2026-06-04 21:53:00,single_day,regular,,Weekend | Billet standard,DICE,89.40606000000001,94.76,1,1
2026-05-06,2026-05-06 22:56:00,single_day,regular,,Weekend | Billet standard,DICE,89.40606000000001,94.76,1,1
2026-05-06,2026-05-06 22:56:00,single_day,regular,,Weekend | Billet standard,DICE,89.40606000000001,94.76,1,1
2026-05-06,2026-05-06 19:16:00,single_day,regular,,Weekend | Billet standard,DICE,89.40606000000001,94.76,1,1
2026-07-09,2026-07-09 11:13:00,single_day,regular,,Weekend | Billet standard,DICE,89.40606000000001,94.76,1,1
2026-07-15,2026-07-15 01:32:00,single_day,regular,,Weekend | Billet standard,DICE,89.40606000000001,94.76,1,1
2026-05-07,2026-05-07 15:04:00,single_day,regular,,Weekend | Billet standard,DICE,89.40606000000001,94.76,1,1
2026-05-06,2026-05-06 19:37:00,single_day,regular,,Weekend | Billet standard,DICE,89.40606000000001,94.76,1,1
2026-05-06,2026-05-06 19:20:00,single_day,regular,,Weekend | Billet standard,DICE,89.40606000000001,94.76,1,1
2026-05-06,2026-05-06 19:23:00,single_day,regular,,Weekend | Billet standard,DICE,89.40606000000001,94.76,1,1
2026-05-06,2026-05-06 20:53:00,single_day,regular,,Weekend | Billet standard,DICE,89.40606000000001,94.76,1,1
2026-05-06,2026-05-06 20:53:00,single_day,regular,,Weekend | Billet standard,DICE,89.40606000000001,94.76,1,1
2026-05-08,2026-05-08 12:09:00,single_day,regular,,Weekend | Billet standard,DICE,89.40606000000001,94.76,1,1
2026-05-06,2026-05-06 19:17:00,single_day,regular,,Weekend | Billet standard,DICE,89.40606000000001,94.76,1,1
2026-05-13,2026-05-13 11:42:00,single_day,regular,,Weekend | Billet standard,DICE,89.40606000000001,94.76,1,1
2026-05-06,2026-05-06 19:19:00,single_day,regular,,Weekend | Billet standard,DICE,89.40606000000001,94.76,1,1
2026-05-06,2026-05-06 19:19:00,single_day,regular,,Weekend | Billet standard,DICE,89.40606000000001,94.76,1,1
2026-07-23,2026-07-23 18:43:00,single_day,regular,,Weekend | Billet standard,DICE,99.12411,105.06,1,1
2026-05-06,2026-05-06 19:17:00,single_day,regular,,Weekend | Billet standard,DICE,89.40606000000001,94.76,1,1
2026-05-22,2026-05-22 22:46:00,single_day,regular,,Weekend | Billet standard,DICE,89.40606000000001,94.76,1,1
2026-05-06,2026-05-06 19:15:00,single_day,regular,,Weekend | Billet standard,DICE,89.40606000000001,94.76,1,1
2026-05-06,2026-05-06 19:15:00,single_day,regular,,Weekend | Billet standard,DICE,89.40606000000001,94.76,1,1
2026-05-06,2026-05-06 19:15:00,single_day,regular,,Weekend | Billet standard,DICE,89.40606000000001,94.76,1,1
2026-05-06,2026-05-06 19:15:00,single_day,regular,,Weekend | Billet standard,DICE,89.40606000000001,94.76,1,1
2026-05-06,2026-05-06 19:15:00,single_day,regular,,Weekend | Billet standard,DICE,89.40606000000001,94.76,1,1
2026-05-06,2026-05-06 19:15:00,single_day,regular,,Weekend | Billet standard,DICE,89.40606000000001,94.76,1,1
2026-05-06,2026-05-06 22:49:00,single_day,regular,,Weekend | Billet standard,DICE,89.40606000000001,94.76,1,1
2026-05-06,2026-05-06 20:07:00,single_day,regular,,Weekend | Billet standard,DICE,89.40606000000001,94.76,1,1
2026-05-06,2026-05-06 19:26:00,single_day,regular,,Weekend | Billet standard,DICE,89.40606000000001,94.76,1,1
2026-05-09,2026-05-09 15:19:00,single_day,regular,,Weekend | Billet standard,DICE,89.40606000000001,94.76,1,1
2026-05-06,2026-05-06 19:17:00,single_day,regular,,Weekend | Billet standard,DICE,89.40606000000001,94.76,1,1
2026-05-08,2026-05-08 22:54:00,single_day,regular,,Weekend | Billet standard,DICE,89.40606000000001,94.76,1,1
2026-06-13,2026-06-13 15:19:00,single_day,regular,,Weekend | Billet standard,DICE,89.40606000000001,94.76,1,1
2026-06-13,2026-06-13 15:19:00,single_day,regular,,Weekend | Billet standard,DICE,89.40606000000001,94.76,1,1
2026-05-06,2026-05-06 19:16:00,single_day,regular,,Weekend | Billet standard,DICE,89.40606000000001,94.76,1,1
2026-05-06,2026-05-06 19:16:00,single_day,regular,,Weekend | Billet standard,DICE,89.40606000000001,94.76,1,1
2026-05-17,2026-05-17 14:13:00,single_day,regular,,Weekend | Billet standard,DICE,89.40606000000001,94.76,1,1
2026-05-10,2026-05-10 20:57:00,single_day,regular,,Weekend | Billet standard,DICE,89.40606000000001,94.76,1,1
2026-05-06,2026-05-06 19:17:00,single_day,regular,,Weekend | Billet standard,DICE,89.40606000000001,94.76,1,1
2026-05-06,2026-05-06 19:23:00,single_day,regular,,Weekend | Billet standard,DICE,89.40606000000001,94.76,1,1
2026-05-06,2026-05-06 19:23:00,single_day,regular,,Weekend | Billet standard,DICE,89.40606000000001,94.76,1,1
2026-05-06,2026-05-06 19:23:00,single_day,regular,,Weekend | Billet standard,DICE,89.40606000000001,94.76,1,1
2026-05-06,2026-05-06 19:23:00,single_day,regular,,Weekend | Billet standard,DICE,89.40606000000001,94.76,1,1
2026-05-06,2026-05-06 19:34:00,single_day,regular,,Weekend | Billet standard,DICE,89.40606000000001,94.76,1,1
2026-06-01,2026-06-01 22:37:00,single_day,regular,,Weekend | Billet standard,DICE,89.40606000000001,94.76,1,1
2026-06-01,2026-06-01 22:37:00,single_day,regular,,Weekend | Billet standard,DICE,89.40606000000001,94.76,1,1
2026-05-06,2026-05-06 19:22:00,single_day,regular,,Weekend | Billet standard,DICE,89.40606000000001,94.76,1,1
2026-05-06,2026-05-06 19:22:00,single_day,regular,,Weekend | Billet standard,DICE,89.40606000000001,94.76,1,1
2026-07-17,2026-07-17 21:39:00,single_day,regular,,Weekend | Billet standard,DICE,89.40606000000001,94.76,1,1
2026-05-06,2026-05-06 19:20:00,single_day,regular,,Weekend | Billet standard,DICE,89.40606000000001,94.76,1,1
2026-07-26,2026-07-26 14:03:00,single_day,regular,,Weekend | Billet standard,DICE,99.12411,105.06,1,1
2026-07-26,2026-07-26 14:03:00,single_day,regular,,Weekend | Billet standard,DICE,99.12411,105.06,1,1
2026-05-06,2026-05-06 19:15:00,single_day,regular,,Weekend | Billet standard,DICE,89.40606000000001,94.76,1,1
2026-05-06,2026-05-06 19:15:00,single_day,regular,,Weekend | Billet standard,DICE,89.40606000000001,94.76,1,1
2026-05-08,2026-05-08 15:01:00,single_day,regular,,Weekend | Billet standard,DICE,89.40606000000001,94.76,1,1
2026-05-08,2026-05-08 15:01:00,single_day,regular,,Weekend | Billet standard,DICE,89.40606000000001,94.76,1,1
2026-05-06,2026-05-06 19:15:00,single_day,regular,,Weekend | Billet standard,DICE,89.40606000000001,94.76,1,1
2026-07-03,2026-07-03 19:53:00,single_day,regular,,Weekend | Billet standard,DICE,89.40606000000001,94.76,1,1
2026-05-06,2026-05-06 19:55:00,single_day,regular,,Weekend | Billet standard,DICE,89.40606000000001,94.76,1,1
2026-07-05,2026-07-05 22:08:00,single_day,regular,,Weekend | Billet standard,DICE,89.40606000000001,94.76,1,1
2026-05-06,2026-05-06 19:16:00,single_day,regular,,Weekend | Billet standard,DICE,89.40606000000001,94.76,1,1
2026-06-16,2026-06-16 16:22:00,single_day,regular,,Weekend | Billet standard,DICE,89.40606000000001,94.76,1,1
2026-05-07,2026-05-07 08:36:00,single_day,regular,,Weekend | Billet standard,DICE,89.40606000000001,94.76,1,1
2026-05-08,2026-05-08 15:47:00,single_day,regular,,Weekend | Billet standard,DICE,89.40606000000001,94.76,1,1
2026-05-16,2026-05-16 14:49:00,single_day,regular,,Weekend | Billet standard,DICE,89.40606000000001,94.76,1,1
2026-05-17,2026-05-17 19:31:00,single_day,regular,,Weekend | Billet standard,DICE,89.40606000000001,94.76,1,1
2026-05-07,2026-05-07 07:57:00,single_day,regular,,Weekend | Billet standard,DICE,89.40606000000001,94.76,1,1
2026-05-06,2026-05-06 19:18:00,single_day,regular,,Weekend | Billet standard,DICE,89.40606000000001,94.76,1,1
2026-05-06,2026-05-06 19:18:00,single_day,regular,,Weekend | Billet standard,DICE,89.40606000000001,94.76,1,1
2026-05-06,2026-05-06 19:20:00,single_day,regular,,Weekend | Billet standard,DICE,89.40606000000001,94.76,1,1
2026-05-06,2026-05-06 19:15:00,single_day,regular,,Weekend | Billet standard,DICE,89.40606000000001,94.76,1,1
2026-05-06,2026-05-06 23:55:00,single_day,regular,,Weekend | Billet standard,DICE,89.40606000000001,94.76,1,1
2026-05-06,2026-05-06 19:15:00,single_day,regular,,Weekend | Billet standard,DICE,89.40606000000001,94.76,1,1
2026-05-06,2026-05-06 19:15:00,single_day,regular,,Weekend | Billet standard,DICE,89.40606000000001,94.76,1,1
2026-05-07,2026-05-07 17:33:00,single_day,regular,,Weekend | Billet standard,DICE,89.40606000000001,94.76,1,1
2026-05-07,2026-05-07 17:33:00,single_day,regular,,Weekend | Billet standard,DICE,89.40606000000001,94.76,1,1
2026-05-06,2026-05-06 19:15:00,single_day,regular,,Weekend | Billet standard,DICE,89.40606000000001,94.76,1,1
2026-05-07,2026-05-07 15:35:00,single_day,regular,,Weekend | Billet standard,DICE,89.40606000000001,94.76,1,1
2026-05-07,2026-05-07 15:35:00,single_day,regular,,Weekend | Billet standard,DICE,89.40606000000001,94.76,1,1
2026-05-23,2026-05-23 10:56:00,single_day,regular,,Weekend | Billet standard,DICE,89.40606000000001,94.76,1,1
2026-06-04,2026-06-04 20:19:00,single_day,regular,,Weekend | Billet standard,DICE,89.40606000000001,94.76,1,1
2026-05-06,2026-05-06 19:15:00,single_day,regular,,Weekend | Billet standard,DICE,89.40606000000001,94.76,1,1
2026-05-06,2026-05-06 19:16:00,single_day,regular,,Weekend | Billet standard,DICE,89.40606000000001,94.76,1,1
2026-07-07,2026-07-07 20:37:00,single_day,regular,,Weekend | Billet standard,DICE,89.40606000000001,94.76,1,1
2026-05-07,2026-05-07 13:49:00,single_day,regular,,Weekend | Billet standard,DICE,89.40606000000001,94.76,1,1
2026-05-06,2026-05-06 22:16:00,single_day,regular,,Weekend | Billet standard,DICE,89.40606000000001,94.76,1,1
2026-05-06,2026-05-06 22:16:00,single_day,regular,,Weekend | Billet standard,DICE,89.40606000000001,94.76,1,1
2026-07-31,2026-07-31 15:23:00,single_day,regular,,Weekend | Billet standard,DICE,99.12411,105.06,1,1
2026-05-07,2026-05-07 11:36:00,single_day,regular,,Weekend | Billet standard,DICE,89.40606000000001,94.76,1,1
2026-05-06,2026-05-06 19:15:00,single_day,regular,,Weekend | Billet standard,DICE,89.40606000000001,94.76,1,1
2026-05-26,2026-05-26 21:18:00,single_day,regular,,Weekend | Billet standard,DICE,89.40606000000001,94.76,1,1
2026-05-26,2026-05-26 21:18:00,single_day,regular,,Weekend | Billet standard,DICE,89.40606000000001,94.76,1,1
2026-05-06,2026-05-06 19:19:00,single_day,regular,,Weekend | Billet standard,DICE,89.40606000000001,94.76,1,1
2026-05-06,2026-05-06 19:19:00,single_day,regular,,Weekend | Billet standard,DICE,89.40606000000001,94.76,1,1
2026-05-07,2026-05-07 16:53:00,single_day,regular,,Weekend | Billet standard,DICE,89.40606000000001,94.76,1,1
2026-05-07,2026-05-07 16:53:00,single_day,regular,,Weekend | Billet standard,DICE,89.40606000000001,94.76,1,1
2026-07-09,2026-07-09 12:55:00,single_day,regular,,Weekend | Billet standard,DICE,89.40606000000001,94.76,1,1
2026-05-07,2026-05-07 19:09:00,single_day,regular,,Weekend | Billet standard,DICE,89.40606000000001,94.76,1,1
2026-06-10,2026-06-10 20:33:00,single_day,regular,,Weekend | Billet standard,DICE,89.40606000000001,94.76,1,1
2026-05-06,2026-05-06 19:28:00,single_day,regular,,Weekend | Billet standard,DICE,89.40606000000001,94.76,1,1
2026-05-15,2026-05-15 21:17:00,single_day,regular,,Weekend | Billet standard,DICE,89.40606000000001,94.76,1,1
2026-05-06,2026-05-06 19:19:00,single_day,regular,,Weekend | Billet standard,DICE,89.40606000000001,94.76,1,1
2026-05-29,2026-05-29 22:32:00,single_day,regular,,Weekend | Billet standard,DICE,89.40606000000001,94.76,1,1
2026-05-06,2026-05-06 20:48:00,single_day,regular,,Weekend | Billet standard,DICE,89.40606000000001,94.76,1,1
2026-05-30,2026-05-30 23:56:00,single_day,regular,,Weekend | Billet standard,DICE,89.40606000000001,94.76,1,1
2026-05-18,2026-05-18 23:11:00,single_day,regular,,Weekend | Billet standard,DICE,89.40606000000001,94.76,1,1
2026-05-06,2026-05-06 19:15:00,single_day,regular,,Weekend | Billet standard,DICE,89.40606000000001,94.76,1,1
2026-05-06,2026-05-06 19:15:00,single_day,regular,,Weekend | Billet standard,DICE,89.40606000000001,94.76,1,1
2026-05-07,2026-05-07 10:36:00,single_day,regular,,Weekend | Billet standard,DICE,89.40606000000001,94.76,1,1
2026-05-06,2026-05-06 19:15:00,single_day,regular,,Weekend | Billet standard,DICE,89.40606000000001,94.76,1,1
2026-05-06,2026-05-06 19:15:00,single_day,regular,,Weekend | Billet standard,DICE,89.40606000000001,94.76,1,1
2026-07-18,2026-07-18 00:52:00,single_day,regular,,Weekend | Billet standard,DICE,89.40606000000001,94.76,1,1
2026-05-06,2026-05-06 19:17:00,single_day,regular,,Weekend | Billet standard,DICE,89.40606000000001,94.76,1,1
2026-05-06,2026-05-06 19:15:00,single_day,regular,,Weekend | Billet standard,DICE,89.40606000000001,94.76,1,1
2026-07-26,2026-07-26 22:17:00,single_day,regular,,Weekend | Billet standard,DICE,99.12411,105.06,1,1
2026-05-06,2026-05-06 19:15:00,single_day,regular,,Weekend | Billet standard,DICE,89.40606000000001,94.76,1,1
2026-06-08,2026-06-08 15:23:00,single_day,regular,,Weekend | Billet standard,DICE,89.40606000000001,94.76,1,1
2026-06-08,2026-06-08 15:23:00,single_day,regular,,Weekend | Billet standard,DICE,89.40606000000001,94.76,1,1
2026-06-13,2026-06-13 21:07:00,single_day,regular,,Weekend | Billet standard,DICE,89.40606000000001,94.76,1,1
2026-05-09,2026-05-09 20:12:00,single_day,regular,,Weekend | Billet standard,DICE,89.40606000000001,94.76,1,1
2026-05-09,2026-05-09 20:12:00,single_day,regular,,Weekend | Billet standard,DICE,89.40606000000001,94.76,1,1
2026-05-18,2026-05-18 14:46:00,single_day,regular,,Weekend | Billet standard,DICE,89.40606000000001,94.76,1,1
2026-05-06,2026-05-06 19:17:00,single_day,regular,,Weekend | Billet standard,DICE,89.40606000000001,94.76,1,1
2026-05-06,2026-05-06 19:17:00,single_day,regular,,Weekend | Billet standard,DICE,89.40606000000001,94.76,1,1
2026-05-20,2026-05-20 14:15:00,single_day,regular,,Weekend | Billet standard,DICE,89.40606000000001,94.76,1,1
2026-05-20,2026-05-20 14:15:00,single_day,regular,,Weekend | Billet standard,DICE,89.40606000000001,94.76,1,1
2026-07-06,2026-07-06 23:39:00,single_day,regular,,Weekend | Billet standard,DICE,89.40606000000001,94.76,1,1
2026-05-06,2026-05-06 19:41:00,single_day,regular,,Weekend | Billet standard,DICE,89.40606000000001,94.76,1,1
2026-05-06,2026-05-06 19:17:00,single_day,regular,,Weekend | Billet standard,DICE,89.40606000000001,94.76,1,1
2026-05-06,2026-05-06 19:15:00,single_day,regular,,Weekend | Billet standard,DICE,89.40606000000001,94.76,1,1
2026-07-14,2026-07-14 22:11:00,single_day,regular,,Weekend | Billet standard,DICE,89.40606000000001,94.76,1,1
2026-05-06,2026-05-06 19:16:00,single_day,regular,,Weekend | Billet standard,DICE,89.40606000000001,94.76,1,1
2026-05-06,2026-05-06 19:16:00,single_day,regular,,Weekend | Billet standard,DICE,89.40606000000001,94.76,1,1
2026-05-06,2026-05-06 19:16:00,single_day,regular,,Weekend | Billet standard,DICE,89.40606000000001,94.76,1,1
2026-05-06,2026-05-06 19:21:00,single_day,regular,,Weekend | Billet standard,DICE,89.40606000000001,94.76,1,1
2026-05-06,2026-05-06 19:16:00,single_day,regular,,Weekend | Billet standard,DICE,89.40606000000001,94.76,1,1
2026-05-06,2026-05-06 19:16:00,single_day,regular,,Weekend | Billet standard,DICE,89.40606000000001,94.76,1,1
2026-05-06,2026-05-06 19:16:00,single_day,regular,,Weekend | Billet standard,DICE,89.40606000000001,94.76,1,1
2026-06-29,2026-06-29 22:32:00,single_day,regular,,Weekend | Billet standard,DICE,89.40606000000001,94.76,1,1
2026-05-06,2026-05-06 20:18:00,single_day,regular,,Weekend | Billet standard,DICE,89.40606000000001,94.76,1,1
2026-05-06,2026-05-06 20:18:00,single_day,regular,,Weekend | Billet standard,DICE,89.40606000000001,94.76,1,1
2026-05-06,2026-05-06 19:15:00,single_day,regular,,Weekend | Billet standard,DICE,89.40606000000001,94.76,1,1
2026-05-06,2026-05-06 20:44:00,single_day,regular,,Weekend | Billet standard,DICE,89.40606000000001,94.76,1,1
2026-05-06,2026-05-06 19:15:00,single_day,regular,,Weekend | Billet standard,DICE,89.40606000000001,94.76,1,1
2026-05-06,2026-05-06 21:12:00,single_day,regular,,Weekend | Billet standard,DICE,89.40606000000001,94.76,1,1
2026-05-06,2026-05-06 19:19:00,single_day,regular,,Weekend | Billet standard,DICE,89.40606000000001,94.76,1,1
2026-05-06,2026-05-06 19:43:00,single_day,regular,,Weekend | Billet standard,DICE,89.40606000000001,94.76,1,1
2026-05-06,2026-05-06 19:43:00,single_day,regular,,Weekend | Billet standard,DICE,89.40606000000001,94.76,1,1
2026-06-02,2026-06-02 17:17:00,single_day,regular,,Weekend | Billet standard,DICE,89.40606000000001,94.76,1,1
2026-05-06,2026-05-06 19:19:00,single_day,regular,,Weekend | Billet standard,DICE,89.40606000000001,94.76,1,1
2026-05-06,2026-05-06 19:17:00,single_day,regular,,Weekend | Billet standard,DICE,89.40606000000001,94.76,1,1
2026-05-08,2026-05-08 22:28:00,single_day,regular,,Weekend | Billet standard,DICE,89.40606000000001,94.76,1,1
2026-05-06,2026-05-06 19:15:00,single_day,regular,,Weekend | Billet standard,DICE,89.40606000000001,94.76,1,1
2026-05-06,2026-05-06 19:18:00,single_day,regular,,Weekend | Billet standard,DICE,89.40606000000001,94.76,1,1
2026-05-06,2026-05-06 19:18:00,single_day,regular,,Weekend | Billet standard,DICE,89.40606000000001,94.76,1,1
2026-07-01,2026-07-01 12:14:00,single_day,regular,,Weekend | Billet standard,DICE,89.40606000000001,94.76,1,1
2026-05-11,2026-05-11 21:30:00,single_day,regular,,Weekend | Billet standard,DICE,89.40606000000001,94.76,1,1
2026-05-11,2026-05-11 21:30:00,single_day,regular,,Weekend | Billet standard,DICE,89.40606000000001,94.76,1,1
2026-05-06,2026-05-06 19:45:00,single_day,regular,,Weekend | Billet standard,DICE,89.40606000000001,94.76,1,1
2026-07-14,2026-07-14 22:05:00,single_day,regular,,Weekend | Billet standard,DICE,89.40606000000001,94.76,1,1
2026-06-13,2026-06-13 11:04:00,single_day,regular,,Weekend | Billet standard,DICE,89.40606000000001,94.76,1,1
2026-05-06,2026-05-06 21:39:00,single_day,regular,,Weekend | Billet standard,DICE,89.40606000000001,94.76,1,1
2026-05-06,2026-05-06 21:39:00,single_day,regular,,Weekend | Billet standard,DICE,89.40606000000001,94.76,1,1
2026-05-06,2026-05-06 20:05:00,single_day,regular,,Weekend | Billet standard,DICE,89.40606000000001,94.76,1,1
2026-05-06,2026-05-06 19:46:00,single_day,regular,,Weekend | Billet standard,DICE,89.40606000000001,94.76,1,1
2026-05-09,2026-05-09 15:19:00,single_day,regular,,Weekend | Billet standard,DICE,89.40606000000001,94.76,1,1
2026-07-19,2026-07-19 16:06:00,single_day,regular,,Weekend | Billet standard,DICE,89.40606000000001,94.76,1,1
2026-07-19,2026-07-19 16:06:00,single_day,regular,,Weekend | Billet standard,DICE,89.40606000000001,94.76,1,1
2026-05-06,2026-05-06 21:04:00,single_day,regular,,Weekend | Billet standard,DICE,89.40606000000001,94.76,1,1
2026-05-06,2026-05-06 19:17:00,single_day,regular,,Weekend | Billet standard,DICE,89.40606000000001,94.76,1,1
2026-05-06,2026-05-06 19:17:00,single_day,regular,,Weekend | Billet standard,DICE,89.40606000000001,94.76,1,1
2026-08-02,2026-08-02 20:42:00,single_day,regular,,Weekend | Billet standard,DICE,99.12411,105.06,1,1
2026-08-02,2026-08-02 20:42:00,single_day,regular,,Weekend | Billet standard,DICE,99.12411,105.06,1,1
2026-07-14,2026-07-14 17:19:00,single_day,regular,,Weekend | Billet standard,DICE,89.40606000000001,94.76,1,1
2026-05-06,2026-05-06 19:15:00,single_day,regular,,Weekend | Billet standard,DICE,89.40606000000001,94.76,1,1
2026-05-06,2026-05-06 19:15:00,single_day,regular,,Weekend | Billet standard,DICE,89.40606000000001,94.76,1,1
2026-06-03,2026-06-03 18:26:00,single_day,regular,,Weekend | Billet standard,DICE,89.40606000000001,94.76,1,1
2026-05-06,2026-05-06 19:16:00,single_day,regular,,Weekend | Billet standard,DICE,89.40606000000001,94.76,1,1
2026-05-07,2026-05-07 09:57:00,single_day,regular,,Weekend | Billet standard,DICE,89.40606000000001,94.76,1,1
2026-05-09,2026-05-09 23:23:00,single_day,regular,,Weekend | Billet standard,DICE,89.40606000000001,94.76,1,1
2026-05-06,2026-05-06 19:15:00,single_day,regular,,Weekend | Billet standard,DICE,89.40606000000001,94.76,1,1
2026-05-06,2026-05-06 19:16:00,single_day,regular,,Weekend | Billet standard,DICE,89.40606000000001,94.76,1,1
2026-05-06,2026-05-06 19:18:00,single_day,regular,,Weekend | Billet standard,DICE,89.40606000000001,94.76,1,1
2026-05-06,2026-05-06 19:15:00,single_day,regular,,Weekend | Billet standard,DICE,89.40606000000001,94.76,1,1
2026-07-29,2026-07-29 10:19:00,single_day,regular,,Weekend | Billet standard,DICE,99.12411,105.06,1,1
2026-07-29,2026-07-29 10:19:00,single_day,regular,,Weekend | Billet standard,DICE,99.12411,105.06,1,1
2026-07-31,2026-07-31 18:58:00,single_day,regular,,Weekend | Billet standard,DICE,99.12411,105.06,1,1
2026-08-01,2026-08-01 12:32:00,single_day,regular,,Weekend | Billet standard,DICE,99.12411,105.06,1,1
2026-08-01,2026-08-01 12:32:00,single_day,regular,,Weekend | Billet standard,DICE,99.12411,105.06,1,1
2026-05-06,2026-05-06 19:16:00,single_day,regular,,Weekend | Billet standard,DICE,89.40606000000001,94.76,1,1
2026-05-06,2026-05-06 19:16:00,single_day,regular,,Weekend | Billet standard,DICE,89.40606000000001,94.76,1,1
2026-06-08,2026-06-08 20:19:00,single_day,regular,,Weekend | Billet standard,DICE,89.40606000000001,94.76,1,1
2026-05-06,2026-05-06 19:17:00,single_day,regular,,Weekend | Billet standard,DICE,89.40606000000001,94.76,1,1
2026-05-06,2026-05-06 19:17:00,single_day,regular,,Weekend | Billet standard,DICE,89.40606000000001,94.76,1,1
2026-08-05,2026-08-05 20:29:00,single_day,regular,,Weekend | Billet standard,DICE,99.12411,105.06,1,1
2026-07-07,2026-07-07 01:19:00,single_day,regular,,Weekend | Billet standard,DICE,89.40606000000001,94.76,1,1
2026-07-07,2026-07-07 01:19:00,single_day,regular,,Weekend | Billet standard,DICE,89.40606000000001,94.76,1,1
2026-05-10,2026-05-10 00:24:00,single_day,regular,,Weekend | Billet standard,DICE,89.40606000000001,94.76,1,1
2026-05-06,2026-05-06 19:15:00,single_day,regular,,Weekend | Billet standard,DICE,89.40606000000001,94.76,1,1
2026-05-06,2026-05-06 19:25:00,single_day,regular,,Weekend | Billet standard,DICE,89.40606000000001,94.76,1,1
2026-05-06,2026-05-06 20:14:00,single_day,regular,,Weekend | Billet standard,DICE,89.40606000000001,94.76,1,1
2026-05-06,2026-05-06 19:25:00,single_day,regular,,Weekend | Billet standard,DICE,89.40606000000001,94.76,1,1
2026-05-06,2026-05-06 19:15:00,single_day,regular,,Weekend | Billet standard,DICE,89.40606000000001,94.76,1,1
2026-05-06,2026-05-06 21:22:00,single_day,regular,,Weekend | Billet standard,DICE,89.40606000000001,94.76,1,1
2026-05-06,2026-05-06 19:28:00,single_day,regular,,Weekend | Billet standard,DICE,89.40606000000001,94.76,1,1
2026-07-03,2026-07-03 20:58:00,single_day,regular,,Weekend | Billet standard,DICE,89.40606000000001,94.76,1,1
2026-06-03,2026-06-03 19:17:00,single_day,regular,,Weekend | Billet standard,DICE,89.40606000000001,94.76,1,1
2026-05-06,2026-05-06 20:48:00,single_day,regular,,Weekend | Billet standard,DICE,89.40606000000001,94.76,1,1
2026-05-06,2026-05-06 20:48:00,single_day,regular,,Weekend | Billet standard,DICE,89.40606000000001,94.76,1,1
2026-05-06,2026-05-06 19:18:00,single_day,regular,,Weekend | Billet standard,DICE,89.40606000000001,94.76,1,1
2026-05-07,2026-05-07 08:55:00,single_day,regular,,Weekend | Billet standard,DICE,89.40606000000001,94.76,1,1
2026-05-06,2026-05-06 19:15:00,single_day,regular,,Weekend | Billet standard,DICE,89.40606000000001,94.76,1,1
2026-05-06,2026-05-06 19:15:00,single_day,regular,,Weekend | Billet standard,DICE,89.40606000000001,94.76,1,1
2026-05-06,2026-05-06 19:17:00,single_day,regular,,Weekend | Billet standard,DICE,89.40606000000001,94.76,1,1
2026-05-06,2026-05-06 19:30:00,single_day,regular,,Weekend | Billet standard,DICE,89.40606000000001,94.76,1,1
2026-05-06,2026-05-06 19:30:00,single_day,regular,,Weekend | Billet standard,DICE,89.40606000000001,94.76,1,1
2026-05-06,2026-05-06 19:30:00,single_day,regular,,Weekend | Billet standard,DICE,89.40606000000001,94.76,1,1
2026-05-14,2026-05-14 15:02:00,single_day,regular,,Weekend | Billet standard,DICE,89.40606000000001,94.76,1,1
2026-06-15,2026-06-15 22:39:00,single_day,regular,,Weekend | Billet standard,DICE,89.40606000000001,94.76,1,1
2026-05-06,2026-05-06 19:40:00,single_day,regular,,Weekend | Billet standard,DICE,89.40606000000001,94.76,1,1
2026-05-06,2026-05-06 19:15:00,single_day,regular,,Weekend | Billet standard,DICE,89.40606000000001,94.76,1,1
2026-05-06,2026-05-06 19:16:00,single_day,regular,,Weekend | Billet standard,DICE,89.40606000000001,94.76,1,1
2026-06-17,2026-06-17 21:11:00,single_day,regular,,Weekend | Billet standard,DICE,89.40606000000001,94.76,1,1
2026-05-06,2026-05-06 19:31:00,single_day,regular,,Weekend | Billet standard,DICE,89.40606000000001,94.76,1,1
2026-05-06,2026-05-06 19:31:00,single_day,regular,,Weekend | Billet standard,DICE,89.40606000000001,94.76,1,1
2026-05-06,2026-05-06 19:31:00,single_day,regular,,Weekend | Billet standard,DICE,89.40606000000001,94.76,1,1
2026-05-06,2026-05-06 19:17:00,single_day,regular,,Weekend | Billet standard,DICE,89.40606000000001,94.76,1,1
2026-05-20,2026-05-20 16:29:00,single_day,regular,,Weekend | Billet standard,DICE,89.40606000000001,94.76,1,1
2026-05-06,2026-05-06 20:53:00,single_day,regular,,Weekend | Billet standard,DICE,89.40606000000001,94.76,1,1
2026-05-06,2026-05-06 20:53:00,single_day,regular,,Weekend | Billet standard,DICE,89.40606000000001,94.76,1,1
2026-08-05,2026-08-05 21:25:00,single_day,regular,,Weekend | Billet standard,DICE,99.12411,105.06,1,1
2026-05-06,2026-05-06 19:16:00,single_day,regular,,Weekend | Billet standard,DICE,89.40606000000001,94.76,1,1
2026-05-06,2026-05-06 19:16:00,single_day,regular,,Weekend | Billet standard,DICE,89.40606000000001,94.76,1,1
2026-05-06,2026-05-06 19:16:00,single_day,regular,,Weekend | Billet standard,DICE,89.40606000000001,94.76,1,1
2026-05-27,2026-05-27 18:04:00,single_day,regular,,Weekend | Billet standard,DICE,89.40606000000001,94.76,1,1
2026-05-27,2026-05-27 18:04:00,single_day,regular,,Weekend | Billet standard,DICE,89.40606000000001,94.76,1,1
2026-05-06,2026-05-06 19:15:00,single_day,regular,,Weekend | Billet standard,DICE,89.40606000000001,94.76,1,1
2026-05-06,2026-05-06 19:15:00,single_day,regular,,Weekend | Billet standard,DICE,89.40606000000001,94.76,1,1
2026-05-06,2026-05-06 19:47:00,single_day,regular,,Weekend | Billet standard,DICE,89.40606000000001,94.76,1,1
2026-05-06,2026-05-06 19:47:00,single_day,regular,,Weekend | Billet standard,DICE,89.40606000000001,94.76,1,1
2026-05-06,2026-05-06 19:16:00,single_day,regular,,Weekend | Billet standard,DICE,89.40606000000001,94.76,1,1
2026-05-06,2026-05-06 19:16:00,single_day,regular,,Weekend | Billet standard,DICE,89.40606000000001,94.76,1,1
2026-05-06,2026-05-06 19:15:00,single_day,regular,,Weekend | Billet standard,DICE,89.40606000000001,94.76,1,1
2026-05-06,2026-05-06 19:15:00,single_day,regular,,Weekend | Billet standard,DICE,89.40606000000001,94.76,1,1
2026-07-09,2026-07-09 12:16:00,single_day,regular,,Weekend | Billet standard,DICE,89.40606000000001,94.76,1,1
2026-05-06,2026-05-06 19:20:00,single_day,regular,,Weekend | Billet standard,DICE,89.40606000000001,94.76,1,1
2026-07-07,2026-07-07 21:53:00,single_day,regular,,Weekend | Billet standard,DICE,89.40606000000001,94.76,1,1
2026-05-06,2026-05-06 20:18:00,single_day,regular,,Weekend | Billet standard,DICE,89.40606000000001,94.76,1,1
2026-05-06,2026-05-06 19:15:00,single_day,regular,,Weekend | Billet standard,DICE,89.40606000000001,94.76,1,1
2026-05-13,2026-05-13 22:13:00,single_day,regular,,Weekend | Billet standard,DICE,89.40606000000001,94.76,1,1
2026-05-13,2026-05-13 22:13:00,single_day,regular,,Weekend | Billet standard,DICE,89.40606000000001,94.76,1,1
2026-05-06,2026-05-06 19:16:00,single_day,regular,,Weekend | Billet standard,DICE,89.40606000000001,94.76,1,1
2026-05-06,2026-05-06 19:17:00,single_day,regular,,Weekend | Billet standard,DICE,89.40606000000001,94.76,1,1
2026-05-06,2026-05-06 19:16:00,single_day,regular,,Weekend | Billet standard,DICE,89.40606000000001,94.76,1,1
2026-05-06,2026-05-06 19:16:00,single_day,regular,,Weekend | Billet standard,DICE,89.40606000000001,94.76,1,1
2026-06-04,2026-06-04 00:24:00,single_day,regular,,Weekend | Billet standard,DICE,89.40606000000001,94.76,1,1
2026-05-30,2026-05-30 14:05:00,single_day,regular,,Weekend | Billet standard,DICE,89.40606000000001,94.76,1,1
2026-05-06,2026-05-06 19:15:00,single_day,regular,,Weekend | Billet standard,DICE,89.40606000000001,94.76,1,1
2026-05-06,2026-05-06 19:21:00,single_day,regular,,Weekend | Billet standard,DICE,89.40606000000001,94.76,1,1
2026-05-06,2026-05-06 19:31:00,single_day,regular,,Weekend | Billet standard,DICE,89.40606000000001,94.76,1,1
2026-05-06,2026-05-06 19:30:00,single_day,regular,,Weekend | Billet standard,DICE,89.40606000000001,94.76,1,1
2026-05-06,2026-05-06 19:15:00,single_day,regular,,Weekend | Billet standard,DICE,89.40606000000001,94.76,1,1
2026-05-06,2026-05-06 19:16:00,single_day,regular,,Weekend | Billet standard,DICE,89.40606000000001,94.76,1,1
2026-05-06,2026-05-06 21:51:00,single_day,regular,,Weekend | Billet standard,DICE,89.40606000000001,94.76,1,1
2026-06-30,2026-06-30 00:35:00,single_day,regular,,Weekend | Billet standard,DICE,89.40606000000001,94.76,1,1
2026-06-30,2026-06-30 00:35:00,single_day,regular,,Weekend | Billet standard,DICE,89.40606000000001,94.76,1,1
2026-06-30,2026-06-30 00:35:00,single_day,regular,,Weekend | Billet standard,DICE,89.40606000000001,94.76,1,1
2026-05-06,2026-05-06 19:36:00,single_day,regular,,Weekend | Billet standard,DICE,89.40606000000001,94.76,1,1
2026-05-06,2026-05-06 19:16:00,single_day,regular,,Weekend | Billet standard,DICE,89.40606000000001,94.76,1,1
2026-05-06,2026-05-06 19:16:00,single_day,regular,,Weekend | Billet standard,DICE,89.40606000000001,94.76,1,1
2026-05-06,2026-05-06 19:18:00,single_day,regular,,Weekend | Billet standard,DICE,89.40606000000001,94.76,1,1
2026-05-06,2026-05-06 19:18:00,single_day,regular,,Weekend | Billet standard,DICE,89.40606000000001,94.76,1,1
2026-07-31,2026-07-31 15:23:00,single_day,regular,,Weekend | Billet standard,DICE,99.12411,105.06,1,1
2026-07-31,2026-07-31 15:23:00,single_day,regular,,Weekend | Billet standard,DICE,99.12411,105.06,1,1
2026-05-06,2026-05-06 22:21:00,single_day,regular,,Weekend | Billet standard,DICE,89.40606000000001,94.76,1,1
2026-05-06,2026-05-06 19:16:00,single_day,regular,,Weekend | Billet standard,DICE,89.40606000000001,94.76,1,1
2026-05-09,2026-05-09 21:08:00,single_day,regular,,Weekend | Billet standard,DICE,89.40606000000001,94.76,1,1
2026-05-09,2026-05-09 21:08:00,single_day,regular,,Weekend | Billet standard,DICE,89.40606000000001,94.76,1,1
2026-05-06,2026-05-06 20:57:00,single_day,regular,,Weekend | Billet standard,DICE,89.40606000000001,94.76,1,1
2026-05-06,2026-05-06 19:16:00,single_day,regular,,Weekend | Billet standard,DICE,89.40606000000001,94.76,1,1
2026-05-06,2026-05-06 19:28:00,single_day,regular,,Weekend | Billet standard,DICE,89.40606000000001,94.76,1,1
2026-05-06,2026-05-06 19:28:00,single_day,regular,,Weekend | Billet standard,DICE,89.40606000000001,94.76,1,1
2026-05-06,2026-05-06 21:03:00,single_day,regular,,Weekend | Billet standard,DICE,89.40606000000001,94.76,1,1
2026-05-06,2026-05-06 21:03:00,single_day,regular,,Weekend | Billet standard,DICE,89.40606000000001,94.76,1,1
2026-05-10,2026-05-10 00:36:00,single_day,regular,,Weekend | Billet standard,DICE,89.40606000000001,94.76,1,1
2026-05-10,2026-05-10 00:36:00,single_day,regular,,Weekend | Billet standard,DICE,89.40606000000001,94.76,1,1
2026-07-27,2026-07-27 21:03:00,single_day,regular,,Weekend | Billet standard,DICE,99.12411,105.06,1,1
2026-05-06,2026-05-06 22:00:00,single_day,regular,,Weekend | Billet standard,DICE,89.40606000000001,94.76,1,1
2026-05-06,2026-05-06 21:27:00,single_day,regular,,Weekend | Billet standard,DICE,89.40606000000001,94.76,1,1
2026-05-09,2026-05-09 13:33:00,single_day,regular,,Weekend | Billet standard,DICE,89.40606000000001,94.76,1,1
2026-05-06,2026-05-06 19:48:00,single_day,regular,,Weekend | Billet standard,DICE,89.40606000000001,94.76,1,1
2026-05-06,2026-05-06 19:37:00,single_day,regular,,Weekend | Billet standard,DICE,89.40606000000001,94.76,1,1
2026-07-22,2026-07-22 20:24:00,single_day,regular,,Weekend | Billet standard,DICE,99.12411,105.06,1,1
2026-05-06,2026-05-06 19:28:00,single_day,regular,,Weekend | Billet standard,DICE,89.40606000000001,94.76,1,1
2026-05-06,2026-05-06 19:28:00,single_day,regular,,Weekend | Billet standard,DICE,89.40606000000001,94.76,1,1
2026-07-15,2026-07-15 01:32:00,single_day,regular,,Weekend | Billet standard,DICE,89.40606000000001,94.76,1,1
2026-05-07,2026-05-07 17:43:00,single_day,regular,,Weekend | Billet standard,DICE,89.40606000000001,94.76,1,1
2026-05-06,2026-05-06 19:33:00,single_day,regular,,Weekend | Billet standard,DICE,89.40606000000001,94.76,1,1
2026-05-06,2026-05-06 19:16:00,single_day,regular,,Weekend | Billet standard,DICE,89.40606000000001,94.76,1,1
2026-05-06,2026-05-06 19:21:00,single_day,regular,,Weekend | Billet standard,DICE,89.40606000000001,94.76,1,1
2026-05-06,2026-05-06 19:31:00,single_day,regular,,Weekend | Billet standard,DICE,89.40606000000001,94.76,1,1
2026-05-06,2026-05-06 19:31:00,single_day,regular,,Weekend | Billet standard,DICE,89.40606000000001,94.76,1,1
2026-05-06,2026-05-06 19:20:00,single_day,regular,,Weekend | Billet standard,DICE,89.40606000000001,94.76,1,1
2026-05-06,2026-05-06 19:17:00,single_day,regular,,Weekend | Billet standard,DICE,89.40606000000001,94.76,1,1
2026-05-06,2026-05-06 19:17:00,single_day,regular,,Weekend | Billet standard,DICE,89.40606000000001,94.76,1,1
2026-05-06,2026-05-06 19:17:00,single_day,regular,,Weekend | Billet standard,DICE,89.40606000000001,94.76,1,1
2026-06-28,2026-06-28 09:04:00,single_day,regular,,Weekend | Billet standard,DICE,89.40606000000001,94.76,1,1
2026-05-07,2026-05-07 09:00:00,single_day,regular,,Weekend | Billet standard,DICE,89.40606000000001,94.76,1,1
2026-05-07,2026-05-07 00:49:00,single_day,regular,,Weekend | Billet standard,DICE,89.40606000000001,94.76,1,1
2026-05-07,2026-05-07 00:49:00,single_day,regular,,Weekend | Billet standard,DICE,89.40606000000001,94.76,1,1
2026-05-06,2026-05-06 20:03:00,single_day,regular,,Weekend | Billet standard,DICE,89.40606000000001,94.76,1,1
2026-07-30,2026-07-30 23:07:00,single_day,regular,,Weekend | Billet standard,DICE,99.12411,105.06,1,1
2026-07-30,2026-07-30 23:07:00,single_day,regular,,Weekend | Billet standard,DICE,99.12411,105.06,1,1
2026-07-31,2026-07-31 15:23:00,single_day,regular,,Weekend | Billet standard,DICE,99.12411,105.06,1,1
2026-07-20,2026-07-20 22:51:00,single_day,regular,,Weekend | Billet standard,DICE,99.12411,105.06,1,1
2026-05-06,2026-05-06 20:15:00,single_day,regular,,Weekend | Billet standard,DICE,89.40606000000001,94.76,1,1
2026-05-06,2026-05-06 19:15:00,single_day,regular,,Weekend | Billet standard,DICE,89.40606000000001,94.76,1,1
2026-05-13,2026-05-13 12:12:00,single_day,regular,,Weekend | Billet standard,DICE,89.40606000000001,94.76,1,1
2026-05-12,2026-05-12 11:28:00,single_day,regular,,Weekend | Billet standard,DICE,89.40606000000001,94.76,1,1
2026-07-27,2026-07-27 21:03:00,single_day,regular,,Weekend | Billet standard,DICE,99.12411,105.06,1,1
2026-05-06,2026-05-06 22:05:00,single_day,regular,,Weekend | Billet standard,DICE,89.40606000000001,94.76,1,1
2026-05-06,2026-05-06 22:05:00,single_day,regular,,Weekend | Billet standard,DICE,89.40606000000001,94.76,1,1
2026-06-27,2026-06-27 13:49:00,single_day,regular,,Weekend | Billet standard,DICE,89.40606000000001,94.76,1,1
2026-05-11,2026-05-11 16:26:00,single_day,regular,,Weekend | Billet standard,DICE,89.40606000000001,94.76,1,1
2026-05-06,2026-05-06 19:57:00,single_day,regular,,Weekend | Billet standard,DICE,89.40606000000001,94.76,1,1
2026-07-03,2026-07-03 19:53:00,single_day,regular,,Weekend | Billet standard,DICE,89.40606000000001,94.76,1,1
2026-05-13,2026-05-13 01:18:00,single_day,regular,,Weekend | Billet standard,DICE,89.40606000000001,94.76,1,1
2026-05-06,2026-05-06 19:16:00,single_day,regular,,Weekend | Billet standard,DICE,89.40606000000001,94.76,1,1
2026-05-06,2026-05-06 20:07:00,single_day,regular,,Weekend | Billet standard,DICE,89.40606000000001,94.76,1,1
2026-07-11,2026-07-11 11:32:00,single_day,regular,,Weekend | Billet standard,DICE,89.40606000000001,94.76,1,1
2026-07-11,2026-07-11 11:32:00,single_day,regular,,Weekend | Billet standard,DICE,89.40606000000001,94.76,1,1
2026-05-07,2026-05-07 23:54:00,single_day,regular,,Weekend | Billet standard,DICE,89.40606000000001,94.76,1,1
2026-05-07,2026-05-07 01:06:00,single_day,regular,,Weekend | Billet standard,DICE,89.40606000000001,94.76,1,1
2026-05-06,2026-05-06 20:36:00,single_day,regular,,Weekend | Billet standard,DICE,89.40606000000001,94.76,1,1
2026-05-06,2026-05-06 20:36:00,single_day,regular,,Weekend | Billet standard,DICE,89.40606000000001,94.76,1,1
2026-06-06,2026-06-06 20:17:00,single_day,regular,,Weekend | Billet standard,DICE,89.40606000000001,94.76,1,1
2026-05-06,2026-05-06 19:39:00,single_day,regular,,Weekend | Billet standard,DICE,89.40606000000001,94.76,1,1
2026-05-06,2026-05-06 19:17:00,single_day,regular,,Weekend | Billet standard,DICE,89.40606000000001,94.76,1,1
2026-05-06,2026-05-06 19:17:00,single_day,regular,,Weekend | Billet standard,DICE,89.40606000000001,94.76,1,1
2026-05-06,2026-05-06 23:33:00,single_day,regular,,Weekend | Billet standard,DICE,89.40606000000001,94.76,1,1
2026-05-06,2026-05-06 19:18:00,single_day,regular,,Weekend | Billet standard,DICE,89.40606000000001,94.76,1,1
2026-05-06,2026-05-06 19:18:00,single_day,regular,,Weekend | Billet standard,DICE,89.40606000000001,94.76,1,1
2026-06-03,2026-06-03 22:17:00,single_day,regular,,Weekend | Billet standard,DICE,89.40606000000001,94.76,1,1
2026-05-06,2026-05-06 19:15:00,single_day,regular,,Weekend | Billet standard,DICE,89.40606000000001,94.76,1,1
2026-05-06,2026-05-06 19:15:00,single_day,regular,,Weekend | Billet standard,DICE,89.40606000000001,94.76,1,1
2026-05-06,2026-05-06 19:18:00,single_day,regular,,Weekend | Billet standard,DICE,89.40606000000001,94.76,1,1
2026-05-06,2026-05-06 19:15:00,single_day,regular,,Weekend | Billet standard,DICE,89.40606000000001,94.76,1,1
2026-05-06,2026-05-06 19:16:00,single_day,regular,,Weekend | Billet standard,DICE,89.40606000000001,94.76,1,1
2026-05-13,2026-05-13 10:26:00,single_day,regular,,Weekend | Billet standard,DICE,89.40606000000001,94.76,1,1
2026-05-06,2026-05-06 19:16:00,single_day,regular,,Weekend | Billet standard,DICE,89.40606000000001,94.76,1,1
2026-05-06,2026-05-06 19:16:00,single_day,regular,,Weekend | Billet standard,DICE,89.40606000000001,94.76,1,1
2026-05-22,2026-05-22 22:12:00,single_day,regular,,Weekend | Billet standard,DICE,89.40606000000001,94.76,1,1
2026-05-22,2026-05-22 22:12:00,single_day,regular,,Weekend | Billet standard,DICE,89.40606000000001,94.76,1,1
2026-05-06,2026-05-06 21:36:00,single_day,regular,,Weekend | Billet standard,DICE,89.40606000000001,94.76,1,1
2026-05-06,2026-05-06 19:15:00,single_day,regular,,Weekend | Billet standard,DICE,89.40606000000001,94.76,1,1
2026-06-27,2026-06-27 10:24:00,single_day,regular,,Weekend | Billet standard,DICE,89.40606000000001,94.76,1,1
2026-06-13,2026-06-13 11:04:00,single_day,regular,,Weekend | Billet standard,DICE,89.40606000000001,94.76,1,1
2026-06-08,2026-06-08 20:17:00,single_day,regular,,Weekend | Billet standard,DICE,89.40606000000001,94.76,1,1
2026-05-15,2026-05-15 11:11:00,single_day,regular,,Weekend | Billet standard,DICE,89.40606000000001,94.76,1,1
2026-05-15,2026-05-15 11:11:00,single_day,regular,,Weekend | Billet standard,DICE,89.40606000000001,94.76,1,1
2026-05-06,2026-05-06 19:32:00,single_day,regular,,Weekend | Billet standard,DICE,89.40606000000001,94.76,1,1
2026-05-06,2026-05-06 19:32:00,single_day,regular,,Weekend | Billet standard,DICE,89.40606000000001,94.76,1,1
2026-05-06,2026-05-06 19:32:00,single_day,regular,,Weekend | Billet standard,DICE,89.40606000000001,94.76,1,1
2026-05-06,2026-05-06 21:10:00,single_day,regular,,Weekend | Billet standard,DICE,89.40606000000001,94.76,1,1
2026-05-06,2026-05-06 21:10:00,single_day,regular,,Weekend | Billet standard,DICE,89.40606000000001,94.76,1,1
2026-05-06,2026-05-06 19:24:00,single_day,regular,,Weekend | Billet standard,DICE,89.40606000000001,94.76,1,1
2026-05-06,2026-05-06 19:18:00,single_day,regular,,Weekend | Billet standard,DICE,89.40606000000001,94.76,1,1
2026-05-06,2026-05-06 19:18:00,single_day,regular,,Weekend | Billet standard,DICE,89.40606000000001,94.76,1,1
2026-05-28,2026-05-28 22:47:00,single_day,regular,,Weekend | Billet standard,DICE,89.40606000000001,94.76,1,1
2026-05-06,2026-05-06 22:12:00,single_day,regular,,Weekend | Billet standard,DICE,89.40606000000001,94.76,1,1
2026-05-06,2026-05-06 19:15:00,single_day,regular,,Weekend | Billet standard,DICE,89.40606000000001,94.76,1,1
2026-05-06,2026-05-06 19:15:00,single_day,regular,,Weekend | Billet standard,DICE,89.40606000000001,94.76,1,1
2026-08-04,2026-08-04 20:57:00,single_day,regular,,Weekend | Billet standard,DICE,99.12411,105.06,1,1
2026-08-04,2026-08-04 20:57:00,single_day,regular,,Weekend | Billet standard,DICE,99.12411,105.06,1,1
2026-05-06,2026-05-06 19:15:00,single_day,regular,,Weekend | Billet standard,DICE,89.40606000000001,94.76,1,1
2026-05-06,2026-05-06 19:35:00,single_day,regular,,Weekend | Billet standard,DICE,89.40606000000001,94.76,1,1
2026-05-06,2026-05-06 19:16:00,single_day,regular,,Weekend | Billet standard,DICE,89.40606000000001,94.76,1,1
2026-07-19,2026-07-19 12:18:00,single_day,regular,,Weekend | Billet standard,DICE,89.40606000000001,94.76,1,1
2026-07-07,2026-07-07 21:45:00,single_day,regular,,Weekend | Billet standard,DICE,89.40606000000001,94.76,1,1
2026-07-20,2026-07-20 21:33:00,single_day,regular,,Weekend | Billet standard,DICE,99.12411,105.06,1,1
2026-07-20,2026-07-20 21:33:00,single_day,regular,,Weekend | Billet standard,DICE,99.12411,105.06,1,1
2026-05-08,2026-05-08 18:39:00,single_day,regular,,Weekend | Billet standard,DICE,89.40606000000001,94.76,1,1
2026-05-08,2026-05-08 18:39:00,single_day,regular,,Weekend | Billet standard,DICE,89.40606000000001,94.76,1,1
2026-06-16,2026-06-16 13:48:00,single_day,regular,,Weekend | Billet standard,DICE,89.40606000000001,94.76,1,1
2026-05-13,2026-05-13 13:04:00,single_day,regular,,Weekend | Billet standard,DICE,89.40606000000001,94.76,1,1
2026-07-18,2026-07-18 16:18:00,single_day,regular,,Weekend | Billet standard,DICE,89.40606000000001,94.76,1,1
2026-05-09,2026-05-09 20:30:00,single_day,regular,,Weekend | Billet standard,DICE,89.40606000000001,94.76,1,1
2026-05-28,2026-05-28 19:29:00,single_day,regular,,Weekend | Billet standard,DICE,89.40606000000001,94.76,1,1
2026-05-09,2026-05-09 21:59:00,single_day,regular,,Weekend | Billet standard,DICE,89.40606000000001,94.76,1,1
2026-05-09,2026-05-09 21:59:00,single_day,regular,,Weekend | Billet standard,DICE,89.40606000000001,94.76,1,1
2026-05-19,2026-05-19 10:32:00,single_day,regular,,Weekend | Billet standard,DICE,89.40606000000001,94.76,1,1
2026-05-06,2026-05-06 19:35:00,single_day,regular,,Weekend | Billet standard,DICE,89.40606000000001,94.76,1,1
2026-06-20,2026-06-20 17:49:00,samedi,regular,['samedi'],Samedi | Billet standard,DICE,55.392885,58.71,1,1
2026-06-20,2026-06-20 17:49:00,samedi,regular,['samedi'],Samedi | Billet standard,DICE,55.392885,58.71,1,1
2026-05-08,2026-05-08 21:12:00,samedi,regular,['samedi'],Samedi | Billet standard,DICE,55.392885,58.71,1,1
2026-08-03,2026-08-03 14:43:00,samedi,regular,['samedi'],Samedi | Billet standard,DICE,55.392885,58.71,1,1
2026-06-17,2026-06-17 10:30:00,samedi,regular,['samedi'],Samedi | Billet standard,DICE,55.392885,58.71,1,1
2026-06-01,2026-06-01 12:28:00,samedi,regular,['samedi'],Samedi | Billet standard,DICE,55.392885,58.71,1,1
2026-05-06,2026-05-06 19:19:00,samedi,regular,['samedi'],Samedi | Billet standard,DICE,55.392885,58.71,1,1
2026-05-06,2026-05-06 19:21:00,samedi,regular,['samedi'],Samedi | Billet standard,DICE,55.392885,58.71,1,1
2026-05-06,2026-05-06 19:21:00,samedi,regular,['samedi'],Samedi | Billet standard,DICE,55.392885,58.71,1,1
2026-05-06,2026-05-06 19:16:00,samedi,regular,['samedi'],Samedi | Billet standard,DICE,55.392885,58.71,1,1
2026-05-06,2026-05-06 19:16:00,samedi,regular,['samedi'],Samedi | Billet standard,DICE,55.392885,58.71,1,1
2026-05-10,2026-05-10 11:02:00,samedi,regular,['samedi'],Samedi | Billet standard,DICE,55.392885,58.71,1,1
2026-07-31,2026-07-31 11:23:00,samedi,regular,['samedi'],Samedi | Billet standard,DICE,55.392885,58.71,1,1
2026-05-06,2026-05-06 22:55:00,samedi,regular,['samedi'],Samedi | Billet standard,DICE,55.392885,58.71,1,1
2026-05-06,2026-05-06 22:55:00,samedi,regular,['samedi'],Samedi | Billet standard,DICE,55.392885,58.71,1,1
2026-05-06,2026-05-06 21:14:00,samedi,regular,['samedi'],Samedi | Billet standard,DICE,55.392885,58.71,1,1
2026-08-02,2026-08-02 18:45:00,samedi,regular,['samedi'],Samedi | Billet standard,DICE,55.392885,58.71,1,1
2026-08-02,2026-08-02 18:45:00,samedi,regular,['samedi'],Samedi | Billet standard,DICE,55.392885,58.71,1,1
2026-07-20,2026-07-20 17:39:00,samedi,regular,['samedi'],Samedi | Billet standard,DICE,55.392885,58.71,1,1
2026-05-06,2026-05-06 19:50:00,samedi,regular,['samedi'],Samedi | Billet standard,DICE,55.392885,58.71,1,1
2026-05-06,2026-05-06 19:50:00,samedi,regular,['samedi'],Samedi | Billet standard,DICE,55.392885,58.71,1,1
2026-05-07,2026-05-07 18:48:00,samedi,regular,['samedi'],Samedi | Billet standard,DICE,55.392885,58.71,1,1
2026-05-06,2026-05-06 20:08:00,samedi,regular,['samedi'],Samedi | Billet standard,DICE,55.392885,58.71,1,1
2026-05-06,2026-05-06 20:08:00,samedi,regular,['samedi'],Samedi | Billet standard,DICE,55.392885,58.71,1,1
2026-05-06,2026-05-06 21:22:00,samedi,regular,['samedi'],Samedi | Billet standard,DICE,55.392885,58.71,1,1
2026-05-06,2026-05-06 19:30:00,samedi,regular,['samedi'],Samedi | Billet standard,DICE,55.392885,58.71,1,1
2026-07-01,2026-07-01 21:30:00,samedi,regular,['samedi'],Samedi | Billet standard,DICE,55.392885,58.71,1,1
2026-08-05,2026-08-05 08:31:00,samedi,regular,['samedi'],Samedi | Billet standard,DICE,55.392885,58.71,1,1
2026-08-05,2026-08-05 08:31:00,samedi,regular,['samedi'],Samedi | Billet standard,DICE,55.392885,58.71,1,1
2026-05-14,2026-05-14 00:54:00,samedi,regular,['samedi'],Samedi | Billet standard,DICE,55.392885,58.71,1,1
2026-05-09,2026-05-09 14:19:00,samedi,regular,['samedi'],Samedi | Billet standard,DICE,55.392885,58.71,1,1
2026-07-31,2026-07-31 22:14:00,samedi,regular,['samedi'],Samedi | Billet standard,DICE,55.392885,58.71,1,1
2026-05-08,2026-05-08 18:09:00,samedi,regular,['samedi'],Samedi | Billet standard,DICE,55.392885,58.71,1,1
2026-05-06,2026-05-06 19:17:00,samedi,regular,['samedi'],Samedi | Billet standard,DICE,55.392885,58.71,1,1
2026-05-11,2026-05-11 23:50:00,samedi,regular,['samedi'],Samedi | Billet standard,DICE,55.392885,58.71,1,1
2026-05-11,2026-05-11 23:50:00,samedi,regular,['samedi'],Samedi | Billet standard,DICE,55.392885,58.71,1,1
2026-05-11,2026-05-11 23:50:00,samedi,regular,['samedi'],Samedi | Billet standard,DICE,55.392885,58.71,1,1
2026-05-08,2026-05-08 12:17:00,samedi,regular,['samedi'],Samedi | Billet standard,DICE,55.392885,58.71,1,1
2026-05-08,2026-05-08 12:17:00,samedi,regular,['samedi'],Samedi | Billet standard,DICE,55.392885,58.71,1,1
2026-08-06,2026-08-06 15:57:00,samedi,regular,['samedi'],Samedi | Billet standard,DICE,55.392885,58.71,1,1
2026-05-06,2026-05-06 19:16:00,samedi,regular,['samedi'],Samedi | Billet standard,DICE,55.392885,58.71,1,1
2026-06-02,2026-06-02 18:01:00,samedi,regular,['samedi'],Samedi | Billet standard,DICE,55.392885,58.71,1,1
2026-07-28,2026-07-28 07:31:00,samedi,regular,['samedi'],Samedi | Billet standard,DICE,55.392885,58.71,1,1
2026-05-07,2026-05-07 22:55:00,samedi,regular,['samedi'],Samedi | Billet standard,DICE,55.392885,58.71,1,1
2026-05-14,2026-05-14 19:00:00,samedi,regular,['samedi'],Samedi | Billet standard,DICE,55.392885,58.71,1,1
2026-05-14,2026-05-14 19:00:00,samedi,regular,['samedi'],Samedi | Billet standard,DICE,55.392885,58.71,1,1
2026-05-06,2026-05-06 21:30:00,samedi,regular,['samedi'],Samedi | Billet standard,DICE,55.392885,58.71,1,1
2026-05-06,2026-05-06 21:30:00,samedi,regular,['samedi'],Samedi | Billet standard,DICE,55.392885,58.71,1,1
2026-07-03,2026-07-03 10:53:00,samedi,regular,['samedi'],Samedi | Billet standard,DICE,55.392885,58.71,1,1
2026-06-25,2026-06-25 13:55:00,samedi,regular,['samedi'],Samedi | Billet standard,DICE,55.392885,58.71,1,1
2026-06-25,2026-06-25 13:55:00,samedi,regular,['samedi'],Samedi | Billet standard,DICE,55.392885,58.71,1,1
2026-06-25,2026-06-25 13:55:00,samedi,regular,['samedi'],Samedi | Billet standard,DICE,55.392885,58.71,1,1
2026-05-14,2026-05-14 09:19:00,samedi,regular,['samedi'],Samedi | Billet standard,DICE,55.392885,58.71,1,1
2026-05-14,2026-05-14 09:19:00,samedi,regular,['samedi'],Samedi | Billet standard,DICE,55.392885,58.71,1,1
2026-05-22,2026-05-22 17:45:00,samedi,regular,['samedi'],Samedi | Billet standard,DICE,55.392885,58.71,1,1
2026-05-22,2026-05-22 17:45:00,samedi,regular,['samedi'],Samedi | Billet standard,DICE,55.392885,58.71,1,1
2026-05-06,2026-05-06 19:26:00,samedi,regular,['samedi'],Samedi | Billet standard,DICE,55.392885,58.71,1,1
2026-05-06,2026-05-06 19:18:00,samedi,regular,['samedi'],Samedi | Billet standard,DICE,55.392885,58.71,1,1
2026-07-31,2026-07-31 19:49:00,samedi,regular,['samedi'],Samedi | Billet standard,DICE,55.392885,58.71,1,1
2026-05-09,2026-05-09 17:35:00,samedi,regular,['samedi'],Samedi | Billet standard,DICE,55.392885,58.71,1,1
2026-05-09,2026-05-09 15:00:00,samedi,regular,['samedi'],Samedi | Billet standard,DICE,55.392885,58.71,1,1
2026-05-06,2026-05-06 19:17:00,samedi,regular,['samedi'],Samedi | Billet standard,DICE,55.392885,58.71,1,1
2026-05-17,2026-05-17 13:07:00,samedi,regular,['samedi'],Samedi | Billet standard,DICE,55.392885,58.71,1,1
2026-05-06,2026-05-06 21:27:00,samedi,regular,['samedi'],Samedi | Billet standard,DICE,55.392885,58.71,1,1
2026-05-06,2026-05-06 21:27:00,samedi,regular,['samedi'],Samedi | Billet standard,DICE,55.392885,58.71,1,1
2026-05-25,2026-05-25 21:19:00,samedi,regular,['samedi'],Samedi | Billet standard,DICE,55.392885,58.71,1,1
2026-05-25,2026-05-25 21:19:00,samedi,regular,['samedi'],Samedi | Billet standard,DICE,55.392885,58.71,1,1
2026-05-13,2026-05-13 16:55:00,samedi,regular,['samedi'],Samedi | Billet standard,DICE,55.392885,58.71,1,1
2026-05-13,2026-05-13 16:55:00,samedi,regular,['samedi'],Samedi | Billet standard,DICE,55.392885,58.71,1,1
2026-05-13,2026-05-13 16:55:00,samedi,regular,['samedi'],Samedi | Billet standard,DICE,55.392885,58.71,1,1
2026-05-06,2026-05-06 19:21:00,samedi,regular,['samedi'],Samedi | Billet standard,DICE,55.392885,58.71,1,1
2026-05-06,2026-05-06 19:21:00,samedi,regular,['samedi'],Samedi | Billet standard,DICE,55.392885,58.71,1,1
2026-05-06,2026-05-06 19:17:00,samedi,regular,['samedi'],Samedi | Billet standard,DICE,55.392885,58.71,1,1
2026-05-06,2026-05-06 19:17:00,samedi,regular,['samedi'],Samedi | Billet standard,DICE,55.392885,58.71,1,1
2026-07-09,2026-07-09 21:52:00,samedi,regular,['samedi'],Samedi | Billet standard,DICE,55.392885,58.71,1,1
2026-07-09,2026-07-09 21:52:00,samedi,regular,['samedi'],Samedi | Billet standard,DICE,55.392885,58.71,1,1
2026-07-09,2026-07-09 21:52:00,samedi,regular,['samedi'],Samedi | Billet standard,DICE,55.392885,58.71,1,1
2026-07-09,2026-07-09 21:52:00,samedi,regular,['samedi'],Samedi | Billet standard,DICE,55.392885,58.71,1,1
2026-05-06,2026-05-06 19:18:00,samedi,regular,['samedi'],Samedi | Billet standard,DICE,55.392885,58.71,1,1
2026-05-06,2026-05-06 19:18:00,samedi,regular,['samedi'],Samedi | Billet standard,DICE,55.392885,58.71,1,1
2026-07-07,2026-07-07 20:20:00,samedi,regular,['samedi'],Samedi | Billet standard,DICE,55.392885,58.71,1,1
2026-05-06,2026-05-06 20:25:00,samedi,regular,['samedi'],Samedi | Billet standard,DICE,55.392885,58.71,1,1
2026-06-08,2026-06-08 20:24:00,samedi,regular,['samedi'],Samedi | Billet standard,DICE,55.392885,58.71,1,1
2026-05-06,2026-05-06 19:15:00,samedi,regular,['samedi'],Samedi | Billet standard,DICE,55.392885,58.71,1,1
2026-05-06,2026-05-06 19:15:00,samedi,regular,['samedi'],Samedi | Billet standard,DICE,55.392885,58.71,1,1
2026-05-21,2026-05-21 17:56:00,samedi,regular,['samedi'],Samedi | Billet standard,DICE,55.392885,58.71,1,1
2026-05-14,2026-05-14 21:05:00,samedi,regular,['samedi'],Samedi | Billet standard,DICE,55.392885,58.71,1,1
2026-05-14,2026-05-14 21:05:00,samedi,regular,['samedi'],Samedi | Billet standard,DICE,55.392885,58.71,1,1
2026-05-20,2026-05-20 21:10:00,samedi,regular,['samedi'],Samedi | Billet standard,DICE,55.392885,58.71,1,1
2026-05-20,2026-05-20 21:10:00,samedi,regular,['samedi'],Samedi | Billet standard,DICE,55.392885,58.71,1,1
2026-05-06,2026-05-06 19:17:00,samedi,regular,['samedi'],Samedi | Billet standard,DICE,55.392885,58.71,1,1
2026-05-06,2026-05-06 20:40:00,samedi,regular,['samedi'],Samedi | Billet standard,DICE,55.392885,58.71,1,1
2026-05-06,2026-05-06 20:40:00,samedi,regular,['samedi'],Samedi | Billet standard,DICE,55.392885,58.71,1,1
2026-05-06,2026-05-06 20:28:00,samedi,regular,['samedi'],Samedi | Billet standard,DICE,55.392885,58.71,1,1
2026-05-06,2026-05-06 20:28:00,samedi,regular,['samedi'],Samedi | Billet standard,DICE,55.392885,58.71,1,1
2026-06-29,2026-06-29 14:34:00,samedi,regular,['samedi'],Samedi | Billet standard,DICE,55.392885,58.71,1,1
2026-07-28,2026-07-28 12:21:00,samedi,regular,['samedi'],Samedi | Billet standard,DICE,55.392885,58.71,1,1
2026-05-26,2026-05-26 15:27:00,samedi,regular,['samedi'],Samedi | Billet standard,DICE,55.392885,58.71,1,1
2026-05-06,2026-05-06 21:52:00,samedi,regular,['samedi'],Samedi | Billet standard,DICE,55.392885,58.71,1,1
2026-07-17,2026-07-17 13:38:00,samedi,regular,['samedi'],Samedi | Billet standard,DICE,55.392885,58.71,1,1
2026-07-17,2026-07-17 13:38:00,samedi,regular,['samedi'],Samedi | Billet standard,DICE,55.392885,58.71,1,1
2026-05-07,2026-05-07 08:41:00,samedi,regular,['samedi'],Samedi | Billet standard,DICE,55.392885,58.71,1,1
2026-05-11,2026-05-11 17:51:00,samedi,regular,['samedi'],Samedi | Billet standard,DICE,55.392885,58.71,1,1
2026-05-11,2026-05-11 17:51:00,samedi,regular,['samedi'],Samedi | Billet standard,DICE,55.392885,58.71,1,1
2026-05-06,2026-05-06 20:55:00,samedi,regular,['samedi'],Samedi | Billet standard,DICE,55.392885,58.71,1,1
2026-05-06,2026-05-06 20:25:00,samedi,regular,['samedi'],Samedi | Billet standard,DICE,55.392885,58.71,1,1
2026-05-06,2026-05-06 19:24:00,samedi,regular,['samedi'],Samedi | Billet standard,DICE,55.392885,58.71,1,1
2026-05-06,2026-05-06 19:24:00,samedi,regular,['samedi'],Samedi | Billet standard,DICE,55.392885,58.71,1,1
2026-05-06,2026-05-06 19:24:00,samedi,regular,['samedi'],Samedi | Billet standard,DICE,55.392885,58.71,1,1
2026-05-06,2026-05-06 19:24:00,samedi,regular,['samedi'],Samedi | Billet standard,DICE,55.392885,58.71,1,1
2026-05-12,2026-05-12 22:04:00,samedi,regular,['samedi'],Samedi | Billet standard,DICE,55.392885,58.71,1,1
2026-05-12,2026-05-12 22:04:00,samedi,regular,['samedi'],Samedi | Billet standard,DICE,55.392885,58.71,1,1
2026-05-28,2026-05-28 18:47:00,samedi,regular,['samedi'],Samedi | Billet standard,DICE,55.392885,58.71,1,1
2026-05-13,2026-05-13 21:04:00,samedi,regular,['samedi'],Samedi | Billet standard,DICE,55.392885,58.71,1,1
2026-05-13,2026-05-13 21:04:00,samedi,regular,['samedi'],Samedi | Billet standard,DICE,55.392885,58.71,1,1
2026-05-06,2026-05-06 19:19:00,samedi,regular,['samedi'],Samedi | Billet standard,DICE,55.392885,58.71,1,1
2026-05-06,2026-05-06 19:19:00,samedi,regular,['samedi'],Samedi | Billet standard,DICE,55.392885,58.71,1,1
2026-05-06,2026-05-06 19:15:00,samedi,regular,['samedi'],Samedi | Billet standard,DICE,55.392885,58.71,1,1
2026-05-06,2026-05-06 19:15:00,samedi,regular,['samedi'],Samedi | Billet standard,DICE,55.392885,58.71,1,1
2026-05-06,2026-05-06 19:15:00,samedi,regular,['samedi'],Samedi | Billet standard,DICE,55.392885,58.71,1,1
2026-05-06,2026-05-06 19:15:00,samedi,regular,['samedi'],Samedi | Billet standard,DICE,55.392885,58.71,1,1
2026-05-06,2026-05-06 19:15:00,samedi,regular,['samedi'],Samedi | Billet standard,DICE,55.392885,58.71,1,1
2026-05-06,2026-05-06 19:15:00,samedi,regular,['samedi'],Samedi | Billet standard,DICE,55.392885,58.71,1,1
2026-05-08,2026-05-08 09:34:00,samedi,regular,['samedi'],Samedi | Billet standard,DICE,55.392885,58.71,1,1
2026-07-30,2026-07-30 23:26:00,samedi,regular,['samedi'],Samedi | Billet standard,DICE,55.392885,58.71,1,1
2026-07-30,2026-07-30 23:26:00,samedi,regular,['samedi'],Samedi | Billet standard,DICE,55.392885,58.71,1,1
2026-07-30,2026-07-30 23:26:00,samedi,regular,['samedi'],Samedi | Billet standard,DICE,55.392885,58.71,1,1
2026-05-24,2026-05-24 11:46:00,samedi,regular,['samedi'],Samedi | Billet standard,DICE,55.392885,58.71,1,1
2026-05-06,2026-05-06 19:21:00,samedi,regular,['samedi'],Samedi | Billet standard,DICE,55.392885,58.71,1,1
2026-05-06,2026-05-06 19:21:00,samedi,regular,['samedi'],Samedi | Billet standard,DICE,55.392885,58.71,1,1
2026-06-13,2026-06-13 09:21:00,samedi,regular,['samedi'],Samedi | Billet standard,DICE,55.392885,58.71,1,1
2026-06-13,2026-06-13 09:21:00,samedi,regular,['samedi'],Samedi | Billet standard,DICE,55.392885,58.71,1,1
2026-05-30,2026-05-30 14:38:00,samedi,regular,['samedi'],Samedi | Billet standard,DICE,55.392885,58.71,1,1
2026-05-30,2026-05-30 14:38:00,samedi,regular,['samedi'],Samedi | Billet standard,DICE,55.392885,58.71,1,1
2026-07-30,2026-07-30 19:05:00,samedi,regular,['samedi'],Samedi | Billet standard,DICE,55.392885,58.71,1,1
2026-07-30,2026-07-30 19:05:00,samedi,regular,['samedi'],Samedi | Billet standard,DICE,55.392885,58.71,1,1
2026-05-09,2026-05-09 21:02:00,samedi,regular,['samedi'],Samedi | Billet standard,DICE,55.392885,58.71,1,1
2026-05-09,2026-05-09 21:02:00,samedi,regular,['samedi'],Samedi | Billet standard,DICE,55.392885,58.71,1,1
2026-05-09,2026-05-09 21:02:00,samedi,regular,['samedi'],Samedi | Billet standard,DICE,55.392885,58.71,1,1
2026-06-04,2026-06-04 22:55:00,samedi,regular,['samedi'],Samedi | Billet standard,DICE,55.392885,58.71,1,1
2026-05-07,2026-05-07 18:10:00,samedi,regular,['samedi'],Samedi | Billet standard,DICE,55.392885,58.71,1,1
2026-05-07,2026-05-07 18:10:00,samedi,regular,['samedi'],Samedi | Billet standard,DICE,55.392885,58.71,1,1
2026-05-06,2026-05-06 19:15:00,samedi,regular,['samedi'],Samedi | Billet standard,DICE,55.392885,58.71,1,1
2026-05-06,2026-05-06 19:15:00,samedi,regular,['samedi'],Samedi | Billet standard,DICE,55.392885,58.71,1,1
2026-05-13,2026-05-13 20:38:00,samedi,regular,['samedi'],Samedi | Billet standard,DICE,55.392885,58.71,1,1
2026-07-26,2026-07-26 14:23:00,samedi,regular,['samedi'],Samedi | Billet standard,DICE,55.392885,58.71,1,1
2026-05-06,2026-05-06 19:55:00,samedi,regular,['samedi'],Samedi | Billet standard,DICE,55.392885,58.71,1,1
2026-05-06,2026-05-06 19:55:00,samedi,regular,['samedi'],Samedi | Billet standard,DICE,55.392885,58.71,1,1
2026-05-06,2026-05-06 19:55:00,samedi,regular,['samedi'],Samedi | Billet standard,DICE,55.392885,58.71,1,1
2026-05-06,2026-05-06 19:55:00,samedi,regular,['samedi'],Samedi | Billet standard,DICE,55.392885,58.71,1,1
2026-05-06,2026-05-06 19:55:00,samedi,regular,['samedi'],Samedi | Billet standard,DICE,55.392885,58.71,1,1
2026-07-29,2026-07-29 19:12:00,samedi,regular,['samedi'],Samedi | Billet standard,DICE,55.392885,58.71,1,1
2026-05-10,2026-05-10 12:41:00,samedi,regular,['samedi'],Samedi | Billet standard,DICE,55.392885,58.71,1,1
2026-05-10,2026-05-10 12:41:00,samedi,regular,['samedi'],Samedi | Billet standard,DICE,55.392885,58.71,1,1
2026-08-01,2026-08-01 20:16:00,samedi,regular,['samedi'],Samedi | Billet standard,DICE,55.392885,58.71,1,1
2026-08-01,2026-08-01 20:16:00,samedi,regular,['samedi'],Samedi | Billet standard,DICE,55.392885,58.71,1,1
2026-05-06,2026-05-06 20:25:00,samedi,regular,['samedi'],Samedi | Billet standard,DICE,55.392885,58.71,1,1
2026-05-06,2026-05-06 19:16:00,samedi,regular,['samedi'],Samedi | Billet standard,DICE,55.392885,58.71,1,1
2026-05-06,2026-05-06 19:54:00,samedi,regular,['samedi'],Samedi | Billet standard,DICE,55.392885,58.71,1,1
2026-05-06,2026-05-06 19:54:00,samedi,regular,['samedi'],Samedi | Billet standard,DICE,55.392885,58.71,1,1
2026-05-06,2026-05-06 19:54:00,samedi,regular,['samedi'],Samedi | Billet standard,DICE,55.392885,58.71,1,1
2026-05-07,2026-05-07 20:09:00,samedi,regular,['samedi'],Samedi | Billet standard,DICE,55.392885,58.71,1,1
2026-05-15,2026-05-15 17:30:00,samedi,regular,['samedi'],Samedi | Billet standard,DICE,55.392885,58.71,1,1
2026-05-15,2026-05-15 17:30:00,samedi,regular,['samedi'],Samedi | Billet standard,DICE,55.392885,58.71,1,1
2026-07-24,2026-07-24 11:19:00,samedi,regular,['samedi'],Samedi | Billet standard,DICE,55.392885,58.71,1,1
2026-05-21,2026-05-21 08:03:00,samedi,regular,['samedi'],Samedi | Billet standard,DICE,55.392885,58.71,1,1
2026-05-23,2026-05-23 18:09:00,samedi,regular,['samedi'],Samedi | Billet standard,DICE,55.392885,58.71,1,1
2026-05-23,2026-05-23 18:09:00,samedi,regular,['samedi'],Samedi | Billet standard,DICE,55.392885,58.71,1,1
2026-05-23,2026-05-23 18:09:00,samedi,regular,['samedi'],Samedi | Billet standard,DICE,55.392885,58.71,1,1
2026-05-06,2026-05-06 19:18:00,samedi,regular,['samedi'],Samedi | Billet standard,DICE,55.392885,58.71,1,1
2026-05-06,2026-05-06 19:18:00,samedi,regular,['samedi'],Samedi | Billet standard,DICE,55.392885,58.71,1,1
2026-05-06,2026-05-06 19:24:00,samedi,regular,['samedi'],Samedi | Billet standard,DICE,55.392885,58.71,1,1
2026-05-06,2026-05-06 19:24:00,samedi,regular,['samedi'],Samedi | Billet standard,DICE,55.392885,58.71,1,1
2026-05-06,2026-05-06 19:24:00,samedi,regular,['samedi'],Samedi | Billet standard,DICE,55.392885,58.71,1,1
2026-05-06,2026-05-06 19:24:00,samedi,regular,['samedi'],Samedi | Billet standard,DICE,55.392885,58.71,1,1
2026-05-10,2026-05-10 08:59:00,samedi,regular,['samedi'],Samedi | Billet standard,DICE,55.392885,58.71,1,1
2026-05-10,2026-05-10 08:59:00,samedi,regular,['samedi'],Samedi | Billet standard,DICE,55.392885,58.71,1,1
2026-05-06,2026-05-06 19:16:00,samedi,regular,['samedi'],Samedi | Billet standard,DICE,55.392885,58.71,1,1
2026-05-06,2026-05-06 19:16:00,samedi,regular,['samedi'],Samedi | Billet standard,DICE,55.392885,58.71,1,1
2026-05-07,2026-05-07 18:48:00,samedi,regular,['samedi'],Samedi | Billet standard,DICE,55.392885,58.71,1,1
2026-05-06,2026-05-06 19:15:00,samedi,regular,['samedi'],Samedi | Billet standard,DICE,55.392885,58.71,1,1
2026-05-06,2026-05-06 19:15:00,samedi,regular,['samedi'],Samedi | Billet standard,DICE,55.392885,58.71,1,1
2026-05-06,2026-05-06 19:15:00,samedi,regular,['samedi'],Samedi | Billet standard,DICE,55.392885,58.71,1,1
2026-05-06,2026-05-06 19:41:00,samedi,regular,['samedi'],Samedi | Billet standard,DICE,55.392885,58.71,1,1
2026-05-06,2026-05-06 19:41:00,samedi,regular,['samedi'],Samedi | Billet standard,DICE,55.392885,58.71,1,1
2026-05-06,2026-05-06 19:17:00,samedi,regular,['samedi'],Samedi | Billet standard,DICE,55.392885,58.71,1,1
2026-05-06,2026-05-06 19:17:00,samedi,regular,['samedi'],Samedi | Billet standard,DICE,55.392885,58.71,1,1
2026-05-08,2026-05-08 12:18:00,samedi,regular,['samedi'],Samedi | Billet standard,DICE,55.392885,58.71,1,1
2026-05-08,2026-05-08 12:18:00,samedi,regular,['samedi'],Samedi | Billet standard,DICE,55.392885,58.71,1,1
2026-05-08,2026-05-08 12:18:00,samedi,regular,['samedi'],Samedi | Billet standard,DICE,55.392885,58.71,1,1
2026-05-06,2026-05-06 19:16:00,samedi,regular,['samedi'],Samedi | Billet standard,DICE,55.392885,58.71,1,1
2026-06-02,2026-06-02 00:10:00,samedi,regular,['samedi'],Samedi | Billet standard,DICE,55.392885,58.71,1,1
2026-05-06,2026-05-06 19:22:00,samedi,regular,['samedi'],Samedi | Billet standard,DICE,55.392885,58.71,1,1
2026-05-09,2026-05-09 19:14:00,samedi,regular,['samedi'],Samedi | Billet standard,DICE,55.392885,58.71,1,1
2026-05-09,2026-05-09 19:14:00,samedi,regular,['samedi'],Samedi | Billet standard,DICE,55.392885,58.71,1,1
2026-05-06,2026-05-06 21:07:00,samedi,regular,['samedi'],Samedi | Billet standard,DICE,55.392885,58.71,1,1
2026-05-06,2026-05-06 21:07:00,samedi,regular,['samedi'],Samedi | Billet standard,DICE,55.392885,58.71,1,1
2026-05-06,2026-05-06 19:15:00,samedi,regular,['samedi'],Samedi | Billet standard,DICE,55.392885,58.71,1,1
2026-05-06,2026-05-06 19:15:00,samedi,regular,['samedi'],Samedi | Billet standard,DICE,55.392885,58.71,1,1
2026-05-12,2026-05-12 21:00:00,samedi,regular,['samedi'],Samedi | Billet standard,DICE,55.392885,58.71,1,1
2026-05-07,2026-05-07 10:52:00,samedi,regular,['samedi'],Samedi | Billet standard,DICE,55.392885,58.71,1,1
2026-05-07,2026-05-07 10:52:00,samedi,regular,['samedi'],Samedi | Billet standard,DICE,55.392885,58.71,1,1
2026-05-06,2026-05-06 21:27:00,samedi,regular,['samedi'],Samedi | Billet standard,DICE,55.392885,58.71,1,1
2026-05-06,2026-05-06 19:16:00,samedi,regular,['samedi'],Samedi | Billet standard,DICE,55.392885,58.71,1,1
2026-05-06,2026-05-06 19:16:00,samedi,regular,['samedi'],Samedi | Billet standard,DICE,55.392885,58.71,1,1
2026-05-06,2026-05-06 19:16:00,samedi,regular,['samedi'],Samedi | Billet standard,DICE,55.392885,58.71,1,1
2026-05-06,2026-05-06 19:16:00,samedi,regular,['samedi'],Samedi | Billet standard,DICE,55.392885,58.71,1,1
2026-05-06,2026-05-06 19:16:00,samedi,regular,['samedi'],Samedi | Billet standard,DICE,55.392885,58.71,1,1
2026-07-02,2026-07-02 19:24:00,samedi,regular,['samedi'],Samedi | Billet standard,DICE,55.392885,58.71,1,1
2026-07-02,2026-07-02 19:24:00,samedi,regular,['samedi'],Samedi | Billet standard,DICE,55.392885,58.71,1,1
2026-05-11,2026-05-11 20:59:00,samedi,regular,['samedi'],Samedi | Billet standard,DICE,55.392885,58.71,1,1
2026-05-11,2026-05-11 20:59:00,samedi,regular,['samedi'],Samedi | Billet standard,DICE,55.392885,58.71,1,1
2026-05-26,2026-05-26 18:32:00,samedi,regular,['samedi'],Samedi | Billet standard,DICE,55.392885,58.71,1,1
2026-05-26,2026-05-26 18:32:00,samedi,regular,['samedi'],Samedi | Billet standard,DICE,55.392885,58.71,1,1
2026-05-26,2026-05-26 18:32:00,samedi,regular,['samedi'],Samedi | Billet standard,DICE,55.392885,58.71,1,1
2026-05-26,2026-05-26 18:32:00,samedi,regular,['samedi'],Samedi | Billet standard,DICE,55.392885,58.71,1,1
2026-05-06,2026-05-06 19:16:00,samedi,regular,['samedi'],Samedi | Billet standard,DICE,55.392885,58.71,1,1
2026-05-06,2026-05-06 19:16:00,samedi,regular,['samedi'],Samedi | Billet standard,DICE,55.392885,58.71,1,1
2026-05-06,2026-05-06 19:21:00,samedi,regular,['samedi'],Samedi | Billet standard,DICE,55.392885,58.71,1,1
2026-05-06,2026-05-06 19:21:00,samedi,regular,['samedi'],Samedi | Billet standard,DICE,55.392885,58.71,1,1
2026-07-01,2026-07-01 21:30:00,samedi,regular,['samedi'],Samedi | Billet standard,DICE,55.392885,58.71,1,1
2026-05-06,2026-05-06 20:27:00,samedi,regular,['samedi'],Samedi | Billet standard,DICE,55.392885,58.71,1,1
2026-05-06,2026-05-06 19:19:00,samedi,regular,['samedi'],Samedi | Billet standard,DICE,55.392885,58.71,1,1
2026-05-06,2026-05-06 19:15:00,samedi,regular,['samedi'],Samedi | Billet standard,DICE,55.392885,58.71,1,1
2026-07-04,2026-07-04 08:12:00,samedi,regular,['samedi'],Samedi | Billet standard,DICE,55.392885,58.71,1,1
2026-07-04,2026-07-04 08:12:00,samedi,regular,['samedi'],Samedi | Billet standard,DICE,55.392885,58.71,1,1
2026-07-22,2026-07-22 21:18:00,samedi,regular,['samedi'],Samedi | Billet standard,DICE,55.392885,58.71,1,1
2026-05-06,2026-05-06 19:19:00,samedi,regular,['samedi'],Samedi | Billet standard,DICE,55.392885,58.71,1,1
2026-05-06,2026-05-06 19:38:00,samedi,regular,['samedi'],Samedi | Billet standard,DICE,55.392885,58.71,1,1
2026-05-06,2026-05-06 19:38:00,samedi,regular,['samedi'],Samedi | Billet standard,DICE,55.392885,58.71,1,1
2026-05-06,2026-05-06 19:38:00,samedi,regular,['samedi'],Samedi | Billet standard,DICE,55.392885,58.71,1,1
2026-05-06,2026-05-06 19:38:00,samedi,regular,['samedi'],Samedi | Billet standard,DICE,55.392885,58.71,1,1
2026-05-06,2026-05-06 19:38:00,samedi,regular,['samedi'],Samedi | Billet standard,DICE,55.392885,58.71,1,1
2026-05-06,2026-05-06 19:38:00,samedi,regular,['samedi'],Samedi | Billet standard,DICE,55.392885,58.71,1,1
2026-05-06,2026-05-06 19:38:00,samedi,regular,['samedi'],Samedi | Billet standard,DICE,55.392885,58.71,1,1
2026-07-15,2026-07-15 21:51:00,samedi,regular,['samedi'],Samedi | Billet standard,DICE,55.392885,58.71,1,1
2026-07-15,2026-07-15 21:51:00,samedi,regular,['samedi'],Samedi | Billet standard,DICE,55.392885,58.71,1,1
2026-05-06,2026-05-06 19:15:00,samedi,regular,['samedi'],Samedi | Billet standard,DICE,55.392885,58.71,1,1
2026-06-02,2026-06-02 19:21:00,samedi,regular,['samedi'],Samedi | Billet standard,DICE,55.392885,58.71,1,1
2026-06-01,2026-06-01 18:38:00,samedi,regular,['samedi'],Samedi | Billet standard,DICE,55.392885,58.71,1,1
2026-06-01,2026-06-01 18:34:00,samedi,regular,['samedi'],Samedi | Billet standard,DICE,55.392885,58.71,1,1
2026-06-01,2026-06-01 18:34:00,samedi,regular,['samedi'],Samedi | Billet standard,DICE,55.392885,58.71,1,1
2026-05-06,2026-05-06 19:17:00,samedi,regular,['samedi'],Samedi | Billet standard,DICE,55.392885,58.71,1,1
2026-05-06,2026-05-06 19:17:00,samedi,regular,['samedi'],Samedi | Billet standard,DICE,55.392885,58.71,1,1
2026-05-06,2026-05-06 19:21:00,samedi,regular,['samedi'],Samedi | Billet standard,DICE,55.392885,58.71,1,1
2026-05-06,2026-05-06 19:21:00,samedi,regular,['samedi'],Samedi | Billet standard,DICE,55.392885,58.71,1,1
2026-07-21,2026-07-21 22:29:00,samedi,regular,['samedi'],Samedi | Billet standard,DICE,55.392885,58.71,1,1
2026-05-06,2026-05-06 19:25:00,samedi,regular,['samedi'],Samedi | Billet standard,DICE,55.392885,58.71,1,1
2026-05-14,2026-05-14 14:00:00,samedi,regular,['samedi'],Samedi | Billet standard,DICE,55.392885,58.71,1,1
2026-05-06,2026-05-06 21:49:00,samedi,regular,['samedi'],Samedi | Billet standard,DICE,55.392885,58.71,1,1
2026-07-21,2026-07-21 13:59:00,samedi,regular,['samedi'],Samedi | Billet standard,DICE,55.392885,58.71,1,1
2026-07-21,2026-07-21 13:59:00,samedi,regular,['samedi'],Samedi | Billet standard,DICE,55.392885,58.71,1,1
2026-07-04,2026-07-04 20:16:00,samedi,regular,['samedi'],Samedi | Billet standard,DICE,55.392885,58.71,1,1
2026-05-31,2026-05-31 19:45:00,samedi,regular,['samedi'],Samedi | Billet standard,DICE,55.392885,58.71,1,1
2026-05-06,2026-05-06 19:49:00,samedi,regular,['samedi'],Samedi | Billet standard,DICE,55.392885,58.71,1,1
2026-05-06,2026-05-06 19:47:00,samedi,regular,['samedi'],Samedi | Billet standard,DICE,55.392885,58.71,1,1
2026-05-06,2026-05-06 19:47:00,samedi,regular,['samedi'],Samedi | Billet standard,DICE,55.392885,58.71,1,1
2026-07-30,2026-07-30 22:55:00,samedi,regular,['samedi'],Samedi | Billet standard,DICE,55.392885,58.71,1,1
2026-08-01,2026-08-01 19:38:00,samedi,regular,['samedi'],Samedi | Billet standard,DICE,55.392885,58.71,1,1
2026-08-01,2026-08-01 19:38:00,samedi,regular,['samedi'],Samedi | Billet standard,DICE,55.392885,58.71,1,1
2026-07-04,2026-07-04 20:17:00,samedi,regular,['samedi'],Samedi | Billet standard,DICE,55.392885,58.71,1,1
2026-05-06,2026-05-06 19:16:00,samedi,regular,['samedi'],Samedi | Billet standard,DICE,55.392885,58.71,1,1
2026-05-06,2026-05-06 19:16:00,samedi,regular,['samedi'],Samedi | Billet standard,DICE,55.392885,58.71,1,1
2026-07-01,2026-07-01 22:46:00,samedi,regular,['samedi'],Samedi | Billet standard,DICE,55.392885,58.71,1,1
2026-07-01,2026-07-01 22:46:00,samedi,regular,['samedi'],Samedi | Billet standard,DICE,55.392885,58.71,1,1
2026-07-01,2026-07-01 22:46:00,samedi,regular,['samedi'],Samedi | Billet standard,DICE,55.392885,58.71,1,1
2026-07-01,2026-07-01 22:46:00,samedi,regular,['samedi'],Samedi | Billet standard,DICE,55.392885,58.71,1,1
2026-05-06,2026-05-06 20:39:00,samedi,regular,['samedi'],Samedi | Billet standard,DICE,55.392885,58.71,1,1
2026-05-06,2026-05-06 20:39:00,samedi,regular,['samedi'],Samedi | Billet standard,DICE,55.392885,58.71,1,1
2026-05-06,2026-05-06 19:44:00,samedi,regular,['samedi'],Samedi | Billet standard,DICE,55.392885,58.71,1,1
2026-05-06,2026-05-06 19:18:00,samedi,regular,['samedi'],Samedi | Billet standard,DICE,55.392885,58.71,1,1
2026-07-27,2026-07-27 09:10:00,samedi,regular,['samedi'],Samedi | Billet standard,DICE,55.392885,58.71,1,1
2026-05-17,2026-05-17 15:19:00,samedi,regular,['samedi'],Samedi | Billet standard,DICE,55.392885,58.71,1,1
2026-07-05,2026-07-05 22:33:00,samedi,regular,['samedi'],Samedi | Billet standard,DICE,55.392885,58.71,1,1
2026-07-05,2026-07-05 22:33:00,samedi,regular,['samedi'],Samedi | Billet standard,DICE,55.392885,58.71,1,1
2026-05-06,2026-05-06 19:47:00,samedi,regular,['samedi'],Samedi | Billet standard,DICE,55.392885,58.71,1,1
2026-06-18,2026-06-18 12:07:00,samedi,regular,['samedi'],Samedi | Billet standard,DICE,55.392885,58.71,1,1
2026-06-18,2026-06-18 12:07:00,samedi,regular,['samedi'],Samedi | Billet standard,DICE,55.392885,58.71,1,1
2026-06-13,2026-06-13 08:11:00,samedi,regular,['samedi'],Samedi | Billet standard,DICE,55.392885,58.71,1,1
2026-06-13,2026-06-13 08:11:00,samedi,regular,['samedi'],Samedi | Billet standard,DICE,55.392885,58.71,1,1
2026-07-14,2026-07-14 21:12:00,samedi,regular,['samedi'],Samedi | Billet standard,DICE,55.392885,58.71,1,1
2026-05-06,2026-05-06 19:16:00,samedi,regular,['samedi'],Samedi | Billet standard,DICE,55.392885,58.71,1,1
2026-05-06,2026-05-06 19:16:00,samedi,regular,['samedi'],Samedi | Billet standard,DICE,55.392885,58.71,1,1
2026-05-06,2026-05-06 19:18:00,samedi,regular,['samedi'],Samedi | Billet standard,DICE,55.392885,58.71,1,1
2026-05-06,2026-05-06 19:18:00,samedi,regular,['samedi'],Samedi | Billet standard,DICE,55.392885,58.71,1,1
2026-05-06,2026-05-06 19:18:00,samedi,regular,['samedi'],Samedi | Billet standard,DICE,55.392885,58.71,1,1
2026-05-06,2026-05-06 19:18:00,samedi,regular,['samedi'],Samedi | Billet standard,DICE,55.392885,58.71,1,1
2026-05-06,2026-05-06 21:20:00,samedi,regular,['samedi'],Samedi | Billet standard,DICE,55.392885,58.71,1,1
2026-05-06,2026-05-06 21:20:00,samedi,regular,['samedi'],Samedi | Billet standard,DICE,55.392885,58.71,1,1
2026-05-06,2026-05-06 19:35:00,samedi,regular,['samedi'],Samedi | Billet standard,DICE,55.392885,58.71,1,1
2026-05-06,2026-05-06 19:35:00,samedi,regular,['samedi'],Samedi | Billet standard,DICE,55.392885,58.71,1,1
2026-05-06,2026-05-06 19:35:00,samedi,regular,['samedi'],Samedi | Billet standard,DICE,55.392885,58.71,1,1
2026-05-06,2026-05-06 19:35:00,samedi,regular,['samedi'],Samedi | Billet standard,DICE,55.392885,58.71,1,1
2026-05-22,2026-05-22 19:10:00,samedi,regular,['samedi'],Samedi | Billet standard,DICE,55.392885,58.71,1,1
2026-05-06,2026-05-06 19:25:00,samedi,regular,['samedi'],Samedi | Billet standard,DICE,55.392885,58.71,1,1
2026-06-16,2026-06-16 08:59:00,samedi,regular,['samedi'],Samedi | Billet standard,DICE,55.392885,58.71,1,1
2026-06-16,2026-06-16 08:59:00,samedi,regular,['samedi'],Samedi | Billet standard,DICE,55.392885,58.71,1,1
2026-05-07,2026-05-07 09:35:00,samedi,regular,['samedi'],Samedi | Billet standard,DICE,55.392885,58.71,1,1
2026-05-07,2026-05-07 09:35:00,samedi,regular,['samedi'],Samedi | Billet standard,DICE,55.392885,58.71,1,1
2026-05-18,2026-05-18 22:28:00,samedi,regular,['samedi'],Samedi | Billet standard,DICE,55.392885,58.71,1,1
2026-05-09,2026-05-09 19:08:00,samedi,regular,['samedi'],Samedi | Billet standard,DICE,55.392885,58.71,1,1
2026-05-09,2026-05-09 19:08:00,samedi,regular,['samedi'],Samedi | Billet standard,DICE,55.392885,58.71,1,1
2026-05-26,2026-05-26 22:15:00,samedi,regular,['samedi'],Samedi | Billet standard,DICE,55.392885,58.71,1,1
2026-05-26,2026-05-26 22:15:00,samedi,regular,['samedi'],Samedi | Billet standard,DICE,55.392885,58.71,1,1
2026-05-06,2026-05-06 19:15:00,samedi,regular,['samedi'],Samedi | Billet standard,DICE,55.392885,58.71,1,1
2026-07-19,2026-07-19 19:38:00,samedi,regular,['samedi'],Samedi | Billet standard,DICE,55.392885,58.71,1,1
2026-07-19,2026-07-19 19:38:00,samedi,regular,['samedi'],Samedi | Billet standard,DICE,55.392885,58.71,1,1
2026-05-06,2026-05-06 20:37:00,samedi,regular,['samedi'],Samedi | Billet standard,DICE,55.392885,58.71,1,1
2026-05-06,2026-05-06 20:37:00,samedi,regular,['samedi'],Samedi | Billet standard,DICE,55.392885,58.71,1,1
2026-06-20,2026-06-20 15:12:00,samedi,regular,['samedi'],Samedi | Billet standard,DICE,55.392885,58.71,1,1
2026-06-20,2026-06-20 15:12:00,samedi,regular,['samedi'],Samedi | Billet standard,DICE,55.392885,58.71,1,1
2026-07-11,2026-07-11 17:47:00,samedi,regular,['samedi'],Samedi | Billet standard,DICE,55.392885,58.71,1,1
2026-05-14,2026-05-14 12:43:00,samedi,regular,['samedi'],Samedi | Billet standard,DICE,55.392885,58.71,1,1
2026-07-30,2026-07-30 00:29:00,samedi,regular,['samedi'],Samedi | Billet standard,DICE,55.392885,58.71,1,1
2026-05-06,2026-05-06 19:47:00,samedi,regular,['samedi'],Samedi | Billet standard,DICE,55.392885,58.71,1,1
2026-06-08,2026-06-08 15:20:00,samedi,regular,['samedi'],Samedi | Billet standard,DICE,55.392885,58.71,1,1
2026-06-08,2026-06-08 15:20:00,samedi,regular,['samedi'],Samedi | Billet standard,DICE,55.392885,58.71,1,1
2026-05-08,2026-05-08 09:34:00,samedi,regular,['samedi'],Samedi | Billet standard,DICE,55.392885,58.71,1,1
2026-05-08,2026-05-08 09:34:00,samedi,regular,['samedi'],Samedi | Billet standard,DICE,55.392885,58.71,1,1
2026-05-08,2026-05-08 09:34:00,samedi,regular,['samedi'],Samedi | Billet standard,DICE,55.392885,58.71,1,1
2026-05-08,2026-05-08 09:34:00,samedi,regular,['samedi'],Samedi | Billet standard,DICE,55.392885,58.71,1,1
2026-05-06,2026-05-06 22:39:00,samedi,regular,['samedi'],Samedi | Billet standard,DICE,55.392885,58.71,1,1
2026-05-06,2026-05-06 22:39:00,samedi,regular,['samedi'],Samedi | Billet standard,DICE,55.392885,58.71,1,1
2026-05-06,2026-05-06 19:16:00,samedi,regular,['samedi'],Samedi | Billet standard,DICE,55.392885,58.71,1,1
2026-05-06,2026-05-06 19:15:00,samedi,regular,['samedi'],Samedi | Billet standard,DICE,55.392885,58.71,1,1
2026-06-03,2026-06-03 12:54:00,samedi,regular,['samedi'],Samedi | Billet standard,DICE,55.392885,58.71,1,1
2026-07-09,2026-07-09 21:57:00,samedi,regular,['samedi'],Samedi | Billet standard,DICE,55.392885,58.71,1,1
2026-05-08,2026-05-08 16:52:00,samedi,regular,['samedi'],Samedi | Billet standard,DICE,55.392885,58.71,1,1
2026-05-08,2026-05-08 16:52:00,samedi,regular,['samedi'],Samedi | Billet standard,DICE,55.392885,58.71,1,1
2026-05-06,2026-05-06 19:17:00,samedi,regular,['samedi'],Samedi | Billet standard,DICE,55.392885,58.71,1,1
2026-05-06,2026-05-06 19:17:00,samedi,regular,['samedi'],Samedi | Billet standard,DICE,55.392885,58.71,1,1
2026-05-07,2026-05-07 18:12:00,samedi,regular,['samedi'],Samedi | Billet standard,DICE,55.392885,58.71,1,1
2026-07-07,2026-07-07 20:19:00,samedi,regular,['samedi'],Samedi | Billet standard,DICE,55.392885,58.71,1,1
2026-05-09,2026-05-09 15:00:00,samedi,regular,['samedi'],Samedi | Billet standard,DICE,55.392885,58.71,1,1
2026-05-06,2026-05-06 19:20:00,samedi,regular,['samedi'],Samedi | Billet standard,DICE,55.392885,58.71,1,1
2026-05-06,2026-05-06 19:20:00,samedi,regular,['samedi'],Samedi | Billet standard,DICE,55.392885,58.71,1,1
2026-05-06,2026-05-06 19:20:00,samedi,regular,['samedi'],Samedi | Billet standard,DICE,55.392885,58.71,1,1
2026-05-06,2026-05-06 19:20:00,samedi,regular,['samedi'],Samedi | Billet standard,DICE,55.392885,58.71,1,1
2026-05-15,2026-05-15 17:18:00,samedi,regular,['samedi'],Samedi | Billet standard,DICE,55.392885,58.71,1,1
2026-05-12,2026-05-12 16:57:00,samedi,regular,['samedi'],Samedi | Billet standard,DICE,55.392885,58.71,1,1
2026-05-12,2026-05-12 16:57:00,samedi,regular,['samedi'],Samedi | Billet standard,DICE,55.392885,58.71,1,1
2026-05-12,2026-05-12 16:57:00,samedi,regular,['samedi'],Samedi | Billet standard,DICE,55.392885,58.71,1,1
2026-08-03,2026-08-03 13:11:00,samedi,regular,['samedi'],Samedi | Billet standard,DICE,55.392885,58.71,1,1
2026-08-03,2026-08-03 13:11:00,samedi,regular,['samedi'],Samedi | Billet standard,DICE,55.392885,58.71,1,1
2026-08-03,2026-08-03 13:11:00,samedi,regular,['samedi'],Samedi | Billet standard,DICE,55.392885,58.71,1,1
2026-05-06,2026-05-06 19:16:00,samedi,regular,['samedi'],Samedi | Billet standard,DICE,55.392885,58.71,1,1
2026-05-06,2026-05-06 19:16:00,samedi,regular,['samedi'],Samedi | Billet standard,DICE,55.392885,58.71,1,1
2026-05-06,2026-05-06 19:35:00,samedi,regular,['samedi'],Samedi | Billet standard,DICE,55.392885,58.71,1,1
2026-05-06,2026-05-06 19:35:00,samedi,regular,['samedi'],Samedi | Billet standard,DICE,55.392885,58.71,1,1
2026-05-06,2026-05-06 19:17:00,samedi,regular,['samedi'],Samedi | Billet standard,DICE,55.392885,58.71,1,1
2026-05-06,2026-05-06 19:17:00,samedi,regular,['samedi'],Samedi | Billet standard,DICE,55.392885,58.71,1,1
2026-07-16,2026-07-16 22:24:00,samedi,regular,['samedi'],Samedi | Billet standard,DICE,55.392885,58.71,1,1
2026-05-06,2026-05-06 19:15:00,samedi,regular,['samedi'],Samedi | Billet standard,DICE,55.392885,58.71,1,1
2026-05-30,2026-05-30 14:05:00,samedi,regular,['samedi'],Samedi | Billet standard,DICE,55.392885,58.71,1,1
2026-05-06,2026-05-06 19:30:00,samedi,regular,['samedi'],Samedi | Billet standard,DICE,55.392885,58.71,1,1
2026-05-06,2026-05-06 19:30:00,samedi,regular,['samedi'],Samedi | Billet standard,DICE,55.392885,58.71,1,1
2026-05-23,2026-05-23 13:42:00,samedi,regular,['samedi'],Samedi | Billet standard,DICE,55.392885,58.71,1,1
2026-05-23,2026-05-23 13:42:00,samedi,regular,['samedi'],Samedi | Billet standard,DICE,55.392885,58.71,1,1
2026-05-23,2026-05-23 13:42:00,samedi,regular,['samedi'],Samedi | Billet standard,DICE,55.392885,58.71,1,1
2026-05-06,2026-05-06 19:16:00,samedi,regular,['samedi'],Samedi | Billet standard,DICE,55.392885,58.71,1,1
2026-05-06,2026-05-06 19:16:00,samedi,regular,['samedi'],Samedi | Billet standard,DICE,55.392885,58.71,1,1
2026-05-06,2026-05-06 20:37:00,samedi,regular,['samedi'],Samedi | Billet standard,DICE,55.392885,58.71,1,1
2026-07-22,2026-07-22 21:16:00,samedi,regular,['samedi'],Samedi | Billet standard,DICE,55.392885,58.71,1,1
2026-05-08,2026-05-08 10:42:00,samedi,regular,['samedi'],Samedi | Billet standard,DICE,55.392885,58.71,1,1
2026-05-17,2026-05-17 13:07:00,samedi,regular,['samedi'],Samedi | Billet standard,DICE,55.392885,58.71,1,1
2026-06-02,2026-06-02 22:53:00,samedi,regular,['samedi'],Samedi | Billet standard,DICE,55.392885,58.71,1,1
2026-06-02,2026-06-02 22:53:00,samedi,regular,['samedi'],Samedi | Billet standard,DICE,55.392885,58.71,1,1
2026-05-06,2026-05-06 19:35:00,samedi,regular,['samedi'],Samedi | Billet standard,DICE,55.392885,58.71,1,1
2026-05-07,2026-05-07 23:05:00,samedi,regular,['samedi'],Samedi | Billet standard,DICE,55.392885,58.71,1,1
2026-05-07,2026-05-07 23:05:00,samedi,regular,['samedi'],Samedi | Billet standard,DICE,55.392885,58.71,1,1
2026-05-10,2026-05-10 20:29:00,samedi,regular,['samedi'],Samedi | Billet standard,DICE,55.392885,58.71,1,1
2026-05-10,2026-05-10 20:29:00,samedi,regular,['samedi'],Samedi | Billet standard,DICE,55.392885,58.71,1,1
2026-05-06,2026-05-06 19:23:00,samedi,regular,['samedi'],Samedi | Billet standard,DICE,55.392885,58.71,1,1
2026-05-06,2026-05-06 19:23:00,samedi,regular,['samedi'],Samedi | Billet standard,DICE,55.392885,58.71,1,1
2026-07-01,2026-07-01 12:14:00,samedi,regular,['samedi'],Samedi | Billet standard,DICE,55.392885,58.71,1,1
2026-07-30,2026-07-30 21:47:00,samedi,regular,['samedi'],Samedi | Billet standard,DICE,55.392885,58.71,1,1
2026-07-30,2026-07-30 21:47:00,samedi,regular,['samedi'],Samedi | Billet standard,DICE,55.392885,58.71,1,1
2026-05-08,2026-05-08 10:59:00,samedi,regular,['samedi'],Samedi | Billet standard,DICE,55.392885,58.71,1,1
2026-05-08,2026-05-08 10:59:00,samedi,regular,['samedi'],Samedi | Billet standard,DICE,55.392885,58.71,1,1
2026-05-06,2026-05-06 20:13:00,samedi,regular,['samedi'],Samedi | Billet standard,DICE,55.392885,58.71,1,1
2026-05-16,2026-05-16 20:08:00,samedi,regular,['samedi'],Samedi | Billet standard,DICE,55.392885,58.71,1,1
2026-05-16,2026-05-16 20:08:00,samedi,regular,['samedi'],Samedi | Billet standard,DICE,55.392885,58.71,1,1
2026-07-24,2026-07-24 11:19:00,samedi,regular,['samedi'],Samedi | Billet standard,DICE,55.392885,58.71,1,1
2026-05-14,2026-05-14 15:03:00,samedi,regular,['samedi'],Samedi | Billet standard,DICE,55.392885,58.71,1,1
2026-07-31,2026-07-31 23:55:00,samedi,regular,['samedi'],Samedi | Billet standard,DICE,55.392885,58.71,1,1
2026-05-06,2026-05-06 21:12:00,samedi,regular,['samedi'],Samedi | Billet standard,DICE,55.392885,58.71,1,1
2026-05-06,2026-05-06 21:12:00,samedi,regular,['samedi'],Samedi | Billet standard,DICE,55.392885,58.71,1,1
2026-05-06,2026-05-06 21:12:00,samedi,regular,['samedi'],Samedi | Billet standard,DICE,55.392885,58.71,1,1
2026-05-06,2026-05-06 21:12:00,samedi,regular,['samedi'],Samedi | Billet standard,DICE,55.392885,58.71,1,1
2026-05-08,2026-05-08 21:09:00,samedi,regular,['samedi'],Samedi | Billet standard,DICE,55.392885,58.71,1,1
2026-05-08,2026-05-08 23:00:00,samedi,regular,['samedi'],Samedi | Billet standard,DICE,55.392885,58.71,1,1
2026-05-07,2026-05-07 00:27:00,samedi,regular,['samedi'],Samedi | Billet standard,DICE,55.392885,58.71,1,1
2026-05-07,2026-05-07 00:27:00,samedi,regular,['samedi'],Samedi | Billet standard,DICE,55.392885,58.71,1,1
2026-05-07,2026-05-07 00:27:00,samedi,regular,['samedi'],Samedi | Billet standard,DICE,55.392885,58.71,1,1
2026-05-13,2026-05-13 08:34:00,samedi,regular,['samedi'],Samedi | Billet standard,DICE,55.392885,58.71,1,1
2026-07-09,2026-07-09 21:34:00,samedi,regular,['samedi'],Samedi | Billet standard,DICE,55.392885,58.71,1,1
2026-07-09,2026-07-09 21:34:00,samedi,regular,['samedi'],Samedi | Billet standard,DICE,55.392885,58.71,1,1
2026-05-06,2026-05-06 19:16:00,samedi,regular,['samedi'],Samedi | Billet standard,DICE,55.392885,58.71,1,1
2026-06-07,2026-06-07 22:30:00,samedi,regular,['samedi'],Samedi | Billet standard,DICE,55.392885,58.71,1,1
2026-05-06,2026-05-06 19:17:00,samedi,regular,['samedi'],Samedi | Billet standard,DICE,55.392885,58.71,1,1
2026-05-06,2026-05-06 19:17:00,samedi,regular,['samedi'],Samedi | Billet standard,DICE,55.392885,58.71,1,1
2026-07-11,2026-07-11 17:47:00,samedi,regular,['samedi'],Samedi | Billet standard,DICE,55.392885,58.71,1,1
2026-05-06,2026-05-06 19:35:00,samedi,regular,['samedi'],Samedi | Billet standard,DICE,55.392885,58.71,1,1
2026-05-06,2026-05-06 19:35:00,samedi,regular,['samedi'],Samedi | Billet standard,DICE,55.392885,58.71,1,1
2026-05-06,2026-05-06 20:21:00,samedi,regular,['samedi'],Samedi | Billet standard,DICE,55.392885,58.71,1,1
2026-05-07,2026-05-07 17:38:00,samedi,regular,['samedi'],Samedi | Billet standard,DICE,55.392885,58.71,1,1
2026-06-08,2026-06-08 10:13:00,samedi,regular,['samedi'],Samedi | Billet standard,DICE,55.392885,58.71,1,1
2026-06-08,2026-06-08 10:13:00,samedi,regular,['samedi'],Samedi | Billet standard,DICE,55.392885,58.71,1,1
2026-05-06,2026-05-06 19:30:00,samedi,regular,['samedi'],Samedi | Billet standard,DICE,55.392885,58.71,1,1
2026-05-06,2026-05-06 19:30:00,samedi,regular,['samedi'],Samedi | Billet standard,DICE,55.392885,58.71,1,1
2026-05-06,2026-05-06 19:30:00,samedi,regular,['samedi'],Samedi | Billet standard,DICE,55.392885,58.71,1,1
2026-05-06,2026-05-06 19:30:00,samedi,regular,['samedi'],Samedi | Billet standard,DICE,55.392885,58.71,1,1
2026-07-24,2026-07-24 20:29:00,samedi,regular,['samedi'],Samedi | Billet standard,DICE,55.392885,58.71,1,1
2026-07-21,2026-07-21 17:47:00,samedi,regular,['samedi'],Samedi | Billet standard,DICE,55.392885,58.71,1,1
2026-05-08,2026-05-08 21:57:00,samedi,regular,['samedi'],Samedi | Billet standard,DICE,55.392885,58.71,1,1
2026-05-08,2026-05-08 21:57:00,samedi,regular,['samedi'],Samedi | Billet standard,DICE,55.392885,58.71,1,1
2026-05-08,2026-05-08 21:57:00,samedi,regular,['samedi'],Samedi | Billet standard,DICE,55.392885,58.71,1,1
2026-05-08,2026-05-08 21:57:00,samedi,regular,['samedi'],Samedi | Billet standard,DICE,55.392885,58.71,1,1
2026-07-27,2026-07-27 22:28:00,samedi,regular,['samedi'],Samedi | Billet standard,DICE,55.392885,58.71,1,1
2026-05-07,2026-05-07 12:45:00,samedi,regular,['samedi'],Samedi | Billet standard,DICE,55.392885,58.71,1,1
2026-07-05,2026-07-05 00:19:00,samedi,regular,['samedi'],Samedi | Billet standard,DICE,55.392885,58.71,1,1
2026-05-06,2026-05-06 19:55:00,samedi,regular,['samedi'],Samedi | Billet standard,DICE,55.392885,58.71,1,1
2026-07-03,2026-07-03 04:56:00,samedi,regular,['samedi'],Samedi | Billet standard,DICE,55.392885,58.71,1,1
2026-05-13,2026-05-13 10:41:00,samedi,regular,['samedi'],Samedi | Billet standard,DICE,55.392885,58.71,1,1
2026-05-13,2026-05-13 10:41:00,samedi,regular,['samedi'],Samedi | Billet standard,DICE,55.392885,58.71,1,1
2026-05-13,2026-05-13 10:41:00,samedi,regular,['samedi'],Samedi | Billet standard,DICE,55.392885,58.71,1,1
2026-05-21,2026-05-21 07:39:00,samedi,regular,['samedi'],Samedi | Billet standard,DICE,55.392885,58.71,1,1
2026-05-30,2026-05-30 22:27:00,samedi,regular,['samedi'],Samedi | Billet standard,DICE,55.392885,58.71,1,1
2026-05-30,2026-05-30 22:27:00,samedi,regular,['samedi'],Samedi | Billet standard,DICE,55.392885,58.71,1,1
2026-05-30,2026-05-30 22:27:00,samedi,regular,['samedi'],Samedi | Billet standard,DICE,55.392885,58.71,1,1
2026-05-06,2026-05-06 19:16:00,samedi,regular,['samedi'],Samedi | Billet standard,DICE,55.392885,58.71,1,1
2026-05-06,2026-05-06 19:16:00,samedi,regular,['samedi'],Samedi | Billet standard,DICE,55.392885,58.71,1,1
2026-05-10,2026-05-10 23:08:00,samedi,regular,['samedi'],Samedi | Billet standard,DICE,55.392885,58.71,1,1
2026-05-10,2026-05-10 23:08:00,samedi,regular,['samedi'],Samedi | Billet standard,DICE,55.392885,58.71,1,1
2026-07-30,2026-07-30 19:52:00,samedi,regular,['samedi'],Samedi | Billet standard,DICE,55.392885,58.71,1,1
2026-07-30,2026-07-30 19:52:00,samedi,regular,['samedi'],Samedi | Billet standard,DICE,55.392885,58.71,1,1
2026-07-23,2026-07-23 10:55:00,samedi,regular,['samedi'],Samedi | Billet standard,DICE,55.392885,58.71,1,1
2026-05-06,2026-05-06 21:09:00,samedi,regular,['samedi'],Samedi | Billet standard,DICE,55.392885,58.71,1,1
2026-05-08,2026-05-08 11:03:00,samedi,regular,['samedi'],Samedi | Billet standard,DICE,55.392885,58.71,1,1
2026-05-08,2026-05-08 11:03:00,samedi,regular,['samedi'],Samedi | Billet standard,DICE,55.392885,58.71,1,1
2026-05-08,2026-05-08 11:03:00,samedi,regular,['samedi'],Samedi | Billet standard,DICE,55.392885,58.71,1,1
2026-05-08,2026-05-08 11:03:00,samedi,regular,['samedi'],Samedi | Billet standard,DICE,55.392885,58.71,1,1
2026-06-29,2026-06-29 12:36:00,samedi,regular,['samedi'],Samedi | Billet standard,DICE,55.392885,58.71,1,1
2026-05-06,2026-05-06 20:27:00,samedi,regular,['samedi'],Samedi | Billet standard,DICE,55.392885,58.71,1,1
2026-07-06,2026-07-06 09:01:00,samedi,regular,['samedi'],Samedi | Billet standard,DICE,55.392885,58.71,1,1
2026-07-06,2026-07-06 09:01:00,samedi,regular,['samedi'],Samedi | Billet standard,DICE,55.392885,58.71,1,1
2026-05-13,2026-05-13 20:38:00,samedi,regular,['samedi'],Samedi | Billet standard,DICE,55.392885,58.71,1,1
2026-05-08,2026-05-08 23:50:00,samedi,regular,['samedi'],Samedi | Billet standard,DICE,55.392885,58.71,1,1
2026-05-19,2026-05-19 12:46:00,samedi,regular,['samedi'],Samedi | Billet standard,DICE,55.392885,58.71,1,1
2026-05-08,2026-05-08 14:52:00,samedi,regular,['samedi'],Samedi | Billet standard,DICE,55.392885,58.71,1,1
2026-05-08,2026-05-08 14:52:00,samedi,regular,['samedi'],Samedi | Billet standard,DICE,55.392885,58.71,1,1
2026-05-06,2026-05-06 19:51:00,samedi,regular,['samedi'],Samedi | Billet standard,DICE,55.392885,58.71,1,1
2026-05-06,2026-05-06 19:31:00,samedi,regular,['samedi'],Samedi | Billet standard,DICE,55.392885,58.71,1,1
2026-05-07,2026-05-07 21:51:00,samedi,regular,['samedi'],Samedi | Billet standard,DICE,55.392885,58.71,1,1
2026-05-07,2026-05-07 21:51:00,samedi,regular,['samedi'],Samedi | Billet standard,DICE,55.392885,58.71,1,1
2026-05-07,2026-05-07 21:51:00,samedi,regular,['samedi'],Samedi | Billet standard,DICE,55.392885,58.71,1,1
2026-05-06,2026-05-06 21:16:00,samedi,regular,['samedi'],Samedi | Billet standard,DICE,55.392885,58.71,1,1
2026-05-06,2026-05-06 21:16:00,samedi,regular,['samedi'],Samedi | Billet standard,DICE,55.392885,58.71,1,1
2026-05-06,2026-05-06 21:16:00,samedi,regular,['samedi'],Samedi | Billet standard,DICE,55.392885,58.71,1,1
2026-05-06,2026-05-06 21:16:00,samedi,regular,['samedi'],Samedi | Billet standard,DICE,55.392885,58.71,1,1
2026-07-02,2026-07-02 11:19:00,samedi,regular,['samedi'],Samedi | Billet standard,DICE,55.392885,58.71,1,1
2026-07-02,2026-07-02 11:19:00,samedi,regular,['samedi'],Samedi | Billet standard,DICE,55.392885,58.71,1,1
2026-05-06,2026-05-06 19:16:00,samedi,regular,['samedi'],Samedi | Billet standard,DICE,55.392885,58.71,1,1
2026-05-06,2026-05-06 19:16:00,samedi,regular,['samedi'],Samedi | Billet standard,DICE,55.392885,58.71,1,1
2026-05-06,2026-05-06 19:16:00,samedi,regular,['samedi'],Samedi | Billet standard,DICE,55.392885,58.71,1,1
2026-06-06,2026-06-06 02:12:00,samedi,regular,['samedi'],Samedi | Billet standard,DICE,55.392885,58.71,1,1
2026-07-30,2026-07-30 17:00:00,samedi,regular,['samedi'],Samedi | Billet standard,DICE,55.392885,58.71,1,1
2026-05-19,2026-05-19 21:34:00,samedi,regular,['samedi'],Samedi | Billet standard,DICE,55.392885,58.71,1,1
2026-05-07,2026-05-07 18:25:00,samedi,regular,['samedi'],Samedi | Billet standard,DICE,55.392885,58.71,1,1
2026-05-24,2026-05-24 09:40:00,samedi,regular,['samedi'],Samedi | Billet standard,DICE,55.392885,58.71,1,1
2026-05-24,2026-05-24 09:40:00,samedi,regular,['samedi'],Samedi | Billet standard,DICE,55.392885,58.71,1,1
2026-05-06,2026-05-06 19:19:00,samedi,regular,['samedi'],Samedi | Billet standard,DICE,55.392885,58.71,1,1
2026-05-06,2026-05-06 19:17:00,samedi,regular,['samedi'],Samedi | Billet standard,DICE,55.392885,58.71,1,1
2026-07-31,2026-07-31 23:55:00,samedi,regular,['samedi'],Samedi | Billet standard,DICE,55.392885,58.71,1,1
2026-05-06,2026-05-06 21:46:00,samedi,regular,['samedi'],Samedi | Billet standard,DICE,55.392885,58.71,1,1
2026-05-06,2026-05-06 21:46:00,samedi,regular,['samedi'],Samedi | Billet standard,DICE,55.392885,58.71,1,1
2026-05-06,2026-05-06 21:46:00,samedi,regular,['samedi'],Samedi | Billet standard,DICE,55.392885,58.71,1,1
2026-05-06,2026-05-06 21:46:00,samedi,regular,['samedi'],Samedi | Billet standard,DICE,55.392885,58.71,1,1
2026-05-06,2026-05-06 19:16:00,samedi,regular,['samedi'],Samedi | Billet standard,DICE,55.392885,58.71,1,1
2026-07-21,2026-07-21 20:38:00,samedi,regular,['samedi'],Samedi | Billet standard,DICE,55.392885,58.71,1,1
2026-05-06,2026-05-06 20:00:00,samedi,regular,['samedi'],Samedi | Billet standard,DICE,55.392885,58.71,1,1
2026-05-07,2026-05-07 12:12:00,samedi,regular,['samedi'],Samedi | Billet standard,DICE,55.392885,58.71,1,1
2026-05-07,2026-05-07 12:12:00,samedi,regular,['samedi'],Samedi | Billet standard,DICE,55.392885,58.71,1,1
2026-05-06,2026-05-06 19:17:00,samedi,regular,['samedi'],Samedi | Billet standard,DICE,55.392885,58.71,1,1
2026-05-06,2026-05-06 19:17:00,samedi,regular,['samedi'],Samedi | Billet standard,DICE,55.392885,58.71,1,1
2026-05-06,2026-05-06 19:17:00,samedi,regular,['samedi'],Samedi | Billet standard,DICE,55.392885,58.71,1,1
2026-07-30,2026-07-30 22:46:00,samedi,regular,['samedi'],Samedi | Billet standard,DICE,55.392885,58.71,1,1
2026-05-06,2026-05-06 19:24:00,samedi,regular,['samedi'],Samedi | Billet standard,DICE,55.392885,58.71,1,1
2026-05-06,2026-05-06 19:24:00,samedi,regular,['samedi'],Samedi | Billet standard,DICE,55.392885,58.71,1,1
2026-05-06,2026-05-06 19:19:00,samedi,regular,['samedi'],Samedi | Billet standard,DICE,55.392885,58.71,1,1
2026-05-06,2026-05-06 19:19:00,samedi,regular,['samedi'],Samedi | Billet standard,DICE,55.392885,58.71,1,1
2026-05-14,2026-05-14 00:06:00,samedi,regular,['samedi'],Samedi | Billet standard,DICE,55.392885,58.71,1,1
2026-05-06,2026-05-06 20:32:00,samedi,regular,['samedi'],Samedi | Billet standard,DICE,55.392885,58.71,1,1
2026-05-06,2026-05-06 20:32:00,samedi,regular,['samedi'],Samedi | Billet standard,DICE,55.392885,58.71,1,1
2026-05-06,2026-05-06 22:28:00,samedi,regular,['samedi'],Samedi | Billet standard,DICE,55.392885,58.71,1,1
2026-05-06,2026-05-06 22:28:00,samedi,regular,['samedi'],Samedi | Billet standard,DICE,55.392885,58.71,1,1
2026-05-08,2026-05-08 18:10:00,samedi,regular,['samedi'],Samedi | Billet standard,DICE,55.392885,58.71,1,1
2026-07-18,2026-07-18 09:32:00,samedi,regular,['samedi'],Samedi | Billet standard,DICE,55.392885,58.71,1,1
2026-07-18,2026-07-18 09:32:00,samedi,regular,['samedi'],Samedi | Billet standard,DICE,55.392885,58.71,1,1
2026-05-06,2026-05-06 19:29:00,samedi,regular,['samedi'],Samedi | Billet standard,DICE,55.392885,58.71,1,1
2026-05-06,2026-05-06 22:22:00,samedi,regular,['samedi'],Samedi | Billet standard,DICE,55.392885,58.71,1,1
2026-05-09,2026-05-09 19:04:00,samedi,regular,['samedi'],Samedi | Billet standard,DICE,55.392885,58.71,1,1
2026-05-06,2026-05-06 21:09:00,samedi,regular,['samedi'],Samedi | Billet standard,DICE,55.392885,58.71,1,1
2026-05-06,2026-05-06 19:18:00,samedi,regular,['samedi'],Samedi | Billet standard,DICE,55.392885,58.71,1,1
2026-05-06,2026-05-06 19:17:00,samedi,regular,['samedi'],Samedi | Billet standard,DICE,55.392885,58.71,1,1
2026-06-22,2026-06-22 18:33:00,samedi,regular,['samedi'],Samedi | Billet standard,DICE,55.392885,58.71,1,1
2026-06-22,2026-06-22 18:33:00,samedi,regular,['samedi'],Samedi | Billet standard,DICE,55.392885,58.71,1,1
2026-05-06,2026-05-06 22:22:00,samedi,regular,['samedi'],Samedi | Billet standard,DICE,55.392885,58.71,1,1
2026-06-07,2026-06-07 17:57:00,samedi,regular,['samedi'],Samedi | Billet standard,DICE,55.392885,58.71,1,1
2026-06-07,2026-06-07 17:57:00,samedi,regular,['samedi'],Samedi | Billet standard,DICE,55.392885,58.71,1,1
2026-05-06,2026-05-06 19:16:00,samedi,regular,['samedi'],Samedi | Billet standard,DICE,55.392885,58.71,1,1
2026-07-26,2026-07-26 17:54:00,samedi,regular,['samedi'],Samedi | Billet standard,DICE,55.392885,58.71,1,1
2026-07-26,2026-07-26 17:54:00,samedi,regular,['samedi'],Samedi | Billet standard,DICE,55.392885,58.71,1,1
2026-07-26,2026-07-26 17:54:00,samedi,regular,['samedi'],Samedi | Billet standard,DICE,55.392885,58.71,1,1
2026-06-20,2026-06-20 17:49:00,samedi,regular,['samedi'],Samedi | Billet standard,DICE,55.392885,58.71,1,1
2026-05-06,2026-05-06 20:03:00,samedi,regular,['samedi'],Samedi | Billet standard,DICE,55.392885,58.71,1,1
2026-05-06,2026-05-06 20:03:00,samedi,regular,['samedi'],Samedi | Billet standard,DICE,55.392885,58.71,1,1
2026-07-20,2026-07-20 18:54:00,samedi,regular,['samedi'],Samedi | Billet standard,DICE,55.392885,58.71,1,1
2026-07-20,2026-07-20 18:54:00,samedi,regular,['samedi'],Samedi | Billet standard,DICE,55.392885,58.71,1,1
2026-06-29,2026-06-29 14:34:00,samedi,regular,['samedi'],Samedi | Billet standard,DICE,55.392885,58.71,1,1
2026-05-06,2026-05-06 19:16:00,samedi,regular,['samedi'],Samedi | Billet standard,DICE,55.392885,58.71,1,1
2026-05-06,2026-05-06 19:16:00,samedi,regular,['samedi'],Samedi | Billet standard,DICE,55.392885,58.71,1,1
2026-05-06,2026-05-06 19:16:00,samedi,regular,['samedi'],Samedi | Billet standard,DICE,55.392885,58.71,1,1
2026-05-06,2026-05-06 19:16:00,samedi,regular,['samedi'],Samedi | Billet standard,DICE,55.392885,58.71,1,1
2026-05-06,2026-05-06 19:16:00,samedi,regular,['samedi'],Samedi | Billet standard,DICE,55.392885,58.71,1,1
2026-05-06,2026-05-06 19:16:00,samedi,regular,['samedi'],Samedi | Billet standard,DICE,55.392885,58.71,1,1
2026-07-29,2026-07-29 19:28:00,samedi,regular,['samedi'],Samedi | Billet standard,DICE,55.392885,58.71,1,1
2026-05-06,2026-05-06 19:33:00,samedi,regular,['samedi'],Samedi | Billet standard,DICE,55.392885,58.71,1,1
2026-05-06,2026-05-06 19:17:00,samedi,regular,['samedi'],Samedi | Billet standard,DICE,55.392885,58.71,1,1
2026-07-02,2026-07-02 22:53:00,samedi,regular,['samedi'],Samedi | Billet standard,DICE,55.392885,58.71,1,1
2026-07-02,2026-07-02 22:53:00,samedi,regular,['samedi'],Samedi | Billet standard,DICE,55.392885,58.71,1,1
2026-05-06,2026-05-06 19:24:00,samedi,regular,['samedi'],Samedi | Billet standard,DICE,55.392885,58.71,1,1
2026-05-06,2026-05-06 19:24:00,samedi,regular,['samedi'],Samedi | Billet standard,DICE,55.392885,58.71,1,1
2026-05-06,2026-05-06 19:20:00,samedi,regular,['samedi'],Samedi | Billet standard,DICE,55.392885,58.71,1,1
2026-05-06,2026-05-06 19:20:00,samedi,regular,['samedi'],Samedi | Billet standard,DICE,55.392885,58.71,1,1
2026-05-06,2026-05-06 19:28:00,samedi,regular,['samedi'],Samedi | Billet standard,DICE,55.392885,58.71,1,1
2026-05-06,2026-05-06 19:28:00,samedi,regular,['samedi'],Samedi | Billet standard,DICE,55.392885,58.71,1,1
2026-06-03,2026-06-03 00:30:00,samedi,regular,['samedi'],Samedi | Billet standard,DICE,55.392885,58.71,1,1
2026-06-03,2026-06-03 00:30:00,samedi,regular,['samedi'],Samedi | Billet standard,DICE,55.392885,58.71,1,1
2026-05-06,2026-05-06 19:42:00,samedi,regular,['samedi'],Samedi | Billet standard,DICE,55.392885,58.71,1,1
2026-05-06,2026-05-06 19:42:00,samedi,regular,['samedi'],Samedi | Billet standard,DICE,55.392885,58.71,1,1
2026-05-07,2026-05-07 22:41:00,samedi,regular,['samedi'],Samedi | Billet standard,DICE,55.392885,58.71,1,1
2026-05-16,2026-05-16 23:35:00,samedi,regular,['samedi'],Samedi | Billet standard,DICE,55.392885,58.71,1,1
2026-06-10,2026-06-10 13:45:00,samedi,regular,['samedi'],Samedi | Billet standard,DICE,55.392885,58.71,1,1
2026-05-06,2026-05-06 19:16:00,samedi,regular,['samedi'],Samedi | Billet standard,DICE,55.392885,58.71,1,1
2026-05-06,2026-05-06 19:17:00,samedi,regular,['samedi'],Samedi | Billet standard,DICE,55.392885,58.71,1,1
2026-05-06,2026-05-06 19:17:00,samedi,regular,['samedi'],Samedi | Billet standard,DICE,55.392885,58.71,1,1
2026-05-07,2026-05-07 22:55:00,samedi,regular,['samedi'],Samedi | Billet standard,DICE,55.392885,58.71,1,1
2026-06-08,2026-06-08 10:58:00,samedi,regular,['samedi'],Samedi | Billet standard,DICE,55.392885,58.71,1,1
2026-06-08,2026-06-08 10:58:00,samedi,regular,['samedi'],Samedi | Billet standard,DICE,55.392885,58.71,1,1
2026-06-08,2026-06-08 10:58:00,samedi,regular,['samedi'],Samedi | Billet standard,DICE,55.392885,58.71,1,1
2026-07-17,2026-07-17 23:23:00,samedi,regular,['samedi'],Samedi | Billet standard,DICE,55.392885,58.71,1,1
2026-05-06,2026-05-06 20:17:00,samedi,regular,['samedi'],Samedi | Billet standard,DICE,55.392885,58.71,1,1
2026-07-18,2026-07-18 10:06:00,samedi,regular,['samedi'],Samedi | Billet standard,DICE,55.392885,58.71,1,1
2026-07-18,2026-07-18 10:06:00,samedi,regular,['samedi'],Samedi | Billet standard,DICE,55.392885,58.71,1,1
2026-07-18,2026-07-18 10:06:00,samedi,regular,['samedi'],Samedi | Billet standard,DICE,55.392885,58.71,1,1
2026-07-18,2026-07-18 10:06:00,samedi,regular,['samedi'],Samedi | Billet standard,DICE,55.392885,58.71,1,1
2026-05-06,2026-05-06 20:07:00,samedi,regular,['samedi'],Samedi | Billet standard,DICE,55.392885,58.71,1,1
2026-05-06,2026-05-06 20:07:00,samedi,regular,['samedi'],Samedi | Billet standard,DICE,55.392885,58.71,1,1
2026-06-02,2026-06-02 18:06:00,samedi,regular,['samedi'],Samedi | Billet standard,DICE,55.392885,58.71,1,1
2026-05-06,2026-05-06 19:18:00,samedi,regular,['samedi'],Samedi | Billet standard,DICE,55.392885,58.71,1,1
2026-05-06,2026-05-06 19:18:00,samedi,regular,['samedi'],Samedi | Billet standard,DICE,55.392885,58.71,1,1
2026-05-06,2026-05-06 20:37:00,samedi,regular,['samedi'],Samedi | Billet standard,DICE,55.392885,58.71,1,1
2026-05-11,2026-05-11 11:54:00,samedi,regular,['samedi'],Samedi | Billet standard,DICE,55.392885,58.71,1,1
2026-05-06,2026-05-06 19:15:00,samedi,regular,['samedi'],Samedi | Billet standard,DICE,55.392885,58.71,1,1
2026-05-06,2026-05-06 22:29:00,samedi,regular,['samedi'],Samedi | Billet standard,DICE,55.392885,58.71,1,1
2026-05-06,2026-05-06 19:15:00,samedi,regular,['samedi'],Samedi | Billet standard,DICE,55.392885,58.71,1,1
2026-07-03,2026-07-03 19:22:00,samedi,regular,['samedi'],Samedi | Billet standard,DICE,55.392885,58.71,1,1
2026-07-03,2026-07-03 19:22:00,samedi,regular,['samedi'],Samedi | Billet standard,DICE,55.392885,58.71,1,1
2026-05-06,2026-05-06 20:25:00,samedi,regular,['samedi'],Samedi | Billet standard,DICE,55.392885,58.71,1,1
2026-07-05,2026-07-05 14:26:00,samedi,regular,['samedi'],Samedi | Billet standard,DICE,55.392885,58.71,1,1
2026-07-05,2026-07-05 14:26:00,samedi,regular,['samedi'],Samedi | Billet standard,DICE,55.392885,58.71,1,1
2026-06-04,2026-06-04 10:26:00,samedi,regular,['samedi'],Samedi | Billet standard,DICE,55.392885,58.71,1,1
2026-05-29,2026-05-29 22:17:00,samedi,regular,['samedi'],Samedi | Billet standard,DICE,55.392885,58.71,1,1
2026-05-29,2026-05-29 22:17:00,samedi,regular,['samedi'],Samedi | Billet standard,DICE,55.392885,58.71,1,1
2026-05-29,2026-05-29 22:17:00,samedi,regular,['samedi'],Samedi | Billet standard,DICE,55.392885,58.71,1,1
2026-05-07,2026-05-07 16:48:00,samedi,regular,['samedi'],Samedi | Billet standard,DICE,55.392885,58.71,1,1
2026-05-07,2026-05-07 16:48:00,samedi,regular,['samedi'],Samedi | Billet standard,DICE,55.392885,58.71,1,1
2026-05-15,2026-05-15 23:29:00,samedi,regular,['samedi'],Samedi | Billet standard,DICE,55.392885,58.71,1,1
2026-05-06,2026-05-06 19:19:00,samedi,regular,['samedi'],Samedi | Billet standard,DICE,55.392885,58.71,1,1
2026-05-06,2026-05-06 19:19:00,samedi,regular,['samedi'],Samedi | Billet standard,DICE,55.392885,58.71,1,1
2026-05-06,2026-05-06 19:19:00,samedi,regular,['samedi'],Samedi | Billet standard,DICE,55.392885,58.71,1,1
2026-05-06,2026-05-06 19:19:00,samedi,regular,['samedi'],Samedi | Billet standard,DICE,55.392885,58.71,1,1
2026-06-13,2026-06-13 17:52:00,samedi,regular,['samedi'],Samedi | Billet standard,DICE,55.392885,58.71,1,1
2026-06-19,2026-06-19 16:57:00,samedi,regular,['samedi'],Samedi | Billet standard,DICE,55.392885,58.71,1,1
2026-06-19,2026-06-19 16:57:00,samedi,regular,['samedi'],Samedi | Billet standard,DICE,55.392885,58.71,1,1
2026-06-19,2026-06-19 16:57:00,samedi,regular,['samedi'],Samedi | Billet standard,DICE,55.392885,58.71,1,1
2026-06-19,2026-06-19 16:57:00,samedi,regular,['samedi'],Samedi | Billet standard,DICE,55.392885,58.71,1,1
2026-06-19,2026-06-19 16:57:00,samedi,regular,['samedi'],Samedi | Billet standard,DICE,55.392885,58.71,1,1
2026-06-19,2026-06-19 16:57:00,samedi,regular,['samedi'],Samedi | Billet standard,DICE,55.392885,58.71,1,1
2026-05-07,2026-05-07 22:59:00,samedi,regular,['samedi'],Samedi | Billet standard,DICE,55.392885,58.71,1,1
2026-07-30,2026-07-30 17:14:00,samedi,regular,['samedi'],Samedi | Billet standard,DICE,55.392885,58.71,1,1
2026-07-31,2026-07-31 03:24:00,samedi,regular,['samedi'],Samedi | Billet standard,DICE,55.392885,58.71,1,1
2026-07-31,2026-07-31 03:24:00,samedi,regular,['samedi'],Samedi | Billet standard,DICE,55.392885,58.71,1,1
2026-05-06,2026-05-06 21:27:00,samedi,regular,['samedi'],Samedi | Billet standard,DICE,55.392885,58.71,1,1
2026-05-24,2026-05-24 16:25:00,samedi,regular,['samedi'],Samedi | Billet standard,DICE,55.392885,58.71,1,1
2026-05-06,2026-05-06 19:16:00,samedi,regular,['samedi'],Samedi | Billet standard,DICE,55.392885,58.71,1,1
2026-05-06,2026-05-06 19:16:00,samedi,regular,['samedi'],Samedi | Billet standard,DICE,55.392885,58.71,1,1
2026-05-06,2026-05-06 20:04:00,samedi,regular,['samedi'],Samedi | Billet standard,DICE,55.392885,58.71,1,1
2026-06-08,2026-06-08 13:59:00,samedi,regular,['samedi'],Samedi | Billet standard,DICE,55.392885,58.71,1,1
2026-06-08,2026-06-08 13:59:00,samedi,regular,['samedi'],Samedi | Billet standard,DICE,55.392885,58.71,1,1
2026-07-21,2026-07-21 12:32:00,samedi,regular,['samedi'],Samedi | Billet standard,DICE,55.392885,58.71,1,1
2026-07-21,2026-07-21 22:49:00,samedi,regular,['samedi'],Samedi | Billet standard,DICE,55.392885,58.71,1,1
2026-05-06,2026-05-06 19:16:00,samedi,regular,['samedi'],Samedi | Billet standard,DICE,55.392885,58.71,1,1
2026-05-06,2026-05-06 19:16:00,samedi,regular,['samedi'],Samedi | Billet standard,DICE,55.392885,58.71,1,1
2026-05-07,2026-05-07 11:20:00,samedi,early_entry,['samedi'],Samedi | Entrée avant 21h,DICE,45.674834999999995,48.41,1,1
2026-05-07,2026-05-07 11:20:00,samedi,early_entry,['samedi'],Samedi | Entrée avant 21h,DICE,45.674834999999995,48.41,1,1
2026-05-06,2026-05-06 19:17:00,samedi,early_entry,['samedi'],Samedi | Entrée avant 21h,DICE,45.674834999999995,48.41,1,1
2026-05-06,2026-05-06 19:17:00,samedi,early_entry,['samedi'],Samedi | Entrée avant 21h,DICE,45.674834999999995,48.41,1,1
2026-05-06,2026-05-06 19:28:00,samedi,early_entry,['samedi'],Samedi | Entrée avant 21h,DICE,45.674834999999995,48.41,1,1
2026-05-29,2026-05-29 20:50:00,samedi,early_entry,['samedi'],Samedi | Entrée avant 21h,DICE,45.674834999999995,48.41,1,1
2026-05-29,2026-05-29 20:50:00,samedi,early_entry,['samedi'],Samedi | Entrée avant 21h,DICE,45.674834999999995,48.41,1,1
2026-06-01,2026-06-01 23:32:00,samedi,early_entry,['samedi'],Samedi | Entrée avant 21h,DICE,45.674834999999995,48.41,1,1
2026-08-05,2026-08-05 22:00:00,samedi,early_entry,['samedi'],Samedi | Entrée avant 21h,DICE,50.533860000000004,53.56,1,1
2026-05-19,2026-05-19 14:20:00,samedi,early_entry,['samedi'],Samedi | Entrée avant 21h,DICE,45.674834999999995,48.41,1,1
2026-05-19,2026-05-19 14:20:00,samedi,early_entry,['samedi'],Samedi | Entrée avant 21h,DICE,45.674834999999995,48.41,1,1
2026-05-31,2026-05-31 13:44:00,samedi,early_entry,['samedi'],Samedi | Entrée avant 21h,DICE,45.674834999999995,48.41,1,1
2026-05-06,2026-05-06 19:15:00,samedi,early_entry,['samedi'],Samedi | Entrée avant 21h,DICE,45.674834999999995,48.41,1,1
2026-05-07,2026-05-07 12:27:00,samedi,early_entry,['samedi'],Samedi | Entrée avant 21h,DICE,45.674834999999995,48.41,1,1
2026-06-22,2026-06-22 16:17:00,samedi,early_entry,['samedi'],Samedi | Entrée avant 21h,DICE,45.674834999999995,48.41,1,1
2026-05-06,2026-05-06 19:16:00,samedi,early_entry,['samedi'],Samedi | Entrée avant 21h,DICE,45.674834999999995,48.41,1,1
2026-05-06,2026-05-06 19:15:00,samedi,early_entry,['samedi'],Samedi | Entrée avant 21h,DICE,45.674834999999995,48.41,1,1
2026-05-06,2026-05-06 19:15:00,samedi,early_entry,['samedi'],Samedi | Entrée avant 21h,DICE,45.674834999999995,48.41,1,1
2026-08-05,2026-08-05 17:11:00,samedi,early_entry,['samedi'],Samedi | Entrée avant 21h,DICE,50.533860000000004,53.56,1,1
2026-07-20,2026-07-20 19:57:00,samedi,early_entry,['samedi'],Samedi | Entrée avant 21h,DICE,50.533860000000004,53.56,1,1
2026-07-20,2026-07-20 19:57:00,samedi,early_entry,['samedi'],Samedi | Entrée avant 21h,DICE,50.533860000000004,53.56,1,1
2026-08-02,2026-08-02 10:42:00,samedi,early_entry,['samedi'],Samedi | Entrée avant 21h,DICE,50.533860000000004,53.56,1,1
2026-05-06,2026-05-06 19:17:00,samedi,early_entry,['samedi'],Samedi | Entrée avant 21h,DICE,45.674834999999995,48.41,1,1
2026-05-06,2026-05-06 19:17:00,samedi,early_entry,['samedi'],Samedi | Entrée avant 21h,DICE,45.674834999999995,48.41,1,1
2026-05-06,2026-05-06 19:20:00,samedi,early_entry,['samedi'],Samedi | Entrée avant 21h,DICE,45.674834999999995,48.41,1,1
2026-05-06,2026-05-06 19:20:00,samedi,early_entry,['samedi'],Samedi | Entrée avant 21h,DICE,45.674834999999995,48.41,1,1
2026-05-06,2026-05-06 19:15:00,samedi,early_entry,['samedi'],Samedi | Entrée avant 21h,DICE,45.674834999999995,48.41,1,1
2026-05-06,2026-05-06 19:15:00,samedi,early_entry,['samedi'],Samedi | Entrée avant 21h,DICE,45.674834999999995,48.41,1,1
2026-05-08,2026-05-08 20:46:00,samedi,early_entry,['samedi'],Samedi | Entrée avant 21h,DICE,45.674834999999995,48.41,1,1
2026-05-06,2026-05-06 20:00:00,samedi,early_entry,['samedi'],Samedi | Entrée avant 21h,DICE,45.674834999999995,48.41,1,1
2026-05-06,2026-05-06 20:00:00,samedi,early_entry,['samedi'],Samedi | Entrée avant 21h,DICE,45.674834999999995,48.41,1,1
2026-05-06,2026-05-06 20:00:00,samedi,early_entry,['samedi'],Samedi | Entrée avant 21h,DICE,45.674834999999995,48.41,1,1
2026-05-17,2026-05-17 13:03:00,samedi,early_entry,['samedi'],Samedi | Entrée avant 21h,DICE,45.674834999999995,48.41,1,1
2026-05-17,2026-05-17 13:03:00,samedi,early_entry,['samedi'],Samedi | Entrée avant 21h,DICE,45.674834999999995,48.41,1,1
2026-05-06,2026-05-06 21:22:00,samedi,early_entry,['samedi'],Samedi | Entrée avant 21h,DICE,45.674834999999995,48.41,1,1
2026-05-06,2026-05-06 21:22:00,samedi,early_entry,['samedi'],Samedi | Entrée avant 21h,DICE,45.674834999999995,48.41,1,1
2026-05-06,2026-05-06 21:22:00,samedi,early_entry,['samedi'],Samedi | Entrée avant 21h,DICE,45.674834999999995,48.41,1,1
2026-05-06,2026-05-06 21:22:00,samedi,early_entry,['samedi'],Samedi | Entrée avant 21h,DICE,45.674834999999995,48.41,1,1
2026-05-06,2026-05-06 21:22:00,samedi,early_entry,['samedi'],Samedi | Entrée avant 21h,DICE,45.674834999999995,48.41,1,1
2026-05-06,2026-05-06 19:17:00,samedi,early_entry,['samedi'],Samedi | Entrée avant 21h,DICE,45.674834999999995,48.41,1,1
2026-05-06,2026-05-06 19:17:00,samedi,early_entry,['samedi'],Samedi | Entrée avant 21h,DICE,45.674834999999995,48.41,1,1
2026-05-06,2026-05-06 19:17:00,samedi,early_entry,['samedi'],Samedi | Entrée avant 21h,DICE,45.674834999999995,48.41,1,1
2026-05-06,2026-05-06 19:17:00,samedi,early_entry,['samedi'],Samedi | Entrée avant 21h,DICE,45.674834999999995,48.41,1,1
2026-05-12,2026-05-12 20:34:00,samedi,early_entry,['samedi'],Samedi | Entrée avant 21h,DICE,45.674834999999995,48.41,1,1
2026-05-06,2026-05-06 19:15:00,samedi,early_entry,['samedi'],Samedi | Entrée avant 21h,DICE,45.674834999999995,48.41,1,1
2026-05-06,2026-05-06 19:15:00,samedi,early_entry,['samedi'],Samedi | Entrée avant 21h,DICE,45.674834999999995,48.41,1,1
2026-05-06,2026-05-06 19:23:00,samedi,early_entry,['samedi'],Samedi | Entrée avant 21h,DICE,45.674834999999995,48.41,1,1
2026-05-06,2026-05-06 19:23:00,samedi,early_entry,['samedi'],Samedi | Entrée avant 21h,DICE,45.674834999999995,48.41,1,1
2026-05-30,2026-05-30 23:00:00,samedi,early_entry,['samedi'],Samedi | Entrée avant 21h,DICE,45.674834999999995,48.41,1,1
2026-08-05,2026-08-05 17:11:00,samedi,early_entry,['samedi'],Samedi | Entrée avant 21h,DICE,50.533860000000004,53.56,1,1
2026-05-07,2026-05-07 09:26:00,samedi,early_entry,['samedi'],Samedi | Entrée avant 21h,DICE,45.674834999999995,48.41,1,1
2026-05-07,2026-05-07 09:26:00,samedi,early_entry,['samedi'],Samedi | Entrée avant 21h,DICE,45.674834999999995,48.41,1,1
2026-05-06,2026-05-06 19:21:00,samedi,early_entry,['samedi'],Samedi | Entrée avant 21h,DICE,45.674834999999995,48.41,1,1
2026-05-06,2026-05-06 19:30:00,samedi,early_entry,['samedi'],Samedi | Entrée avant 21h,DICE,45.674834999999995,48.41,1,1
2026-05-06,2026-05-06 19:30:00,samedi,early_entry,['samedi'],Samedi | Entrée avant 21h,DICE,45.674834999999995,48.41,1,1
2026-06-16,2026-06-16 21:31:00,samedi,early_entry,['samedi'],Samedi | Entrée avant 21h,DICE,45.674834999999995,48.41,1,1
2026-06-16,2026-06-16 21:31:00,samedi,early_entry,['samedi'],Samedi | Entrée avant 21h,DICE,45.674834999999995,48.41,1,1
2026-06-24,2026-06-24 16:26:00,samedi,early_entry,['samedi'],Samedi | Entrée avant 21h,DICE,45.674834999999995,48.41,1,1
2026-06-24,2026-06-24 16:26:00,samedi,early_entry,['samedi'],Samedi | Entrée avant 21h,DICE,45.674834999999995,48.41,1,1
2026-05-06,2026-05-06 19:18:00,samedi,early_entry,['samedi'],Samedi | Entrée avant 21h,DICE,45.674834999999995,48.41,1,1
2026-05-06,2026-05-06 22:09:00,samedi,early_entry,['samedi'],Samedi | Entrée avant 21h,DICE,45.674834999999995,48.41,1,1
2026-05-06,2026-05-06 22:09:00,samedi,early_entry,['samedi'],Samedi | Entrée avant 21h,DICE,45.674834999999995,48.41,1,1
2026-05-06,2026-05-06 22:09:00,samedi,early_entry,['samedi'],Samedi | Entrée avant 21h,DICE,45.674834999999995,48.41,1,1
2026-07-26,2026-07-26 16:31:00,samedi,early_entry,['samedi'],Samedi | Entrée avant 21h,DICE,50.533860000000004,53.56,1,1
2026-06-22,2026-06-22 16:17:00,samedi,early_entry,['samedi'],Samedi | Entrée avant 21h,DICE,45.674834999999995,48.41,1,1
2026-06-22,2026-06-22 16:17:00,samedi,early_entry,['samedi'],Samedi | Entrée avant 21h,DICE,45.674834999999995,48.41,1,1
2026-05-06,2026-05-06 19:16:00,samedi,early_entry,['samedi'],Samedi | Entrée avant 21h,DICE,45.674834999999995,48.41,1,1
2026-05-06,2026-05-06 19:15:00,samedi,early_entry,['samedi'],Samedi | Entrée avant 21h,DICE,45.674834999999995,48.41,1,1
2026-05-06,2026-05-06 19:15:00,samedi,early_entry,['samedi'],Samedi | Entrée avant 21h,DICE,45.674834999999995,48.41,1,1
2026-05-06,2026-05-06 21:24:00,samedi,early_entry,['samedi'],Samedi | Entrée avant 21h,DICE,45.674834999999995,48.41,1,1
2026-05-06,2026-05-06 21:24:00,samedi,early_entry,['samedi'],Samedi | Entrée avant 21h,DICE,45.674834999999995,48.41,1,1
2026-05-06,2026-05-06 19:15:00,samedi,early_entry,['samedi'],Samedi | Entrée avant 21h,DICE,45.674834999999995,48.41,1,1
2026-05-06,2026-05-06 19:15:00,samedi,early_entry,['samedi'],Samedi | Entrée avant 21h,DICE,45.674834999999995,48.41,1,1
2026-05-06,2026-05-06 19:16:00,samedi,early_entry,['samedi'],Samedi | Entrée avant 21h,DICE,45.674834999999995,48.41,1,1
2026-05-06,2026-05-06 19:16:00,samedi,early_entry,['samedi'],Samedi | Entrée avant 21h,DICE,45.674834999999995,48.41,1,1
2026-07-01,2026-07-01 15:10:00,samedi,early_entry,['samedi'],Samedi | Entrée avant 21h,DICE,50.533860000000004,53.56,1,1
2026-05-06,2026-05-06 19:15:00,samedi,early_entry,['samedi'],Samedi | Entrée avant 21h,DICE,45.674834999999995,48.41,1,1
2026-05-26,2026-05-26 09:02:00,samedi,early_entry,['samedi'],Samedi | Entrée avant 21h,DICE,45.674834999999995,48.41,1,1
2026-07-20,2026-07-20 19:57:00,samedi,early_entry,['samedi'],Samedi | Entrée avant 21h,DICE,50.533860000000004,53.56,1,1
2026-06-06,2026-06-06 11:26:00,samedi,early_entry,['samedi'],Samedi | Entrée avant 21h,DICE,45.674834999999995,48.41,1,1
2026-05-09,2026-05-09 22:37:00,samedi,early_entry,['samedi'],Samedi | Entrée avant 21h,DICE,45.674834999999995,48.41,1,1
2026-05-09,2026-05-09 22:37:00,samedi,early_entry,['samedi'],Samedi | Entrée avant 21h,DICE,45.674834999999995,48.41,1,1
2026-05-24,2026-05-24 14:24:00,samedi,early_entry,['samedi'],Samedi | Entrée avant 21h,DICE,45.674834999999995,48.41,1,1
2026-05-24,2026-05-24 14:24:00,samedi,early_entry,['samedi'],Samedi | Entrée avant 21h,DICE,45.674834999999995,48.41,1,1
2026-05-07,2026-05-07 20:03:00,samedi,early_entry,['samedi'],Samedi | Entrée avant 21h,DICE,45.674834999999995,48.41,1,1
2026-05-06,2026-05-06 21:37:00,samedi,early_entry,['samedi'],Samedi | Entrée avant 21h,DICE,45.674834999999995,48.41,1,1
2026-05-06,2026-05-06 21:37:00,samedi,early_entry,['samedi'],Samedi | Entrée avant 21h,DICE,45.674834999999995,48.41,1,1
2026-05-06,2026-05-06 19:16:00,samedi,early_entry,['samedi'],Samedi | Entrée avant 21h,DICE,45.674834999999995,48.41,1,1
2026-07-02,2026-07-02 12:31:00,samedi,early_entry,['samedi'],Samedi | Entrée avant 21h,DICE,50.533860000000004,53.56,1,1
2026-07-02,2026-07-02 12:31:00,samedi,early_entry,['samedi'],Samedi | Entrée avant 21h,DICE,50.533860000000004,53.56,1,1
2026-05-06,2026-05-06 19:16:00,samedi,early_entry,['samedi'],Samedi | Entrée avant 21h,DICE,45.674834999999995,48.41,1,1
2026-06-20,2026-06-20 22:39:00,samedi,early_entry,['samedi'],Samedi | Entrée avant 21h,DICE,45.674834999999995,48.41,1,1
2026-06-20,2026-06-20 22:39:00,samedi,early_entry,['samedi'],Samedi | Entrée avant 21h,DICE,45.674834999999995,48.41,1,1
2026-06-20,2026-06-20 22:39:00,samedi,early_entry,['samedi'],Samedi | Entrée avant 21h,DICE,45.674834999999995,48.41,1,1
2026-05-06,2026-05-06 19:17:00,samedi,early_entry,['samedi'],Samedi | Entrée avant 21h,DICE,45.674834999999995,48.41,1,1
2026-05-26,2026-05-26 18:41:00,samedi,early_entry,['samedi'],Samedi | Entrée avant 21h,DICE,45.674834999999995,48.41,1,1
2026-05-06,2026-05-06 20:12:00,samedi,early_entry,['samedi'],Samedi | Entrée avant 21h,DICE,45.674834999999995,48.41,1,1
2026-05-10,2026-05-10 00:14:00,samedi,early_entry,['samedi'],Samedi | Entrée avant 21h,DICE,45.674834999999995,48.41,1,1
2026-06-08,2026-06-08 16:11:00,samedi,early_entry,['samedi'],Samedi | Entrée avant 21h,DICE,45.674834999999995,48.41,1,1
2026-05-06,2026-05-06 19:58:00,samedi,early_entry,['samedi'],Samedi | Entrée avant 21h,DICE,45.674834999999995,48.41,1,1
2026-05-06,2026-05-06 19:58:00,samedi,early_entry,['samedi'],Samedi | Entrée avant 21h,DICE,45.674834999999995,48.41,1,1
2026-05-06,2026-05-06 19:58:00,samedi,early_entry,['samedi'],Samedi | Entrée avant 21h,DICE,45.674834999999995,48.41,1,1
2026-05-06,2026-05-06 19:58:00,samedi,early_entry,['samedi'],Samedi | Entrée avant 21h,DICE,45.674834999999995,48.41,1,1
2026-05-06,2026-05-06 20:37:00,samedi,early_entry,['samedi'],Samedi | Entrée avant 21h,DICE,45.674834999999995,48.41,1,1
2026-05-06,2026-05-06 20:37:00,samedi,early_entry,['samedi'],Samedi | Entrée avant 21h,DICE,45.674834999999995,48.41,1,1
2026-05-06,2026-05-06 20:37:00,samedi,early_entry,['samedi'],Samedi | Entrée avant 21h,DICE,45.674834999999995,48.41,1,1
2026-05-06,2026-05-06 20:37:00,samedi,early_entry,['samedi'],Samedi | Entrée avant 21h,DICE,45.674834999999995,48.41,1,1
2026-05-06,2026-05-06 19:16:00,samedi,early_entry,['samedi'],Samedi | Entrée avant 21h,DICE,45.674834999999995,48.41,1,1
2026-05-06,2026-05-06 19:16:00,samedi,early_entry,['samedi'],Samedi | Entrée avant 21h,DICE,45.674834999999995,48.41,1,1
2026-06-12,2026-06-12 15:07:00,samedi,early_entry,['samedi'],Samedi | Entrée avant 21h,DICE,45.674834999999995,48.41,1,1
2026-05-30,2026-05-30 16:03:00,samedi,early_entry,['samedi'],Samedi | Entrée avant 21h,DICE,45.674834999999995,48.41,1,1
2026-05-09,2026-05-09 11:50:00,samedi,early_entry,['samedi'],Samedi | Entrée avant 21h,DICE,45.674834999999995,48.41,1,1
2026-06-01,2026-06-01 22:07:00,samedi,early_entry,['samedi'],Samedi | Entrée avant 21h,DICE,45.674834999999995,48.41,1,1
2026-05-25,2026-05-25 16:29:00,samedi,early_entry,['samedi'],Samedi | Entrée avant 21h,DICE,45.674834999999995,48.41,1,1
2026-05-06,2026-05-06 19:36:00,samedi,early_entry,['samedi'],Samedi | Entrée avant 21h,DICE,45.674834999999995,48.41,1,1
2026-05-06,2026-05-06 19:36:00,samedi,early_entry,['samedi'],Samedi | Entrée avant 21h,DICE,45.674834999999995,48.41,1,1
2026-07-31,2026-07-31 19:50:00,samedi,early_entry,['samedi'],Samedi | Entrée avant 21h,DICE,50.533860000000004,53.56,1,1
2026-07-31,2026-07-31 19:50:00,samedi,early_entry,['samedi'],Samedi | Entrée avant 21h,DICE,50.533860000000004,53.56,1,1
2026-05-06,2026-05-06 19:16:00,samedi,early_entry,['samedi'],Samedi | Entrée avant 21h,DICE,45.674834999999995,48.41,1,1
2026-05-21,2026-05-21 18:34:00,samedi,early_entry,['samedi'],Samedi | Entrée avant 21h,DICE,45.674834999999995,48.41,1,1
2026-05-21,2026-05-21 18:34:00,samedi,early_entry,['samedi'],Samedi | Entrée avant 21h,DICE,45.674834999999995,48.41,1,1
2026-05-06,2026-05-06 19:29:00,samedi,early_entry,['samedi'],Samedi | Entrée avant 21h,DICE,45.674834999999995,48.41,1,1
2026-05-06,2026-05-06 19:29:00,samedi,early_entry,['samedi'],Samedi | Entrée avant 21h,DICE,45.674834999999995,48.41,1,1
2026-05-06,2026-05-06 19:15:00,samedi,early_entry,['samedi'],Samedi | Entrée avant 21h,DICE,45.674834999999995,48.41,1,1
2026-05-06,2026-05-06 19:15:00,samedi,early_entry,['samedi'],Samedi | Entrée avant 21h,DICE,45.674834999999995,48.41,1,1
2026-05-06,2026-05-06 19:15:00,samedi,early_entry,['samedi'],Samedi | Entrée avant 21h,DICE,45.674834999999995,48.41,1,1
2026-05-14,2026-05-14 17:33:00,samedi,early_entry,['samedi'],Samedi | Entrée avant 21h,DICE,45.674834999999995,48.41,1,1
2026-05-14,2026-05-14 17:33:00,samedi,early_entry,['samedi'],Samedi | Entrée avant 21h,DICE,45.674834999999995,48.41,1,1
2026-05-06,2026-05-06 22:07:00,samedi,early_entry,['samedi'],Samedi | Entrée avant 21h,DICE,45.674834999999995,48.41,1,1
2026-05-06,2026-05-06 22:07:00,samedi,early_entry,['samedi'],Samedi | Entrée avant 21h,DICE,45.674834999999995,48.41,1,1
2026-05-06,2026-05-06 19:19:00,samedi,early_entry,['samedi'],Samedi | Entrée avant 21h,DICE,45.674834999999995,48.41,1,1
2026-05-06,2026-05-06 19:19:00,samedi,early_entry,['samedi'],Samedi | Entrée avant 21h,DICE,45.674834999999995,48.41,1,1
2026-05-06,2026-05-06 19:19:00,samedi,early_entry,['samedi'],Samedi | Entrée avant 21h,DICE,45.674834999999995,48.41,1,1
2026-05-06,2026-05-06 20:13:00,samedi,early_entry,['samedi'],Samedi | Entrée avant 21h,DICE,45.674834999999995,48.41,1,1
2026-05-06,2026-05-06 20:13:00,samedi,early_entry,['samedi'],Samedi | Entrée avant 21h,DICE,45.674834999999995,48.41,1,1
2026-07-12,2026-07-12 08:13:00,samedi,early_entry,['samedi'],Samedi | Entrée avant 21h,DICE,50.533860000000004,53.56,1,1
2026-06-10,2026-06-10 19:21:00,samedi,early_entry,['samedi'],Samedi | Entrée avant 21h,DICE,45.674834999999995,48.41,1,1
2026-06-10,2026-06-10 19:21:00,samedi,early_entry,['samedi'],Samedi | Entrée avant 21h,DICE,45.674834999999995,48.41,1,1
2026-05-18,2026-05-18 17:04:00,samedi,early_entry,['samedi'],Samedi | Entrée avant 21h,DICE,45.674834999999995,48.41,1,1
2026-07-06,2026-07-06 13:16:00,samedi,early_entry,['samedi'],Samedi | Entrée avant 21h,DICE,50.533860000000004,53.56,1,1
2026-05-06,2026-05-06 21:14:00,samedi,early_entry,['samedi'],Samedi | Entrée avant 21h,DICE,45.674834999999995,48.41,1,1
2026-05-06,2026-05-06 21:14:00,samedi,early_entry,['samedi'],Samedi | Entrée avant 21h,DICE,45.674834999999995,48.41,1,1
2026-05-07,2026-05-07 10:55:00,samedi,early_entry,['samedi'],Samedi | Entrée avant 21h,DICE,45.674834999999995,48.41,1,1
2026-05-07,2026-05-07 10:55:00,samedi,early_entry,['samedi'],Samedi | Entrée avant 21h,DICE,45.674834999999995,48.41,1,1
2026-05-07,2026-05-07 07:37:00,samedi,early_entry,['samedi'],Samedi | Entrée avant 21h,DICE,45.674834999999995,48.41,1,1
2026-05-07,2026-05-07 07:37:00,samedi,early_entry,['samedi'],Samedi | Entrée avant 21h,DICE,45.674834999999995,48.41,1,1
2026-05-06,2026-05-06 19:16:00,samedi,early_entry,['samedi'],Samedi | Entrée avant 21h,DICE,45.674834999999995,48.41,1,1
2026-05-06,2026-05-06 19:16:00,samedi,early_entry,['samedi'],Samedi | Entrée avant 21h,DICE,45.674834999999995,48.41,1,1
2026-07-26,2026-07-26 13:54:00,samedi,early_entry,['samedi'],Samedi | Entrée avant 21h,DICE,50.533860000000004,53.56,1,1
2026-07-26,2026-07-26 13:54:00,samedi,early_entry,['samedi'],Samedi | Entrée avant 21h,DICE,50.533860000000004,53.56,1,1
2026-05-06,2026-05-06 19:16:00,samedi,early_entry,['samedi'],Samedi | Entrée avant 21h,DICE,45.674834999999995,48.41,1,1
2026-05-06,2026-05-06 19:16:00,samedi,early_entry,['samedi'],Samedi | Entrée avant 21h,DICE,45.674834999999995,48.41,1,1
2026-05-06,2026-05-06 19:16:00,samedi,early_entry,['samedi'],Samedi | Entrée avant 21h,DICE,45.674834999999995,48.41,1,1
2026-07-31,2026-07-31 23:38:00,samedi,early_entry,['samedi'],Samedi | Entrée avant 21h,DICE,50.533860000000004,53.56,1,1
2026-07-09,2026-07-09 14:04:00,samedi,early_entry,['samedi'],Samedi | Entrée avant 21h,DICE,50.533860000000004,53.56,1,1
2026-06-06,2026-06-06 00:06:00,samedi,early_entry,['samedi'],Samedi | Entrée avant 21h,DICE,45.674834999999995,48.41,1,1
2026-05-14,2026-05-14 20:43:00,samedi,early_entry,['samedi'],Samedi | Entrée avant 21h,DICE,45.674834999999995,48.41,1,1
2026-05-14,2026-05-14 20:43:00,samedi,early_entry,['samedi'],Samedi | Entrée avant 21h,DICE,45.674834999999995,48.41,1,1
2026-08-03,2026-08-03 19:35:00,samedi,early_entry,['samedi'],Samedi | Entrée avant 21h,DICE,50.533860000000004,53.56,1,1
2026-05-06,2026-05-06 21:41:00,samedi,early_entry,['samedi'],Samedi | Entrée avant 21h,DICE,45.674834999999995,48.41,1,1
2026-05-06,2026-05-06 23:06:00,samedi,early_entry,['samedi'],Samedi | Entrée avant 21h,DICE,45.674834999999995,48.41,1,1
2026-05-06,2026-05-06 23:06:00,samedi,early_entry,['samedi'],Samedi | Entrée avant 21h,DICE,45.674834999999995,48.41,1,1
2026-05-06,2026-05-06 19:16:00,samedi,early_entry,['samedi'],Samedi | Entrée avant 21h,DICE,45.674834999999995,48.41,1,1
2026-05-06,2026-05-06 19:16:00,samedi,early_entry,['samedi'],Samedi | Entrée avant 21h,DICE,45.674834999999995,48.41,1,1
2026-05-06,2026-05-06 19:16:00,samedi,early_entry,['samedi'],Samedi | Entrée avant 21h,DICE,45.674834999999995,48.41,1,1
2026-05-06,2026-05-06 19:16:00,samedi,early_entry,['samedi'],Samedi | Entrée avant 21h,DICE,45.674834999999995,48.41,1,1
2026-07-04,2026-07-04 13:16:00,samedi,early_entry,['samedi'],Samedi | Entrée avant 21h,DICE,50.533860000000004,53.56,1,1
2026-07-04,2026-07-04 13:16:00,samedi,early_entry,['samedi'],Samedi | Entrée avant 21h,DICE,50.533860000000004,53.56,1,1
2026-07-23,2026-07-23 14:50:00,samedi,early_entry,['samedi'],Samedi | Entrée avant 21h,DICE,50.533860000000004,53.56,1,1
2026-05-15,2026-05-15 17:41:00,samedi,early_entry,['samedi'],Samedi | Entrée avant 21h,DICE,45.674834999999995,48.41,1,1
2026-06-10,2026-06-10 20:06:00,samedi,early_entry,['samedi'],Samedi | Entrée avant 21h,DICE,45.674834999999995,48.41,1,1
2026-06-10,2026-06-10 20:06:00,samedi,early_entry,['samedi'],Samedi | Entrée avant 21h,DICE,45.674834999999995,48.41,1,1
2026-06-19,2026-06-19 10:45:00,samedi,early_entry,['samedi'],Samedi | Entrée avant 21h,DICE,45.674834999999995,48.41,1,1
2026-05-06,2026-05-06 19:21:00,samedi,early_entry,['samedi'],Samedi | Entrée avant 21h,DICE,45.674834999999995,48.41,1,1
2026-05-06,2026-05-06 19:21:00,samedi,early_entry,['samedi'],Samedi | Entrée avant 21h,DICE,45.674834999999995,48.41,1,1
2026-05-06,2026-05-06 19:21:00,samedi,early_entry,['samedi'],Samedi | Entrée avant 21h,DICE,45.674834999999995,48.41,1,1
2026-08-01,2026-08-01 22:22:00,samedi,early_entry,['samedi'],Samedi | Entrée avant 21h,DICE,50.533860000000004,53.56,1,1
2026-08-01,2026-08-01 22:22:00,samedi,early_entry,['samedi'],Samedi | Entrée avant 21h,DICE,50.533860000000004,53.56,1,1
2026-08-02,2026-08-02 18:57:00,samedi,early_entry,['samedi'],Samedi | Entrée avant 21h,DICE,50.533860000000004,53.56,1,1
2026-07-30,2026-07-30 17:32:00,samedi,early_entry,['samedi'],Samedi | Entrée avant 21h,DICE,50.533860000000004,53.56,1,1
2026-06-12,2026-06-12 22:21:00,samedi,early_entry,['samedi'],Samedi | Entrée avant 21h,DICE,45.674834999999995,48.41,1,1
2026-06-07,2026-06-07 15:17:00,samedi,early_entry,['samedi'],Samedi | Entrée avant 21h,DICE,45.674834999999995,48.41,1,1
2026-06-07,2026-06-07 15:17:00,samedi,early_entry,['samedi'],Samedi | Entrée avant 21h,DICE,45.674834999999995,48.41,1,1
2026-05-07,2026-05-07 19:12:00,samedi,early_entry,['samedi'],Samedi | Entrée avant 21h,DICE,45.674834999999995,48.41,1,1
2026-06-19,2026-06-19 10:45:00,samedi,early_entry,['samedi'],Samedi | Entrée avant 21h,DICE,45.674834999999995,48.41,1,1
2026-05-06,2026-05-06 21:41:00,samedi,early_entry,['samedi'],Samedi | Entrée avant 21h,DICE,45.674834999999995,48.41,1,1
2026-07-09,2026-07-09 13:14:00,samedi,early_entry,['samedi'],Samedi | Entrée avant 21h,DICE,50.533860000000004,53.56,1,1
2026-05-06,2026-05-06 19:20:00,samedi,early_entry,['samedi'],Samedi | Entrée avant 21h,DICE,45.674834999999995,48.41,1,1
2026-05-06,2026-05-06 19:20:00,samedi,early_entry,['samedi'],Samedi | Entrée avant 21h,DICE,45.674834999999995,48.41,1,1
2026-05-14,2026-05-14 22:01:00,samedi,early_entry,['samedi'],Samedi | Entrée avant 21h,DICE,45.674834999999995,48.41,1,1
2026-05-14,2026-05-14 22:01:00,samedi,early_entry,['samedi'],Samedi | Entrée avant 21h,DICE,45.674834999999995,48.41,1,1
2026-05-14,2026-05-14 22:01:00,samedi,early_entry,['samedi'],Samedi | Entrée avant 21h,DICE,45.674834999999995,48.41,1,1
2026-05-14,2026-05-14 22:01:00,samedi,early_entry,['samedi'],Samedi | Entrée avant 21h,DICE,45.674834999999995,48.41,1,1
2026-05-07,2026-05-07 18:58:00,samedi,early_entry,['samedi'],Samedi | Entrée avant 21h,DICE,45.674834999999995,48.41,1,1
2026-05-07,2026-05-07 18:58:00,samedi,early_entry,['samedi'],Samedi | Entrée avant 21h,DICE,45.674834999999995,48.41,1,1
2026-05-06,2026-05-06 19:18:00,samedi,early_entry,['samedi'],Samedi | Entrée avant 21h,DICE,45.674834999999995,48.41,1,1
2026-05-06,2026-05-06 19:18:00,samedi,early_entry,['samedi'],Samedi | Entrée avant 21h,DICE,45.674834999999995,48.41,1,1
2026-05-06,2026-05-06 19:18:00,samedi,early_entry,['samedi'],Samedi | Entrée avant 21h,DICE,45.674834999999995,48.41,1,1
2026-05-06,2026-05-06 19:18:00,samedi,early_entry,['samedi'],Samedi | Entrée avant 21h,DICE,45.674834999999995,48.41,1,1
2026-05-06,2026-05-06 21:41:00,samedi,early_entry,['samedi'],Samedi | Entrée avant 21h,DICE,45.674834999999995,48.41,1,1
2026-05-06,2026-05-06 19:15:00,samedi,early_entry,['samedi'],Samedi | Entrée avant 21h,DICE,45.674834999999995,48.41,1,1
2026-05-06,2026-05-06 19:15:00,samedi,early_entry,['samedi'],Samedi | Entrée avant 21h,DICE,45.674834999999995,48.41,1,1
2026-05-06,2026-05-06 19:15:00,samedi,early_entry,['samedi'],Samedi | Entrée avant 21h,DICE,45.674834999999995,48.41,1,1
2026-06-30,2026-06-30 10:57:00,samedi,early_entry,['samedi'],Samedi | Entrée avant 21h,DICE,50.533860000000004,53.56,1,1
2026-05-13,2026-05-13 21:34:00,samedi,early_entry,['samedi'],Samedi | Entrée avant 21h,DICE,45.674834999999995,48.41,1,1
2026-05-13,2026-05-13 21:34:00,samedi,early_entry,['samedi'],Samedi | Entrée avant 21h,DICE,45.674834999999995,48.41,1,1
2026-05-13,2026-05-13 21:34:00,samedi,early_entry,['samedi'],Samedi | Entrée avant 21h,DICE,45.674834999999995,48.41,1,1
2026-05-13,2026-05-13 21:34:00,samedi,early_entry,['samedi'],Samedi | Entrée avant 21h,DICE,45.674834999999995,48.41,1,1
2026-08-05,2026-08-05 21:48:00,samedi,early_entry,['samedi'],Samedi | Entrée avant 21h,DICE,50.533860000000004,53.56,1,1
2026-05-06,2026-05-06 19:29:00,samedi,early_entry,['samedi'],Samedi | Entrée avant 21h,DICE,45.674834999999995,48.41,1,1
2026-07-16,2026-07-16 14:22:00,samedi,early_entry,['samedi'],Samedi | Entrée avant 21h,DICE,50.533860000000004,53.56,1,1
2026-07-16,2026-07-16 14:22:00,samedi,early_entry,['samedi'],Samedi | Entrée avant 21h,DICE,50.533860000000004,53.56,1,1
2026-07-16,2026-07-16 14:22:00,samedi,early_entry,['samedi'],Samedi | Entrée avant 21h,DICE,50.533860000000004,53.56,1,1
2026-07-16,2026-07-16 14:22:00,samedi,early_entry,['samedi'],Samedi | Entrée avant 21h,DICE,50.533860000000004,53.56,1,1
2026-05-30,2026-05-30 14:08:00,samedi,early_entry,['samedi'],Samedi | Entrée avant 21h,DICE,45.674834999999995,48.41,1,1
2026-05-22,2026-05-22 21:09:00,samedi,early_entry,['samedi'],Samedi | Entrée avant 21h,DICE,45.674834999999995,48.41,1,1
2026-05-22,2026-05-22 21:09:00,samedi,early_entry,['samedi'],Samedi | Entrée avant 21h,DICE,45.674834999999995,48.41,1,1
2026-05-06,2026-05-06 20:10:00,samedi,early_entry,['samedi'],Samedi | Entrée avant 21h,DICE,45.674834999999995,48.41,1,1
2026-05-06,2026-05-06 20:10:00,samedi,early_entry,['samedi'],Samedi | Entrée avant 21h,DICE,45.674834999999995,48.41,1,1
2026-06-19,2026-06-19 21:43:00,samedi,early_entry,['samedi'],Samedi | Entrée avant 21h,DICE,45.674834999999995,48.41,1,1
2026-05-14,2026-05-14 23:19:00,samedi,early_entry,['samedi'],Samedi | Entrée avant 21h,DICE,45.674834999999995,48.41,1,1
2026-05-14,2026-05-14 23:19:00,samedi,early_entry,['samedi'],Samedi | Entrée avant 21h,DICE,45.674834999999995,48.41,1,1
2026-05-06,2026-05-06 19:16:00,samedi,early_entry,['samedi'],Samedi | Entrée avant 21h,DICE,45.674834999999995,48.41,1,1
2026-05-06,2026-05-06 19:16:00,samedi,early_entry,['samedi'],Samedi | Entrée avant 21h,DICE,45.674834999999995,48.41,1,1
2026-05-06,2026-05-06 19:37:00,samedi,early_entry,['samedi'],Samedi | Entrée avant 21h,DICE,45.674834999999995,48.41,1,1
2026-05-06,2026-05-06 19:37:00,samedi,early_entry,['samedi'],Samedi | Entrée avant 21h,DICE,45.674834999999995,48.41,1,1
2026-05-06,2026-05-06 19:37:00,samedi,early_entry,['samedi'],Samedi | Entrée avant 21h,DICE,45.674834999999995,48.41,1,1
2026-05-07,2026-05-07 20:03:00,samedi,early_entry,['samedi'],Samedi | Entrée avant 21h,DICE,45.674834999999995,48.41,1,1
2026-05-06,2026-05-06 19:22:00,samedi,early_entry,['samedi'],Samedi | Entrée avant 21h,DICE,45.674834999999995,48.41,1,1
2026-05-26,2026-05-26 21:15:00,samedi,early_entry,['samedi'],Samedi | Entrée avant 21h,DICE,45.674834999999995,48.41,1,1
2026-05-07,2026-05-07 00:10:00,samedi,early_entry,['samedi'],Samedi | Entrée avant 21h,DICE,45.674834999999995,48.41,1,1
2026-05-07,2026-05-07 00:10:00,samedi,early_entry,['samedi'],Samedi | Entrée avant 21h,DICE,45.674834999999995,48.41,1,1
2026-07-07,2026-07-07 17:23:00,samedi,early_entry,['samedi'],Samedi | Entrée avant 21h,DICE,50.533860000000004,53.56,1,1
2026-05-06,2026-05-06 19:15:00,samedi,early_entry,['samedi'],Samedi | Entrée avant 21h,DICE,45.674834999999995,48.41,1,1
2026-05-06,2026-05-06 19:15:00,samedi,early_entry,['samedi'],Samedi | Entrée avant 21h,DICE,45.674834999999995,48.41,1,1
2026-05-06,2026-05-06 19:15:00,samedi,early_entry,['samedi'],Samedi | Entrée avant 21h,DICE,45.674834999999995,48.41,1,1
2026-05-30,2026-05-30 15:59:00,samedi,early_entry,['samedi'],Samedi | Entrée avant 21h,DICE,45.674834999999995,48.41,1,1
2026-05-06,2026-05-06 19:15:00,samedi,early_entry,['samedi'],Samedi | Entrée avant 21h,DICE,45.674834999999995,48.41,1,1
2026-05-06,2026-05-06 19:15:00,samedi,early_entry,['samedi'],Samedi | Entrée avant 21h,DICE,45.674834999999995,48.41,1,1
2026-05-06,2026-05-06 19:26:00,samedi,early_entry,['samedi'],Samedi | Entrée avant 21h,DICE,45.674834999999995,48.41,1,1
2026-05-06,2026-05-06 19:26:00,samedi,early_entry,['samedi'],Samedi | Entrée avant 21h,DICE,45.674834999999995,48.41,1,1
2026-06-20,2026-06-20 18:26:00,samedi,early_entry,['samedi'],Samedi | Entrée avant 21h,DICE,45.674834999999995,48.41,1,1
2026-07-26,2026-07-26 16:31:00,samedi,early_entry,['samedi'],Samedi | Entrée avant 21h,DICE,50.533860000000004,53.56,1,1
2026-05-08,2026-05-08 09:49:00,samedi,early_entry,['samedi'],Samedi | Entrée avant 21h,DICE,45.674834999999995,48.41,1,1
2026-05-08,2026-05-08 09:36:00,samedi,early_entry,['samedi'],Samedi | Entrée avant 21h,DICE,45.674834999999995,48.41,1,1
2026-05-08,2026-05-08 09:36:00,samedi,early_entry,['samedi'],Samedi | Entrée avant 21h,DICE,45.674834999999995,48.41,1,1
2026-07-01,2026-07-01 15:10:00,samedi,early_entry,['samedi'],Samedi | Entrée avant 21h,DICE,50.533860000000004,53.56,1,1
2026-05-08,2026-05-08 10:10:00,samedi,early_entry,['samedi'],Samedi | Entrée avant 21h,DICE,45.674834999999995,48.41,1,1
2026-05-08,2026-05-08 10:10:00,samedi,early_entry,['samedi'],Samedi | Entrée avant 21h,DICE,45.674834999999995,48.41,1,1
2026-05-06,2026-05-06 19:17:00,samedi,early_entry,['samedi'],Samedi | Entrée avant 21h,DICE,45.674834999999995,48.41,1,1
2026-05-06,2026-05-06 19:17:00,samedi,early_entry,['samedi'],Samedi | Entrée avant 21h,DICE,45.674834999999995,48.41,1,1
2026-05-08,2026-05-08 19:25:00,samedi,early_entry,['samedi'],Samedi | Entrée avant 21h,DICE,45.674834999999995,48.41,1,1
2026-07-31,2026-07-31 13:43:00,samedi,early_entry,['samedi'],Samedi | Entrée avant 21h,DICE,45.674834999999995,48.41,1,1
2026-05-06,2026-05-06 19:28:00,samedi,early_entry,['samedi'],Samedi | Entrée avant 21h,DICE,45.674834999999995,48.41,1,1
2026-05-06,2026-05-06 19:28:00,samedi,early_entry,['samedi'],Samedi | Entrée avant 21h,DICE,45.674834999999995,48.41,1,1
2026-05-06,2026-05-06 20:51:00,samedi,early_entry,['samedi'],Samedi | Entrée avant 21h,DICE,45.674834999999995,48.41,1,1
2026-05-06,2026-05-06 20:51:00,samedi,early_entry,['samedi'],Samedi | Entrée avant 21h,DICE,45.674834999999995,48.41,1,1
2026-05-27,2026-05-27 10:39:00,samedi,early_entry,['samedi'],Samedi | Entrée avant 21h,DICE,45.674834999999995,48.41,1,1
2026-05-27,2026-05-27 10:39:00,samedi,early_entry,['samedi'],Samedi | Entrée avant 21h,DICE,45.674834999999995,48.41,1,1
2026-06-04,2026-06-04 20:14:00,samedi,early_entry,['samedi'],Samedi | Entrée avant 21h,DICE,45.674834999999995,48.41,1,1
2026-05-08,2026-05-08 08:51:00,samedi,early_entry,['samedi'],Samedi | Entrée avant 21h,DICE,45.674834999999995,48.41,1,1
2026-05-08,2026-05-08 08:51:00,samedi,early_entry,['samedi'],Samedi | Entrée avant 21h,DICE,45.674834999999995,48.41,1,1
2026-05-06,2026-05-06 19:17:00,samedi,early_entry,['samedi'],Samedi | Entrée avant 21h,DICE,45.674834999999995,48.41,1,1
2026-05-06,2026-05-06 19:17:00,samedi,early_entry,['samedi'],Samedi | Entrée avant 21h,DICE,45.674834999999995,48.41,1,1
2026-06-22,2026-06-22 17:34:00,samedi,early_entry,['samedi'],Samedi | Entrée avant 21h,DICE,45.674834999999995,48.41,1,1
2026-07-28,2026-07-28 15:57:00,samedi,early_entry,['samedi'],Samedi | Entrée avant 21h,DICE,50.533860000000004,53.56,1,1
2026-07-28,2026-07-28 15:57:00,samedi,early_entry,['samedi'],Samedi | Entrée avant 21h,DICE,50.533860000000004,53.56,1,1
2026-07-28,2026-07-28 15:57:00,samedi,early_entry,['samedi'],Samedi | Entrée avant 21h,DICE,50.533860000000004,53.56,1,1
2026-07-31,2026-07-31 17:48:00,samedi,early_entry,['samedi'],Samedi | Entrée avant 21h,DICE,50.533860000000004,53.56,1,1
2026-07-31,2026-07-31 17:48:00,samedi,early_entry,['samedi'],Samedi | Entrée avant 21h,DICE,50.533860000000004,53.56,1,1
2026-07-31,2026-07-31 17:48:00,samedi,early_entry,['samedi'],Samedi | Entrée avant 21h,DICE,50.533860000000004,53.56,1,1
2026-05-07,2026-05-07 10:19:00,samedi,early_entry,['samedi'],Samedi | Entrée avant 21h,DICE,45.674834999999995,48.41,1,1
2026-05-06,2026-05-06 20:07:00,samedi,early_entry,['samedi'],Samedi | Entrée avant 21h,DICE,45.674834999999995,48.41,1,1
2026-05-06,2026-05-06 20:07:00,samedi,early_entry,['samedi'],Samedi | Entrée avant 21h,DICE,45.674834999999995,48.41,1,1
2026-06-03,2026-06-03 12:38:00,samedi,early_entry,['samedi'],Samedi | Entrée avant 21h,DICE,45.674834999999995,48.41,1,1
2026-05-07,2026-05-07 07:20:00,samedi,early_entry,['samedi'],Samedi | Entrée avant 21h,DICE,45.674834999999995,48.41,1,1
2026-06-20,2026-06-20 18:26:00,samedi,early_entry,['samedi'],Samedi | Entrée avant 21h,DICE,45.674834999999995,48.41,1,1
2026-06-20,2026-06-20 18:26:00,samedi,early_entry,['samedi'],Samedi | Entrée avant 21h,DICE,45.674834999999995,48.41,1,1
2026-05-06,2026-05-06 20:02:00,samedi,early_entry,['samedi'],Samedi | Entrée avant 21h,DICE,45.674834999999995,48.41,1,1
2026-05-18,2026-05-18 12:29:00,samedi,early_entry,['samedi'],Samedi | Entrée avant 21h,DICE,45.674834999999995,48.41,1,1
2026-05-15,2026-05-15 12:30:00,samedi,early_entry,['samedi'],Samedi | Entrée avant 21h,DICE,45.674834999999995,48.41,1,1
2026-05-15,2026-05-15 12:30:00,samedi,early_entry,['samedi'],Samedi | Entrée avant 21h,DICE,45.674834999999995,48.41,1,1
2026-05-06,2026-05-06 19:19:00,samedi,early_entry,['samedi'],Samedi | Entrée avant 21h,DICE,45.674834999999995,48.41,1,1
2026-05-06,2026-05-06 19:19:00,samedi,early_entry,['samedi'],Samedi | Entrée avant 21h,DICE,45.674834999999995,48.41,1,1
2026-07-31,2026-07-31 23:38:00,samedi,early_entry,['samedi'],Samedi | Entrée avant 21h,DICE,50.533860000000004,53.56,1,1
2026-05-07,2026-05-07 06:24:00,samedi,early_entry,['samedi'],Samedi | Entrée avant 21h,DICE,45.674834999999995,48.41,1,1
2026-05-07,2026-05-07 06:24:00,samedi,early_entry,['samedi'],Samedi | Entrée avant 21h,DICE,45.674834999999995,48.41,1,1
2026-05-06,2026-05-06 19:21:00,samedi,early_entry,['samedi'],Samedi | Entrée avant 21h,DICE,45.674834999999995,48.41,1,1
2026-05-06,2026-05-06 19:21:00,samedi,early_entry,['samedi'],Samedi | Entrée avant 21h,DICE,45.674834999999995,48.41,1,1
2026-05-24,2026-05-24 00:12:00,samedi,early_entry,['samedi'],Samedi | Entrée avant 21h,DICE,45.674834999999995,48.41,1,1
2026-05-24,2026-05-24 00:12:00,samedi,early_entry,['samedi'],Samedi | Entrée avant 21h,DICE,45.674834999999995,48.41,1,1
2026-05-24,2026-05-24 00:12:00,samedi,early_entry,['samedi'],Samedi | Entrée avant 21h,DICE,45.674834999999995,48.41,1,1
2026-05-06,2026-05-06 19:34:00,samedi,early_entry,['samedi'],Samedi | Entrée avant 21h,DICE,45.674834999999995,48.41,1,1
2026-05-06,2026-05-06 19:16:00,samedi,early_entry,['samedi'],Samedi | Entrée avant 21h,DICE,45.674834999999995,48.41,1,1
2026-05-06,2026-05-06 19:16:00,samedi,early_entry,['samedi'],Samedi | Entrée avant 21h,DICE,45.674834999999995,48.41,1,1
2026-08-05,2026-08-05 21:24:00,samedi,early_entry,['samedi'],Samedi | Entrée avant 21h,DICE,50.533860000000004,53.56,1,1
2026-08-05,2026-08-05 21:24:00,samedi,early_entry,['samedi'],Samedi | Entrée avant 21h,DICE,50.533860000000004,53.56,1,1
2026-05-06,2026-05-06 19:15:00,samedi,early_entry,['samedi'],Samedi | Entrée avant 21h,DICE,45.674834999999995,48.41,1,1
2026-05-17,2026-05-17 18:30:00,samedi,early_entry,['samedi'],Samedi | Entrée avant 21h,DICE,45.674834999999995,48.41,1,1
2026-05-17,2026-05-17 18:30:00,samedi,early_entry,['samedi'],Samedi | Entrée avant 21h,DICE,45.674834999999995,48.41,1,1
2026-05-17,2026-05-17 18:30:00,samedi,early_entry,['samedi'],Samedi | Entrée avant 21h,DICE,45.674834999999995,48.41,1,1
2026-05-17,2026-05-17 18:30:00,samedi,early_entry,['samedi'],Samedi | Entrée avant 21h,DICE,45.674834999999995,48.41,1,1
2026-05-06,2026-05-06 19:36:00,samedi,early_entry,['samedi'],Samedi | Entrée avant 21h,DICE,45.674834999999995,48.41,1,1
2026-05-06,2026-05-06 19:19:00,samedi,early_entry,['samedi'],Samedi | Entrée avant 21h,DICE,45.674834999999995,48.41,1,1
2026-05-06,2026-05-06 23:38:00,samedi,early_entry,['samedi'],Samedi | Entrée avant 21h,DICE,45.674834999999995,48.41,1,1
2026-05-14,2026-05-14 23:21:00,samedi,early_entry,['samedi'],Samedi | Entrée avant 21h,DICE,45.674834999999995,48.41,1,1
2026-05-14,2026-05-14 23:21:00,samedi,early_entry,['samedi'],Samedi | Entrée avant 21h,DICE,45.674834999999995,48.41,1,1
2026-05-06,2026-05-06 19:16:00,samedi,early_entry,['samedi'],Samedi | Entrée avant 21h,DICE,45.674834999999995,48.41,1,1
2026-07-12,2026-07-12 18:37:00,samedi,early_entry,['samedi'],Samedi | Entrée avant 21h,DICE,50.533860000000004,53.56,1,1
2026-07-12,2026-07-12 18:37:00,samedi,early_entry,['samedi'],Samedi | Entrée avant 21h,DICE,50.533860000000004,53.56,1,1
2026-06-02,2026-06-02 18:47:00,samedi,early_entry,['samedi'],Samedi | Entrée avant 21h,DICE,45.674834999999995,48.41,1,1
2026-06-02,2026-06-02 18:47:00,samedi,early_entry,['samedi'],Samedi | Entrée avant 21h,DICE,45.674834999999995,48.41,1,1
2026-05-06,2026-05-06 21:18:00,samedi,early_entry,['samedi'],Samedi | Entrée avant 21h,DICE,45.674834999999995,48.41,1,1
2026-05-06,2026-05-06 21:18:00,samedi,early_entry,['samedi'],Samedi | Entrée avant 21h,DICE,45.674834999999995,48.41,1,1
2026-05-06,2026-05-06 19:18:00,samedi,early_entry,['samedi'],Samedi | Entrée avant 21h,DICE,45.674834999999995,48.41,1,1
2026-05-10,2026-05-10 18:13:00,samedi,early_entry,['samedi'],Samedi | Entrée avant 21h,DICE,45.674834999999995,48.41,1,1
2026-05-10,2026-05-10 18:13:00,samedi,early_entry,['samedi'],Samedi | Entrée avant 21h,DICE,45.674834999999995,48.41,1,1
2026-05-06,2026-05-06 21:42:00,samedi,early_entry,['samedi'],Samedi | Entrée avant 21h,DICE,45.674834999999995,48.41,1,1
2026-05-07,2026-05-07 00:00:00,samedi,early_entry,['samedi'],Samedi | Entrée avant 21h,DICE,45.674834999999995,48.41,1,1
2026-06-07,2026-06-07 14:40:00,samedi,early_entry,['samedi'],Samedi | Entrée avant 21h,DICE,45.674834999999995,48.41,1,1
2026-05-06,2026-05-06 19:19:00,samedi,early_entry,['samedi'],Samedi | Entrée avant 21h,DICE,45.674834999999995,48.41,1,1
2026-05-06,2026-05-06 19:19:00,samedi,early_entry,['samedi'],Samedi | Entrée avant 21h,DICE,45.674834999999995,48.41,1,1
2026-05-06,2026-05-06 19:24:00,samedi,early_entry,['samedi'],Samedi | Entrée avant 21h,DICE,45.674834999999995,48.41,1,1
2026-05-06,2026-05-06 19:24:00,samedi,early_entry,['samedi'],Samedi | Entrée avant 21h,DICE,45.674834999999995,48.41,1,1
2026-05-11,2026-05-11 19:11:00,samedi,early_entry,['samedi'],Samedi | Entrée avant 21h,DICE,45.674834999999995,48.41,1,1
2026-05-11,2026-05-11 19:11:00,samedi,early_entry,['samedi'],Samedi | Entrée avant 21h,DICE,45.674834999999995,48.41,1,1
2026-06-20,2026-06-20 17:32:00,samedi,early_entry,['samedi'],Samedi | Entrée avant 21h,DICE,45.674834999999995,48.41,1,1
2026-06-20,2026-06-20 17:32:00,samedi,early_entry,['samedi'],Samedi | Entrée avant 21h,DICE,45.674834999999995,48.41,1,1
2026-05-07,2026-05-07 19:39:00,samedi,early_entry,['samedi'],Samedi | Entrée avant 21h,DICE,45.674834999999995,48.41,1,1
2026-05-15,2026-05-15 18:42:00,samedi,early_entry,['samedi'],Samedi | Entrée avant 21h,DICE,45.674834999999995,48.41,1,1
2026-05-15,2026-05-15 18:42:00,samedi,early_entry,['samedi'],Samedi | Entrée avant 21h,DICE,45.674834999999995,48.41,1,1
2026-05-06,2026-05-06 19:30:00,samedi,early_entry,['samedi'],Samedi | Entrée avant 21h,DICE,45.674834999999995,48.41,1,1
2026-05-06,2026-05-06 19:30:00,samedi,early_entry,['samedi'],Samedi | Entrée avant 21h,DICE,45.674834999999995,48.41,1,1
2026-05-06,2026-05-06 19:30:00,samedi,early_entry,['samedi'],Samedi | Entrée avant 21h,DICE,45.674834999999995,48.41,1,1
2026-05-29,2026-05-29 12:46:00,samedi,early_entry,['samedi'],Samedi | Entrée avant 21h,DICE,45.674834999999995,48.41,1,1
2026-05-29,2026-05-29 12:46:00,samedi,early_entry,['samedi'],Samedi | Entrée avant 21h,DICE,45.674834999999995,48.41,1,1
2026-05-29,2026-05-29 12:46:00,samedi,early_entry,['samedi'],Samedi | Entrée avant 21h,DICE,45.674834999999995,48.41,1,1
2026-05-06,2026-05-06 19:18:00,samedi,early_entry,['samedi'],Samedi | Entrée avant 21h,DICE,45.674834999999995,48.41,1,1
2026-05-06,2026-05-06 19:18:00,samedi,early_entry,['samedi'],Samedi | Entrée avant 21h,DICE,45.674834999999995,48.41,1,1
2026-05-06,2026-05-06 19:18:00,samedi,early_entry,['samedi'],Samedi | Entrée avant 21h,DICE,45.674834999999995,48.41,1,1
2026-05-06,2026-05-06 19:18:00,samedi,early_entry,['samedi'],Samedi | Entrée avant 21h,DICE,45.674834999999995,48.41,1,1
2026-07-30,2026-07-30 19:06:00,samedi,early_entry,['samedi'],Samedi | Entrée avant 21h,DICE,50.533860000000004,53.56,1,1
2026-05-07,2026-05-07 08:06:00,samedi,early_entry,['samedi'],Samedi | Entrée avant 21h,DICE,45.674834999999995,48.41,1,1
2026-05-06,2026-05-06 19:24:00,samedi,early_entry,['samedi'],Samedi | Entrée avant 21h,DICE,45.674834999999995,48.41,1,1
2026-05-06,2026-05-06 19:24:00,samedi,early_entry,['samedi'],Samedi | Entrée avant 21h,DICE,45.674834999999995,48.41,1,1
2026-05-13,2026-05-13 11:44:00,samedi,early_entry,['samedi'],Samedi | Entrée avant 21h,DICE,45.674834999999995,48.41,1,1
2026-05-06,2026-05-06 19:21:00,samedi,early_entry,['samedi'],Samedi | Entrée avant 21h,DICE,45.674834999999995,48.41,1,1
2026-05-24,2026-05-24 18:01:00,samedi,early_entry,['samedi'],Samedi | Entrée avant 21h,DICE,45.674834999999995,48.41,1,1
2026-06-27,2026-06-27 18:02:00,samedi,early_entry,['samedi'],Samedi | Entrée avant 21h,DICE,50.533860000000004,53.56,1,1
2026-06-27,2026-06-27 18:02:00,samedi,early_entry,['samedi'],Samedi | Entrée avant 21h,DICE,50.533860000000004,53.56,1,1
2026-06-12,2026-06-12 22:22:00,samedi,early_entry,['samedi'],Samedi | Entrée avant 21h,DICE,45.674834999999995,48.41,1,1
2026-05-06,2026-05-06 21:41:00,samedi,early_entry,['samedi'],Samedi | Entrée avant 21h,DICE,45.674834999999995,48.41,1,1
2026-06-20,2026-06-20 23:37:00,samedi,early_entry,['samedi'],Samedi | Entrée avant 21h,DICE,45.674834999999995,48.41,1,1
2026-06-20,2026-06-20 23:37:00,samedi,early_entry,['samedi'],Samedi | Entrée avant 21h,DICE,45.674834999999995,48.41,1,1
2026-05-06,2026-05-06 21:23:00,samedi,early_entry,['samedi'],Samedi | Entrée avant 21h,DICE,45.674834999999995,48.41,1,1
2026-05-06,2026-05-06 21:23:00,samedi,early_entry,['samedi'],Samedi | Entrée avant 21h,DICE,45.674834999999995,48.41,1,1
2026-05-27,2026-05-27 08:41:00,samedi,early_entry,['samedi'],Samedi | Entrée avant 21h,DICE,45.674834999999995,48.41,1,1
2026-05-07,2026-05-07 15:56:00,samedi,early_entry,['samedi'],Samedi | Entrée avant 21h,DICE,45.674834999999995,48.41,1,1
2026-05-06,2026-05-06 19:20:00,samedi,early_entry,['samedi'],Samedi | Entrée avant 21h,DICE,45.674834999999995,48.41,1,1
2026-05-06,2026-05-06 19:54:00,samedi,early_entry,['samedi'],Samedi | Entrée avant 21h,DICE,45.674834999999995,48.41,1,1
2026-05-06,2026-05-06 19:16:00,samedi,early_entry,['samedi'],Samedi | Entrée avant 21h,DICE,45.674834999999995,48.41,1,1
2026-05-06,2026-05-06 19:16:00,samedi,early_entry,['samedi'],Samedi | Entrée avant 21h,DICE,45.674834999999995,48.41,1,1
2026-05-06,2026-05-06 19:26:00,samedi,early_entry,['samedi'],Samedi | Entrée avant 21h,DICE,45.674834999999995,48.41,1,1
2026-05-06,2026-05-06 19:26:00,samedi,early_entry,['samedi'],Samedi | Entrée avant 21h,DICE,45.674834999999995,48.41,1,1
2026-05-06,2026-05-06 19:30:00,samedi,early_entry,['samedi'],Samedi | Entrée avant 21h,DICE,45.674834999999995,48.41,1,1
2026-05-06,2026-05-06 19:30:00,samedi,early_entry,['samedi'],Samedi | Entrée avant 21h,DICE,45.674834999999995,48.41,1,1
2026-06-06,2026-06-06 00:08:00,samedi,early_entry,['samedi'],Samedi | Entrée avant 21h,DICE,45.674834999999995,48.41,1,1
2026-06-08,2026-06-08 14:34:00,samedi,early_entry,['samedi'],Samedi | Entrée avant 21h,DICE,45.674834999999995,48.41,1,1
2026-06-08,2026-06-08 14:34:00,samedi,early_entry,['samedi'],Samedi | Entrée avant 21h,DICE,45.674834999999995,48.41,1,1
2026-08-02,2026-08-02 00:40:00,samedi,early_entry,['samedi'],Samedi | Entrée avant 21h,DICE,50.533860000000004,53.56,1,1
2026-06-28,2026-06-28 15:00:00,samedi,early_entry,['samedi'],Samedi | Entrée avant 21h,DICE,50.533860000000004,53.56,1,1
2026-06-28,2026-06-28 15:00:00,samedi,early_entry,['samedi'],Samedi | Entrée avant 21h,DICE,50.533860000000004,53.56,1,1
2026-05-07,2026-05-07 13:41:00,samedi,early_entry,['samedi'],Samedi | Entrée avant 21h,DICE,45.674834999999995,48.41,1,1
2026-05-06,2026-05-06 22:58:00,samedi,early_entry,['samedi'],Samedi | Entrée avant 21h,DICE,45.674834999999995,48.41,1,1
2026-05-09,2026-05-09 23:57:00,samedi,early_entry,['samedi'],Samedi | Entrée avant 21h,DICE,45.674834999999995,48.41,1,1
2026-05-09,2026-05-09 23:57:00,samedi,early_entry,['samedi'],Samedi | Entrée avant 21h,DICE,45.674834999999995,48.41,1,1
2026-06-01,2026-06-01 00:24:00,samedi,early_entry,['samedi'],Samedi | Entrée avant 21h,DICE,45.674834999999995,48.41,1,1
2026-06-01,2026-06-01 00:24:00,samedi,early_entry,['samedi'],Samedi | Entrée avant 21h,DICE,45.674834999999995,48.41,1,1
2026-05-07,2026-05-07 09:44:00,samedi,early_entry,['samedi'],Samedi | Entrée avant 21h,DICE,45.674834999999995,48.41,1,1
2026-05-07,2026-05-07 09:44:00,samedi,early_entry,['samedi'],Samedi | Entrée avant 21h,DICE,45.674834999999995,48.41,1,1
2026-05-07,2026-05-07 09:44:00,samedi,early_entry,['samedi'],Samedi | Entrée avant 21h,DICE,45.674834999999995,48.41,1,1
2026-05-07,2026-05-07 09:44:00,samedi,early_entry,['samedi'],Samedi | Entrée avant 21h,DICE,45.674834999999995,48.41,1,1
2026-05-06,2026-05-06 20:08:00,samedi,early_entry,['samedi'],Samedi | Entrée avant 21h,DICE,45.674834999999995,48.41,1,1
2026-05-06,2026-05-06 20:46:00,samedi,early_entry,['samedi'],Samedi | Entrée avant 21h,DICE,45.674834999999995,48.41,1,1
2026-05-06,2026-05-06 20:46:00,samedi,early_entry,['samedi'],Samedi | Entrée avant 21h,DICE,45.674834999999995,48.41,1,1
2026-05-30,2026-05-30 02:45:00,samedi,early_entry,['samedi'],Samedi | Entrée avant 21h,DICE,45.674834999999995,48.41,1,1
2026-05-24,2026-05-24 14:38:00,samedi,early_entry,['samedi'],Samedi | Entrée avant 21h,DICE,45.674834999999995,48.41,1,1
2026-05-24,2026-05-24 14:38:00,samedi,early_entry,['samedi'],Samedi | Entrée avant 21h,DICE,45.674834999999995,48.41,1,1
2026-05-19,2026-05-19 19:37:00,samedi,early_entry,['samedi'],Samedi | Entrée avant 21h,DICE,45.674834999999995,48.41,1,1
2026-05-19,2026-05-19 19:37:00,samedi,early_entry,['samedi'],Samedi | Entrée avant 21h,DICE,45.674834999999995,48.41,1,1
2026-05-07,2026-05-07 19:00:00,vendredi,regular,['vendredi'],Vendredi | Billet standard,DICE,55.392885,58.71,1,1
2026-07-02,2026-07-02 16:31:00,vendredi,regular,['vendredi'],Vendredi | Billet standard,DICE,55.392885,58.71,1,1
2026-05-06,2026-05-06 21:34:00,vendredi,regular,['vendredi'],Vendredi | Billet standard,DICE,55.392885,58.71,1,1
2026-07-24,2026-07-24 19:28:00,vendredi,regular,['vendredi'],Vendredi | Billet standard,DICE,55.392885,58.71,1,1
2026-05-28,2026-05-28 12:09:00,vendredi,regular,['vendredi'],Vendredi | Billet standard,DICE,55.392885,58.71,1,1
2026-05-06,2026-05-06 19:29:00,vendredi,regular,['vendredi'],Vendredi | Billet standard,DICE,55.392885,58.71,1,1
2026-05-06,2026-05-06 19:29:00,vendredi,regular,['vendredi'],Vendredi | Billet standard,DICE,55.392885,58.71,1,1
2026-05-31,2026-05-31 09:03:00,vendredi,regular,['vendredi'],Vendredi | Billet standard,DICE,55.392885,58.71,1,1
2026-07-15,2026-07-15 21:00:00,vendredi,regular,['vendredi'],Vendredi | Billet standard,DICE,55.392885,58.71,1,1
2026-05-06,2026-05-06 23:03:00,vendredi,regular,['vendredi'],Vendredi | Billet standard,DICE,55.392885,58.71,1,1
2026-05-06,2026-05-06 23:03:00,vendredi,regular,['vendredi'],Vendredi | Billet standard,DICE,55.392885,58.71,1,1
2026-05-06,2026-05-06 19:17:00,vendredi,regular,['vendredi'],Vendredi | Billet standard,DICE,55.392885,58.71,1,1
2026-05-06,2026-05-06 19:17:00,vendredi,regular,['vendredi'],Vendredi | Billet standard,DICE,55.392885,58.71,1,1
2026-07-19,2026-07-19 10:43:00,vendredi,regular,['vendredi'],Vendredi | Billet standard,DICE,55.392885,58.71,1,1
2026-06-22,2026-06-22 18:20:00,vendredi,regular,['vendredi'],Vendredi | Billet standard,DICE,55.392885,58.71,1,1
2026-05-30,2026-05-30 10:47:00,vendredi,regular,['vendredi'],Vendredi | Billet standard,DICE,55.392885,58.71,1,1
2026-05-30,2026-05-30 10:47:00,vendredi,regular,['vendredi'],Vendredi | Billet standard,DICE,55.392885,58.71,1,1
2026-05-07,2026-05-07 20:49:00,vendredi,regular,['vendredi'],Vendredi | Billet standard,DICE,55.392885,58.71,1,1
2026-05-10,2026-05-10 11:02:00,vendredi,regular,['vendredi'],Vendredi | Billet standard,DICE,55.392885,58.71,1,1
2026-07-29,2026-07-29 11:15:00,vendredi,regular,['vendredi'],Vendredi | Billet standard,DICE,55.392885,58.71,1,1
2026-07-29,2026-07-29 11:15:00,vendredi,regular,['vendredi'],Vendredi | Billet standard,DICE,55.392885,58.71,1,1
2026-05-06,2026-05-06 19:38:00,vendredi,regular,['vendredi'],Vendredi | Billet standard,DICE,55.392885,58.71,1,1
2026-05-06,2026-05-06 19:38:00,vendredi,regular,['vendredi'],Vendredi | Billet standard,DICE,55.392885,58.71,1,1
2026-05-10,2026-05-10 18:13:00,vendredi,regular,['vendredi'],Vendredi | Billet standard,DICE,55.392885,58.71,1,1
2026-05-10,2026-05-10 18:13:00,vendredi,regular,['vendredi'],Vendredi | Billet standard,DICE,55.392885,58.71,1,1
2026-05-30,2026-05-30 06:36:00,vendredi,regular,['vendredi'],Vendredi | Billet standard,DICE,55.392885,58.71,1,1
2026-05-30,2026-05-30 06:36:00,vendredi,regular,['vendredi'],Vendredi | Billet standard,DICE,55.392885,58.71,1,1
2026-05-07,2026-05-07 21:52:00,vendredi,regular,['vendredi'],Vendredi | Billet standard,DICE,55.392885,58.71,1,1
2026-05-15,2026-05-15 18:33:00,vendredi,regular,['vendredi'],Vendredi | Billet standard,DICE,55.392885,58.71,1,1
2026-05-15,2026-05-15 18:33:00,vendredi,regular,['vendredi'],Vendredi | Billet standard,DICE,55.392885,58.71,1,1
2026-05-15,2026-05-15 18:33:00,vendredi,regular,['vendredi'],Vendredi | Billet standard,DICE,55.392885,58.71,1,1
2026-05-15,2026-05-15 18:33:00,vendredi,regular,['vendredi'],Vendredi | Billet standard,DICE,55.392885,58.71,1,1
2026-06-29,2026-06-29 17:29:00,vendredi,regular,['vendredi'],Vendredi | Billet standard,DICE,55.392885,58.71,1,1
2026-06-02,2026-06-02 22:42:00,vendredi,regular,['vendredi'],Vendredi | Billet standard,DICE,55.392885,58.71,1,1
2026-07-19,2026-07-19 19:09:00,vendredi,regular,['vendredi'],Vendredi | Billet standard,DICE,55.392885,58.71,1,1
2026-07-19,2026-07-19 19:09:00,vendredi,regular,['vendredi'],Vendredi | Billet standard,DICE,55.392885,58.71,1,1
2026-05-26,2026-05-26 13:13:00,vendredi,regular,['vendredi'],Vendredi | Billet standard,DICE,55.392885,58.71,1,1
2026-05-26,2026-05-26 13:13:00,vendredi,regular,['vendredi'],Vendredi | Billet standard,DICE,55.392885,58.71,1,1
2026-05-06,2026-05-06 22:34:00,vendredi,regular,['vendredi'],Vendredi | Billet standard,DICE,55.392885,58.71,1,1
2026-06-12,2026-06-12 20:00:00,vendredi,regular,['vendredi'],Vendredi | Billet standard,DICE,55.392885,58.71,1,1
2026-06-12,2026-06-12 20:00:00,vendredi,regular,['vendredi'],Vendredi | Billet standard,DICE,55.392885,58.71,1,1
2026-07-11,2026-07-11 14:24:00,vendredi,regular,['vendredi'],Vendredi | Billet standard,DICE,55.392885,58.71,1,1
2026-07-11,2026-07-11 14:24:00,vendredi,regular,['vendredi'],Vendredi | Billet standard,DICE,55.392885,58.71,1,1
2026-07-11,2026-07-11 14:24:00,vendredi,regular,['vendredi'],Vendredi | Billet standard,DICE,55.392885,58.71,1,1
2026-05-06,2026-05-06 19:30:00,vendredi,regular,['vendredi'],Vendredi | Billet standard,DICE,55.392885,58.71,1,1
2026-05-20,2026-05-20 16:56:00,vendredi,regular,['vendredi'],Vendredi | Billet standard,DICE,55.392885,58.71,1,1
2026-05-06,2026-05-06 19:21:00,vendredi,regular,['vendredi'],Vendredi | Billet standard,DICE,55.392885,58.71,1,1
2026-05-06,2026-05-06 19:21:00,vendredi,regular,['vendredi'],Vendredi | Billet standard,DICE,55.392885,58.71,1,1
2026-07-31,2026-07-31 11:19:00,vendredi,regular,['vendredi'],Vendredi | Billet standard,DICE,55.392885,58.71,1,1
2026-07-31,2026-07-31 11:19:00,vendredi,regular,['vendredi'],Vendredi | Billet standard,DICE,55.392885,58.71,1,1
2026-08-04,2026-08-04 11:01:00,vendredi,regular,['vendredi'],Vendredi | Billet standard,DICE,55.392885,58.71,1,1
2026-08-04,2026-08-04 11:01:00,vendredi,regular,['vendredi'],Vendredi | Billet standard,DICE,55.392885,58.71,1,1
2026-06-06,2026-06-06 14:43:00,vendredi,regular,['vendredi'],Vendredi | Billet standard,DICE,55.392885,58.71,1,1
2026-06-06,2026-06-06 14:43:00,vendredi,regular,['vendredi'],Vendredi | Billet standard,DICE,55.392885,58.71,1,1
2026-06-06,2026-06-06 14:43:00,vendredi,regular,['vendredi'],Vendredi | Billet standard,DICE,55.392885,58.71,1,1
2026-07-15,2026-07-15 19:02:00,vendredi,regular,['vendredi'],Vendredi | Billet standard,DICE,55.392885,58.71,1,1
2026-07-15,2026-07-15 19:02:00,vendredi,regular,['vendredi'],Vendredi | Billet standard,DICE,55.392885,58.71,1,1
2026-07-15,2026-07-15 19:02:00,vendredi,regular,['vendredi'],Vendredi | Billet standard,DICE,55.392885,58.71,1,1
2026-07-25,2026-07-25 22:06:00,vendredi,regular,['vendredi'],Vendredi | Billet standard,DICE,55.392885,58.71,1,1
2026-05-10,2026-05-10 06:16:00,vendredi,regular,['vendredi'],Vendredi | Billet standard,DICE,55.392885,58.71,1,1
2026-05-23,2026-05-23 16:21:00,vendredi,regular,['vendredi'],Vendredi | Billet standard,DICE,55.392885,58.71,1,1
2026-06-21,2026-06-21 18:35:00,vendredi,regular,['vendredi'],Vendredi | Billet standard,DICE,55.392885,58.71,1,1
2026-06-21,2026-06-21 18:35:00,vendredi,regular,['vendredi'],Vendredi | Billet standard,DICE,55.392885,58.71,1,1
2026-05-07,2026-05-07 14:56:00,vendredi,regular,['vendredi'],Vendredi | Billet standard,DICE,55.392885,58.71,1,1
2026-05-07,2026-05-07 14:56:00,vendredi,regular,['vendredi'],Vendredi | Billet standard,DICE,55.392885,58.71,1,1
2026-05-07,2026-05-07 14:56:00,vendredi,regular,['vendredi'],Vendredi | Billet standard,DICE,55.392885,58.71,1,1
2026-05-06,2026-05-06 19:34:00,vendredi,regular,['vendredi'],Vendredi | Billet standard,DICE,55.392885,58.71,1,1
2026-05-06,2026-05-06 19:34:00,vendredi,regular,['vendredi'],Vendredi | Billet standard,DICE,55.392885,58.71,1,1
2026-05-06,2026-05-06 20:13:00,vendredi,regular,['vendredi'],Vendredi | Billet standard,DICE,55.392885,58.71,1,1
2026-06-19,2026-06-19 00:30:00,vendredi,regular,['vendredi'],Vendredi | Billet standard,DICE,55.392885,58.71,1,1
2026-05-06,2026-05-06 22:45:00,vendredi,regular,['vendredi'],Vendredi | Billet standard,DICE,55.392885,58.71,1,1
2026-05-06,2026-05-06 22:45:00,vendredi,regular,['vendredi'],Vendredi | Billet standard,DICE,55.392885,58.71,1,1
2026-05-06,2026-05-06 22:45:00,vendredi,regular,['vendredi'],Vendredi | Billet standard,DICE,55.392885,58.71,1,1
2026-05-06,2026-05-06 21:48:00,vendredi,regular,['vendredi'],Vendredi | Billet standard,DICE,55.392885,58.71,1,1
2026-07-31,2026-07-31 10:01:00,vendredi,regular,['vendredi'],Vendredi | Billet standard,DICE,55.392885,58.71,1,1
2026-05-10,2026-05-10 23:22:00,vendredi,regular,['vendredi'],Vendredi | Billet standard,DICE,55.392885,58.71,1,1
2026-05-10,2026-05-10 23:22:00,vendredi,regular,['vendredi'],Vendredi | Billet standard,DICE,55.392885,58.71,1,1
2026-05-06,2026-05-06 23:28:00,vendredi,regular,['vendredi'],Vendredi | Billet standard,DICE,55.392885,58.71,1,1
2026-05-06,2026-05-06 23:28:00,vendredi,regular,['vendredi'],Vendredi | Billet standard,DICE,55.392885,58.71,1,1
2026-07-29,2026-07-29 19:02:00,vendredi,regular,['vendredi'],Vendredi | Billet standard,DICE,55.392885,58.71,1,1
2026-07-29,2026-07-29 19:02:00,vendredi,regular,['vendredi'],Vendredi | Billet standard,DICE,55.392885,58.71,1,1
2026-05-17,2026-05-17 21:41:00,vendredi,regular,['vendredi'],Vendredi | Billet standard,DICE,55.392885,58.71,1,1
2026-07-30,2026-07-30 17:21:00,vendredi,regular,['vendredi'],Vendredi | Billet standard,DICE,55.392885,58.71,1,1
2026-05-06,2026-05-06 19:17:00,vendredi,regular,['vendredi'],Vendredi | Billet standard,DICE,55.392885,58.71,1,1
2026-05-06,2026-05-06 19:17:00,vendredi,regular,['vendredi'],Vendredi | Billet standard,DICE,55.392885,58.71,1,1
2026-06-09,2026-06-09 07:03:00,vendredi,regular,['vendredi'],Vendredi | Billet standard,DICE,55.392885,58.71,1,1
2026-05-30,2026-05-30 15:13:00,vendredi,regular,['vendredi'],Vendredi | Billet standard,DICE,55.392885,58.71,1,1
2026-05-12,2026-05-12 14:16:00,vendredi,regular,['vendredi'],Vendredi | Billet standard,DICE,55.392885,58.71,1,1
2026-05-06,2026-05-06 19:38:00,vendredi,regular,['vendredi'],Vendredi | Billet standard,DICE,55.392885,58.71,1,1
2026-05-06,2026-05-06 19:38:00,vendredi,regular,['vendredi'],Vendredi | Billet standard,DICE,55.392885,58.71,1,1
2026-05-06,2026-05-06 19:38:00,vendredi,regular,['vendredi'],Vendredi | Billet standard,DICE,55.392885,58.71,1,1
2026-07-07,2026-07-07 06:55:00,vendredi,regular,['vendredi'],Vendredi | Billet standard,DICE,55.392885,58.71,1,1
2026-07-07,2026-07-07 06:55:00,vendredi,regular,['vendredi'],Vendredi | Billet standard,DICE,55.392885,58.71,1,1
2026-06-11,2026-06-11 09:47:00,vendredi,regular,['vendredi'],Vendredi | Billet standard,DICE,55.392885,58.71,1,1
2026-06-11,2026-06-11 09:47:00,vendredi,regular,['vendredi'],Vendredi | Billet standard,DICE,55.392885,58.71,1,1
2026-06-11,2026-06-11 09:47:00,vendredi,regular,['vendredi'],Vendredi | Billet standard,DICE,55.392885,58.71,1,1
2026-05-06,2026-05-06 19:16:00,vendredi,regular,['vendredi'],Vendredi | Billet standard,DICE,55.392885,58.71,1,1
2026-05-06,2026-05-06 19:16:00,vendredi,regular,['vendredi'],Vendredi | Billet standard,DICE,55.392885,58.71,1,1
2026-05-06,2026-05-06 19:15:00,vendredi,regular,['vendredi'],Vendredi | Billet standard,DICE,55.392885,58.71,1,1
2026-07-31,2026-07-31 14:16:00,vendredi,regular,['vendredi'],Vendredi | Billet standard,DICE,55.392885,58.71,1,1
2026-07-31,2026-07-31 14:16:00,vendredi,regular,['vendredi'],Vendredi | Billet standard,DICE,55.392885,58.71,1,1
2026-05-06,2026-05-06 19:51:00,vendredi,regular,['vendredi'],Vendredi | Billet standard,DICE,55.392885,58.71,1,1
2026-05-06,2026-05-06 19:51:00,vendredi,regular,['vendredi'],Vendredi | Billet standard,DICE,55.392885,58.71,1,1
2026-06-03,2026-06-03 17:12:00,vendredi,regular,['vendredi'],Vendredi | Billet standard,DICE,55.392885,58.71,1,1
2026-05-06,2026-05-06 19:26:00,vendredi,regular,['vendredi'],Vendredi | Billet standard,DICE,55.392885,58.71,1,1
2026-05-06,2026-05-06 19:20:00,vendredi,regular,['vendredi'],Vendredi | Billet standard,DICE,55.392885,58.71,1,1
2026-05-06,2026-05-06 19:15:00,vendredi,regular,['vendredi'],Vendredi | Billet standard,DICE,55.392885,58.71,1,1
2026-05-06,2026-05-06 19:15:00,vendredi,regular,['vendredi'],Vendredi | Billet standard,DICE,55.392885,58.71,1,1
2026-05-06,2026-05-06 19:15:00,vendredi,regular,['vendredi'],Vendredi | Billet standard,DICE,55.392885,58.71,1,1
2026-05-06,2026-05-06 19:15:00,vendredi,regular,['vendredi'],Vendredi | Billet standard,DICE,55.392885,58.71,1,1
2026-06-30,2026-06-30 20:42:00,vendredi,regular,['vendredi'],Vendredi | Billet standard,DICE,55.392885,58.71,1,1
2026-06-30,2026-06-30 15:43:00,vendredi,regular,['vendredi'],Vendredi | Billet standard,DICE,55.392885,58.71,1,1
2026-05-08,2026-05-08 17:04:00,vendredi,regular,['vendredi'],Vendredi | Billet standard,DICE,55.392885,58.71,1,1
2026-05-08,2026-05-08 17:04:00,vendredi,regular,['vendredi'],Vendredi | Billet standard,DICE,55.392885,58.71,1,1
2026-05-23,2026-05-23 20:38:00,vendredi,regular,['vendredi'],Vendredi | Billet standard,DICE,55.392885,58.71,1,1
2026-05-23,2026-05-23 20:38:00,vendredi,regular,['vendredi'],Vendredi | Billet standard,DICE,55.392885,58.71,1,1
2026-05-06,2026-05-06 20:30:00,vendredi,regular,['vendredi'],Vendredi | Billet standard,DICE,55.392885,58.71,1,1
2026-08-01,2026-08-01 10:18:00,vendredi,regular,['vendredi'],Vendredi | Billet standard,DICE,55.392885,58.71,1,1
2026-08-01,2026-08-01 10:18:00,vendredi,regular,['vendredi'],Vendredi | Billet standard,DICE,55.392885,58.71,1,1
2026-05-06,2026-05-06 20:17:00,vendredi,regular,['vendredi'],Vendredi | Billet standard,DICE,55.392885,58.71,1,1
2026-06-29,2026-06-29 17:29:00,vendredi,regular,['vendredi'],Vendredi | Billet standard,DICE,55.392885,58.71,1,1
2026-05-06,2026-05-06 19:17:00,vendredi,regular,['vendredi'],Vendredi | Billet standard,DICE,55.392885,58.71,1,1
2026-05-06,2026-05-06 19:17:00,vendredi,regular,['vendredi'],Vendredi | Billet standard,DICE,55.392885,58.71,1,1
2026-05-20,2026-05-20 22:14:00,vendredi,regular,['vendredi'],Vendredi | Billet standard,DICE,55.392885,58.71,1,1
2026-05-20,2026-05-20 22:14:00,vendredi,regular,['vendredi'],Vendredi | Billet standard,DICE,55.392885,58.71,1,1
2026-06-30,2026-06-30 22:05:00,vendredi,regular,['vendredi'],Vendredi | Billet standard,DICE,55.392885,58.71,1,1
2026-05-31,2026-05-31 18:25:00,vendredi,regular,['vendredi'],Vendredi | Billet standard,DICE,55.392885,58.71,1,1
2026-05-31,2026-05-31 18:25:00,vendredi,regular,['vendredi'],Vendredi | Billet standard,DICE,55.392885,58.71,1,1
2026-06-20,2026-06-20 11:36:00,vendredi,regular,['vendredi'],Vendredi | Billet standard,DICE,55.392885,58.71,1,1
2026-07-06,2026-07-06 23:58:00,vendredi,regular,['vendredi'],Vendredi | Billet standard,DICE,55.392885,58.71,1,1
2026-07-06,2026-07-06 23:58:00,vendredi,regular,['vendredi'],Vendredi | Billet standard,DICE,55.392885,58.71,1,1
2026-07-06,2026-07-06 23:58:00,vendredi,regular,['vendredi'],Vendredi | Billet standard,DICE,55.392885,58.71,1,1
2026-07-06,2026-07-06 23:58:00,vendredi,regular,['vendredi'],Vendredi | Billet standard,DICE,55.392885,58.71,1,1
2026-07-06,2026-07-06 23:58:00,vendredi,regular,['vendredi'],Vendredi | Billet standard,DICE,55.392885,58.71,1,1
2026-05-06,2026-05-06 20:04:00,vendredi,regular,['vendredi'],Vendredi | Billet standard,DICE,55.392885,58.71,1,1
2026-05-06,2026-05-06 20:04:00,vendredi,regular,['vendredi'],Vendredi | Billet standard,DICE,55.392885,58.71,1,1
2026-05-07,2026-05-07 19:24:00,vendredi,regular,['vendredi'],Vendredi | Billet standard,DICE,55.392885,58.71,1,1
2026-05-09,2026-05-09 15:18:00,vendredi,regular,['vendredi'],Vendredi | Billet standard,DICE,55.392885,58.71,1,1
2026-05-31,2026-05-31 22:39:00,vendredi,regular,['vendredi'],Vendredi | Billet standard,DICE,55.392885,58.71,1,1
2026-06-08,2026-06-08 23:14:00,vendredi,regular,['vendredi'],Vendredi | Billet standard,DICE,55.392885,58.71,1,1
2026-06-08,2026-06-08 23:14:00,vendredi,regular,['vendredi'],Vendredi | Billet standard,DICE,55.392885,58.71,1,1
2026-05-27,2026-05-27 17:34:00,vendredi,regular,['vendredi'],Vendredi | Billet standard,DICE,55.392885,58.71,1,1
2026-08-03,2026-08-03 10:54:00,vendredi,regular,['vendredi'],Vendredi | Billet standard,DICE,55.392885,58.71,1,1
2026-08-03,2026-08-03 10:54:00,vendredi,regular,['vendredi'],Vendredi | Billet standard,DICE,55.392885,58.71,1,1
2026-06-06,2026-06-06 13:04:00,vendredi,regular,['vendredi'],Vendredi | Billet standard,DICE,55.392885,58.71,1,1
2026-06-06,2026-06-06 13:04:00,vendredi,regular,['vendredi'],Vendredi | Billet standard,DICE,55.392885,58.71,1,1
2026-07-31,2026-07-31 10:56:00,vendredi,regular,['vendredi'],Vendredi | Billet standard,DICE,55.392885,58.71,1,1
2026-06-09,2026-06-09 17:48:00,vendredi,regular,['vendredi'],Vendredi | Billet standard,DICE,55.392885,58.71,1,1
2026-05-07,2026-05-07 18:42:00,vendredi,regular,['vendredi'],Vendredi | Billet standard,DICE,55.392885,58.71,1,1
2026-05-07,2026-05-07 18:42:00,vendredi,regular,['vendredi'],Vendredi | Billet standard,DICE,55.392885,58.71,1,1
2026-06-19,2026-06-19 08:54:00,vendredi,regular,['vendredi'],Vendredi | Billet standard,DICE,55.392885,58.71,1,1
2026-06-19,2026-06-19 08:54:00,vendredi,regular,['vendredi'],Vendredi | Billet standard,DICE,55.392885,58.71,1,1
2026-05-06,2026-05-06 19:25:00,vendredi,regular,['vendredi'],Vendredi | Billet standard,DICE,55.392885,58.71,1,1
2026-05-15,2026-05-15 15:32:00,vendredi,regular,['vendredi'],Vendredi | Billet standard,DICE,55.392885,58.71,1,1
2026-05-15,2026-05-15 15:32:00,vendredi,regular,['vendredi'],Vendredi | Billet standard,DICE,55.392885,58.71,1,1
2026-05-22,2026-05-22 15:48:00,vendredi,regular,['vendredi'],Vendredi | Billet standard,DICE,55.392885,58.71,1,1
2026-05-22,2026-05-22 15:48:00,vendredi,regular,['vendredi'],Vendredi | Billet standard,DICE,55.392885,58.71,1,1
2026-06-06,2026-06-06 08:32:00,vendredi,regular,['vendredi'],Vendredi | Billet standard,DICE,55.392885,58.71,1,1
2026-06-06,2026-06-06 08:32:00,vendredi,regular,['vendredi'],Vendredi | Billet standard,DICE,55.392885,58.71,1,1
2026-06-06,2026-06-06 08:32:00,vendredi,regular,['vendredi'],Vendredi | Billet standard,DICE,55.392885,58.71,1,1
2026-05-07,2026-05-07 19:33:00,vendredi,regular,['vendredi'],Vendredi | Billet standard,DICE,55.392885,58.71,1,1
2026-05-07,2026-05-07 19:24:00,vendredi,regular,['vendredi'],Vendredi | Billet standard,DICE,55.392885,58.71,1,1
2026-05-06,2026-05-06 19:17:00,vendredi,regular,['vendredi'],Vendredi | Billet standard,DICE,55.392885,58.71,1,1
2026-07-03,2026-07-03 21:24:00,vendredi,regular,['vendredi'],Vendredi | Billet standard,DICE,55.392885,58.71,1,1
2026-06-10,2026-06-10 18:21:00,vendredi,regular,['vendredi'],Vendredi | Billet standard,DICE,55.392885,58.71,1,1
2026-06-02,2026-06-02 18:11:00,vendredi,regular,['vendredi'],Vendredi | Billet standard,DICE,55.392885,58.71,1,1
2026-05-06,2026-05-06 19:44:00,vendredi,regular,['vendredi'],Vendredi | Billet standard,DICE,55.392885,58.71,1,1
2026-06-13,2026-06-13 09:48:00,vendredi,regular,['vendredi'],Vendredi | Billet standard,DICE,55.392885,58.71,1,1
2026-05-13,2026-05-13 19:18:00,vendredi,regular,['vendredi'],Vendredi | Billet standard,DICE,55.392885,58.71,1,1
2026-05-13,2026-05-13 19:18:00,vendredi,regular,['vendredi'],Vendredi | Billet standard,DICE,55.392885,58.71,1,1
2026-05-06,2026-05-06 19:26:00,vendredi,regular,['vendredi'],Vendredi | Billet standard,DICE,55.392885,58.71,1,1
2026-05-09,2026-05-09 13:18:00,vendredi,regular,['vendredi'],Vendredi | Billet standard,DICE,55.392885,58.71,1,1
2026-05-09,2026-05-09 13:18:00,vendredi,regular,['vendredi'],Vendredi | Billet standard,DICE,55.392885,58.71,1,1
2026-05-09,2026-05-09 13:18:00,vendredi,regular,['vendredi'],Vendredi | Billet standard,DICE,55.392885,58.71,1,1
2026-05-08,2026-05-08 09:59:00,vendredi,regular,['vendredi'],Vendredi | Billet standard,DICE,55.392885,58.71,1,1
2026-05-08,2026-05-08 09:59:00,vendredi,regular,['vendredi'],Vendredi | Billet standard,DICE,55.392885,58.71,1,1
2026-06-09,2026-06-09 11:56:00,vendredi,regular,['vendredi'],Vendredi | Billet standard,DICE,55.392885,58.71,1,1
2026-06-09,2026-06-09 11:56:00,vendredi,regular,['vendredi'],Vendredi | Billet standard,DICE,55.392885,58.71,1,1
2026-05-06,2026-05-06 19:17:00,vendredi,regular,['vendredi'],Vendredi | Billet standard,DICE,55.392885,58.71,1,1
2026-05-06,2026-05-06 19:17:00,vendredi,regular,['vendredi'],Vendredi | Billet standard,DICE,55.392885,58.71,1,1
2026-05-06,2026-05-06 19:15:00,vendredi,regular,['vendredi'],Vendredi | Billet standard,DICE,55.392885,58.71,1,1
2026-06-06,2026-06-06 13:04:00,vendredi,regular,['vendredi'],Vendredi | Billet standard,DICE,55.392885,58.71,1,1
2026-06-06,2026-06-06 13:04:00,vendredi,regular,['vendredi'],Vendredi | Billet standard,DICE,55.392885,58.71,1,1
2026-05-06,2026-05-06 22:14:00,vendredi,regular,['vendredi'],Vendredi | Billet standard,DICE,55.392885,58.71,1,1
2026-05-06,2026-05-06 22:14:00,vendredi,regular,['vendredi'],Vendredi | Billet standard,DICE,55.392885,58.71,1,1
2026-05-06,2026-05-06 22:14:00,vendredi,regular,['vendredi'],Vendredi | Billet standard,DICE,55.392885,58.71,1,1
2026-05-06,2026-05-06 19:16:00,vendredi,regular,['vendredi'],Vendredi | Billet standard,DICE,55.392885,58.71,1,1
2026-05-08,2026-05-08 17:23:00,vendredi,regular,['vendredi'],Vendredi | Billet standard,DICE,55.392885,58.71,1,1
2026-05-06,2026-05-06 19:59:00,vendredi,regular,['vendredi'],Vendredi | Billet standard,DICE,55.392885,58.71,1,1
2026-05-06,2026-05-06 19:59:00,vendredi,regular,['vendredi'],Vendredi | Billet standard,DICE,55.392885,58.71,1,1
2026-05-06,2026-05-06 19:59:00,vendredi,regular,['vendredi'],Vendredi | Billet standard,DICE,55.392885,58.71,1,1
2026-05-06,2026-05-06 19:55:00,vendredi,regular,['vendredi'],Vendredi | Billet standard,DICE,55.392885,58.71,1,1
2026-05-06,2026-05-06 19:55:00,vendredi,regular,['vendredi'],Vendredi | Billet standard,DICE,55.392885,58.71,1,1
2026-05-06,2026-05-06 19:55:00,vendredi,regular,['vendredi'],Vendredi | Billet standard,DICE,55.392885,58.71,1,1
2026-05-06,2026-05-06 19:55:00,vendredi,regular,['vendredi'],Vendredi | Billet standard,DICE,55.392885,58.71,1,1
2026-05-06,2026-05-06 19:55:00,vendredi,regular,['vendredi'],Vendredi | Billet standard,DICE,55.392885,58.71,1,1
2026-05-19,2026-05-19 14:37:00,vendredi,regular,['vendredi'],Vendredi | Billet standard,DICE,55.392885,58.71,1,1
2026-05-07,2026-05-07 10:12:00,vendredi,regular,['vendredi'],Vendredi | Billet standard,DICE,55.392885,58.71,1,1
2026-05-07,2026-05-07 10:12:00,vendredi,regular,['vendredi'],Vendredi | Billet standard,DICE,55.392885,58.71,1,1
2026-05-16,2026-05-16 20:23:00,vendredi,regular,['vendredi'],Vendredi | Billet standard,DICE,55.392885,58.71,1,1
2026-05-16,2026-05-16 20:23:00,vendredi,regular,['vendredi'],Vendredi | Billet standard,DICE,55.392885,58.71,1,1
2026-05-16,2026-05-16 20:23:00,vendredi,regular,['vendredi'],Vendredi | Billet standard,DICE,55.392885,58.71,1,1
2026-05-09,2026-05-09 12:46:00,vendredi,regular,['vendredi'],Vendredi | Billet standard,DICE,55.392885,58.71,1,1
2026-05-09,2026-05-09 12:33:00,vendredi,regular,['vendredi'],Vendredi | Billet standard,DICE,55.392885,58.71,1,1
2026-05-09,2026-05-09 12:33:00,vendredi,regular,['vendredi'],Vendredi | Billet standard,DICE,55.392885,58.71,1,1
2026-05-06,2026-05-06 20:14:00,vendredi,regular,['vendredi'],Vendredi | Billet standard,DICE,55.392885,58.71,1,1
2026-05-06,2026-05-06 20:14:00,vendredi,regular,['vendredi'],Vendredi | Billet standard,DICE,55.392885,58.71,1,1
2026-05-08,2026-05-08 17:29:00,vendredi,regular,['vendredi'],Vendredi | Billet standard,DICE,55.392885,58.71,1,1
2026-05-08,2026-05-08 17:29:00,vendredi,regular,['vendredi'],Vendredi | Billet standard,DICE,55.392885,58.71,1,1
2026-05-09,2026-05-09 14:12:00,vendredi,regular,['vendredi'],Vendredi | Billet standard,DICE,55.392885,58.71,1,1
2026-07-01,2026-07-01 19:36:00,vendredi,regular,['vendredi'],Vendredi | Billet standard,DICE,55.392885,58.71,1,1
2026-07-01,2026-07-01 19:36:00,vendredi,regular,['vendredi'],Vendredi | Billet standard,DICE,55.392885,58.71,1,1
2026-06-30,2026-06-30 15:45:00,vendredi,regular,['vendredi'],Vendredi | Billet standard,DICE,55.392885,58.71,1,1
2026-06-30,2026-06-30 15:45:00,vendredi,regular,['vendredi'],Vendredi | Billet standard,DICE,55.392885,58.71,1,1
2026-07-31,2026-07-31 21:19:00,vendredi,regular,['vendredi'],Vendredi | Billet standard,DICE,55.392885,58.71,1,1
2026-05-08,2026-05-08 12:45:00,vendredi,regular,['vendredi'],Vendredi | Billet standard,DICE,55.392885,58.71,1,1
2026-05-08,2026-05-08 12:40:00,vendredi,regular,['vendredi'],Vendredi | Billet standard,DICE,55.392885,58.71,1,1
2026-05-07,2026-05-07 11:56:00,vendredi,regular,['vendredi'],Vendredi | Billet standard,DICE,55.392885,58.71,1,1
2026-05-07,2026-05-07 11:56:00,vendredi,regular,['vendredi'],Vendredi | Billet standard,DICE,55.392885,58.71,1,1
2026-07-07,2026-07-07 21:14:00,vendredi,regular,['vendredi'],Vendredi | Billet standard,DICE,55.392885,58.71,1,1
2026-05-16,2026-05-16 22:02:00,vendredi,regular,['vendredi'],Vendredi | Billet standard,DICE,55.392885,58.71,1,1
2026-05-16,2026-05-16 22:02:00,vendredi,regular,['vendredi'],Vendredi | Billet standard,DICE,55.392885,58.71,1,1
2026-05-16,2026-05-16 22:02:00,vendredi,regular,['vendredi'],Vendredi | Billet standard,DICE,55.392885,58.71,1,1
2026-05-16,2026-05-16 22:02:00,vendredi,regular,['vendredi'],Vendredi | Billet standard,DICE,55.392885,58.71,1,1
2026-05-06,2026-05-06 19:18:00,vendredi,regular,['vendredi'],Vendredi | Billet standard,DICE,55.392885,58.71,1,1
2026-05-06,2026-05-06 19:18:00,vendredi,regular,['vendredi'],Vendredi | Billet standard,DICE,55.392885,58.71,1,1
2026-07-03,2026-07-03 13:16:00,vendredi,regular,['vendredi'],Vendredi | Billet standard,DICE,55.392885,58.71,1,1
2026-06-26,2026-06-26 20:36:00,vendredi,regular,['vendredi'],Vendredi | Billet standard,DICE,55.392885,58.71,1,1
2026-06-26,2026-06-26 20:36:00,vendredi,regular,['vendredi'],Vendredi | Billet standard,DICE,55.392885,58.71,1,1
2026-05-06,2026-05-06 19:23:00,vendredi,regular,['vendredi'],Vendredi | Billet standard,DICE,55.392885,58.71,1,1
2026-06-03,2026-06-03 15:46:00,vendredi,regular,['vendredi'],Vendredi | Billet standard,DICE,55.392885,58.71,1,1
2026-05-06,2026-05-06 20:17:00,vendredi,regular,['vendredi'],Vendredi | Billet standard,DICE,55.392885,58.71,1,1
2026-05-06,2026-05-06 20:17:00,vendredi,regular,['vendredi'],Vendredi | Billet standard,DICE,55.392885,58.71,1,1
2026-05-06,2026-05-06 19:18:00,vendredi,regular,['vendredi'],Vendredi | Billet standard,DICE,55.392885,58.71,1,1
2026-05-06,2026-05-06 19:18:00,vendredi,regular,['vendredi'],Vendredi | Billet standard,DICE,55.392885,58.71,1,1
2026-05-07,2026-05-07 00:26:00,vendredi,regular,['vendredi'],Vendredi | Billet standard,DICE,55.392885,58.71,1,1
2026-07-03,2026-07-03 01:15:00,vendredi,regular,['vendredi'],Vendredi | Billet standard,DICE,55.392885,58.71,1,1
2026-07-03,2026-07-03 01:15:00,vendredi,regular,['vendredi'],Vendredi | Billet standard,DICE,55.392885,58.71,1,1
2026-05-06,2026-05-06 19:15:00,vendredi,regular,['vendredi'],Vendredi | Billet standard,DICE,55.392885,58.71,1,1
2026-05-06,2026-05-06 19:15:00,vendredi,regular,['vendredi'],Vendredi | Billet standard,DICE,55.392885,58.71,1,1
2026-06-04,2026-06-04 09:53:00,vendredi,regular,['vendredi'],Vendredi | Billet standard,DICE,55.392885,58.71,1,1
2026-06-04,2026-06-04 09:53:00,vendredi,regular,['vendredi'],Vendredi | Billet standard,DICE,55.392885,58.71,1,1
2026-05-06,2026-05-06 19:22:00,vendredi,regular,['vendredi'],Vendredi | Billet standard,DICE,55.392885,58.71,1,1
2026-05-10,2026-05-10 20:16:00,vendredi,regular,['vendredi'],Vendredi | Billet standard,DICE,55.392885,58.71,1,1
2026-05-10,2026-05-10 20:16:00,vendredi,regular,['vendredi'],Vendredi | Billet standard,DICE,55.392885,58.71,1,1
2026-05-10,2026-05-10 20:16:00,vendredi,regular,['vendredi'],Vendredi | Billet standard,DICE,55.392885,58.71,1,1
2026-05-10,2026-05-10 20:16:00,vendredi,regular,['vendredi'],Vendredi | Billet standard,DICE,55.392885,58.71,1,1
2026-05-06,2026-05-06 19:21:00,vendredi,regular,['vendredi'],Vendredi | Billet standard,DICE,55.392885,58.71,1,1
2026-05-06,2026-05-06 19:21:00,vendredi,regular,['vendredi'],Vendredi | Billet standard,DICE,55.392885,58.71,1,1
2026-05-06,2026-05-06 19:21:00,vendredi,regular,['vendredi'],Vendredi | Billet standard,DICE,55.392885,58.71,1,1
2026-05-06,2026-05-06 19:21:00,vendredi,regular,['vendredi'],Vendredi | Billet standard,DICE,55.392885,58.71,1,1
2026-05-20,2026-05-20 22:14:00,vendredi,regular,['vendredi'],Vendredi | Billet standard,DICE,55.392885,58.71,1,1
2026-05-06,2026-05-06 19:40:00,vendredi,regular,['vendredi'],Vendredi | Billet standard,DICE,55.392885,58.71,1,1
2026-07-25,2026-07-25 12:02:00,vendredi,regular,['vendredi'],Vendredi | Billet standard,DICE,55.392885,58.71,1,1
2026-06-25,2026-06-25 18:45:00,vendredi,regular,['vendredi'],Vendredi | Billet standard,DICE,55.392885,58.71,1,1
2026-06-25,2026-06-25 18:45:00,vendredi,regular,['vendredi'],Vendredi | Billet standard,DICE,55.392885,58.71,1,1
2026-05-06,2026-05-06 19:59:00,vendredi,regular,['vendredi'],Vendredi | Billet standard,DICE,55.392885,58.71,1,1
2026-05-06,2026-05-06 19:59:00,vendredi,regular,['vendredi'],Vendredi | Billet standard,DICE,55.392885,58.71,1,1
2026-05-10,2026-05-10 23:24:00,vendredi,regular,['vendredi'],Vendredi | Billet standard,DICE,55.392885,58.71,1,1
2026-05-10,2026-05-10 23:24:00,vendredi,regular,['vendredi'],Vendredi | Billet standard,DICE,55.392885,58.71,1,1
2026-07-26,2026-07-26 18:00:00,vendredi,regular,['vendredi'],Vendredi | Billet standard,DICE,55.392885,58.71,1,1
2026-07-26,2026-07-26 18:00:00,vendredi,regular,['vendredi'],Vendredi | Billet standard,DICE,55.392885,58.71,1,1
2026-06-07,2026-06-07 13:48:00,vendredi,regular,['vendredi'],Vendredi | Billet standard,DICE,55.392885,58.71,1,1
2026-06-07,2026-06-07 13:48:00,vendredi,regular,['vendredi'],Vendredi | Billet standard,DICE,55.392885,58.71,1,1
2026-06-07,2026-06-07 13:48:00,vendredi,regular,['vendredi'],Vendredi | Billet standard,DICE,55.392885,58.71,1,1
2026-06-07,2026-06-07 13:48:00,vendredi,regular,['vendredi'],Vendredi | Billet standard,DICE,55.392885,58.71,1,1
2026-06-07,2026-06-07 13:48:00,vendredi,regular,['vendredi'],Vendredi | Billet standard,DICE,55.392885,58.71,1,1
2026-06-07,2026-06-07 13:48:00,vendredi,regular,['vendredi'],Vendredi | Billet standard,DICE,55.392885,58.71,1,1
2026-06-07,2026-06-07 13:48:00,vendredi,regular,['vendredi'],Vendredi | Billet standard,DICE,55.392885,58.71,1,1
2026-06-07,2026-06-07 13:48:00,vendredi,regular,['vendredi'],Vendredi | Billet standard,DICE,55.392885,58.71,1,1
2026-06-07,2026-06-07 13:48:00,vendredi,regular,['vendredi'],Vendredi | Billet standard,DICE,55.392885,58.71,1,1
2026-05-06,2026-05-06 19:17:00,vendredi,regular,['vendredi'],Vendredi | Billet standard,DICE,55.392885,58.71,1,1
2026-07-15,2026-07-15 20:15:00,vendredi,regular,['vendredi'],Vendredi | Billet standard,DICE,55.392885,58.71,1,1
2026-05-07,2026-05-07 22:23:00,vendredi,regular,['vendredi'],Vendredi | Billet standard,DICE,55.392885,58.71,1,1
2026-05-06,2026-05-06 22:48:00,vendredi,regular,['vendredi'],Vendredi | Billet standard,DICE,55.392885,58.71,1,1
2026-06-20,2026-06-20 19:17:00,vendredi,regular,['vendredi'],Vendredi | Billet standard,DICE,55.392885,58.71,1,1
2026-05-06,2026-05-06 19:16:00,vendredi,regular,['vendredi'],Vendredi | Billet standard,DICE,55.392885,58.71,1,1
2026-05-06,2026-05-06 19:16:00,vendredi,regular,['vendredi'],Vendredi | Billet standard,DICE,55.392885,58.71,1,1
2026-05-14,2026-05-14 10:18:00,vendredi,regular,['vendredi'],Vendredi | Billet standard,DICE,55.392885,58.71,1,1
2026-05-14,2026-05-14 10:18:00,vendredi,regular,['vendredi'],Vendredi | Billet standard,DICE,55.392885,58.71,1,1
2026-05-06,2026-05-06 19:17:00,vendredi,regular,['vendredi'],Vendredi | Billet standard,DICE,55.392885,58.71,1,1
2026-05-07,2026-05-07 11:55:00,vendredi,regular,['vendredi'],Vendredi | Billet standard,DICE,55.392885,58.71,1,1
2026-05-06,2026-05-06 19:28:00,vendredi,regular,['vendredi'],Vendredi | Billet standard,DICE,55.392885,58.71,1,1
2026-05-06,2026-05-06 19:28:00,vendredi,regular,['vendredi'],Vendredi | Billet standard,DICE,55.392885,58.71,1,1
2026-07-05,2026-07-05 19:22:00,vendredi,regular,['vendredi'],Vendredi | Billet standard,DICE,55.392885,58.71,1,1
2026-07-03,2026-07-03 19:48:00,vendredi,regular,['vendredi'],Vendredi | Billet standard,DICE,55.392885,58.71,1,1
2026-07-03,2026-07-03 19:48:00,vendredi,regular,['vendredi'],Vendredi | Billet standard,DICE,55.392885,58.71,1,1
2026-05-06,2026-05-06 23:45:00,vendredi,regular,['vendredi'],Vendredi | Billet standard,DICE,55.392885,58.71,1,1
2026-05-09,2026-05-09 18:11:00,vendredi,regular,['vendredi'],Vendredi | Billet standard,DICE,55.392885,58.71,1,1
2026-05-09,2026-05-09 18:11:00,vendredi,regular,['vendredi'],Vendredi | Billet standard,DICE,55.392885,58.71,1,1
2026-06-02,2026-06-02 22:37:00,vendredi,regular,['vendredi'],Vendredi | Billet standard,DICE,55.392885,58.71,1,1
2026-06-02,2026-06-02 22:37:00,vendredi,regular,['vendredi'],Vendredi | Billet standard,DICE,55.392885,58.71,1,1
2026-05-06,2026-05-06 19:17:00,vendredi,regular,['vendredi'],Vendredi | Billet standard,DICE,55.392885,58.71,1,1
2026-05-16,2026-05-16 21:04:00,vendredi,regular,['vendredi'],Vendredi | Billet standard,DICE,55.392885,58.71,1,1
2026-05-06,2026-05-06 19:28:00,vendredi,regular,['vendredi'],Vendredi | Billet standard,DICE,55.392885,58.71,1,1
2026-05-06,2026-05-06 19:28:00,vendredi,regular,['vendredi'],Vendredi | Billet standard,DICE,55.392885,58.71,1,1
2026-05-06,2026-05-06 19:28:00,vendredi,regular,['vendredi'],Vendredi | Billet standard,DICE,55.392885,58.71,1,1
2026-05-17,2026-05-17 20:46:00,vendredi,regular,['vendredi'],Vendredi | Billet standard,DICE,55.392885,58.71,1,1
2026-05-17,2026-05-17 20:46:00,vendredi,regular,['vendredi'],Vendredi | Billet standard,DICE,55.392885,58.71,1,1
2026-07-31,2026-07-31 09:07:00,vendredi,regular,['vendredi'],Vendredi | Billet standard,DICE,55.392885,58.71,1,1
2026-07-31,2026-07-31 09:07:00,vendredi,regular,['vendredi'],Vendredi | Billet standard,DICE,55.392885,58.71,1,1
2026-05-08,2026-05-08 23:41:00,vendredi,regular,['vendredi'],Vendredi | Billet standard,DICE,55.392885,58.71,1,1
2026-05-08,2026-05-08 23:41:00,vendredi,regular,['vendredi'],Vendredi | Billet standard,DICE,55.392885,58.71,1,1
2026-05-06,2026-05-06 22:25:00,vendredi,regular,['vendredi'],Vendredi | Billet standard,DICE,55.392885,58.71,1,1
2026-06-03,2026-06-03 07:31:00,vendredi,regular,['vendredi'],Vendredi | Billet standard,DICE,55.392885,58.71,1,1
2026-07-30,2026-07-30 17:24:00,vendredi,regular,['vendredi'],Vendredi | Billet standard,DICE,55.392885,58.71,1,1
2026-06-29,2026-06-29 15:16:00,vendredi,regular,['vendredi'],Vendredi | Billet standard,DICE,55.392885,58.71,1,1
2026-07-15,2026-07-15 21:39:00,vendredi,regular,['vendredi'],Vendredi | Billet standard,DICE,55.392885,58.71,1,1
2026-07-30,2026-07-30 18:58:00,vendredi,regular,['vendredi'],Vendredi | Billet standard,DICE,55.392885,58.71,1,1
2026-07-30,2026-07-30 18:58:00,vendredi,regular,['vendredi'],Vendredi | Billet standard,DICE,55.392885,58.71,1,1
2026-06-25,2026-06-25 20:38:00,vendredi,regular,['vendredi'],Vendredi | Billet standard,DICE,55.392885,58.71,1,1
2026-07-29,2026-07-29 14:43:00,vendredi,regular,['vendredi'],Vendredi | Billet standard,DICE,55.392885,58.71,1,1
2026-07-26,2026-07-26 20:41:00,vendredi,regular,['vendredi'],Vendredi | Billet standard,DICE,55.392885,58.71,1,1
2026-05-06,2026-05-06 19:16:00,vendredi,regular,['vendredi'],Vendredi | Billet standard,DICE,55.392885,58.71,1,1
2026-05-06,2026-05-06 19:23:00,vendredi,regular,['vendredi'],Vendredi | Billet standard,DICE,55.392885,58.71,1,1
2026-05-06,2026-05-06 19:23:00,vendredi,regular,['vendredi'],Vendredi | Billet standard,DICE,55.392885,58.71,1,1
2026-06-06,2026-06-06 21:38:00,vendredi,regular,['vendredi'],Vendredi | Billet standard,DICE,55.392885,58.71,1,1
2026-06-06,2026-06-06 21:38:00,vendredi,regular,['vendredi'],Vendredi | Billet standard,DICE,55.392885,58.71,1,1
2026-05-09,2026-05-09 14:58:00,vendredi,regular,['vendredi'],Vendredi | Billet standard,DICE,55.392885,58.71,1,1
2026-05-09,2026-05-09 14:58:00,vendredi,regular,['vendredi'],Vendredi | Billet standard,DICE,55.392885,58.71,1,1
2026-05-27,2026-05-27 09:32:00,vendredi,regular,['vendredi'],Vendredi | Billet standard,DICE,55.392885,58.71,1,1
2026-06-16,2026-06-16 20:49:00,vendredi,regular,['vendredi'],Vendredi | Billet standard,DICE,55.392885,58.71,1,1
2026-06-16,2026-06-16 20:49:00,vendredi,regular,['vendredi'],Vendredi | Billet standard,DICE,55.392885,58.71,1,1
2026-07-27,2026-07-27 23:11:00,vendredi,regular,['vendredi'],Vendredi | Billet standard,DICE,55.392885,58.71,1,1
2026-07-27,2026-07-27 23:11:00,vendredi,regular,['vendredi'],Vendredi | Billet standard,DICE,55.392885,58.71,1,1
2026-07-08,2026-07-08 14:38:00,vendredi,regular,['vendredi'],Vendredi | Billet standard,DICE,55.392885,58.71,1,1
2026-07-08,2026-07-08 14:38:00,vendredi,regular,['vendredi'],Vendredi | Billet standard,DICE,55.392885,58.71,1,1
2026-06-10,2026-06-10 21:16:00,vendredi,regular,['vendredi'],Vendredi | Billet standard,DICE,55.392885,58.71,1,1
2026-05-09,2026-05-09 15:05:00,vendredi,regular,['vendredi'],Vendredi | Billet standard,DICE,55.392885,58.71,1,1
2026-05-09,2026-05-09 15:05:00,vendredi,regular,['vendredi'],Vendredi | Billet standard,DICE,55.392885,58.71,1,1
2026-05-30,2026-05-30 14:15:00,vendredi,regular,['vendredi'],Vendredi | Billet standard,DICE,55.392885,58.71,1,1
2026-05-30,2026-05-30 14:15:00,vendredi,regular,['vendredi'],Vendredi | Billet standard,DICE,55.392885,58.71,1,1
2026-08-05,2026-08-05 17:51:00,vendredi,regular,['vendredi'],Vendredi | Billet standard,DICE,55.392885,58.71,1,1
2026-07-23,2026-07-23 23:20:00,vendredi,regular,['vendredi'],Vendredi | Billet standard,DICE,55.392885,58.71,1,1
2026-07-23,2026-07-23 23:20:00,vendredi,regular,['vendredi'],Vendredi | Billet standard,DICE,55.392885,58.71,1,1
2026-05-06,2026-05-06 19:15:00,vendredi,regular,['vendredi'],Vendredi | Billet standard,DICE,55.392885,58.71,1,1
2026-05-12,2026-05-12 08:07:00,vendredi,regular,['vendredi'],Vendredi | Billet standard,DICE,55.392885,58.71,1,1
2026-05-12,2026-05-12 08:07:00,vendredi,regular,['vendredi'],Vendredi | Billet standard,DICE,55.392885,58.71,1,1
2026-05-12,2026-05-12 08:07:00,vendredi,regular,['vendredi'],Vendredi | Billet standard,DICE,55.392885,58.71,1,1
2026-05-17,2026-05-17 16:51:00,vendredi,regular,['vendredi'],Vendredi | Billet standard,DICE,55.392885,58.71,1,1
2026-05-17,2026-05-17 16:51:00,vendredi,regular,['vendredi'],Vendredi | Billet standard,DICE,55.392885,58.71,1,1
2026-05-17,2026-05-17 16:51:00,vendredi,regular,['vendredi'],Vendredi | Billet standard,DICE,55.392885,58.71,1,1
2026-05-17,2026-05-17 16:51:00,vendredi,regular,['vendredi'],Vendredi | Billet standard,DICE,55.392885,58.71,1,1
2026-05-17,2026-05-17 16:51:00,vendredi,regular,['vendredi'],Vendredi | Billet standard,DICE,55.392885,58.71,1,1
2026-05-17,2026-05-17 16:51:00,vendredi,regular,['vendredi'],Vendredi | Billet standard,DICE,55.392885,58.71,1,1
2026-05-17,2026-05-17 16:51:00,vendredi,regular,['vendredi'],Vendredi | Billet standard,DICE,55.392885,58.71,1,1
2026-07-25,2026-07-25 12:05:00,vendredi,regular,['vendredi'],Vendredi | Billet standard,DICE,55.392885,58.71,1,1
2026-07-25,2026-07-25 12:05:00,vendredi,regular,['vendredi'],Vendredi | Billet standard,DICE,55.392885,58.71,1,1
2026-05-06,2026-05-06 19:18:00,vendredi,regular,['vendredi'],Vendredi | Billet standard,DICE,55.392885,58.71,1,1
2026-05-06,2026-05-06 19:18:00,vendredi,regular,['vendredi'],Vendredi | Billet standard,DICE,55.392885,58.71,1,1
2026-05-06,2026-05-06 19:18:00,vendredi,regular,['vendredi'],Vendredi | Billet standard,DICE,55.392885,58.71,1,1
2026-05-06,2026-05-06 19:18:00,vendredi,regular,['vendredi'],Vendredi | Billet standard,DICE,55.392885,58.71,1,1
2026-05-06,2026-05-06 19:18:00,vendredi,regular,['vendredi'],Vendredi | Billet standard,DICE,55.392885,58.71,1,1
2026-05-06,2026-05-06 20:08:00,vendredi,regular,['vendredi'],Vendredi | Billet standard,DICE,55.392885,58.71,1,1
2026-05-06,2026-05-06 19:16:00,vendredi,regular,['vendredi'],Vendredi | Billet standard,DICE,55.392885,58.71,1,1
2026-05-06,2026-05-06 19:16:00,vendredi,regular,['vendredi'],Vendredi | Billet standard,DICE,55.392885,58.71,1,1
2026-05-06,2026-05-06 19:16:00,vendredi,regular,['vendredi'],Vendredi | Billet standard,DICE,55.392885,58.71,1,1
2026-05-06,2026-05-06 19:16:00,vendredi,regular,['vendredi'],Vendredi | Billet standard,DICE,55.392885,58.71,1,1
2026-05-06,2026-05-06 19:16:00,vendredi,regular,['vendredi'],Vendredi | Billet standard,DICE,55.392885,58.71,1,1
2026-05-06,2026-05-06 19:16:00,vendredi,regular,['vendredi'],Vendredi | Billet standard,DICE,55.392885,58.71,1,1
2026-05-06,2026-05-06 19:16:00,vendredi,regular,['vendredi'],Vendredi | Billet standard,DICE,55.392885,58.71,1,1
2026-05-06,2026-05-06 19:16:00,vendredi,regular,['vendredi'],Vendredi | Billet standard,DICE,55.392885,58.71,1,1
2026-05-06,2026-05-06 19:16:00,vendredi,regular,['vendredi'],Vendredi | Billet standard,DICE,55.392885,58.71,1,1
2026-05-06,2026-05-06 19:16:00,vendredi,regular,['vendredi'],Vendredi | Billet standard,DICE,55.392885,58.71,1,1
2026-05-06,2026-05-06 19:16:00,vendredi,regular,['vendredi'],Vendredi | Billet standard,DICE,55.392885,58.71,1,1
2026-05-07,2026-05-07 08:29:00,vendredi,regular,['vendredi'],Vendredi | Billet standard,DICE,55.392885,58.71,1,1
2026-07-16,2026-07-16 01:27:00,vendredi,regular,['vendredi'],Vendredi | Billet standard,DICE,55.392885,58.71,1,1
2026-07-16,2026-07-16 01:27:00,vendredi,regular,['vendredi'],Vendredi | Billet standard,DICE,55.392885,58.71,1,1
2026-05-06,2026-05-06 19:16:00,vendredi,regular,['vendredi'],Vendredi | Billet standard,DICE,55.392885,58.71,1,1
2026-05-07,2026-05-07 22:47:00,vendredi,regular,['vendredi'],Vendredi | Billet standard,DICE,55.392885,58.71,1,1
2026-05-07,2026-05-07 22:47:00,vendredi,regular,['vendredi'],Vendredi | Billet standard,DICE,55.392885,58.71,1,1
2026-05-07,2026-05-07 22:47:00,vendredi,regular,['vendredi'],Vendredi | Billet standard,DICE,55.392885,58.71,1,1
2026-05-06,2026-05-06 20:07:00,vendredi,regular,['vendredi'],Vendredi | Billet standard,DICE,55.392885,58.71,1,1
2026-05-06,2026-05-06 20:07:00,vendredi,regular,['vendredi'],Vendredi | Billet standard,DICE,55.392885,58.71,1,1
2026-05-06,2026-05-06 20:07:00,vendredi,regular,['vendredi'],Vendredi | Billet standard,DICE,55.392885,58.71,1,1
2026-05-06,2026-05-06 20:07:00,vendredi,regular,['vendredi'],Vendredi | Billet standard,DICE,55.392885,58.71,1,1
2026-05-14,2026-05-14 09:40:00,vendredi,regular,['vendredi'],Vendredi | Billet standard,DICE,55.392885,58.71,1,1
2026-05-06,2026-05-06 19:17:00,vendredi,regular,['vendredi'],Vendredi | Billet standard,DICE,55.392885,58.71,1,1
2026-05-06,2026-05-06 19:17:00,vendredi,regular,['vendredi'],Vendredi | Billet standard,DICE,55.392885,58.71,1,1
2026-05-06,2026-05-06 19:17:00,vendredi,regular,['vendredi'],Vendredi | Billet standard,DICE,55.392885,58.71,1,1
2026-05-12,2026-05-12 23:40:00,vendredi,regular,['vendredi'],Vendredi | Billet standard,DICE,55.392885,58.71,1,1
2026-05-27,2026-05-27 17:36:00,vendredi,regular,['vendredi'],Vendredi | Billet standard,DICE,55.392885,58.71,1,1
2026-07-27,2026-07-27 12:51:00,vendredi,regular,['vendredi'],Vendredi | Billet standard,DICE,55.392885,58.71,1,1
2026-05-07,2026-05-07 19:00:00,vendredi,regular,['vendredi'],Vendredi | Billet standard,DICE,55.392885,58.71,1,1
2026-05-06,2026-05-06 19:16:00,vendredi,regular,['vendredi'],Vendredi | Billet standard,DICE,55.392885,58.71,1,1
2026-05-06,2026-05-06 19:16:00,vendredi,regular,['vendredi'],Vendredi | Billet standard,DICE,55.392885,58.71,1,1
2026-05-06,2026-05-06 19:16:00,vendredi,regular,['vendredi'],Vendredi | Billet standard,DICE,55.392885,58.71,1,1
2026-05-06,2026-05-06 19:18:00,vendredi,regular,['vendredi'],Vendredi | Billet standard,DICE,55.392885,58.71,1,1
2026-05-06,2026-05-06 19:18:00,vendredi,regular,['vendredi'],Vendredi | Billet standard,DICE,55.392885,58.71,1,1
2026-05-06,2026-05-06 19:16:00,vendredi,regular,['vendredi'],Vendredi | Billet standard,DICE,55.392885,58.71,1,1
2026-05-06,2026-05-06 19:16:00,vendredi,regular,['vendredi'],Vendredi | Billet standard,DICE,55.392885,58.71,1,1
2026-05-06,2026-05-06 19:15:00,vendredi,regular,['vendredi'],Vendredi | Billet standard,DICE,55.392885,58.71,1,1
2026-06-08,2026-06-08 12:10:00,vendredi,regular,['vendredi'],Vendredi | Billet standard,DICE,55.392885,58.71,1,1
2026-06-29,2026-06-29 16:08:00,vendredi,regular,['vendredi'],Vendredi | Billet standard,DICE,55.392885,58.71,1,1
2026-06-29,2026-06-29 16:08:00,vendredi,regular,['vendredi'],Vendredi | Billet standard,DICE,55.392885,58.71,1,1
2026-07-01,2026-07-01 15:59:00,vendredi,regular,['vendredi'],Vendredi | Billet standard,DICE,55.392885,58.71,1,1
2026-06-11,2026-06-11 23:09:00,vendredi,regular,['vendredi'],Vendredi | Billet standard,DICE,55.392885,58.71,1,1
2026-05-06,2026-05-06 21:08:00,vendredi,regular,['vendredi'],Vendredi | Billet standard,DICE,55.392885,58.71,1,1
2026-05-06,2026-05-06 21:08:00,vendredi,regular,['vendredi'],Vendredi | Billet standard,DICE,55.392885,58.71,1,1
2026-06-08,2026-06-08 12:42:00,vendredi,regular,['vendredi'],Vendredi | Billet standard,DICE,55.392885,58.71,1,1
2026-06-08,2026-06-08 12:42:00,vendredi,regular,['vendredi'],Vendredi | Billet standard,DICE,55.392885,58.71,1,1
2026-06-08,2026-06-08 12:42:00,vendredi,regular,['vendredi'],Vendredi | Billet standard,DICE,55.392885,58.71,1,1
2026-06-19,2026-06-19 10:56:00,vendredi,regular,['vendredi'],Vendredi | Billet standard,DICE,55.392885,58.71,1,1
2026-06-19,2026-06-19 10:56:00,vendredi,regular,['vendredi'],Vendredi | Billet standard,DICE,55.392885,58.71,1,1
2026-05-06,2026-05-06 21:51:00,vendredi,regular,['vendredi'],Vendredi | Billet standard,DICE,55.392885,58.71,1,1
2026-07-15,2026-07-15 20:33:00,vendredi,regular,['vendredi'],Vendredi | Billet standard,DICE,55.392885,58.71,1,1
2026-06-29,2026-06-29 22:00:00,vendredi,regular,['vendredi'],Vendredi | Billet standard,DICE,55.392885,58.71,1,1
2026-06-29,2026-06-29 22:00:00,vendredi,regular,['vendredi'],Vendredi | Billet standard,DICE,55.392885,58.71,1,1
2026-07-15,2026-07-15 23:33:00,vendredi,regular,['vendredi'],Vendredi | Billet standard,DICE,55.392885,58.71,1,1
2026-07-15,2026-07-15 23:33:00,vendredi,regular,['vendredi'],Vendredi | Billet standard,DICE,55.392885,58.71,1,1
2026-05-06,2026-05-06 19:16:00,vendredi,regular,['vendredi'],Vendredi | Billet standard,DICE,55.392885,58.71,1,1
2026-05-07,2026-05-07 07:36:00,vendredi,regular,['vendredi'],Vendredi | Billet standard,DICE,55.392885,58.71,1,1
2026-05-07,2026-05-07 07:36:00,vendredi,regular,['vendredi'],Vendredi | Billet standard,DICE,55.392885,58.71,1,1
2026-05-07,2026-05-07 12:13:00,vendredi,regular,['vendredi'],Vendredi | Billet standard,DICE,55.392885,58.71,1,1
2026-05-07,2026-05-07 12:13:00,vendredi,regular,['vendredi'],Vendredi | Billet standard,DICE,55.392885,58.71,1,1
2026-05-07,2026-05-07 12:13:00,vendredi,regular,['vendredi'],Vendredi | Billet standard,DICE,55.392885,58.71,1,1
2026-06-20,2026-06-20 10:57:00,vendredi,regular,['vendredi'],Vendredi | Billet standard,DICE,55.392885,58.71,1,1
2026-05-06,2026-05-06 19:49:00,vendredi,regular,['vendredi'],Vendredi | Billet standard,DICE,55.392885,58.71,1,1
2026-05-06,2026-05-06 19:19:00,vendredi,regular,['vendredi'],Vendredi | Billet standard,DICE,55.392885,58.71,1,1
2026-05-06,2026-05-06 19:19:00,vendredi,regular,['vendredi'],Vendredi | Billet standard,DICE,55.392885,58.71,1,1
2026-06-18,2026-06-18 21:53:00,vendredi,regular,['vendredi'],Vendredi | Billet standard,DICE,55.392885,58.71,1,1
2026-08-06,2026-08-06 08:55:00,vendredi,regular,['vendredi'],Vendredi | Billet standard,DICE,55.392885,58.71,1,1
2026-06-19,2026-06-19 21:16:00,vendredi,regular,['vendredi'],Vendredi | Billet standard,DICE,55.392885,58.71,1,1
2026-05-06,2026-05-06 19:15:00,vendredi,regular,['vendredi'],Vendredi | Billet standard,DICE,55.392885,58.71,1,1
2026-05-06,2026-05-06 19:15:00,vendredi,regular,['vendredi'],Vendredi | Billet standard,DICE,55.392885,58.71,1,1
2026-05-06,2026-05-06 19:15:00,vendredi,regular,['vendredi'],Vendredi | Billet standard,DICE,55.392885,58.71,1,1
2026-05-06,2026-05-06 19:15:00,vendredi,regular,['vendredi'],Vendredi | Billet standard,DICE,55.392885,58.71,1,1
2026-05-06,2026-05-06 19:40:00,vendredi,regular,['vendredi'],Vendredi | Billet standard,DICE,55.392885,58.71,1,1
2026-05-09,2026-05-09 20:35:00,vendredi,regular,['vendredi'],Vendredi | Billet standard,DICE,55.392885,58.71,1,1
2026-07-02,2026-07-02 19:46:00,vendredi,regular,['vendredi'],Vendredi | Billet standard,DICE,55.392885,58.71,1,1
2026-05-27,2026-05-27 17:35:00,vendredi,regular,['vendredi'],Vendredi | Billet standard,DICE,55.392885,58.71,1,1
2026-05-06,2026-05-06 19:19:00,vendredi,regular,['vendredi'],Vendredi | Billet standard,DICE,55.392885,58.71,1,1
2026-05-06,2026-05-06 19:19:00,vendredi,regular,['vendredi'],Vendredi | Billet standard,DICE,55.392885,58.71,1,1
2026-05-08,2026-05-08 13:40:00,vendredi,regular,['vendredi'],Vendredi | Billet standard,DICE,55.392885,58.71,1,1
2026-07-13,2026-07-13 12:34:00,vendredi,regular,['vendredi'],Vendredi | Billet standard,DICE,55.392885,58.71,1,1
2026-05-07,2026-05-07 08:29:00,vendredi,regular,['vendredi'],Vendredi | Billet standard,DICE,55.392885,58.71,1,1
2026-05-06,2026-05-06 19:29:00,vendredi,regular,['vendredi'],Vendredi | Billet standard,DICE,55.392885,58.71,1,1
2026-05-06,2026-05-06 19:29:00,vendredi,regular,['vendredi'],Vendredi | Billet standard,DICE,55.392885,58.71,1,1
2026-07-02,2026-07-02 08:55:00,vendredi,regular,['vendredi'],Vendredi | Billet standard,DICE,55.392885,58.71,1,1
2026-05-08,2026-05-08 12:10:00,vendredi,regular,['vendredi'],Vendredi | Billet standard,DICE,55.392885,58.71,1,1
2026-05-06,2026-05-06 19:54:00,vendredi,regular,['vendredi'],Vendredi | Billet standard,DICE,55.392885,58.71,1,1
2026-05-06,2026-05-06 19:54:00,vendredi,regular,['vendredi'],Vendredi | Billet standard,DICE,55.392885,58.71,1,1
2026-05-27,2026-05-27 02:38:00,vendredi,regular,['vendredi'],Vendredi | Billet standard,DICE,55.392885,58.71,1,1
2026-05-27,2026-05-27 02:38:00,vendredi,regular,['vendredi'],Vendredi | Billet standard,DICE,55.392885,58.71,1,1
2026-06-01,2026-06-01 19:48:00,vendredi,regular,['vendredi'],Vendredi | Billet standard,DICE,55.392885,58.71,1,1
2026-08-04,2026-08-04 17:58:00,vendredi,regular,['vendredi'],Vendredi | Billet standard,DICE,55.392885,58.71,1,1
2026-05-06,2026-05-06 19:19:00,vendredi,regular,['vendredi'],Vendredi | Billet standard,DICE,55.392885,58.71,1,1
2026-05-06,2026-05-06 19:19:00,vendredi,regular,['vendredi'],Vendredi | Billet standard,DICE,55.392885,58.71,1,1
2026-05-06,2026-05-06 19:19:00,vendredi,regular,['vendredi'],Vendredi | Billet standard,DICE,55.392885,58.71,1,1
2026-05-08,2026-05-08 13:40:00,vendredi,regular,['vendredi'],Vendredi | Billet standard,DICE,55.392885,58.71,1,1
2026-07-24,2026-07-24 21:41:00,vendredi,regular,['vendredi'],Vendredi | Billet standard,DICE,55.392885,58.71,1,1
2026-05-23,2026-05-23 18:23:00,vendredi,regular,['vendredi'],Vendredi | Billet standard,DICE,55.392885,58.71,1,1
2026-06-11,2026-06-11 15:15:00,vendredi,regular,['vendredi'],Vendredi | Billet standard,DICE,55.392885,58.71,1,1
2026-06-11,2026-06-11 15:15:00,vendredi,regular,['vendredi'],Vendredi | Billet standard,DICE,55.392885,58.71,1,1
2026-06-11,2026-06-11 15:15:00,vendredi,regular,['vendredi'],Vendredi | Billet standard,DICE,55.392885,58.71,1,1
2026-05-07,2026-05-07 14:59:00,vendredi,regular,['vendredi'],Vendredi | Billet standard,DICE,55.392885,58.71,1,1
2026-05-07,2026-05-07 14:59:00,vendredi,regular,['vendredi'],Vendredi | Billet standard,DICE,55.392885,58.71,1,1
2026-05-06,2026-05-06 20:10:00,vendredi,regular,['vendredi'],Vendredi | Billet standard,DICE,55.392885,58.71,1,1
2026-05-06,2026-05-06 20:10:00,vendredi,regular,['vendredi'],Vendredi | Billet standard,DICE,55.392885,58.71,1,1
2026-05-06,2026-05-06 20:10:00,vendredi,regular,['vendredi'],Vendredi | Billet standard,DICE,55.392885,58.71,1,1
2026-05-06,2026-05-06 19:54:00,vendredi,regular,['vendredi'],Vendredi | Billet standard,DICE,55.392885,58.71,1,1
2026-05-06,2026-05-06 19:54:00,vendredi,regular,['vendredi'],Vendredi | Billet standard,DICE,55.392885,58.71,1,1
2026-05-06,2026-05-06 19:37:00,vendredi,regular,['vendredi'],Vendredi | Billet standard,DICE,55.392885,58.71,1,1
2026-05-28,2026-05-28 20:38:00,vendredi,regular,['vendredi'],Vendredi | Billet standard,DICE,55.392885,58.71,1,1
2026-05-28,2026-05-28 20:38:00,vendredi,regular,['vendredi'],Vendredi | Billet standard,DICE,55.392885,58.71,1,1
2026-06-12,2026-06-12 13:07:00,vendredi,regular,['vendredi'],Vendredi | Billet standard,DICE,55.392885,58.71,1,1
2026-06-12,2026-06-12 13:07:00,vendredi,regular,['vendredi'],Vendredi | Billet standard,DICE,55.392885,58.71,1,1
2026-05-06,2026-05-06 19:34:00,vendredi,regular,['vendredi'],Vendredi | Billet standard,DICE,55.392885,58.71,1,1
2026-05-06,2026-05-06 21:10:00,vendredi,regular,['vendredi'],Vendredi | Billet standard,DICE,55.392885,58.71,1,1
2026-05-06,2026-05-06 19:18:00,vendredi,regular,['vendredi'],Vendredi | Billet standard,DICE,55.392885,58.71,1,1
2026-05-06,2026-05-06 19:18:00,vendredi,regular,['vendredi'],Vendredi | Billet standard,DICE,55.392885,58.71,1,1
2026-05-06,2026-05-06 19:40:00,vendredi,regular,['vendredi'],Vendredi | Billet standard,DICE,55.392885,58.71,1,1
2026-05-06,2026-05-06 19:40:00,vendredi,regular,['vendredi'],Vendredi | Billet standard,DICE,55.392885,58.71,1,1
2026-07-03,2026-07-03 16:29:00,vendredi,regular,['vendredi'],Vendredi | Billet standard,DICE,55.392885,58.71,1,1
2026-07-19,2026-07-19 19:10:00,vendredi,regular,['vendredi'],Vendredi | Billet standard,DICE,55.392885,58.71,1,1
2026-06-12,2026-06-12 20:52:00,vendredi,regular,['vendredi'],Vendredi | Billet standard,DICE,55.392885,58.71,1,1
2026-06-07,2026-06-07 18:36:00,vendredi,regular,['vendredi'],Vendredi | Billet standard,DICE,55.392885,58.71,1,1
2026-05-13,2026-05-13 15:06:00,vendredi,regular,['vendredi'],Vendredi | Billet standard,DICE,55.392885,58.71,1,1
2026-05-06,2026-05-06 19:16:00,vendredi,regular,['vendredi'],Vendredi | Billet standard,DICE,55.392885,58.71,1,1
2026-05-06,2026-05-06 19:16:00,vendredi,regular,['vendredi'],Vendredi | Billet standard,DICE,55.392885,58.71,1,1
2026-05-06,2026-05-06 19:18:00,vendredi,regular,['vendredi'],Vendredi | Billet standard,DICE,55.392885,58.71,1,1
2026-05-06,2026-05-06 19:18:00,vendredi,regular,['vendredi'],Vendredi | Billet standard,DICE,55.392885,58.71,1,1
2026-05-06,2026-05-06 23:29:00,vendredi,regular,['vendredi'],Vendredi | Billet standard,DICE,55.392885,58.71,1,1
2026-05-06,2026-05-06 23:29:00,vendredi,regular,['vendredi'],Vendredi | Billet standard,DICE,55.392885,58.71,1,1
2026-08-02,2026-08-02 18:50:00,vendredi,regular,['vendredi'],Vendredi | Billet standard,DICE,55.392885,58.71,1,1
2026-06-03,2026-06-03 20:54:00,vendredi,regular,['vendredi'],Vendredi | Billet standard,DICE,55.392885,58.71,1,1
2026-05-06,2026-05-06 19:17:00,vendredi,regular,['vendredi'],Vendredi | Billet standard,DICE,55.392885,58.71,1,1
2026-05-09,2026-05-09 14:19:00,vendredi,regular,['vendredi'],Vendredi | Billet standard,DICE,55.392885,58.71,1,1
2026-05-28,2026-05-28 07:57:00,vendredi,regular,['vendredi'],Vendredi | Billet standard,DICE,55.392885,58.71,1,1
2026-05-28,2026-05-28 07:57:00,vendredi,regular,['vendredi'],Vendredi | Billet standard,DICE,55.392885,58.71,1,1
2026-05-07,2026-05-07 09:18:00,vendredi,regular,['vendredi'],Vendredi | Billet standard,DICE,55.392885,58.71,1,1
2026-05-07,2026-05-07 09:18:00,vendredi,regular,['vendredi'],Vendredi | Billet standard,DICE,55.392885,58.71,1,1
2026-05-07,2026-05-07 22:47:00,vendredi,regular,['vendredi'],Vendredi | Billet standard,DICE,55.392885,58.71,1,1
2026-07-03,2026-07-03 04:56:00,vendredi,regular,['vendredi'],Vendredi | Billet standard,DICE,55.392885,58.71,1,1
2026-05-06,2026-05-06 19:17:00,vendredi,regular,['vendredi'],Vendredi | Billet standard,DICE,55.392885,58.71,1,1
2026-08-01,2026-08-01 16:07:00,vendredi,regular,['vendredi'],Vendredi | Billet standard,DICE,55.392885,58.71,1,1
2026-05-06,2026-05-06 19:16:00,vendredi,regular,['vendredi'],Vendredi | Billet standard,DICE,55.392885,58.71,1,1
2026-05-06,2026-05-06 19:16:00,vendredi,regular,['vendredi'],Vendredi | Billet standard,DICE,55.392885,58.71,1,1
2026-05-06,2026-05-06 19:16:00,vendredi,regular,['vendredi'],Vendredi | Billet standard,DICE,55.392885,58.71,1,1
2026-05-07,2026-05-07 07:42:00,vendredi,regular,['vendredi'],Vendredi | Billet standard,DICE,55.392885,58.71,1,1
2026-05-07,2026-05-07 07:42:00,vendredi,regular,['vendredi'],Vendredi | Billet standard,DICE,55.392885,58.71,1,1
2026-05-07,2026-05-07 07:42:00,vendredi,regular,['vendredi'],Vendredi | Billet standard,DICE,55.392885,58.71,1,1
2026-05-08,2026-05-08 18:03:00,vendredi,regular,['vendredi'],Vendredi | Billet standard,DICE,55.392885,58.71,1,1
2026-05-06,2026-05-06 19:19:00,vendredi,regular,['vendredi'],Vendredi | Billet standard,DICE,55.392885,58.71,1,1
2026-05-06,2026-05-06 19:19:00,vendredi,regular,['vendredi'],Vendredi | Billet standard,DICE,55.392885,58.71,1,1
2026-05-06,2026-05-06 19:19:00,vendredi,regular,['vendredi'],Vendredi | Billet standard,DICE,55.392885,58.71,1,1
2026-05-06,2026-05-06 19:19:00,vendredi,regular,['vendredi'],Vendredi | Billet standard,DICE,55.392885,58.71,1,1
2026-05-14,2026-05-14 20:25:00,vendredi,regular,['vendredi'],Vendredi | Billet standard,DICE,55.392885,58.71,1,1
2026-05-07,2026-05-07 18:58:00,vendredi,regular,['vendredi'],Vendredi | Billet standard,DICE,55.392885,58.71,1,1
2026-05-07,2026-05-07 18:58:00,vendredi,regular,['vendredi'],Vendredi | Billet standard,DICE,55.392885,58.71,1,1
2026-05-06,2026-05-06 19:29:00,vendredi,regular,['vendredi'],Vendredi | Billet standard,DICE,55.392885,58.71,1,1
2026-05-06,2026-05-06 19:29:00,vendredi,regular,['vendredi'],Vendredi | Billet standard,DICE,55.392885,58.71,1,1
2026-05-06,2026-05-06 19:29:00,vendredi,regular,['vendredi'],Vendredi | Billet standard,DICE,55.392885,58.71,1,1
2026-05-06,2026-05-06 19:29:00,vendredi,regular,['vendredi'],Vendredi | Billet standard,DICE,55.392885,58.71,1,1
2026-05-06,2026-05-06 19:24:00,vendredi,regular,['vendredi'],Vendredi | Billet standard,DICE,55.392885,58.71,1,1
2026-05-06,2026-05-06 19:24:00,vendredi,regular,['vendredi'],Vendredi | Billet standard,DICE,55.392885,58.71,1,1
2026-07-09,2026-07-09 20:27:00,vendredi,regular,['vendredi'],Vendredi | Billet standard,DICE,55.392885,58.71,1,1
2026-05-06,2026-05-06 19:20:00,vendredi,regular,['vendredi'],Vendredi | Billet standard,DICE,55.392885,58.71,1,1
2026-07-18,2026-07-18 16:21:00,vendredi,regular,['vendredi'],Vendredi | Billet standard,DICE,55.392885,58.71,1,1
2026-05-09,2026-05-09 06:50:00,vendredi,regular,['vendredi'],Vendredi | Billet standard,DICE,55.392885,58.71,1,1
2026-05-09,2026-05-09 06:50:00,vendredi,regular,['vendredi'],Vendredi | Billet standard,DICE,55.392885,58.71,1,1
2026-05-09,2026-05-09 06:50:00,vendredi,regular,['vendredi'],Vendredi | Billet standard,DICE,55.392885,58.71,1,1
2026-05-07,2026-05-07 00:16:00,vendredi,regular,['vendredi'],Vendredi | Billet standard,DICE,55.392885,58.71,1,1
2026-05-23,2026-05-23 21:02:00,vendredi,regular,['vendredi'],Vendredi | Billet standard,DICE,55.392885,58.71,1,1
2026-05-06,2026-05-06 19:44:00,vendredi,regular,['vendredi'],Vendredi | Billet standard,DICE,55.392885,58.71,1,1
2026-05-06,2026-05-06 19:44:00,vendredi,regular,['vendredi'],Vendredi | Billet standard,DICE,55.392885,58.71,1,1
2026-05-06,2026-05-06 19:37:00,vendredi,regular,['vendredi'],Vendredi | Billet standard,DICE,55.392885,58.71,1,1
2026-05-07,2026-05-07 08:23:00,vendredi,regular,['vendredi'],Vendredi | Billet standard,DICE,55.392885,58.71,1,1
2026-05-07,2026-05-07 08:23:00,vendredi,regular,['vendredi'],Vendredi | Billet standard,DICE,55.392885,58.71,1,1
2026-06-10,2026-06-10 21:16:00,vendredi,regular,['vendredi'],Vendredi | Billet standard,DICE,55.392885,58.71,1,1
2026-05-06,2026-05-06 22:26:00,vendredi,regular,['vendredi'],Vendredi | Billet standard,DICE,55.392885,58.71,1,1
2026-05-06,2026-05-06 19:46:00,vendredi,regular,['vendredi'],Vendredi | Billet standard,DICE,55.392885,58.71,1,1
2026-05-06,2026-05-06 19:46:00,vendredi,regular,['vendredi'],Vendredi | Billet standard,DICE,55.392885,58.71,1,1
2026-06-18,2026-06-18 23:08:00,vendredi,regular,['vendredi'],Vendredi | Billet standard,DICE,55.392885,58.71,1,1
2026-05-15,2026-05-15 23:06:00,vendredi,regular,['vendredi'],Vendredi | Billet standard,DICE,55.392885,58.71,1,1
2026-05-15,2026-05-15 23:06:00,vendredi,regular,['vendredi'],Vendredi | Billet standard,DICE,55.392885,58.71,1,1
2026-07-27,2026-07-27 19:12:00,vendredi,regular,['vendredi'],Vendredi | Billet standard,DICE,55.392885,58.71,1,1
2026-07-27,2026-07-27 19:12:00,vendredi,regular,['vendredi'],Vendredi | Billet standard,DICE,55.392885,58.71,1,1
2026-05-07,2026-05-07 07:18:00,vendredi,regular,['vendredi'],Vendredi | Billet standard,DICE,55.392885,58.71,1,1
2026-07-17,2026-07-17 07:13:00,vendredi,regular,['vendredi'],Vendredi | Billet standard,DICE,55.392885,58.71,1,1
2026-05-07,2026-05-07 21:41:00,vendredi,regular,['vendredi'],Vendredi | Billet standard,DICE,55.392885,58.71,1,1
2026-05-07,2026-05-07 06:58:00,vendredi,regular,['vendredi'],Vendredi | Billet standard,DICE,55.392885,58.71,1,1
2026-05-15,2026-05-15 17:47:00,vendredi,regular,['vendredi'],Vendredi | Billet standard,DICE,55.392885,58.71,1,1
2026-05-19,2026-05-19 20:43:00,vendredi,regular,['vendredi'],Vendredi | Billet standard,DICE,55.392885,58.71,1,1
2026-05-07,2026-05-07 23:04:00,vendredi,regular,['vendredi'],Vendredi | Billet standard,DICE,55.392885,58.71,1,1
2026-05-07,2026-05-07 23:04:00,vendredi,regular,['vendredi'],Vendredi | Billet standard,DICE,55.392885,58.71,1,1
2026-07-31,2026-07-31 11:59:00,vendredi,regular,['vendredi'],Vendredi | Billet standard,DICE,55.392885,58.71,1,1
2026-07-31,2026-07-31 11:59:00,vendredi,regular,['vendredi'],Vendredi | Billet standard,DICE,55.392885,58.71,1,1
2026-05-06,2026-05-06 19:17:00,vendredi,regular,['vendredi'],Vendredi | Billet standard,DICE,55.392885,58.71,1,1
2026-05-07,2026-05-07 17:42:00,vendredi,regular,['vendredi'],Vendredi | Billet standard,DICE,55.392885,58.71,1,1
2026-06-03,2026-06-03 19:34:00,vendredi,regular,['vendredi'],Vendredi | Billet standard,DICE,55.392885,58.71,1,1
2026-05-06,2026-05-06 19:16:00,vendredi,regular,['vendredi'],Vendredi | Billet standard,DICE,55.392885,58.71,1,1
2026-05-06,2026-05-06 19:16:00,vendredi,regular,['vendredi'],Vendredi | Billet standard,DICE,55.392885,58.71,1,1
2026-05-06,2026-05-06 20:22:00,vendredi,regular,['vendredi'],Vendredi | Billet standard,DICE,55.392885,58.71,1,1
2026-06-05,2026-06-05 02:57:00,vendredi,regular,['vendredi'],Vendredi | Billet standard,DICE,55.392885,58.71,1,1
2026-06-05,2026-06-05 02:57:00,vendredi,regular,['vendredi'],Vendredi | Billet standard,DICE,55.392885,58.71,1,1
2026-05-06,2026-05-06 21:07:00,vendredi,regular,['vendredi'],Vendredi | Billet standard,DICE,55.392885,58.71,1,1
2026-05-06,2026-05-06 21:07:00,vendredi,regular,['vendredi'],Vendredi | Billet standard,DICE,55.392885,58.71,1,1
2026-07-23,2026-07-23 19:36:00,vendredi,regular,['vendredi'],Vendredi | Billet standard,DICE,55.392885,58.71,1,1
2026-07-23,2026-07-23 19:36:00,vendredi,regular,['vendredi'],Vendredi | Billet standard,DICE,55.392885,58.71,1,1
2026-07-23,2026-07-23 19:36:00,vendredi,regular,['vendredi'],Vendredi | Billet standard,DICE,55.392885,58.71,1,1
2026-05-28,2026-05-28 10:53:00,vendredi,regular,['vendredi'],Vendredi | Billet standard,DICE,55.392885,58.71,1,1
2026-05-28,2026-05-28 10:53:00,vendredi,regular,['vendredi'],Vendredi | Billet standard,DICE,55.392885,58.71,1,1
2026-05-06,2026-05-06 19:21:00,vendredi,regular,['vendredi'],Vendredi | Billet standard,DICE,55.392885,58.71,1,1
2026-05-06,2026-05-06 19:21:00,vendredi,regular,['vendredi'],Vendredi | Billet standard,DICE,55.392885,58.71,1,1
2026-05-06,2026-05-06 19:19:00,vendredi,regular,['vendredi'],Vendredi | Billet standard,DICE,55.392885,58.71,1,1
2026-05-06,2026-05-06 19:19:00,vendredi,regular,['vendredi'],Vendredi | Billet standard,DICE,55.392885,58.71,1,1
2026-05-06,2026-05-06 19:19:00,vendredi,regular,['vendredi'],Vendredi | Billet standard,DICE,55.392885,58.71,1,1
2026-05-06,2026-05-06 19:19:00,vendredi,regular,['vendredi'],Vendredi | Billet standard,DICE,55.392885,58.71,1,1
2026-05-06,2026-05-06 19:19:00,vendredi,regular,['vendredi'],Vendredi | Billet standard,DICE,55.392885,58.71,1,1
2026-05-06,2026-05-06 19:23:00,vendredi,regular,['vendredi'],Vendredi | Billet standard,DICE,55.392885,58.71,1,1
2026-05-06,2026-05-06 19:16:00,vendredi,regular,['vendredi'],Vendredi | Billet standard,DICE,55.392885,58.71,1,1
2026-05-06,2026-05-06 19:16:00,vendredi,regular,['vendredi'],Vendredi | Billet standard,DICE,55.392885,58.71,1,1
2026-05-06,2026-05-06 19:16:00,vendredi,regular,['vendredi'],Vendredi | Billet standard,DICE,55.392885,58.71,1,1
2026-05-06,2026-05-06 19:16:00,vendredi,regular,['vendredi'],Vendredi | Billet standard,DICE,55.392885,58.71,1,1
2026-05-06,2026-05-06 19:16:00,vendredi,regular,['vendredi'],Vendredi | Billet standard,DICE,55.392885,58.71,1,1
2026-05-06,2026-05-06 19:17:00,vendredi,regular,['vendredi'],Vendredi | Billet standard,DICE,55.392885,58.71,1,1
2026-05-06,2026-05-06 19:17:00,vendredi,regular,['vendredi'],Vendredi | Billet standard,DICE,55.392885,58.71,1,1
2026-05-06,2026-05-06 19:17:00,vendredi,regular,['vendredi'],Vendredi | Billet standard,DICE,55.392885,58.71,1,1
2026-05-06,2026-05-06 19:20:00,vendredi,regular,['vendredi'],Vendredi | Billet standard,DICE,55.392885,58.71,1,1
2026-05-06,2026-05-06 19:59:00,vendredi,regular,['vendredi'],Vendredi | Billet standard,DICE,55.392885,58.71,1,1
2026-08-04,2026-08-04 08:57:00,vendredi,regular,['vendredi'],Vendredi | Billet standard,DICE,55.392885,58.71,1,1
2026-05-06,2026-05-06 19:36:00,vendredi,regular,['vendredi'],Vendredi | Billet standard,DICE,55.392885,58.71,1,1
2026-05-06,2026-05-06 19:36:00,vendredi,regular,['vendredi'],Vendredi | Billet standard,DICE,55.392885,58.71,1,1
2026-05-06,2026-05-06 19:15:00,vendredi,regular,['vendredi'],Vendredi | Billet standard,DICE,55.392885,58.71,1,1
2026-05-06,2026-05-06 19:15:00,vendredi,regular,['vendredi'],Vendredi | Billet standard,DICE,55.392885,58.71,1,1
2026-05-11,2026-05-11 23:41:00,vendredi,regular,['vendredi'],Vendredi | Billet standard,DICE,55.392885,58.71,1,1
2026-05-11,2026-05-11 23:41:00,vendredi,regular,['vendredi'],Vendredi | Billet standard,DICE,55.392885,58.71,1,1
2026-05-11,2026-05-11 23:41:00,vendredi,regular,['vendredi'],Vendredi | Billet standard,DICE,55.392885,58.71,1,1
2026-05-30,2026-05-30 15:39:00,vendredi,regular,['vendredi'],Vendredi | Billet standard,DICE,55.392885,58.71,1,1
2026-05-30,2026-05-30 15:39:00,vendredi,regular,['vendredi'],Vendredi | Billet standard,DICE,55.392885,58.71,1,1
2026-05-06,2026-05-06 22:48:00,vendredi,regular,['vendredi'],Vendredi | Billet standard,DICE,55.392885,58.71,1,1
2026-05-06,2026-05-06 22:48:00,vendredi,regular,['vendredi'],Vendredi | Billet standard,DICE,55.392885,58.71,1,1
2026-05-15,2026-05-15 12:51:00,vendredi,regular,['vendredi'],Vendredi | Billet standard,DICE,55.392885,58.71,1,1
2026-05-15,2026-05-15 12:51:00,vendredi,regular,['vendredi'],Vendredi | Billet standard,DICE,55.392885,58.71,1,1
2026-05-06,2026-05-06 19:19:00,vendredi,regular,['vendredi'],Vendredi | Billet standard,DICE,55.392885,58.71,1,1
2026-05-06,2026-05-06 19:19:00,vendredi,regular,['vendredi'],Vendredi | Billet standard,DICE,55.392885,58.71,1,1
2026-05-06,2026-05-06 19:19:00,vendredi,regular,['vendredi'],Vendredi | Billet standard,DICE,55.392885,58.71,1,1
2026-05-06,2026-05-06 19:19:00,vendredi,regular,['vendredi'],Vendredi | Billet standard,DICE,55.392885,58.71,1,1
2026-05-06,2026-05-06 19:17:00,vendredi,regular,['vendredi'],Vendredi | Billet standard,DICE,55.392885,58.71,1,1
2026-05-06,2026-05-06 19:16:00,vendredi,regular,['vendredi'],Vendredi | Billet standard,DICE,55.392885,58.71,1,1
2026-05-06,2026-05-06 19:16:00,vendredi,regular,['vendredi'],Vendredi | Billet standard,DICE,55.392885,58.71,1,1
2026-07-31,2026-07-31 09:38:00,vendredi,regular,['vendredi'],Vendredi | Billet standard,DICE,55.392885,58.71,1,1
2026-05-17,2026-05-17 23:03:00,vendredi,regular,['vendredi'],Vendredi | Billet standard,DICE,55.392885,58.71,1,1
2026-05-17,2026-05-17 23:03:00,vendredi,regular,['vendredi'],Vendredi | Billet standard,DICE,55.392885,58.71,1,1
2026-07-16,2026-07-16 08:53:00,vendredi,regular,['vendredi'],Vendredi | Billet standard,DICE,55.392885,58.71,1,1
2026-07-16,2026-07-16 08:53:00,vendredi,regular,['vendredi'],Vendredi | Billet standard,DICE,55.392885,58.71,1,1
2026-07-16,2026-07-16 08:53:00,vendredi,regular,['vendredi'],Vendredi | Billet standard,DICE,55.392885,58.71,1,1
2026-06-01,2026-06-01 11:04:00,vendredi,regular,['vendredi'],Vendredi | Billet standard,DICE,55.392885,58.71,1,1
2026-06-01,2026-06-01 11:04:00,vendredi,regular,['vendredi'],Vendredi | Billet standard,DICE,55.392885,58.71,1,1
2026-06-02,2026-06-02 22:42:00,vendredi,regular,['vendredi'],Vendredi | Billet standard,DICE,55.392885,58.71,1,1
2026-05-06,2026-05-06 19:17:00,vendredi,regular,['vendredi'],Vendredi | Billet standard,DICE,55.392885,58.71,1,1
2026-06-10,2026-06-10 16:49:00,vendredi,regular,['vendredi'],Vendredi | Billet standard,DICE,55.392885,58.71,1,1
2026-05-06,2026-05-06 19:16:00,vendredi,regular,['vendredi'],Vendredi | Billet standard,DICE,55.392885,58.71,1,1
2026-06-08,2026-06-08 23:26:00,vendredi,regular,['vendredi'],Vendredi | Billet standard,DICE,55.392885,58.71,1,1
2026-06-08,2026-06-08 23:26:00,vendredi,regular,['vendredi'],Vendredi | Billet standard,DICE,55.392885,58.71,1,1
2026-06-09,2026-06-09 10:35:00,vendredi,regular,['vendredi'],Vendredi | Billet standard,DICE,55.392885,58.71,1,1
2026-05-06,2026-05-06 22:46:00,vendredi,regular,['vendredi'],Vendredi | Billet standard,DICE,55.392885,58.71,1,1
2026-05-06,2026-05-06 22:44:00,vendredi,regular,['vendredi'],Vendredi | Billet standard,DICE,55.392885,58.71,1,1
2026-06-08,2026-06-08 22:07:00,vendredi,regular,['vendredi'],Vendredi | Billet standard,DICE,55.392885,58.71,1,1
2026-06-08,2026-06-08 22:07:00,vendredi,regular,['vendredi'],Vendredi | Billet standard,DICE,55.392885,58.71,1,1
2026-07-10,2026-07-10 15:01:00,vendredi,regular,['vendredi'],Vendredi | Billet standard,DICE,55.392885,58.71,1,1
2026-07-10,2026-07-10 15:01:00,vendredi,regular,['vendredi'],Vendredi | Billet standard,DICE,55.392885,58.71,1,1
2026-07-10,2026-07-10 15:01:00,vendredi,regular,['vendredi'],Vendredi | Billet standard,DICE,55.392885,58.71,1,1
2026-07-10,2026-07-10 15:01:00,vendredi,regular,['vendredi'],Vendredi | Billet standard,DICE,55.392885,58.71,1,1
2026-07-10,2026-07-10 15:01:00,vendredi,regular,['vendredi'],Vendredi | Billet standard,DICE,55.392885,58.71,1,1
2026-07-10,2026-07-10 15:01:00,vendredi,regular,['vendredi'],Vendredi | Billet standard,DICE,55.392885,58.71,1,1
2026-06-20,2026-06-20 23:31:00,vendredi,regular,['vendredi'],Vendredi | Billet standard,DICE,55.392885,58.71,1,1
2026-06-20,2026-06-20 23:31:00,vendredi,regular,['vendredi'],Vendredi | Billet standard,DICE,55.392885,58.71,1,1
2026-05-07,2026-05-07 19:24:00,vendredi,regular,['vendredi'],Vendredi | Billet standard,DICE,55.392885,58.71,1,1
2026-06-09,2026-06-09 18:02:00,vendredi,regular,['vendredi'],Vendredi | Billet standard,DICE,55.392885,58.71,1,1
2026-05-07,2026-05-07 16:01:00,vendredi,regular,['vendredi'],Vendredi | Billet standard,DICE,55.392885,58.71,1,1
2026-05-06,2026-05-06 19:29:00,vendredi,regular,['vendredi'],Vendredi | Billet standard,DICE,55.392885,58.71,1,1
2026-05-06,2026-05-06 19:24:00,vendredi,regular,['vendredi'],Vendredi | Billet standard,DICE,55.392885,58.71,1,1
2026-05-06,2026-05-06 19:24:00,vendredi,regular,['vendredi'],Vendredi | Billet standard,DICE,55.392885,58.71,1,1
2026-05-06,2026-05-06 19:24:00,vendredi,regular,['vendredi'],Vendredi | Billet standard,DICE,55.392885,58.71,1,1
2026-05-06,2026-05-06 19:24:00,vendredi,regular,['vendredi'],Vendredi | Billet standard,DICE,55.392885,58.71,1,1
2026-05-06,2026-05-06 19:44:00,vendredi,regular,['vendredi'],Vendredi | Billet standard,DICE,55.392885,58.71,1,1
2026-05-06,2026-05-06 20:48:00,vendredi,regular,['vendredi'],Vendredi | Billet standard,DICE,55.392885,58.71,1,1
2026-05-06,2026-05-06 20:48:00,vendredi,regular,['vendredi'],Vendredi | Billet standard,DICE,55.392885,58.71,1,1
2026-05-06,2026-05-06 20:56:00,vendredi,regular,['vendredi'],Vendredi | Billet standard,DICE,55.392885,58.71,1,1
2026-05-06,2026-05-06 20:56:00,vendredi,regular,['vendredi'],Vendredi | Billet standard,DICE,55.392885,58.71,1,1
2026-05-06,2026-05-06 19:29:00,vendredi,regular,['vendredi'],Vendredi | Billet standard,DICE,55.392885,58.71,1,1
2026-05-06,2026-05-06 19:29:00,vendredi,regular,['vendredi'],Vendredi | Billet standard,DICE,55.392885,58.71,1,1
2026-05-06,2026-05-06 19:15:00,vendredi,regular,['vendredi'],Vendredi | Billet standard,DICE,55.392885,58.71,1,1
2026-06-03,2026-06-03 07:30:00,vendredi,regular,['vendredi'],Vendredi | Billet standard,DICE,55.392885,58.71,1,1
2026-06-03,2026-06-03 07:30:00,vendredi,regular,['vendredi'],Vendredi | Billet standard,DICE,55.392885,58.71,1,1
2026-06-03,2026-06-03 09:16:00,vendredi,regular,['vendredi'],Vendredi | Billet standard,DICE,55.392885,58.71,1,1
2026-05-06,2026-05-06 19:20:00,vendredi,regular,['vendredi'],Vendredi | Billet standard,DICE,55.392885,58.71,1,1
2026-05-12,2026-05-12 14:16:00,vendredi,regular,['vendredi'],Vendredi | Billet standard,DICE,55.392885,58.71,1,1
2026-05-07,2026-05-07 22:23:00,vendredi,regular,['vendredi'],Vendredi | Billet standard,DICE,55.392885,58.71,1,1
2026-05-06,2026-05-06 19:39:00,vendredi,regular,['vendredi'],Vendredi | Billet standard,DICE,55.392885,58.71,1,1
2026-05-06,2026-05-06 19:39:00,vendredi,regular,['vendredi'],Vendredi | Billet standard,DICE,55.392885,58.71,1,1
2026-05-06,2026-05-06 19:17:00,vendredi,regular,['vendredi'],Vendredi | Billet standard,DICE,55.392885,58.71,1,1
2026-05-30,2026-05-30 15:09:00,vendredi,regular,['vendredi'],Vendredi | Billet standard,DICE,55.392885,58.71,1,1
2026-07-18,2026-07-18 13:56:00,vendredi,regular,['vendredi'],Vendredi | Billet standard,DICE,55.392885,58.71,1,1
2026-07-09,2026-07-09 12:06:00,vendredi,regular,['vendredi'],Vendredi | Billet standard,DICE,55.392885,58.71,1,1
2026-05-06,2026-05-06 19:17:00,vendredi,regular,['vendredi'],Vendredi | Billet standard,DICE,55.392885,58.71,1,1
2026-05-06,2026-05-06 19:17:00,vendredi,regular,['vendredi'],Vendredi | Billet standard,DICE,55.392885,58.71,1,1
2026-05-06,2026-05-06 19:17:00,vendredi,regular,['vendredi'],Vendredi | Billet standard,DICE,55.392885,58.71,1,1
2026-07-30,2026-07-30 21:48:00,vendredi,regular,['vendredi'],Vendredi | Billet standard,DICE,55.392885,58.71,1,1
2026-05-06,2026-05-06 22:29:00,vendredi,regular,['vendredi'],Vendredi | Billet standard,DICE,55.392885,58.71,1,1
2026-06-14,2026-06-14 01:34:00,vendredi,regular,['vendredi'],Vendredi | Billet standard,DICE,55.392885,58.71,1,1
2026-06-14,2026-06-14 01:34:00,vendredi,regular,['vendredi'],Vendredi | Billet standard,DICE,55.392885,58.71,1,1
2026-07-01,2026-07-01 17:05:00,vendredi,regular,['vendredi'],Vendredi | Billet standard,DICE,55.392885,58.71,1,1
2026-07-01,2026-07-01 17:05:00,vendredi,regular,['vendredi'],Vendredi | Billet standard,DICE,55.392885,58.71,1,1
2026-06-09,2026-06-09 14:02:00,vendredi,regular,['vendredi'],Vendredi | Billet standard,DICE,55.392885,58.71,1,1
2026-05-06,2026-05-06 20:20:00,vendredi,regular,['vendredi'],Vendredi | Billet standard,DICE,55.392885,58.71,1,1
2026-06-05,2026-06-05 02:57:00,vendredi,regular,['vendredi'],Vendredi | Billet standard,DICE,55.392885,58.71,1,1
2026-05-07,2026-05-07 07:04:00,vendredi,regular,['vendredi'],Vendredi | Billet standard,DICE,55.392885,58.71,1,1
2026-05-08,2026-05-08 14:07:00,vendredi,regular,['vendredi'],Vendredi | Billet standard,DICE,55.392885,58.71,1,1
2026-06-25,2026-06-25 15:57:00,vendredi,regular,['vendredi'],Vendredi | Billet standard,DICE,55.392885,58.71,1,1
2026-05-28,2026-05-28 19:25:00,vendredi,regular,['vendredi'],Vendredi | Billet standard,DICE,55.392885,58.71,1,1
2026-05-18,2026-05-18 08:19:00,vendredi,regular,['vendredi'],Vendredi | Billet standard,DICE,55.392885,58.71,1,1
2026-07-16,2026-07-16 09:45:00,vendredi,regular,['vendredi'],Vendredi | Billet standard,DICE,55.392885,58.71,1,1
2026-05-06,2026-05-06 19:22:00,vendredi,regular,['vendredi'],Vendredi | Billet standard,DICE,55.392885,58.71,1,1
2026-05-06,2026-05-06 19:15:00,vendredi,regular,['vendredi'],Vendredi | Billet standard,DICE,55.392885,58.71,1,1
2026-05-06,2026-05-06 19:15:00,vendredi,regular,['vendredi'],Vendredi | Billet standard,DICE,55.392885,58.71,1,1
2026-05-06,2026-05-06 19:18:00,vendredi,regular,['vendredi'],Vendredi | Billet standard,DICE,55.392885,58.71,1,1
2026-05-06,2026-05-06 19:18:00,vendredi,regular,['vendredi'],Vendredi | Billet standard,DICE,55.392885,58.71,1,1
2026-07-11,2026-07-11 16:01:00,vendredi,regular,['vendredi'],Vendredi | Billet standard,DICE,55.392885,58.71,1,1
2026-06-10,2026-06-10 16:57:00,vendredi,regular,['vendredi'],Vendredi | Billet standard,DICE,55.392885,58.71,1,1
2026-05-08,2026-05-08 19:14:00,vendredi,regular,['vendredi'],Vendredi | Billet standard,DICE,55.392885,58.71,1,1
2026-06-16,2026-06-16 13:48:00,vendredi,regular,['vendredi'],Vendredi | Billet standard,DICE,55.392885,58.71,1,1
2026-05-13,2026-05-13 20:29:00,vendredi,regular,['vendredi'],Vendredi | Billet standard,DICE,55.392885,58.71,1,1
2026-05-13,2026-05-13 20:29:00,vendredi,regular,['vendredi'],Vendredi | Billet standard,DICE,55.392885,58.71,1,1
2026-05-06,2026-05-06 19:40:00,vendredi,regular,['vendredi'],Vendredi | Billet standard,DICE,55.392885,58.71,1,1
2026-05-06,2026-05-06 19:40:00,vendredi,regular,['vendredi'],Vendredi | Billet standard,DICE,55.392885,58.71,1,1
2026-05-06,2026-05-06 19:37:00,vendredi,regular,['vendredi'],Vendredi | Billet standard,DICE,55.392885,58.71,1,1
2026-05-06,2026-05-06 19:37:00,vendredi,regular,['vendredi'],Vendredi | Billet standard,DICE,55.392885,58.71,1,1
2026-05-06,2026-05-06 19:18:00,vendredi,regular,['vendredi'],Vendredi | Billet standard,DICE,55.392885,58.71,1,1
2026-05-06,2026-05-06 19:18:00,vendredi,regular,['vendredi'],Vendredi | Billet standard,DICE,55.392885,58.71,1,1
2026-07-27,2026-07-27 22:35:00,vendredi,regular,['vendredi'],Vendredi | Billet standard,DICE,55.392885,58.71,1,1
2026-07-23,2026-07-23 01:39:00,vendredi,regular,['vendredi'],Vendredi | Billet standard,DICE,55.392885,58.71,1,1
2026-07-23,2026-07-23 01:39:00,vendredi,regular,['vendredi'],Vendredi | Billet standard,DICE,55.392885,58.71,1,1
2026-05-10,2026-05-10 19:25:00,vendredi,regular,['vendredi'],Vendredi | Billet standard,DICE,55.392885,58.71,1,1
2026-05-10,2026-05-10 19:25:00,vendredi,regular,['vendredi'],Vendredi | Billet standard,DICE,55.392885,58.71,1,1
2026-05-10,2026-05-10 19:25:00,vendredi,regular,['vendredi'],Vendredi | Billet standard,DICE,55.392885,58.71,1,1
2026-07-05,2026-07-05 13:27:00,vendredi,regular,['vendredi'],Vendredi | Billet standard,DICE,55.392885,58.71,1,1
2026-07-05,2026-07-05 13:27:00,vendredi,regular,['vendredi'],Vendredi | Billet standard,DICE,55.392885,58.71,1,1
2026-05-14,2026-05-14 19:12:00,vendredi,regular,['vendredi'],Vendredi | Billet standard,DICE,55.392885,58.71,1,1
2026-05-14,2026-05-14 19:12:00,vendredi,regular,['vendredi'],Vendredi | Billet standard,DICE,55.392885,58.71,1,1
2026-05-25,2026-05-25 13:41:00,vendredi,regular,['vendredi'],Vendredi | Billet standard,DICE,55.392885,58.71,1,1
2026-05-06,2026-05-06 19:22:00,vendredi,regular,['vendredi'],Vendredi | Billet standard,DICE,55.392885,58.71,1,1
2026-05-06,2026-05-06 19:22:00,vendredi,regular,['vendredi'],Vendredi | Billet standard,DICE,55.392885,58.71,1,1
2026-05-09,2026-05-09 10:17:00,vendredi,regular,['vendredi'],Vendredi | Billet standard,DICE,55.392885,58.71,1,1
