order_date,order_datetime,ticket_type,access_level,attendance_days,product_name,platform,price,gross_price,quantity,is_paid
2026-07-02,2026-07-02 16:33:15,2-jours,regular,,Pass 2 Jours,Shotgun,90.0,101.72,1,1
2026-07-02,2026-07-02 17:00:14,2-jours,regular,,Pass 2 Jours,Shotgun,90.0,101.72,1,1
2026-07-02,2026-07-02 17:00:17,2-jours,regular,,Pass 2 Jours,Shotgun,90.0,101.72,1,1
2026-07-02,2026-07-02 17:00:17,2-jours,regular,,Pass 2 Jours,Shotgun,90.0,101.72,1,1
2026-07-02,2026-07-02 17:00:18,2-jours,regular,,Pass 2 Jours,Shotgun,90.0,101.72,1,1
2026-07-02,2026-07-02 17:00:18,samedi,regular,['samedi'],Pass Samedi,Shotgun,50.0,56.51,1,1
2026-07-02,2026-07-02 17:00:18,2-jours,regular,,Pass 2 Jours,Shotgun,90.0,101.72,1,1
2026-07-02,2026-07-02 17:00:18,2-jours,regular,,Pass 2 Jours,Shotgun,90.0,101.72,1,1
2026-07-02,2026-07-02 17:00:19,2-jours,regular,,Pass 2 Jours,Shotgun,90.0,101.72,1,1
2026-07-02,2026-07-02 17:00:19,vendredi,regular,['vendredi'],Pass Vendredi,Shotgun,50.0,56.51,1,1
2026-07-02,2026-07-02 17:00:20,2-jours,regular,,Pass 2 Jours,Shotgun,90.0,101.72,1,1
2026-07-02,2026-07-02 17:00:20,2-jours,regular,,Pass 2 Jours,Shotgun,90.0,101.72,1,1
2026-07-02,2026-07-02 17:00:20,vendredi,regular,['vendredi'],Pass Vendredi,Shotgun,50.0,56.51,1,1
2026-07-02,2026-07-02 17:00:20,2-jours,regular,,Pass 2 Jours,Shotgun,90.0,101.72,1,1
2026-07-02,2026-07-02 17:00:20,vendredi,regular,['vendredi'],Pass Vendredi,Shotgun,50.0,56.51,1,1
2026-07-02,2026-07-02 17:00:20,vendredi,regular,['vendredi'],Pass Vendredi,Shotgun,50.0,56.51,1,1
2026-07-02,2026-07-02 17:00:20,vendredi,regular,['vendredi'],Pass Vendredi,Shotgun,50.0,56.51,1,1
2026-07-02,2026-07-02 17:00:20,2-jours,regular,,Pass 2 Jours,Shotgun,90.0,101.72,1,1
2026-07-02,2026-07-02 17:00:20,2-jours,regular,,Pass 2 Jours,Shotgun,90.0,101.72,1,1
2026-07-02,2026-07-02 17:00:20,vendredi,regular,['vendredi'],Pass Vendredi,Shotgun,50.0,56.51,1,1
2026-07-02,2026-07-02 17:00:20,2-jours,regular,,Pass 2 Jours,Shotgun,90.0,101.72,1,1
2026-07-02,2026-07-02 17:00:20,2-jours,regular,,Pass 2 Jours,Shotgun,90.0,101.72,1,1
2026-07-02,2026-07-02 17:00:20,vendredi,regular,['vendredi'],Pass Vendredi,Shotgun,50.0,56.51,1,1
2026-07-02,2026-07-02 17:00:20,vendredi,regular,['vendredi'],Pass Vendredi,Shotgun,50.0,56.51,1,1
2026-07-02,2026-07-02 17:00:20,2-jours,regular,,Pass 2 Jours,Shotgun,90.0,101.72,1,1
2026-07-02,2026-07-02 17:00:20,2-jours,regular,,Pass 2 Jours,Shotgun,90.0,101.72,1,1
2026-07-02,2026-07-02 17:00:20,2-jours,regular,,Pass 2 Jours,Shotgun,90.0,101.72,1,1
2026-07-02,2026-07-02 17:00:20,2-jours,regular,,Pass 2 Jours,Shotgun,90.0,101.72,1,1
2026-07-02,2026-07-02 17:00:21,2-jours,regular,,Pass 2 Jours,Shotgun,90.0,101.72,1,1
2026-07-02,2026-07-02 17:00:21,vendredi,regular,['vendredi'],Pass Vendredi,Shotgun,50.0,56.51,1,1
2026-07-02,2026-07-02 17:00:21,2-jours,regular,,Pass 2 Jours,Shotgun,90.0,101.72,1,1
2026-07-02,2026-07-02 17:00:21,vendredi,regular,['vendredi'],Pass Vendredi,Shotgun,50.0,56.51,1,1
2026-07-02,2026-07-02 17:00:21,2-jours,regular,,Pass 2 Jours,Shotgun,90.0,101.72,1,1
2026-07-02,2026-07-02 17:00:22,2-jours,regular,,Pass 2 Jours,Shotgun,90.0,101.72,1,1
2026-07-02,2026-07-02 17:00:22,2-jours,regular,,Pass 2 Jours,Shotgun,90.0,101.72,1,1
2026-07-02,2026-07-02 17:00:22,2-jours,regular,,Pass 2 Jours,Shotgun,90.0,101.72,1,1
2026-07-02,2026-07-02 17:00:22,2-jours,regular,,Pass 2 Jours,Shotgun,90.0,101.72,1,1
2026-07-02,2026-07-02 17:00:22,vendredi,regular,['vendredi'],Pass Vendredi,Shotgun,50.0,56.51,1,1
2026-07-02,2026-07-02 17:00:22,vendredi,regular,['vendredi'],Pass Vendredi,Shotgun,50.0,56.51,1,1
2026-07-02,2026-07-02 17:00:22,2-jours,regular,,Pass 2 Jours,Shotgun,90.0,101.72,1,1
2026-07-02,2026-07-02 17:00:22,2-jours,regular,,Pass 2 Jours,Shotgun,90.0,101.72,1,1
2026-07-02,2026-07-02 17:00:22,2-jours,regular,,Pass 2 Jours,Shotgun,90.0,101.72,1,1
2026-07-02,2026-07-02 17:00:22,2-jours,regular,,Pass 2 Jours,Shotgun,90.0,101.72,1,1
2026-07-02,2026-07-02 17:00:23,vendredi,regular,['vendredi'],Pass Vendredi,Shotgun,50.0,56.51,1,1
2026-07-02,2026-07-02 17:00:23,samedi,regular,['samedi'],Pass Samedi,Shotgun,50.0,56.51,1,1
2026-07-02,2026-07-02 17:00:23,2-jours,regular,,Pass 2 Jours,Shotgun,90.0,101.72,1,1
2026-07-02,2026-07-02 17:00:23,2-jours,regular,,Pass 2 Jours,Shotgun,90.0,101.72,1,1
2026-07-02,2026-07-02 17:00:23,2-jours,regular,,Pass 2 Jours,Shotgun,90.0,101.72,1,1
2026-07-02,2026-07-02 17:00:23,vendredi,regular,['vendredi'],Pass Vendredi,Shotgun,50.0,56.51,1,1
2026-07-02,2026-07-02 17:00:23,vendredi,regular,['vendredi'],Pass Vendredi,Shotgun,50.0,56.51,1,1
2026-07-02,2026-07-02 17:00:23,vendredi,regular,['vendredi'],Pass Vendredi,Shotgun,50.0,56.51,1,1
2026-07-02,2026-07-02 17:00:23,2-jours,regular,,Pass 2 Jours,Shotgun,90.0,101.72,1,1
2026-07-02,2026-07-02 17:00:23,2-jours,regular,,Pass 2 Jours,Shotgun,90.0,101.72,1,1
2026-07-02,2026-07-02 17:00:23,2-jours,regular,,Pass 2 Jours,Shotgun,90.0,101.72,1,1
2026-07-02,2026-07-02 17:00:23,2-jours,regular,,Pass 2 Jours,Shotgun,90.0,101.72,1,1
2026-07-02,2026-07-02 17:00:23,2-jours,regular,,Pass 2 Jours,Shotgun,90.0,101.72,1,1
2026-07-02,2026-07-02 17:00:23,samedi,regular,['samedi'],Pass Samedi,Shotgun,50.0,56.51,1,1
2026-07-02,2026-07-02 17:00:23,2-jours,regular,,Pass 2 Jours,Shotgun,90.0,101.72,1,1
2026-07-02,2026-07-02 17:00:23,2-jours,regular,,Pass 2 Jours,Shotgun,90.0,101.72,1,1
2026-07-02,2026-07-02 17:00:24,2-jours,regular,,Pass 2 Jours,Shotgun,90.0,101.72,1,1
2026-07-02,2026-07-02 17:00:24,2-jours,regular,,Pass 2 Jours,Shotgun,90.0,101.72,1,1
2026-07-02,2026-07-02 17:00:24,2-jours,regular,,Pass 2 Jours,Shotgun,90.0,101.72,1,1
2026-07-02,2026-07-02 17:00:24,2-jours,regular,,Pass 2 Jours,Shotgun,90.0,101.72,1,1
2026-07-02,2026-07-02 17:00:24,2-jours,regular,,Pass 2 Jours,Shotgun,90.0,101.72,1,1
2026-07-02,2026-07-02 17:00:24,2-jours,regular,,Pass 2 Jours,Shotgun,90.0,101.72,1,1
2026-07-02,2026-07-02 17:00:24,vendredi,regular,['vendredi'],Pass Vendredi,Shotgun,50.0,56.51,1,1
2026-07-02,2026-07-02 17:00:24,vendredi,regular,['vendredi'],Pass Vendredi,Shotgun,50.0,56.51,1,1
2026-07-02,2026-07-02 17:00:24,2-jours,regular,,Pass 2 Jours,Shotgun,90.0,101.72,1,1
2026-07-02,2026-07-02 17:00:24,2-jours,regular,,Pass 2 Jours,Shotgun,90.0,101.72,1,1
2026-07-02,2026-07-02 17:00:24,2-jours,regular,,Pass 2 Jours,Shotgun,90.0,101.72,1,1
2026-07-02,2026-07-02 17:00:24,2-jours,regular,,Pass 2 Jours,Shotgun,90.0,101.72,1,1
2026-07-02,2026-07-02 17:00:25,2-jours,regular,,Pass 2 Jours,Shotgun,90.0,101.72,1,1
2026-07-02,2026-07-02 17:00:25,2-jours,regular,,Pass 2 Jours,Shotgun,90.0,101.72,1,1
2026-07-02,2026-07-02 17:00:25,2-jours,regular,,Pass 2 Jours,Shotgun,90.0,101.72,1,1
2026-07-02,2026-07-02 17:00:25,2-jours,regular,,Pass 2 Jours,Shotgun,90.0,101.72,1,1
2026-07-02,2026-07-02 17:00:25,2-jours,regular,,Pass 2 Jours,Shotgun,90.0,101.72,1,1
2026-07-02,2026-07-02 17:00:25,2-jours,regular,,Pass 2 Jours,Shotgun,90.0,101.72,1,1
2026-07-02,2026-07-02 17:00:25,2-jours,regular,,Pass 2 Jours,Shotgun,90.0,101.72,1,1
2026-07-02,2026-07-02 17:00:25,vendredi,regular,['vendredi'],Pass Vendredi,Shotgun,50.0,56.51,1,1
2026-07-02,2026-07-02 17:00:25,2-jours,regular,,Pass 2 Jours,Shotgun,90.0,101.72,1,1
2026-07-02,2026-07-02 17:00:25,2-jours,regular,,Pass 2 Jours,Shotgun,90.0,101.72,1,1
2026-07-02,2026-07-02 17:00:25,vendredi,regular,['vendredi'],Pass Vendredi,Shotgun,50.0,56.51,1,1
2026-07-02,2026-07-02 17:00:25,2-jours,regular,,Pass 2 Jours,Shotgun,90.0,101.72,1,1
2026-07-02,2026-07-02 17:00:25,2-jours,regular,,Pass 2 Jours,Shotgun,90.0,101.72,1,1
2026-07-02,2026-07-02 17:00:25,2-jours,regular,,Pass 2 Jours,Shotgun,90.0,101.72,1,1
2026-07-02,2026-07-02 17:00:25,2-jours,regular,,Pass 2 Jours,Shotgun,90.0,101.72,1,1
2026-07-02,2026-07-02 17:00:26,2-jours,regular,,Pass 2 Jours,Shotgun,90.0,101.72,1,1
2026-07-02,2026-07-02 17:00:26,2-jours,regular,,Pass 2 Jours,Shotgun,90.0,101.72,1,1
2026-07-02,2026-07-02 17:00:26,2-jours,regular,,Pass 2 Jours,Shotgun,90.0,101.72,1,1
2026-07-02,2026-07-02 17:00:26,2-jours,regular,,Pass 2 Jours,Shotgun,90.0,101.72,1,1
2026-07-02,2026-07-02 17:00:26,2-jours,regular,,Pass 2 Jours,Shotgun,90.0,101.72,1,1
2026-07-02,2026-07-02 17:00:26,2-jours,regular,,Pass 2 Jours,Shotgun,90.0,101.72,1,1
2026-07-02,2026-07-02 17:00:26,2-jours,vip,"['vendredi', 'samedi']",Pass Acces Scene,Shotgun,220.0,248.66,1,1
2026-07-02,2026-07-02 17:00:26,2-jours,regular,,Pass 2 Jours,Shotgun,90.0,101.72,1,1
2026-07-02,2026-07-02 17:00:26,2-jours,regular,,Pass 2 Jours,Shotgun,90.0,101.72,1,1
2026-07-02,2026-07-02 17:00:26,samedi,regular,['samedi'],Pass Samedi,Shotgun,50.0,56.51,1,1
2026-07-02,2026-07-02 17:00:26,vendredi,regular,['vendredi'],Pass Vendredi,Shotgun,50.0,56.51,1,1
2026-07-02,2026-07-02 17:00:26,2-jours,regular,,Pass 2 Jours,Shotgun,90.0,101.72,1,1
2026-07-02,2026-07-02 17:00:27,vendredi,regular,['vendredi'],Pass Vendredi,Shotgun,50.0,56.51,1,1
2026-07-02,2026-07-02 17:00:27,vendredi,regular,['vendredi'],Pass Vendredi,Shotgun,50.0,56.51,1,1
2026-07-02,2026-07-02 17:00:27,samedi,regular,['samedi'],Pass Samedi,Shotgun,50.0,56.51,1,1
2026-07-02,2026-07-02 17:00:27,2-jours,regular,,Pass 2 Jours,Shotgun,90.0,101.72,1,1
2026-07-02,2026-07-02 17:00:27,2-jours,regular,,Pass 2 Jours,Shotgun,90.0,101.72,1,1
2026-07-02,2026-07-02 17:00:27,2-jours,regular,,Pass 2 Jours,Shotgun,90.0,101.72,1,1
2026-07-02,2026-07-02 17:00:27,2-jours,regular,,Pass 2 Jours,Shotgun,90.0,101.72,1,1
2026-07-02,2026-07-02 17:00:27,2-jours,regular,,Pass 2 Jours,Shotgun,90.0,101.72,1,1
2026-07-02,2026-07-02 17:00:27,2-jours,regular,,Pass 2 Jours,Shotgun,90.0,101.72,1,1
2026-07-02,2026-07-02 17:00:27,2-jours,regular,,Pass 2 Jours,Shotgun,90.0,101.72,1,1
2026-07-02,2026-07-02 17:00:27,2-jours,regular,,Pass 2 Jours,Shotgun,90.0,101.72,1,1
2026-07-02,2026-07-02 17:00:27,2-jours,regular,,Pass 2 Jours,Shotgun,90.0,101.72,1,1
2026-07-02,2026-07-02 17:00:27,2-jours,regular,,Pass 2 Jours,Shotgun,90.0,101.72,1,1
2026-07-02,2026-07-02 17:00:27,2-jours,regular,,Pass 2 Jours,Shotgun,90.0,101.72,1,1
2026-07-02,2026-07-02 17:00:27,2-jours,regular,,Pass 2 Jours,Shotgun,90.0,101.72,1,1
2026-07-02,2026-07-02 17:00:27,2-jours,regular,,Pass 2 Jours,Shotgun,90.0,101.72,1,1
2026-07-02,2026-07-02 17:00:27,2-jours,regular,,Pass 2 Jours,Shotgun,90.0,101.72,1,1
2026-07-02,2026-07-02 17:00:27,2-jours,regular,,Pass 2 Jours,Shotgun,90.0,101.72,1,1
2026-07-02,2026-07-02 17:00:28,2-jours,regular,,Pass 2 Jours,Shotgun,90.0,101.72,1,1
2026-07-02,2026-07-02 17:00:28,2-jours,regular,,Pass 2 Jours,Shotgun,90.0,101.72,1,1
2026-07-02,2026-07-02 17:00:28,2-jours,regular,,Pass 2 Jours,Shotgun,90.0,101.72,1,1
2026-07-02,2026-07-02 17:00:28,2-jours,regular,,Pass 2 Jours,Shotgun,90.0,101.72,1,1
2026-07-02,2026-07-02 17:00:28,2-jours,regular,,Pass 2 Jours,Shotgun,90.0,101.72,1,1
2026-07-02,2026-07-02 17:00:28,2-jours,regular,,Pass 2 Jours,Shotgun,90.0,101.72,1,1
2026-07-02,2026-07-02 17:00:28,samedi,regular,['samedi'],Pass Samedi,Shotgun,50.0,56.51,1,1
2026-07-02,2026-07-02 17:00:28,vendredi,regular,['vendredi'],Pass Vendredi,Shotgun,50.0,56.51,1,1
2026-07-02,2026-07-02 17:00:28,samedi,regular,['samedi'],Pass Samedi,Shotgun,50.0,56.51,1,1
2026-07-02,2026-07-02 17:00:28,2-jours,regular,,Pass 2 Jours,Shotgun,90.0,101.72,1,1
2026-07-02,2026-07-02 17:00:28,2-jours,regular,,Pass 2 Jours,Shotgun,90.0,101.72,1,1
2026-07-02,2026-07-02 17:00:28,2-jours,regular,,Pass 2 Jours,Shotgun,90.0,101.72,1,1
2026-07-02,2026-07-02 17:00:28,2-jours,regular,,Pass 2 Jours,Shotgun,90.0,101.72,1,1
2026-07-02,2026-07-02 17:00:28,2-jours,regular,,Pass 2 Jours,Shotgun,90.0,101.72,1,1
2026-07-02,2026-07-02 17:00:28,2-jours,regular,,Pass 2 Jours,Shotgun,90.0,101.72,1,1
2026-07-02,2026-07-02 17:00:28,samedi,regular,['samedi'],Pass Samedi,Shotgun,50.0,56.51,1,1
2026-07-02,2026-07-02 17:00:28,samedi,regular,['samedi'],Pass Samedi,Shotgun,50.0,56.51,1,1
2026-07-02,2026-07-02 17:00:28,samedi,regular,['samedi'],Pass Samedi,Shotgun,50.0,56.51,1,1
2026-07-02,2026-07-02 17:00:28,samedi,regular,['samedi'],Pass Samedi,Shotgun,50.0,56.51,1,1
2026-07-02,2026-07-02 17:00:28,samedi,regular,['samedi'],Pass Samedi,Shotgun,50.0,56.51,1,1
2026-07-02,2026-07-02 17:00:28,2-jours,regular,,Pass 2 Jours,Shotgun,90.0,101.72,1,1
2026-07-02,2026-07-02 17:00:28,2-jours,regular,,Pass 2 Jours,Shotgun,90.0,101.72,1,1
2026-07-02,2026-07-02 17:00:28,samedi,regular,['samedi'],Pass Samedi,Shotgun,50.0,56.51,1,1
2026-07-02,2026-07-02 17:00:28,samedi,regular,['samedi'],Pass Samedi,Shotgun,50.0,56.51,1,1
2026-07-02,2026-07-02 17:00:28,2-jours,regular,,Pass 2 Jours,Shotgun,90.0,101.72,1,1
2026-07-02,2026-07-02 17:00:28,2-jours,regular,,Pass 2 Jours,Shotgun,90.0,101.72,1,1
2026-07-02,2026-07-02 17:00:28,2-jours,regular,,Pass 2 Jours,Shotgun,90.0,101.72,1,1
2026-07-02,2026-07-02 17:00:29,2-jours,regular,,Pass 2 Jours,Shotgun,90.0,101.72,1,1
2026-07-02,2026-07-02 17:00:29,2-jours,regular,,Pass 2 Jours,Shotgun,90.0,101.72,1,1
2026-07-02,2026-07-02 17:00:29,samedi,regular,['samedi'],Pass Samedi,Shotgun,50.0,56.51,1,1
2026-07-02,2026-07-02 17:00:29,2-jours,regular,,Pass 2 Jours,Shotgun,90.0,101.72,1,1
2026-07-02,2026-07-02 17:00:29,2-jours,regular,,Pass 2 Jours,Shotgun,90.0,101.72,1,1
2026-07-02,2026-07-02 17:00:29,vendredi,regular,['vendredi'],Pass Vendredi,Shotgun,50.0,56.51,1,1
2026-07-02,2026-07-02 17:00:29,vendredi,regular,['vendredi'],Pass Vendredi,Shotgun,50.0,56.51,1,1
2026-07-02,2026-07-02 17:00:29,vendredi,regular,['vendredi'],Pass Vendredi,Shotgun,50.0,56.51,1,1
2026-07-02,2026-07-02 17:00:29,2-jours,regular,,Pass 2 Jours,Shotgun,90.0,101.72,1,1
2026-07-02,2026-07-02 17:00:29,2-jours,regular,,Pass 2 Jours,Shotgun,90.0,101.72,1,1
2026-07-02,2026-07-02 17:00:29,2-jours,regular,,Pass 2 Jours,Shotgun,90.0,101.72,1,1
2026-07-02,2026-07-02 17:00:30,samedi,regular,['samedi'],Pass Samedi,Shotgun,50.0,56.51,1,1
2026-07-02,2026-07-02 17:00:30,samedi,regular,['samedi'],Pass Samedi,Shotgun,50.0,56.51,1,1
2026-07-02,2026-07-02 17:00:30,2-jours,regular,,Pass 2 Jours,Shotgun,90.0,101.72,1,1
2026-07-02,2026-07-02 17:00:30,vendredi,regular,['vendredi'],Pass Vendredi,Shotgun,50.0,56.51,1,1
2026-07-02,2026-07-02 17:00:30,2-jours,regular,,Pass 2 Jours,Shotgun,90.0,101.72,1,1
2026-07-02,2026-07-02 17:00:30,2-jours,regular,,Pass 2 Jours,Shotgun,90.0,101.72,1,1
2026-07-02,2026-07-02 17:00:30,vendredi,regular,['vendredi'],Pass Vendredi,Shotgun,50.0,56.51,1,1
2026-07-02,2026-07-02 17:00:30,2-jours,regular,,Pass 2 Jours,Shotgun,90.0,101.72,1,1
2026-07-02,2026-07-02 17:00:30,2-jours,regular,,Pass 2 Jours,Shotgun,90.0,101.72,1,1
2026-07-02,2026-07-02 17:00:30,vendredi,regular,['vendredi'],Pass Vendredi,Shotgun,50.0,56.51,1,1
2026-07-02,2026-07-02 17:00:30,vendredi,regular,['vendredi'],Pass Vendredi,Shotgun,50.0,56.51,1,1
2026-07-02,2026-07-02 17:00:30,2-jours,regular,,Pass 2 Jours,Shotgun,90.0,101.72,1,1
2026-07-02,2026-07-02 17:00:30,vendredi,regular,['vendredi'],Pass Vendredi,Shotgun,50.0,56.51,1,1
2026-07-02,2026-07-02 17:00:30,vendredi,regular,['vendredi'],Pass Vendredi,Shotgun,50.0,56.51,1,1
2026-07-02,2026-07-02 17:00:31,vendredi,regular,['vendredi'],Pass Vendredi,Shotgun,50.0,56.51,1,1
2026-07-02,2026-07-02 17:00:31,2-jours,regular,,Pass 2 Jours,Shotgun,90.0,101.72,1,1
2026-07-02,2026-07-02 17:00:31,2-jours,regular,,Pass 2 Jours,Shotgun,90.0,101.72,1,1
2026-07-02,2026-07-02 17:00:31,vendredi,regular,['vendredi'],Pass Vendredi,Shotgun,50.0,56.51,1,1
2026-07-02,2026-07-02 17:00:31,vendredi,regular,['vendredi'],Pass Vendredi,Shotgun,50.0,56.51,1,1
2026-07-02,2026-07-02 17:00:31,2-jours,regular,,Pass 2 Jours,Shotgun,90.0,101.72,1,1
2026-07-02,2026-07-02 17:00:31,2-jours,regular,,Pass 2 Jours,Shotgun,90.0,101.72,1,1
2026-07-02,2026-07-02 17:00:31,2-jours,regular,,Pass 2 Jours,Shotgun,90.0,101.72,1,1
2026-07-02,2026-07-02 17:00:31,vendredi,regular,['vendredi'],Pass Vendredi,Shotgun,50.0,56.51,1,1
2026-07-02,2026-07-02 17:00:31,2-jours,regular,,Pass 2 Jours,Shotgun,90.0,101.72,1,1
2026-07-02,2026-07-02 17:00:32,2-jours,regular,,Pass 2 Jours,Shotgun,90.0,101.72,1,1
2026-07-02,2026-07-02 17:00:32,2-jours,regular,,Pass 2 Jours,Shotgun,90.0,101.72,1,1
2026-07-02,2026-07-02 17:00:32,samedi,regular,['samedi'],Pass Samedi,Shotgun,50.0,56.51,1,1
2026-07-02,2026-07-02 17:00:32,2-jours,regular,,Pass 2 Jours,Shotgun,90.0,101.72,1,1
2026-07-02,2026-07-02 17:00:32,2-jours,regular,,Pass 2 Jours,Shotgun,90.0,101.72,1,1
2026-07-02,2026-07-02 17:00:32,samedi,regular,['samedi'],Pass Samedi,Shotgun,50.0,56.51,1,1
2026-07-02,2026-07-02 17:00:32,vendredi,regular,['vendredi'],Pass Vendredi,Shotgun,50.0,56.51,1,1
2026-07-02,2026-07-02 17:00:32,vendredi,regular,['vendredi'],Pass Vendredi,Shotgun,50.0,56.51,1,1
2026-07-02,2026-07-02 17:00:32,vendredi,regular,['vendredi'],Pass Vendredi,Shotgun,50.0,56.51,1,1
2026-07-02,2026-07-02 17:00:32,2-jours,regular,,Pass 2 Jours,Shotgun,90.0,101.72,1,1
2026-07-02,2026-07-02 17:00:32,2-jours,regular,,Pass 2 Jours,Shotgun,90.0,101.72,1,1
2026-07-02,2026-07-02 17:00:32,2-jours,regular,,Pass 2 Jours,Shotgun,90.0,101.72,1,1
2026-07-02,2026-07-02 17:00:32,2-jours,regular,,Pass 2 Jours,Shotgun,90.0,101.72,1,1
2026-07-02,2026-07-02 17:00:32,2-jours,regular,,Pass 2 Jours,Shotgun,90.0,101.72,1,1
2026-07-02,2026-07-02 17:00:32,2-jours,regular,,Pass 2 Jours,Shotgun,90.0,101.72,1,1
2026-07-02,2026-07-02 17:00:33,2-jours,regular,,Pass 2 Jours,Shotgun,90.0,101.72,1,1
2026-07-02,2026-07-02 17:00:33,2-jours,regular,,Pass 2 Jours,Shotgun,90.0,101.72,1,1
2026-07-02,2026-07-02 17:00:33,2-jours,regular,,Pass 2 Jours,Shotgun,90.0,101.72,1,1
2026-07-02,2026-07-02 17:00:33,2-jours,regular,,Pass 2 Jours,Shotgun,90.0,101.72,1,1
2026-07-02,2026-07-02 17:00:33,2-jours,regular,,Pass 2 Jours,Shotgun,90.0,101.72,1,1
2026-07-02,2026-07-02 17:00:33,vendredi,regular,['vendredi'],Pass Vendredi,Shotgun,50.0,56.51,1,1
2026-07-02,2026-07-02 17:00:33,vendredi,regular,['vendredi'],Pass Vendredi,Shotgun,50.0,56.51,1,1
2026-07-02,2026-07-02 17:00:33,2-jours,regular,,Pass 2 Jours,Shotgun,90.0,101.72,1,1
2026-07-02,2026-07-02 17:00:33,2-jours,regular,,Pass 2 Jours,Shotgun,90.0,101.72,1,1
2026-07-02,2026-07-02 17:00:33,2-jours,regular,,Pass 2 Jours,Shotgun,90.0,101.72,1,1
2026-07-02,2026-07-02 17:00:33,vendredi,regular,['vendredi'],Pass Vendredi,Shotgun,50.0,56.51,1,1
2026-07-02,2026-07-02 17:00:33,vendredi,regular,['vendredi'],Pass Vendredi,Shotgun,50.0,56.51,1,1
2026-07-02,2026-07-02 17:00:33,2-jours,regular,,Pass 2 Jours,Shotgun,90.0,101.72,1,1
2026-07-02,2026-07-02 17:00:33,2-jours,regular,,Pass 2 Jours,Shotgun,90.0,101.72,1,1
2026-07-02,2026-07-02 17:00:33,vendredi,vip,['vendredi'],Pass Acces Scene,Shotgun,120.0,135.63,1,1
2026-07-02,2026-07-02 17:00:34,2-jours,regular,,Pass 2 Jours,Shotgun,90.0,101.72,1,1
2026-07-02,2026-07-02 17:00:34,2-jours,regular,,Pass 2 Jours,Shotgun,90.0,101.72,1,1
2026-07-02,2026-07-02 17:00:34,2-jours,regular,,Pass 2 Jours,Shotgun,90.0,101.72,1,1
2026-07-02,2026-07-02 17:00:34,2-jours,regular,,Pass 2 Jours,Shotgun,90.0,101.72,1,1
2026-07-02,2026-07-02 17:00:34,2-jours,regular,,Pass 2 Jours,Shotgun,90.0,101.72,1,1
2026-07-02,2026-07-02 17:00:34,samedi,regular,['samedi'],Pass Samedi,Shotgun,50.0,56.51,1,1
2026-07-02,2026-07-02 17:00:34,samedi,regular,['samedi'],Pass Samedi,Shotgun,50.0,56.51,1,1
2026-07-02,2026-07-02 17:00:34,vendredi,regular,['vendredi'],Pass Vendredi,Shotgun,50.0,56.51,1,1
2026-07-02,2026-07-02 17:00:34,2-jours,regular,,Pass 2 Jours,Shotgun,90.0,101.72,1,1
2026-07-02,2026-07-02 17:00:34,2-jours,regular,,Pass 2 Jours,Shotgun,90.0,101.72,1,1
2026-07-02,2026-07-02 17:00:34,2-jours,regular,,Pass 2 Jours,Shotgun,90.0,101.72,1,1
2026-07-02,2026-07-02 17:00:34,2-jours,regular,,Pass 2 Jours,Shotgun,90.0,101.72,1,1
2026-07-02,2026-07-02 17:00:34,2-jours,regular,,Pass 2 Jours,Shotgun,90.0,101.72,1,1
2026-07-02,2026-07-02 17:00:34,vendredi,regular,['vendredi'],Pass Vendredi,Shotgun,50.0,56.51,1,1
2026-07-02,2026-07-02 17:00:34,2-jours,regular,,Pass 2 Jours,Shotgun,90.0,101.72,1,1
2026-07-02,2026-07-02 17:00:34,2-jours,regular,,Pass 2 Jours,Shotgun,90.0,101.72,1,1
2026-07-02,2026-07-02 17:00:34,2-jours,regular,,Pass 2 Jours,Shotgun,90.0,101.72,1,1
2026-07-02,2026-07-02 17:00:34,2-jours,regular,,Pass 2 Jours,Shotgun,90.0,101.72,1,1
2026-07-02,2026-07-02 17:00:34,2-jours,regular,,Pass 2 Jours,Shotgun,90.0,101.72,1,1
2026-07-02,2026-07-02 17:00:34,vendredi,regular,['vendredi'],Pass Vendredi,Shotgun,50.0,56.51,1,1
2026-07-02,2026-07-02 17:00:34,2-jours,regular,,Pass 2 Jours,Shotgun,90.0,101.72,1,1
2026-07-02,2026-07-02 17:00:34,2-jours,regular,,Pass 2 Jours,Shotgun,90.0,101.72,1,1
2026-07-02,2026-07-02 17:00:35,2-jours,regular,,Pass 2 Jours,Shotgun,90.0,101.72,1,1
2026-07-02,2026-07-02 17:00:35,2-jours,regular,,Pass 2 Jours,Shotgun,90.0,101.72,1,1
2026-07-02,2026-07-02 17:00:35,2-jours,regular,,Pass 2 Jours,Shotgun,90.0,101.72,1,1
2026-07-02,2026-07-02 17:00:35,2-jours,regular,,Pass 2 Jours,Shotgun,90.0,101.72,1,1
2026-07-02,2026-07-02 17:00:35,2-jours,regular,,Pass 2 Jours,Shotgun,90.0,101.72,1,1
2026-07-02,2026-07-02 17:00:35,2-jours,regular,,Pass 2 Jours,Shotgun,90.0,101.72,1,1
2026-07-02,2026-07-02 17:00:35,2-jours,regular,,Pass 2 Jours,Shotgun,90.0,101.72,1,1
2026-07-02,2026-07-02 17:00:35,2-jours,regular,,Pass 2 Jours,Shotgun,90.0,101.72,1,1
2026-07-02,2026-07-02 17:00:36,2-jours,regular,,Pass 2 Jours,Shotgun,90.0,101.72,1,1
2026-07-02,2026-07-02 17:00:36,2-jours,regular,,Pass 2 Jours,Shotgun,90.0,101.72,1,1
2026-07-02,2026-07-02 17:00:36,2-jours,regular,,Pass 2 Jours,Shotgun,90.0,101.72,1,1
2026-07-02,2026-07-02 17:00:36,2-jours,regular,,Pass 2 Jours,Shotgun,90.0,101.72,1,1
2026-07-02,2026-07-02 17:00:36,vendredi,regular,['vendredi'],Pass Vendredi,Shotgun,50.0,56.51,1,1
2026-07-02,2026-07-02 17:00:36,2-jours,regular,,Pass 2 Jours,Shotgun,90.0,101.72,1,1
2026-07-02,2026-07-02 17:00:36,2-jours,regular,,Pass 2 Jours,Shotgun,90.0,101.72,1,1
2026-07-02,2026-07-02 17:00:36,2-jours,regular,,Pass 2 Jours,Shotgun,90.0,101.72,1,1
2026-07-02,2026-07-02 17:00:36,2-jours,regular,,Pass 2 Jours,Shotgun,90.0,101.72,1,1
2026-07-02,2026-07-02 17:00:36,2-jours,regular,,Pass 2 Jours,Shotgun,90.0,101.72,1,1
2026-07-02,2026-07-02 17:00:36,2-jours,regular,,Pass 2 Jours,Shotgun,90.0,101.72,1,1
2026-07-02,2026-07-02 17:00:36,2-jours,regular,,Pass 2 Jours,Shotgun,90.0,101.72,1,1
2026-07-02,2026-07-02 17:00:36,2-jours,regular,,Pass 2 Jours,Shotgun,90.0,101.72,1,1
2026-07-02,2026-07-02 17:00:36,2-jours,regular,,Pass 2 Jours,Shotgun,90.0,101.72,1,1
2026-07-02,2026-07-02 17:00:36,vendredi,regular,['vendredi'],Pass Vendredi,Shotgun,50.0,56.51,1,1
2026-07-02,2026-07-02 17:00:37,2-jours,regular,,Pass 2 Jours,Shotgun,90.0,101.72,1,1
2026-07-02,2026-07-02 17:00:37,2-jours,regular,,Pass 2 Jours,Shotgun,90.0,101.72,1,1
2026-07-02,2026-07-02 17:00:37,2-jours,regular,,Pass 2 Jours,Shotgun,90.0,101.72,1,1
2026-07-02,2026-07-02 17:00:37,2-jours,regular,,Pass 2 Jours,Shotgun,90.0,101.72,1,1
2026-07-02,2026-07-02 17:00:37,2-jours,regular,,Pass 2 Jours,Shotgun,90.0,101.72,1,1
2026-07-02,2026-07-02 17:00:37,vendredi,regular,['vendredi'],Pass Vendredi,Shotgun,50.0,56.51,1,1
2026-07-02,2026-07-02 17:00:37,vendredi,regular,['vendredi'],Pass Vendredi,Shotgun,50.0,56.51,1,1
2026-07-02,2026-07-02 17:00:37,vendredi,regular,['vendredi'],Pass Vendredi,Shotgun,50.0,56.51,1,1
2026-07-02,2026-07-02 17:00:37,vendredi,regular,['vendredi'],Pass Vendredi,Shotgun,50.0,56.51,1,1
2026-07-02,2026-07-02 17:00:37,vendredi,regular,['vendredi'],Pass Vendredi,Shotgun,50.0,56.51,1,1
2026-07-02,2026-07-02 17:00:37,vendredi,regular,['vendredi'],Pass Vendredi,Shotgun,50.0,56.51,1,1
2026-07-02,2026-07-02 17:00:37,vendredi,regular,['vendredi'],Pass Vendredi,Shotgun,50.0,56.51,1,1
2026-07-02,2026-07-02 17:00:37,2-jours,regular,,Pass 2 Jours,Shotgun,90.0,101.72,1,1
2026-07-02,2026-07-02 17:00:37,2-jours,regular,,Pass 2 Jours,Shotgun,90.0,101.72,1,1
2026-07-02,2026-07-02 17:00:37,2-jours,regular,,Pass 2 Jours,Shotgun,90.0,101.72,1,1
2026-07-02,2026-07-02 17:00:37,vendredi,vip,['vendredi'],Pass Acces Scene,Shotgun,120.0,135.63,1,1
2026-07-02,2026-07-02 17:00:37,2-jours,regular,,Pass 2 Jours,Shotgun,90.0,101.72,1,1
2026-07-02,2026-07-02 17:00:37,2-jours,regular,,Pass 2 Jours,Shotgun,90.0,101.72,1,1
2026-07-02,2026-07-02 17:00:37,2-jours,regular,,Pass 2 Jours,Shotgun,90.0,101.72,1,1
2026-07-02,2026-07-02 17:00:38,2-jours,regular,,Pass 2 Jours,Shotgun,90.0,101.72,1,1
2026-07-02,2026-07-02 17:00:38,2-jours,regular,,Pass 2 Jours,Shotgun,90.0,101.72,1,1
2026-07-02,2026-07-02 17:00:38,vendredi,regular,['vendredi'],Pass Vendredi,Shotgun,50.0,56.51,1,1
2026-07-02,2026-07-02 17:00:38,vendredi,regular,['vendredi'],Pass Vendredi,Shotgun,50.0,56.51,1,1
2026-07-02,2026-07-02 17:00:39,samedi,regular,['samedi'],Pass Samedi,Shotgun,50.0,56.51,1,1
2026-07-02,2026-07-02 17:00:39,samedi,regular,['samedi'],Pass Samedi,Shotgun,50.0,56.51,1,1
2026-07-02,2026-07-02 17:00:39,2-jours,regular,,Pass 2 Jours,Shotgun,90.0,101.72,1,1
2026-07-02,2026-07-02 17:00:39,2-jours,regular,,Pass 2 Jours,Shotgun,90.0,101.72,1,1
2026-07-02,2026-07-02 17:00:39,2-jours,regular,,Pass 2 Jours,Shotgun,90.0,101.72,1,1
2026-07-02,2026-07-02 17:00:39,2-jours,regular,,Pass 2 Jours,Shotgun,90.0,101.72,1,1
2026-07-02,2026-07-02 17:00:39,2-jours,vip,"['vendredi', 'samedi']",Pass Acces Scene,Shotgun,220.0,248.66,1,1
2026-07-02,2026-07-02 17:00:39,2-jours,regular,,Pass 2 Jours,Shotgun,90.0,101.72,1,1
2026-07-02,2026-07-02 17:00:39,2-jours,regular,,Pass 2 Jours,Shotgun,90.0,101.72,1,1
2026-07-02,2026-07-02 17:00:39,samedi,regular,['samedi'],Pass Samedi,Shotgun,50.0,56.51,1,1
2026-07-02,2026-07-02 17:00:40,vendredi,regular,['vendredi'],Pass Vendredi,Shotgun,50.0,56.51,1,1
2026-07-02,2026-07-02 17:00:40,2-jours,regular,,Pass 2 Jours,Shotgun,90.0,101.72,1,1
2026-07-02,2026-07-02 17:00:40,2-jours,regular,,Pass 2 Jours,Shotgun,90.0,101.72,1,1
2026-07-02,2026-07-02 17:00:40,vendredi,regular,['vendredi'],Pass Vendredi,Shotgun,50.0,56.51,1,1
2026-07-02,2026-07-02 17:00:40,vendredi,regular,['vendredi'],Pass Vendredi,Shotgun,50.0,56.51,1,1
2026-07-02,2026-07-02 17:00:40,2-jours,regular,,Pass 2 Jours,Shotgun,90.0,101.72,1,1
2026-07-02,2026-07-02 17:00:40,2-jours,regular,,Pass 2 Jours,Shotgun,90.0,101.72,1,1
2026-07-02,2026-07-02 17:00:40,2-jours,regular,,Pass 2 Jours,Shotgun,90.0,101.72,1,1
2026-07-02,2026-07-02 17:00:40,2-jours,regular,,Pass 2 Jours,Shotgun,90.0,101.72,1,1
2026-07-02,2026-07-02 17:00:40,2-jours,regular,,Pass 2 Jours,Shotgun,90.0,101.72,1,1
2026-07-02,2026-07-02 17:00:40,vendredi,regular,['vendredi'],Pass Vendredi,Shotgun,50.0,56.51,1,1
2026-07-02,2026-07-02 17:00:41,2-jours,regular,,Pass 2 Jours,Shotgun,90.0,101.72,1,1
2026-07-02,2026-07-02 17:00:41,vendredi,regular,['vendredi'],Pass Vendredi,Shotgun,50.0,56.51,1,1
2026-07-02,2026-07-02 17:00:41,2-jours,regular,,Pass 2 Jours,Shotgun,90.0,101.72,1,1
2026-07-02,2026-07-02 17:00:41,2-jours,regular,,Pass 2 Jours,Shotgun,90.0,101.72,1,1
2026-07-02,2026-07-02 17:00:41,2-jours,regular,,Pass 2 Jours,Shotgun,90.0,101.72,1,1
2026-07-02,2026-07-02 17:00:41,2-jours,regular,,Pass 2 Jours,Shotgun,90.0,101.72,1,1
2026-07-02,2026-07-02 17:00:41,samedi,regular,['samedi'],Pass Samedi,Shotgun,50.0,56.51,1,1
2026-07-02,2026-07-02 17:00:41,samedi,regular,['samedi'],Pass Samedi,Shotgun,50.0,56.51,1,1
2026-07-02,2026-07-02 17:00:41,samedi,regular,['samedi'],Pass Samedi,Shotgun,50.0,56.51,1,1
2026-07-02,2026-07-02 17:00:41,samedi,regular,['samedi'],Pass Samedi,Shotgun,50.0,56.51,1,1
2026-07-02,2026-07-02 17:00:41,samedi,regular,['samedi'],Pass Samedi,Shotgun,50.0,56.51,1,1
2026-07-02,2026-07-02 17:00:41,2-jours,regular,,Pass 2 Jours,Shotgun,90.0,101.72,1,1
2026-07-02,2026-07-02 17:00:41,2-jours,regular,,Pass 2 Jours,Shotgun,90.0,101.72,1,1
2026-07-02,2026-07-02 17:00:41,vendredi,regular,['vendredi'],Pass Vendredi,Shotgun,50.0,56.51,1,1
2026-07-02,2026-07-02 17:00:42,2-jours,regular,,Pass 2 Jours,Shotgun,90.0,101.72,1,1
2026-07-02,2026-07-02 17:00:42,2-jours,regular,,Pass 2 Jours,Shotgun,90.0,101.72,1,1
2026-07-02,2026-07-02 17:00:42,2-jours,regular,,Pass 2 Jours,Shotgun,90.0,101.72,1,1
2026-07-02,2026-07-02 17:00:42,2-jours,regular,,Pass 2 Jours,Shotgun,90.0,101.72,1,1
2026-07-02,2026-07-02 17:00:42,2-jours,regular,,Pass 2 Jours,Shotgun,90.0,101.72,1,1
2026-07-02,2026-07-02 17:00:42,2-jours,regular,,Pass 2 Jours,Shotgun,90.0,101.72,1,1
2026-07-02,2026-07-02 17:00:42,2-jours,regular,,Pass 2 Jours,Shotgun,90.0,101.72,1,1
2026-07-02,2026-07-02 17:00:42,2-jours,regular,,Pass 2 Jours,Shotgun,90.0,101.72,1,1
2026-07-02,2026-07-02 17:00:42,2-jours,regular,,Pass 2 Jours,Shotgun,90.0,101.72,1,1
2026-07-02,2026-07-02 17:00:42,2-jours,regular,,Pass 2 Jours,Shotgun,90.0,101.72,1,1
2026-07-02,2026-07-02 17:00:42,2-jours,regular,,Pass 2 Jours,Shotgun,90.0,101.72,1,1
2026-07-02,2026-07-02 17:00:42,2-jours,regular,,Pass 2 Jours,Shotgun,90.0,101.72,1,1
2026-07-02,2026-07-02 17:00:42,2-jours,regular,,Pass 2 Jours,Shotgun,90.0,101.72,1,1
2026-07-02,2026-07-02 17:00:42,samedi,regular,['samedi'],Pass Samedi,Shotgun,50.0,56.51,1,1
2026-07-02,2026-07-02 17:00:42,samedi,regular,['samedi'],Pass Samedi,Shotgun,50.0,56.51,1,1
2026-07-02,2026-07-02 17:00:42,2-jours,regular,,Pass 2 Jours,Shotgun,90.0,101.72,1,1
2026-07-02,2026-07-02 17:00:42,vendredi,regular,['vendredi'],Pass Vendredi,Shotgun,50.0,56.51,1,1
2026-07-02,2026-07-02 17:00:42,2-jours,regular,,Pass 2 Jours,Shotgun,90.0,101.72,1,1
2026-07-02,2026-07-02 17:00:42,2-jours,regular,,Pass 2 Jours,Shotgun,90.0,101.72,1,1
2026-07-02,2026-07-02 17:00:43,2-jours,regular,,Pass 2 Jours,Shotgun,90.0,101.72,1,1
2026-07-02,2026-07-02 17:00:43,2-jours,regular,,Pass 2 Jours,Shotgun,90.0,101.72,1,1
2026-07-02,2026-07-02 17:00:43,2-jours,regular,,Pass 2 Jours,Shotgun,90.0,101.72,1,1
2026-07-02,2026-07-02 17:00:43,2-jours,regular,,Pass 2 Jours,Shotgun,90.0,101.72,1,1
2026-07-02,2026-07-02 17:00:43,2-jours,regular,,Pass 2 Jours,Shotgun,90.0,101.72,1,1
2026-07-02,2026-07-02 17:00:43,2-jours,regular,,Pass 2 Jours,Shotgun,90.0,101.72,1,1
2026-07-02,2026-07-02 17:00:44,2-jours,regular,,Pass 2 Jours,Shotgun,90.0,101.72,1,1
2026-07-02,2026-07-02 17:00:44,2-jours,regular,,Pass 2 Jours,Shotgun,110.0,124.33,1,1
2026-07-02,2026-07-02 17:00:44,samedi,regular,['samedi'],Pass Samedi,Shotgun,50.0,56.51,1,1
2026-07-02,2026-07-02 17:00:44,2-jours,vip,"['vendredi', 'samedi']",Pass Acces Scene,Shotgun,220.0,248.66,1,1
2026-07-02,2026-07-02 17:00:44,2-jours,vip,"['vendredi', 'samedi']",Pass Acces Scene,Shotgun,220.0,248.66,1,1
2026-07-02,2026-07-02 17:00:44,vendredi,regular,['vendredi'],Pass Vendredi,Shotgun,50.0,56.51,1,1
2026-07-02,2026-07-02 17:00:44,vendredi,regular,['vendredi'],Pass Vendredi,Shotgun,50.0,56.51,1,1
2026-07-02,2026-07-02 17:00:45,vendredi,regular,['vendredi'],Pass Vendredi,Shotgun,50.0,56.51,1,1
2026-07-02,2026-07-02 17:00:45,vendredi,regular,['vendredi'],Pass Vendredi,Shotgun,50.0,56.51,1,1
2026-07-02,2026-07-02 17:00:45,samedi,regular,['samedi'],Pass Samedi,Shotgun,50.0,56.51,1,1
2026-07-02,2026-07-02 17:00:46,vendredi,regular,['vendredi'],Pass Vendredi,Shotgun,50.0,56.51,1,1
2026-07-02,2026-07-02 17:00:46,vendredi,regular,['vendredi'],Pass Vendredi,Shotgun,50.0,56.51,1,1
2026-07-02,2026-07-02 17:00:46,vendredi,regular,['vendredi'],Pass Vendredi,Shotgun,50.0,56.51,1,1
2026-07-02,2026-07-02 17:00:46,2-jours,regular,,Pass 2 Jours,Shotgun,90.0,101.72,1,1
2026-07-02,2026-07-02 17:00:46,2-jours,regular,,Pass 2 Jours,Shotgun,90.0,101.72,1,1
2026-07-02,2026-07-02 17:00:46,2-jours,regular,,Pass 2 Jours,Shotgun,90.0,101.72,1,1
2026-07-02,2026-07-02 17:00:46,vendredi,regular,['vendredi'],Pass Vendredi,Shotgun,50.0,56.51,1,1
2026-07-02,2026-07-02 17:00:46,vendredi,regular,['vendredi'],Pass Vendredi,Shotgun,50.0,56.51,1,1
2026-07-02,2026-07-02 17:00:47,2-jours,regular,,Pass 2 Jours,Shotgun,90.0,101.72,1,1
2026-07-02,2026-07-02 17:00:47,samedi,regular,['samedi'],Pass Samedi,Shotgun,50.0,56.51,1,1
2026-07-02,2026-07-02 17:00:47,samedi,regular,['samedi'],Pass Samedi,Shotgun,50.0,56.51,1,1
2026-07-02,2026-07-02 17:00:47,samedi,regular,['samedi'],Pass Samedi,Shotgun,50.0,56.51,1,1
2026-07-02,2026-07-02 17:00:47,vendredi,regular,['vendredi'],Pass Vendredi,Shotgun,50.0,56.51,1,1
2026-07-02,2026-07-02 17:00:47,samedi,regular,['samedi'],Pass Samedi,Shotgun,50.0,56.51,1,1
2026-07-02,2026-07-02 17:00:48,samedi,regular,['samedi'],Pass Samedi,Shotgun,50.0,56.51,1,1
2026-07-02,2026-07-02 17:00:48,2-jours,regular,,Pass 2 Jours,Shotgun,90.0,101.72,1,1
2026-07-02,2026-07-02 17:00:48,2-jours,regular,,Pass 2 Jours,Shotgun,90.0,101.72,1,1
2026-07-02,2026-07-02 17:00:48,2-jours,regular,,Pass 2 Jours,Shotgun,90.0,101.72,1,1
2026-07-02,2026-07-02 17:00:48,samedi,regular,['samedi'],Pass Samedi,Shotgun,50.0,56.51,1,1
2026-07-02,2026-07-02 17:00:48,2-jours,regular,,Pass 2 Jours,Shotgun,90.0,101.72,1,1
2026-07-02,2026-07-02 17:00:48,2-jours,regular,,Pass 2 Jours,Shotgun,90.0,101.72,1,1
2026-07-02,2026-07-02 17:00:48,2-jours,regular,,Pass 2 Jours,Shotgun,90.0,101.72,1,1
2026-07-02,2026-07-02 17:00:48,2-jours,regular,,Pass 2 Jours,Shotgun,90.0,101.72,1,1
2026-07-02,2026-07-02 17:00:48,2-jours,regular,,Pass 2 Jours,Shotgun,90.0,101.72,1,1
2026-07-02,2026-07-02 17:00:48,2-jours,regular,,Pass 2 Jours,Shotgun,95.0,107.37,1,1
2026-07-02,2026-07-02 17:00:48,2-jours,regular,,Pass 2 Jours,Shotgun,90.0,101.72,1,1
2026-07-02,2026-07-02 17:00:48,2-jours,regular,,Pass 2 Jours,Shotgun,90.0,101.72,1,1
2026-07-02,2026-07-02 17:00:49,vendredi,regular,['vendredi'],Pass Vendredi,Shotgun,50.0,56.51,1,1
2026-07-02,2026-07-02 17:00:49,2-jours,regular,,Pass 2 Jours,Shotgun,90.0,101.72,1,1
2026-07-02,2026-07-02 17:00:49,samedi,regular,['samedi'],Pass Samedi,Shotgun,50.0,56.51,1,1
2026-07-02,2026-07-02 17:00:49,vendredi,regular,['vendredi'],Pass Vendredi,Shotgun,50.0,56.51,1,1
2026-07-02,2026-07-02 17:00:49,vendredi,regular,['vendredi'],Pass Vendredi,Shotgun,50.0,56.51,1,1
2026-07-02,2026-07-02 17:00:50,2-jours,regular,,Pass 2 Jours,Shotgun,95.0,107.37,1,1
2026-07-02,2026-07-02 17:00:50,2-jours,regular,,Pass 2 Jours,Shotgun,95.0,107.37,1,1
2026-07-02,2026-07-02 17:00:50,2-jours,regular,,Pass 2 Jours,Shotgun,90.0,101.72,1,1
2026-07-02,2026-07-02 17:00:50,2-jours,regular,,Pass 2 Jours,Shotgun,90.0,101.72,1,1
2026-07-02,2026-07-02 17:00:50,2-jours,regular,,Pass 2 Jours,Shotgun,95.0,107.37,1,1
2026-07-02,2026-07-02 17:00:50,2-jours,regular,,Pass 2 Jours,Shotgun,95.0,107.37,1,1
2026-07-02,2026-07-02 17:00:51,vendredi,regular,['vendredi'],Pass Vendredi,Shotgun,50.0,56.51,1,1
2026-07-02,2026-07-02 17:00:51,2-jours,regular,,Pass 2 Jours,Shotgun,90.0,101.72,1,1
2026-07-02,2026-07-02 17:00:51,2-jours,regular,,Pass 2 Jours,Shotgun,90.0,101.72,1,1
2026-07-02,2026-07-02 17:00:52,2-jours,regular,,Pass 2 Jours,Shotgun,90.0,101.72,1,1
2026-07-02,2026-07-02 17:00:52,2-jours,regular,,Pass 2 Jours,Shotgun,90.0,101.72,1,1
2026-07-02,2026-07-02 17:00:52,vendredi,regular,['vendredi'],Pass Vendredi,Shotgun,50.0,56.51,1,1
2026-07-02,2026-07-02 17:00:52,2-jours,regular,,Pass 2 Jours,Shotgun,90.0,101.72,1,1
2026-07-02,2026-07-02 17:00:52,2-jours,regular,,Pass 2 Jours,Shotgun,90.0,101.72,1,1
2026-07-02,2026-07-02 17:00:52,samedi,regular,['samedi'],Pass Samedi,Shotgun,50.0,56.51,1,1
2026-07-02,2026-07-02 17:00:52,2-jours,regular,,Pass 2 Jours,Shotgun,90.0,101.72,1,1
2026-07-02,2026-07-02 17:00:52,vendredi,regular,['vendredi'],Pass Vendredi,Shotgun,50.0,56.51,1,1
2026-07-02,2026-07-02 17:00:52,vendredi,regular,['vendredi'],Pass Vendredi,Shotgun,50.0,56.51,1,1
2026-07-02,2026-07-02 17:00:53,2-jours,regular,,Pass 2 Jours,Shotgun,90.0,101.72,1,1
2026-07-02,2026-07-02 17:00:53,2-jours,regular,,Pass 2 Jours,Shotgun,90.0,101.72,1,1
2026-07-02,2026-07-02 17:00:53,2-jours,regular,,Pass 2 Jours,Shotgun,90.0,101.72,1,1
2026-07-02,2026-07-02 17:00:53,2-jours,regular,,Pass 2 Jours,Shotgun,90.0,101.72,1,1
2026-07-02,2026-07-02 17:00:53,2-jours,regular,,Pass 2 Jours,Shotgun,90.0,101.72,1,1
2026-07-02,2026-07-02 17:00:53,2-jours,regular,,Pass 2 Jours,Shotgun,90.0,101.72,1,1
2026-07-02,2026-07-02 17:00:53,2-jours,regular,,Pass 2 Jours,Shotgun,90.0,101.72,1,1
2026-07-02,2026-07-02 17:00:53,2-jours,regular,,Pass 2 Jours,Shotgun,90.0,101.72,1,1
2026-07-02,2026-07-02 17:00:53,2-jours,regular,,Pass 2 Jours,Shotgun,95.0,107.37,1,1
2026-07-02,2026-07-02 17:00:54,samedi,regular,['samedi'],Pass Samedi,Shotgun,50.0,56.51,1,1
2026-07-02,2026-07-02 17:00:54,2-jours,regular,,Pass 2 Jours,Shotgun,95.0,107.37,1,1
2026-07-02,2026-07-02 17:00:54,2-jours,regular,,Pass 2 Jours,Shotgun,90.0,101.72,1,1
2026-07-02,2026-07-02 17:00:54,2-jours,regular,,Pass 2 Jours,Shotgun,90.0,101.72,1,1
2026-07-02,2026-07-02 17:00:54,2-jours,regular,,Pass 2 Jours,Shotgun,95.0,107.37,1,1
2026-07-02,2026-07-02 17:00:54,2-jours,regular,,Pass 2 Jours,Shotgun,90.0,101.72,1,1
2026-07-02,2026-07-02 17:00:54,samedi,regular,['samedi'],Pass Samedi,Shotgun,50.0,56.51,1,1
2026-07-02,2026-07-02 17:00:54,samedi,regular,['samedi'],Pass Samedi,Shotgun,50.0,56.51,1,1
2026-07-02,2026-07-02 17:00:55,2-jours,regular,,Pass 2 Jours,Shotgun,95.0,107.37,1,1
2026-07-02,2026-07-02 17:00:55,vendredi,regular,['vendredi'],Pass Vendredi,Shotgun,50.0,56.51,1,1
2026-07-02,2026-07-02 17:00:55,2-jours,regular,,Pass 2 Jours,Shotgun,90.0,101.72,1,1
2026-07-02,2026-07-02 17:00:55,2-jours,regular,,Pass 2 Jours,Shotgun,90.0,101.72,1,1
2026-07-02,2026-07-02 17:00:56,2-jours,regular,,Pass 2 Jours,Shotgun,95.0,107.37,1,1
2026-07-02,2026-07-02 17:00:56,2-jours,regular,,Pass 2 Jours,Shotgun,90.0,101.72,1,1
2026-07-02,2026-07-02 17:00:56,vendredi,regular,['vendredi'],Pass Vendredi,Shotgun,50.0,56.51,1,1
2026-07-02,2026-07-02 17:00:56,2-jours,regular,,Pass 2 Jours,Shotgun,90.0,101.72,1,1
2026-07-02,2026-07-02 17:00:56,2-jours,regular,,Pass 2 Jours,Shotgun,90.0,101.72,1,1
2026-07-02,2026-07-02 17:00:56,2-jours,regular,,Pass 2 Jours,Shotgun,90.0,101.72,1,1
2026-07-02,2026-07-02 17:00:56,2-jours,regular,,Pass 2 Jours,Shotgun,90.0,101.72,1,1
2026-07-02,2026-07-02 17:00:56,2-jours,regular,,Pass 2 Jours,Shotgun,90.0,101.72,1,1
2026-07-02,2026-07-02 17:00:56,2-jours,regular,,Pass 2 Jours,Shotgun,95.0,107.37,1,1
2026-07-02,2026-07-02 17:00:56,2-jours,regular,,Pass 2 Jours,Shotgun,95.0,107.37,1,1
2026-07-02,2026-07-02 17:00:56,2-jours,regular,,Pass 2 Jours,Shotgun,90.0,101.72,1,1
2026-07-02,2026-07-02 17:00:56,samedi,regular,['samedi'],Pass Samedi,Shotgun,50.0,56.51,1,1
2026-07-02,2026-07-02 17:00:56,samedi,regular,['samedi'],Pass Samedi,Shotgun,50.0,56.51,1,1
2026-07-02,2026-07-02 17:00:57,2-jours,regular,,Pass 2 Jours,Shotgun,95.0,107.37,1,1
2026-07-02,2026-07-02 17:00:57,2-jours,regular,,Pass 2 Jours,Shotgun,95.0,107.37,1,1
2026-07-02,2026-07-02 17:00:57,2-jours,regular,,Pass 2 Jours,Shotgun,90.0,101.72,1,1
2026-07-02,2026-07-02 17:00:57,samedi,regular,['samedi'],Pass Samedi,Shotgun,50.0,56.51,1,1
2026-07-02,2026-07-02 17:00:57,samedi,regular,['samedi'],Pass Samedi,Shotgun,50.0,56.51,1,1
2026-07-02,2026-07-02 17:00:57,samedi,regular,['samedi'],Pass Samedi,Shotgun,50.0,56.51,1,1
2026-07-02,2026-07-02 17:00:57,samedi,regular,['samedi'],Pass Samedi,Shotgun,50.0,56.51,1,1
2026-07-02,2026-07-02 17:00:57,samedi,regular,['samedi'],Pass Samedi,Shotgun,50.0,56.51,1,1
2026-07-02,2026-07-02 17:00:57,2-jours,regular,,Pass 2 Jours,Shotgun,95.0,107.37,1,1
2026-07-02,2026-07-02 17:00:57,samedi,regular,['samedi'],Pass Samedi,Shotgun,50.0,56.51,1,1
2026-07-02,2026-07-02 17:00:57,2-jours,regular,,Pass 2 Jours,Shotgun,95.0,107.37,1,1
2026-07-02,2026-07-02 17:00:58,2-jours,regular,,Pass 2 Jours,Shotgun,90.0,101.72,1,1
2026-07-02,2026-07-02 17:00:58,2-jours,regular,,Pass 2 Jours,Shotgun,90.0,101.72,1,1
2026-07-02,2026-07-02 17:00:58,vendredi,vip,['vendredi'],Pass Acces Scene,Shotgun,120.0,135.63,1,1
2026-07-02,2026-07-02 17:00:58,2-jours,regular,,Pass 2 Jours,Shotgun,90.0,101.72,1,1
2026-07-02,2026-07-02 17:00:58,2-jours,regular,,Pass 2 Jours,Shotgun,90.0,101.72,1,1
2026-07-02,2026-07-02 17:00:58,samedi,vip,['samedi'],Pass Acces Scene,Shotgun,120.0,135.63,1,1
2026-07-02,2026-07-02 17:00:58,2-jours,regular,,Pass 2 Jours,Shotgun,95.0,107.37,1,1
2026-07-02,2026-07-02 17:00:58,2-jours,regular,,Pass 2 Jours,Shotgun,90.0,101.72,1,1
2026-07-02,2026-07-02 17:00:58,samedi,vip,['samedi'],Pass Acces Scene,Shotgun,120.0,135.63,1,1
2026-07-02,2026-07-02 17:00:59,2-jours,regular,,Pass 2 Jours,Shotgun,90.0,101.72,1,1
2026-07-02,2026-07-02 17:00:59,2-jours,regular,,Pass 2 Jours,Shotgun,90.0,101.72,1,1
2026-07-02,2026-07-02 17:00:59,2-jours,regular,,Pass 2 Jours,Shotgun,95.0,107.37,1,1
2026-07-02,2026-07-02 17:00:59,2-jours,regular,,Pass 2 Jours,Shotgun,95.0,107.37,1,1
2026-07-02,2026-07-02 17:00:59,2-jours,regular,,Pass 2 Jours,Shotgun,95.0,107.37,1,1
2026-07-02,2026-07-02 17:00:59,2-jours,regular,,Pass 2 Jours,Shotgun,95.0,107.37,1,1
2026-07-02,2026-07-02 17:00:59,vendredi,regular,['vendredi'],Pass Vendredi,Shotgun,50.0,56.51,1,1
2026-07-02,2026-07-02 17:01:00,samedi,regular,['samedi'],Pass Samedi,Shotgun,50.0,56.51,1,1
2026-07-02,2026-07-02 17:01:00,samedi,regular,['samedi'],Pass Samedi,Shotgun,50.0,56.51,1,1
2026-07-02,2026-07-02 17:01:00,2-jours,regular,,Pass 2 Jours,Shotgun,90.0,101.72,1,1
2026-07-02,2026-07-02 17:01:00,samedi,regular,['samedi'],Pass Samedi,Shotgun,50.0,56.51,1,1
2026-07-02,2026-07-02 17:01:00,2-jours,regular,,Pass 2 Jours,Shotgun,90.0,101.72,1,1
2026-07-02,2026-07-02 17:01:00,2-jours,regular,,Pass 2 Jours,Shotgun,90.0,101.72,1,1
2026-07-02,2026-07-02 17:01:00,2-jours,regular,,Pass 2 Jours,Shotgun,90.0,101.72,1,1
2026-07-02,2026-07-02 17:01:00,2-jours,regular,,Pass 2 Jours,Shotgun,90.0,101.72,1,1
2026-07-02,2026-07-02 17:01:01,2-jours,regular,,Pass 2 Jours,Shotgun,95.0,107.37,1,1
2026-07-02,2026-07-02 17:01:01,vendredi,regular,['vendredi'],Pass Vendredi,Shotgun,50.0,56.51,1,1
2026-07-02,2026-07-02 17:01:01,samedi,regular,['samedi'],Pass Samedi,Shotgun,50.0,56.51,1,1
2026-07-02,2026-07-02 17:01:01,samedi,regular,['samedi'],Pass Samedi,Shotgun,50.0,56.51,1,1
2026-07-02,2026-07-02 17:01:01,vendredi,regular,['vendredi'],Pass Vendredi,Shotgun,50.0,56.51,1,1
2026-07-02,2026-07-02 17:01:01,vendredi,regular,['vendredi'],Pass Vendredi,Shotgun,50.0,56.51,1,1
2026-07-02,2026-07-02 17:01:01,vendredi,regular,['vendredi'],Pass Vendredi,Shotgun,50.0,56.51,1,1
2026-07-02,2026-07-02 17:01:01,vendredi,regular,['vendredi'],Pass Vendredi,Shotgun,50.0,56.51,1,1
2026-07-02,2026-07-02 17:01:01,vendredi,regular,['vendredi'],Pass Vendredi,Shotgun,50.0,56.51,1,1
2026-07-02,2026-07-02 17:01:01,vendredi,regular,['vendredi'],Pass Vendredi,Shotgun,50.0,56.51,1,1
2026-07-02,2026-07-02 17:01:01,vendredi,regular,['vendredi'],Pass Vendredi,Shotgun,50.0,56.51,1,1
2026-07-02,2026-07-02 17:01:01,2-jours,regular,,Pass 2 Jours,Shotgun,90.0,101.72,1,1
2026-07-02,2026-07-02 17:01:01,2-jours,regular,,Pass 2 Jours,Shotgun,90.0,101.72,1,1
2026-07-02,2026-07-02 17:01:01,2-jours,regular,,Pass 2 Jours,Shotgun,90.0,101.72,1,1
2026-07-02,2026-07-02 17:01:01,2-jours,regular,,Pass 2 Jours,Shotgun,95.0,107.37,1,1
2026-07-02,2026-07-02 17:01:01,2-jours,regular,,Pass 2 Jours,Shotgun,95.0,107.37,1,1
2026-07-02,2026-07-02 17:01:01,2-jours,regular,,Pass 2 Jours,Shotgun,90.0,101.72,1,1
2026-07-02,2026-07-02 17:01:01,vendredi,regular,['vendredi'],Pass Vendredi,Shotgun,50.0,56.51,1,1
2026-07-02,2026-07-02 17:01:01,vendredi,regular,['vendredi'],Pass Vendredi,Shotgun,50.0,56.51,1,1
2026-07-02,2026-07-02 17:01:01,2-jours,regular,,Pass 2 Jours,Shotgun,90.0,101.72,1,1
2026-07-02,2026-07-02 17:01:01,vendredi,regular,['vendredi'],Pass Vendredi,Shotgun,50.0,56.51,1,1
2026-07-02,2026-07-02 17:01:01,vendredi,regular,['vendredi'],Pass Vendredi,Shotgun,50.0,56.51,1,1
2026-07-02,2026-07-02 17:01:01,vendredi,regular,['vendredi'],Pass Vendredi,Shotgun,50.0,56.51,1,1
2026-07-02,2026-07-02 17:01:02,2-jours,regular,,Pass 2 Jours,Shotgun,95.0,107.37,1,1
2026-07-02,2026-07-02 17:01:02,samedi,regular,['samedi'],Pass Samedi,Shotgun,50.0,56.51,1,1
2026-07-02,2026-07-02 17:01:02,2-jours,regular,,Pass 2 Jours,Shotgun,90.0,101.72,1,1
2026-07-02,2026-07-02 17:01:02,vendredi,regular,['vendredi'],Pass Vendredi,Shotgun,50.0,56.51,1,1
2026-07-02,2026-07-02 17:01:02,2-jours,regular,,Pass 2 Jours,Shotgun,95.0,107.37,1,1
2026-07-02,2026-07-02 17:01:03,2-jours,vip,"['vendredi', 'samedi']",Pass Acces Scene,Shotgun,220.0,248.66,1,1
2026-07-02,2026-07-02 17:01:03,2-jours,regular,,Pass 2 Jours,Shotgun,95.0,107.37,1,1
2026-07-02,2026-07-02 17:01:03,2-jours,regular,,Pass 2 Jours,Shotgun,90.0,101.72,1,1
2026-07-02,2026-07-02 17:01:03,2-jours,regular,,Pass 2 Jours,Shotgun,90.0,101.72,1,1
2026-07-02,2026-07-02 17:01:03,2-jours,regular,,Pass 2 Jours,Shotgun,95.0,107.37,1,1
2026-07-02,2026-07-02 17:01:03,2-jours,regular,,Pass 2 Jours,Shotgun,95.0,107.37,1,1
2026-07-02,2026-07-02 17:01:04,2-jours,regular,,Pass 2 Jours,Shotgun,90.0,101.72,1,1
2026-07-02,2026-07-02 17:01:04,vendredi,regular,['vendredi'],Pass Vendredi,Shotgun,50.0,56.51,1,1
2026-07-02,2026-07-02 17:01:04,2-jours,regular,,Pass 2 Jours,Shotgun,95.0,107.37,1,1
2026-07-02,2026-07-02 17:01:04,2-jours,regular,,Pass 2 Jours,Shotgun,95.0,107.37,1,1
2026-07-02,2026-07-02 17:01:04,2-jours,regular,,Pass 2 Jours,Shotgun,95.0,107.37,1,1
2026-07-02,2026-07-02 17:01:05,2-jours,regular,,Pass 2 Jours,Shotgun,95.0,107.37,1,1
2026-07-02,2026-07-02 17:01:05,2-jours,regular,,Pass 2 Jours,Shotgun,95.0,107.37,1,1
2026-07-02,2026-07-02 17:01:05,2-jours,regular,,Pass 2 Jours,Shotgun,95.0,107.37,1,1
2026-07-02,2026-07-02 17:01:05,2-jours,regular,,Pass 2 Jours,Shotgun,95.0,107.37,1,1
2026-07-02,2026-07-02 17:01:06,2-jours,regular,,Pass 2 Jours,Shotgun,95.0,107.37,1,1
2026-07-02,2026-07-02 17:01:06,2-jours,regular,,Pass 2 Jours,Shotgun,90.0,101.72,1,1
2026-07-02,2026-07-02 17:01:06,vendredi,regular,['vendredi'],Pass Vendredi,Shotgun,50.0,56.51,1,1
2026-07-02,2026-07-02 17:01:06,vendredi,regular,['vendredi'],Pass Vendredi,Shotgun,50.0,56.51,1,1
2026-07-02,2026-07-02 17:01:06,vendredi,regular,['vendredi'],Pass Vendredi,Shotgun,50.0,56.51,1,1
2026-07-02,2026-07-02 17:01:06,2-jours,regular,,Pass 2 Jours,Shotgun,90.0,101.72,1,1
2026-07-02,2026-07-02 17:01:06,2-jours,regular,,Pass 2 Jours,Shotgun,90.0,101.72,1,1
2026-07-02,2026-07-02 17:01:06,samedi,regular,['samedi'],Pass Samedi,Shotgun,50.0,56.51,1,1
2026-07-02,2026-07-02 17:01:07,2-jours,regular,,Pass 2 Jours,Shotgun,95.0,107.37,1,1
2026-07-02,2026-07-02 17:01:07,samedi,regular,['samedi'],Pass Samedi,Shotgun,50.0,56.51,1,1
2026-07-02,2026-07-02 17:01:07,2-jours,regular,,Pass 2 Jours,Shotgun,95.0,107.37,1,1
2026-07-02,2026-07-02 17:01:07,2-jours,regular,,Pass 2 Jours,Shotgun,90.0,101.72,1,1
2026-07-02,2026-07-02 17:01:07,2-jours,regular,,Pass 2 Jours,Shotgun,90.0,101.72,1,1
2026-07-02,2026-07-02 17:01:07,2-jours,regular,,Pass 2 Jours,Shotgun,95.0,107.37,1,1
2026-07-02,2026-07-02 17:01:07,2-jours,regular,,Pass 2 Jours,Shotgun,95.0,107.37,1,1
2026-07-02,2026-07-02 17:01:07,2-jours,regular,,Pass 2 Jours,Shotgun,95.0,107.37,1,1
2026-07-02,2026-07-02 17:01:07,2-jours,regular,,Pass 2 Jours,Shotgun,95.0,107.37,1,1
2026-07-02,2026-07-02 17:01:07,vendredi,regular,['vendredi'],Pass Vendredi,Shotgun,50.0,56.51,1,1
2026-07-02,2026-07-02 17:01:07,vendredi,regular,['vendredi'],Pass Vendredi,Shotgun,50.0,56.51,1,1
2026-07-02,2026-07-02 17:01:08,2-jours,regular,,Pass 2 Jours,Shotgun,95.0,107.37,1,1
2026-07-02,2026-07-02 17:01:08,2-jours,regular,,Pass 2 Jours,Shotgun,90.0,101.72,1,1
2026-07-02,2026-07-02 17:01:08,2-jours,regular,,Pass 2 Jours,Shotgun,90.0,101.72,1,1
2026-07-02,2026-07-02 17:01:08,2-jours,regular,,Pass 2 Jours,Shotgun,90.0,101.72,1,1
2026-07-02,2026-07-02 17:01:08,vendredi,regular,['vendredi'],Pass Vendredi,Shotgun,50.0,56.51,1,1
2026-07-02,2026-07-02 17:01:08,vendredi,regular,['vendredi'],Pass Vendredi,Shotgun,50.0,56.51,1,1
2026-07-02,2026-07-02 17:01:09,2-jours,regular,,Pass 2 Jours,Shotgun,95.0,107.37,1,1
2026-07-02,2026-07-02 17:01:09,2-jours,regular,,Pass 2 Jours,Shotgun,90.0,101.72,1,1
2026-07-02,2026-07-02 17:01:09,2-jours,regular,,Pass 2 Jours,Shotgun,90.0,101.72,1,1
2026-07-02,2026-07-02 17:01:09,2-jours,regular,,Pass 2 Jours,Shotgun,95.0,107.37,1,1
2026-07-02,2026-07-02 17:01:09,2-jours,regular,,Pass 2 Jours,Shotgun,90.0,101.72,1,1
2026-07-02,2026-07-02 17:01:09,2-jours,regular,,Pass 2 Jours,Shotgun,90.0,101.72,1,1
2026-07-02,2026-07-02 17:01:09,2-jours,regular,,Pass 2 Jours,Shotgun,95.0,107.37,1,1
2026-07-02,2026-07-02 17:01:10,2-jours,regular,,Pass 2 Jours,Shotgun,90.0,101.72,1,1
2026-07-02,2026-07-02 17:01:10,2-jours,regular,,Pass 2 Jours,Shotgun,95.0,107.37,1,1
2026-07-02,2026-07-02 17:01:10,vendredi,regular,['vendredi'],Pass Vendredi,Shotgun,50.0,56.51,1,1
2026-07-02,2026-07-02 17:01:10,2-jours,regular,,Pass 2 Jours,Shotgun,95.0,107.37,1,1
2026-07-02,2026-07-02 17:01:10,vendredi,regular,['vendredi'],Pass Vendredi,Shotgun,50.0,56.51,1,1
2026-07-02,2026-07-02 17:01:10,samedi,regular,['samedi'],Pass Samedi,Shotgun,50.0,56.51,1,1
2026-07-02,2026-07-02 17:01:10,samedi,regular,['samedi'],Pass Samedi,Shotgun,50.0,56.51,1,1
2026-07-02,2026-07-02 17:01:10,samedi,regular,['samedi'],Pass Samedi,Shotgun,50.0,56.51,1,1
2026-07-02,2026-07-02 17:01:10,vendredi,regular,['vendredi'],Pass Vendredi,Shotgun,50.0,56.51,1,1
2026-07-02,2026-07-02 17:01:11,vendredi,regular,['vendredi'],Pass Vendredi,Shotgun,50.0,56.51,1,1
2026-07-02,2026-07-02 17:01:11,vendredi,regular,['vendredi'],Pass Vendredi,Shotgun,50.0,56.51,1,1
2026-07-02,2026-07-02 17:01:11,2-jours,regular,,Pass 2 Jours,Shotgun,90.0,101.72,1,1
2026-07-02,2026-07-02 17:01:11,2-jours,regular,,Pass 2 Jours,Shotgun,90.0,101.72,1,1
2026-07-02,2026-07-02 17:01:11,2-jours,regular,,Pass 2 Jours,Shotgun,90.0,101.72,1,1
2026-07-02,2026-07-02 17:01:11,samedi,vip,['samedi'],Pass Acces Scene,Shotgun,120.0,135.63,1,1
2026-07-02,2026-07-02 17:01:11,samedi,vip,['samedi'],Pass Acces Scene,Shotgun,120.0,135.63,1,1
2026-07-02,2026-07-02 17:01:12,samedi,regular,['samedi'],Pass Samedi,Shotgun,50.0,56.51,1,1
2026-07-02,2026-07-02 17:01:12,samedi,regular,['samedi'],Pass Samedi,Shotgun,50.0,56.51,1,1
2026-07-02,2026-07-02 17:01:12,2-jours,regular,,Pass 2 Jours,Shotgun,90.0,101.72,1,1
2026-07-02,2026-07-02 17:01:12,2-jours,regular,,Pass 2 Jours,Shotgun,90.0,101.72,1,1
2026-07-02,2026-07-02 17:01:12,vendredi,regular,['vendredi'],Pass Vendredi,Shotgun,50.0,56.51,1,1
2026-07-02,2026-07-02 17:01:12,vendredi,regular,['vendredi'],Pass Vendredi,Shotgun,50.0,56.51,1,1
2026-07-02,2026-07-02 17:01:12,vendredi,regular,['vendredi'],Pass Vendredi,Shotgun,50.0,56.51,1,1
2026-07-02,2026-07-02 17:01:13,2-jours,regular,,Pass 2 Jours,Shotgun,95.0,107.37,1,1
2026-07-02,2026-07-02 17:01:13,2-jours,regular,,Pass 2 Jours,Shotgun,95.0,107.37,1,1
2026-07-02,2026-07-02 17:01:13,samedi,regular,['samedi'],Pass Samedi,Shotgun,50.0,56.51,1,1
2026-07-02,2026-07-02 17:01:13,samedi,regular,['samedi'],Pass Samedi,Shotgun,50.0,56.51,1,1
2026-07-02,2026-07-02 17:01:14,2-jours,regular,,Pass 2 Jours,Shotgun,95.0,107.37,1,1
2026-07-02,2026-07-02 17:01:14,samedi,regular,['samedi'],Pass Samedi,Shotgun,50.0,56.51,1,1
2026-07-02,2026-07-02 17:01:14,2-jours,regular,,Pass 2 Jours,Shotgun,95.0,107.37,1,1
2026-07-02,2026-07-02 17:01:14,2-jours,regular,,Pass 2 Jours,Shotgun,95.0,107.37,1,1
2026-07-02,2026-07-02 17:01:14,vendredi,regular,['vendredi'],Pass Vendredi,Shotgun,50.0,56.51,1,1
2026-07-02,2026-07-02 17:01:14,2-jours,regular,,Pass 2 Jours,Shotgun,95.0,107.37,1,1
2026-07-02,2026-07-02 17:01:14,samedi,regular,['samedi'],Pass Samedi,Shotgun,50.0,56.51,1,1
2026-07-02,2026-07-02 17:01:14,2-jours,regular,,Pass 2 Jours,Shotgun,95.0,107.37,1,1
2026-07-02,2026-07-02 17:01:14,2-jours,regular,,Pass 2 Jours,Shotgun,95.0,107.37,1,1
2026-07-02,2026-07-02 17:01:15,2-jours,regular,,Pass 2 Jours,Shotgun,90.0,101.72,1,1
2026-07-02,2026-07-02 17:01:15,2-jours,regular,,Pass 2 Jours,Shotgun,90.0,101.72,1,1
2026-07-02,2026-07-02 17:01:16,2-jours,regular,,Pass 2 Jours,Shotgun,90.0,101.72,1,1
2026-07-02,2026-07-02 17:01:16,vendredi,regular,['vendredi'],Pass Vendredi,Shotgun,50.0,56.51,1,1
2026-07-02,2026-07-02 17:01:16,2-jours,regular,,Pass 2 Jours,Shotgun,95.0,107.37,1,1
2026-07-02,2026-07-02 17:01:16,2-jours,regular,,Pass 2 Jours,Shotgun,90.0,101.72,1,1
2026-07-02,2026-07-02 17:01:16,2-jours,regular,,Pass 2 Jours,Shotgun,90.0,101.72,1,1
2026-07-02,2026-07-02 17:01:16,2-jours,regular,,Pass 2 Jours,Shotgun,95.0,107.37,1,1
2026-07-02,2026-07-02 17:01:16,2-jours,regular,,Pass 2 Jours,Shotgun,90.0,101.72,1,1
2026-07-02,2026-07-02 17:01:16,samedi,regular,['samedi'],Pass Samedi,Shotgun,50.0,56.51,1,1
2026-07-02,2026-07-02 17:01:16,2-jours,vip,"['vendredi', 'samedi']",Pass Acces Scene,Shotgun,220.0,248.66,1,1
2026-07-02,2026-07-02 17:01:16,2-jours,vip,"['vendredi', 'samedi']",Pass Acces Scene,Shotgun,220.0,248.66,1,1
2026-07-02,2026-07-02 17:01:16,2-jours,regular,,Pass 2 Jours,Shotgun,95.0,107.37,1,1
2026-07-02,2026-07-02 17:01:17,2-jours,regular,,Pass 2 Jours,Shotgun,95.0,107.37,1,1
2026-07-02,2026-07-02 17:01:17,samedi,regular,['samedi'],Pass Samedi,Shotgun,50.0,56.51,1,1
2026-07-02,2026-07-02 17:01:17,2-jours,regular,,Pass 2 Jours,Shotgun,95.0,107.37,1,1
2026-07-02,2026-07-02 17:01:17,vendredi,regular,['vendredi'],Pass Vendredi,Shotgun,50.0,56.51,1,1
2026-07-02,2026-07-02 17:01:17,2-jours,regular,,Pass 2 Jours,Shotgun,95.0,107.37,1,1
2026-07-02,2026-07-02 17:01:18,vendredi,regular,['vendredi'],Pass Vendredi,Shotgun,50.0,56.51,1,1
2026-07-02,2026-07-02 17:01:18,samedi,regular,['samedi'],Pass Samedi,Shotgun,60.0,67.82,1,1
2026-07-02,2026-07-02 17:01:18,samedi,regular,['samedi'],Pass Samedi,Shotgun,60.0,67.82,1,1
2026-07-02,2026-07-02 17:01:18,2-jours,regular,,Pass 2 Jours,Shotgun,90.0,101.72,1,1
2026-07-02,2026-07-02 17:01:18,samedi,regular,['samedi'],Pass Samedi,Shotgun,50.0,56.51,1,1
2026-07-02,2026-07-02 17:01:18,samedi,regular,['samedi'],Pass Samedi,Shotgun,50.0,56.51,1,1
2026-07-02,2026-07-02 17:01:18,samedi,regular,['samedi'],Pass Samedi,Shotgun,50.0,56.51,1,1
2026-07-02,2026-07-02 17:01:18,2-jours,regular,,Pass 2 Jours,Shotgun,95.0,107.37,1,1
2026-07-02,2026-07-02 17:01:18,2-jours,regular,,Pass 2 Jours,Shotgun,95.0,107.37,1,1
2026-07-02,2026-07-02 17:01:18,2-jours,regular,,Pass 2 Jours,Shotgun,95.0,107.37,1,1
2026-07-02,2026-07-02 17:01:18,2-jours,regular,,Pass 2 Jours,Shotgun,95.0,107.37,1,1
2026-07-02,2026-07-02 17:01:18,2-jours,regular,,Pass 2 Jours,Shotgun,95.0,107.37,1,1
2026-07-02,2026-07-02 17:01:18,2-jours,regular,,Pass 2 Jours,Shotgun,95.0,107.37,1,1
2026-07-02,2026-07-02 17:01:18,2-jours,regular,,Pass 2 Jours,Shotgun,95.0,107.37,1,1
2026-07-02,2026-07-02 17:01:19,2-jours,regular,,Pass 2 Jours,Shotgun,95.0,107.37,1,1
2026-07-02,2026-07-02 17:01:19,2-jours,regular,,Pass 2 Jours,Shotgun,95.0,107.37,1,1
2026-07-02,2026-07-02 17:01:19,2-jours,regular,,Pass 2 Jours,Shotgun,95.0,107.37,1,1
2026-07-02,2026-07-02 17:01:19,2-jours,regular,,Pass 2 Jours,Shotgun,90.0,101.72,1,1
2026-07-02,2026-07-02 17:01:19,vendredi,regular,['vendredi'],Pass Vendredi,Shotgun,50.0,56.51,1,1
2026-07-02,2026-07-02 17:01:19,samedi,regular,['samedi'],Pass Samedi,Shotgun,50.0,56.51,1,1
2026-07-02,2026-07-02 17:01:19,samedi,regular,['samedi'],Pass Samedi,Shotgun,50.0,56.51,1,1
2026-07-02,2026-07-02 17:01:19,vendredi,regular,['vendredi'],Pass Vendredi,Shotgun,50.0,56.51,1,1
2026-07-02,2026-07-02 17:01:19,vendredi,regular,['vendredi'],Pass Vendredi,Shotgun,50.0,56.51,1,1
2026-07-02,2026-07-02 17:01:19,2-jours,regular,,Pass 2 Jours,Shotgun,95.0,107.37,1,1
2026-07-02,2026-07-02 17:01:19,2-jours,regular,,Pass 2 Jours,Shotgun,95.0,107.37,1,1
2026-07-02,2026-07-02 17:01:19,samedi,regular,['samedi'],Pass Samedi,Shotgun,50.0,56.51,1,1
2026-07-02,2026-07-02 17:01:19,samedi,regular,['samedi'],Pass Samedi,Shotgun,50.0,56.51,1,1
2026-07-02,2026-07-02 17:01:19,vendredi,vip,['vendredi'],Pass Acces Scene,Shotgun,120.0,135.63,1,1
2026-07-02,2026-07-02 17:01:19,vendredi,vip,['vendredi'],Pass Acces Scene,Shotgun,120.0,135.63,1,1
2026-07-02,2026-07-02 17:01:19,2-jours,regular,,Pass 2 Jours,Shotgun,90.0,101.72,1,1
2026-07-02,2026-07-02 17:01:20,vendredi,regular,['vendredi'],Pass Vendredi,Shotgun,50.0,56.51,1,1
2026-07-02,2026-07-02 17:01:20,2-jours,regular,,Pass 2 Jours,Shotgun,95.0,107.37,1,1
2026-07-02,2026-07-02 17:01:20,samedi,regular,['samedi'],Pass Samedi,Shotgun,50.0,56.51,1,1
2026-07-02,2026-07-02 17:01:20,samedi,regular,['samedi'],Pass Samedi,Shotgun,50.0,56.51,1,1
2026-07-02,2026-07-02 17:01:20,samedi,regular,['samedi'],Pass Samedi,Shotgun,50.0,56.51,1,1
2026-07-02,2026-07-02 17:01:20,2-jours,regular,,Pass 2 Jours,Shotgun,95.0,107.37,1,1
2026-07-02,2026-07-02 17:01:21,2-jours,vip,"['vendredi', 'samedi']",Pass Acces Scene,Shotgun,220.0,248.66,1,1
2026-07-02,2026-07-02 17:01:21,2-jours,regular,,Pass 2 Jours,Shotgun,95.0,107.37,1,1
2026-07-02,2026-07-02 17:01:21,2-jours,regular,,Pass 2 Jours,Shotgun,95.0,107.37,1,1
2026-07-02,2026-07-02 17:01:21,2-jours,regular,,Pass 2 Jours,Shotgun,90.0,101.72,1,1
2026-07-02,2026-07-02 17:01:21,vendredi,regular,['vendredi'],Pass Vendredi,Shotgun,50.0,56.51,1,1
2026-07-02,2026-07-02 17:01:21,2-jours,vip,"['vendredi', 'samedi']",Pass Acces Scene,Shotgun,220.0,248.66,1,1
2026-07-02,2026-07-02 17:01:21,2-jours,regular,,Pass 2 Jours,Shotgun,90.0,101.72,1,1
2026-07-02,2026-07-02 17:01:21,2-jours,regular,,Pass 2 Jours,Shotgun,95.0,107.37,1,1
2026-07-02,2026-07-02 17:01:21,2-jours,regular,,Pass 2 Jours,Shotgun,95.0,107.37,1,1
2026-07-02,2026-07-02 17:01:22,2-jours,regular,,Pass 2 Jours,Shotgun,95.0,107.37,1,1
2026-07-02,2026-07-02 17:01:22,vendredi,regular,['vendredi'],Pass Vendredi,Shotgun,50.0,56.51,1,1
2026-07-02,2026-07-02 17:01:22,vendredi,regular,['vendredi'],Pass Vendredi,Shotgun,50.0,56.51,1,1
2026-07-02,2026-07-02 17:01:22,2-jours,regular,,Pass 2 Jours,Shotgun,95.0,107.37,1,1
2026-07-02,2026-07-02 17:01:22,vendredi,regular,['vendredi'],Pass Vendredi,Shotgun,50.0,56.51,1,1
2026-07-02,2026-07-02 17:01:22,vendredi,regular,['vendredi'],Pass Vendredi,Shotgun,50.0,56.51,1,1
2026-07-02,2026-07-02 17:01:22,vendredi,regular,['vendredi'],Pass Vendredi,Shotgun,50.0,56.51,1,1
2026-07-02,2026-07-02 17:01:22,vendredi,regular,['vendredi'],Pass Vendredi,Shotgun,50.0,56.51,1,1
2026-07-02,2026-07-02 17:01:22,2-jours,regular,,Pass 2 Jours,Shotgun,95.0,107.37,1,1
2026-07-02,2026-07-02 17:01:22,vendredi,regular,['vendredi'],Pass Vendredi,Shotgun,50.0,56.51,1,1
2026-07-02,2026-07-02 17:01:22,samedi,regular,['samedi'],Pass Samedi,Shotgun,50.0,56.51,1,1
2026-07-02,2026-07-02 17:01:22,vendredi,regular,['vendredi'],Pass Vendredi,Shotgun,50.0,56.51,1,1
2026-07-02,2026-07-02 17:01:22,samedi,regular,['samedi'],Pass Samedi,Shotgun,50.0,56.51,1,1
2026-07-02,2026-07-02 17:01:22,2-jours,regular,,Pass 2 Jours,Shotgun,95.0,107.37,1,1
2026-07-02,2026-07-02 17:01:22,2-jours,regular,,Pass 2 Jours,Shotgun,95.0,107.37,1,1
2026-07-02,2026-07-02 17:01:23,samedi,regular,['samedi'],Pass Samedi,Shotgun,50.0,56.51,1,1
2026-07-02,2026-07-02 17:01:23,samedi,regular,['samedi'],Pass Samedi,Shotgun,50.0,56.51,1,1
2026-07-02,2026-07-02 17:01:23,samedi,regular,['samedi'],Pass Samedi,Shotgun,50.0,56.51,1,1
2026-07-02,2026-07-02 17:01:23,vendredi,regular,['vendredi'],Pass Vendredi,Shotgun,50.0,56.51,1,1
2026-07-02,2026-07-02 17:01:23,2-jours,regular,,Pass 2 Jours,Shotgun,95.0,107.37,1,1
2026-07-02,2026-07-02 17:01:23,2-jours,regular,,Pass 2 Jours,Shotgun,95.0,107.37,1,1
2026-07-02,2026-07-02 17:01:23,2-jours,regular,,Pass 2 Jours,Shotgun,95.0,107.37,1,1
2026-07-02,2026-07-02 17:01:23,samedi,regular,['samedi'],Pass Samedi,Shotgun,50.0,56.51,1,1
2026-07-02,2026-07-02 17:01:23,samedi,regular,['samedi'],Pass Samedi,Shotgun,50.0,56.51,1,1
2026-07-02,2026-07-02 17:01:24,2-jours,regular,,Pass 2 Jours,Shotgun,95.0,107.37,1,1
2026-07-02,2026-07-02 17:01:24,2-jours,regular,,Pass 2 Jours,Shotgun,95.0,107.37,1,1
2026-07-02,2026-07-02 17:01:24,vendredi,regular,['vendredi'],Pass Vendredi,Shotgun,50.0,56.51,1,1
2026-07-02,2026-07-02 17:01:24,vendredi,regular,['vendredi'],Pass Vendredi,Shotgun,50.0,56.51,1,1
2026-07-02,2026-07-02 17:01:24,2-jours,regular,,Pass 2 Jours,Shotgun,90.0,101.72,1,1
2026-07-02,2026-07-02 17:01:24,2-jours,regular,,Pass 2 Jours,Shotgun,95.0,107.37,1,1
2026-07-02,2026-07-02 17:01:24,2-jours,regular,,Pass 2 Jours,Shotgun,95.0,107.37,1,1
2026-07-02,2026-07-02 17:01:25,2-jours,regular,,Pass 2 Jours,Shotgun,95.0,107.37,1,1
2026-07-02,2026-07-02 17:01:26,2-jours,regular,,Pass 2 Jours,Shotgun,90.0,101.72,1,1
2026-07-02,2026-07-02 17:01:26,2-jours,regular,,Pass 2 Jours,Shotgun,90.0,101.72,1,1
2026-07-02,2026-07-02 17:01:26,2-jours,regular,,Pass 2 Jours,Shotgun,90.0,101.72,1,1
2026-07-02,2026-07-02 17:01:26,2-jours,regular,,Pass 2 Jours,Shotgun,95.0,107.37,1,1
2026-07-02,2026-07-02 17:01:26,vendredi,vip,['vendredi'],Pass Acces Scene,Shotgun,120.0,135.63,1,1
2026-07-02,2026-07-02 17:01:26,vendredi,vip,['vendredi'],Pass Acces Scene,Shotgun,120.0,135.63,1,1
2026-07-02,2026-07-02 17:01:26,2-jours,regular,,Pass 2 Jours,Shotgun,90.0,101.72,1,1
2026-07-02,2026-07-02 17:01:27,vendredi,regular,['vendredi'],Pass Vendredi,Shotgun,50.0,56.51,1,1
2026-07-02,2026-07-02 17:01:27,samedi,regular,['samedi'],Pass Samedi,Shotgun,50.0,56.51,1,1
2026-07-02,2026-07-02 17:01:27,2-jours,regular,,Pass 2 Jours,Shotgun,95.0,107.37,1,1
2026-07-02,2026-07-02 17:01:27,samedi,regular,['samedi'],Pass Samedi,Shotgun,50.0,56.51,1,1
2026-07-02,2026-07-02 17:01:27,2-jours,regular,,Pass 2 Jours,Shotgun,95.0,107.37,1,1
2026-07-02,2026-07-02 17:01:27,2-jours,regular,,Pass 2 Jours,Shotgun,95.0,107.37,1,1
2026-07-02,2026-07-02 17:01:27,2-jours,regular,,Pass 2 Jours,Shotgun,95.0,107.37,1,1
2026-07-02,2026-07-02 17:01:28,2-jours,regular,,Pass 2 Jours,Shotgun,95.0,107.37,1,1
2026-07-02,2026-07-02 17:01:28,2-jours,regular,,Pass 2 Jours,Shotgun,95.0,107.37,1,1
2026-07-02,2026-07-02 17:01:28,2-jours,regular,,Pass 2 Jours,Shotgun,95.0,107.37,1,1
2026-07-02,2026-07-02 17:01:28,2-jours,regular,,Pass 2 Jours,Shotgun,95.0,107.37,1,1
2026-07-02,2026-07-02 17:01:28,2-jours,regular,,Pass 2 Jours,Shotgun,95.0,107.37,1,1
2026-07-02,2026-07-02 17:01:28,vendredi,regular,['vendredi'],Pass Vendredi,Shotgun,50.0,56.51,1,1
2026-07-02,2026-07-02 17:01:28,samedi,regular,['samedi'],Pass Samedi,Shotgun,50.0,56.51,1,1
2026-07-02,2026-07-02 17:01:28,2-jours,regular,,Pass 2 Jours,Shotgun,95.0,107.37,1,1
2026-07-02,2026-07-02 17:01:29,2-jours,regular,,Pass 2 Jours,Shotgun,95.0,107.37,1,1
2026-07-02,2026-07-02 17:01:29,2-jours,regular,,Pass 2 Jours,Shotgun,95.0,107.37,1,1
2026-07-02,2026-07-02 17:01:29,2-jours,regular,,Pass 2 Jours,Shotgun,95.0,107.37,1,1
2026-07-02,2026-07-02 17:01:29,2-jours,regular,,Pass 2 Jours,Shotgun,95.0,107.37,1,1
2026-07-02,2026-07-02 17:01:29,2-jours,regular,,Pass 2 Jours,Shotgun,95.0,107.37,1,1
2026-07-02,2026-07-02 17:01:29,2-jours,regular,,Pass 2 Jours,Shotgun,95.0,107.37,1,1
2026-07-02,2026-07-02 17:01:29,2-jours,regular,,Pass 2 Jours,Shotgun,95.0,107.37,1,1
2026-07-02,2026-07-02 17:01:29,2-jours,regular,,Pass 2 Jours,Shotgun,90.0,101.72,1,1
2026-07-02,2026-07-02 17:01:30,2-jours,regular,,Pass 2 Jours,Shotgun,95.0,107.37,1,1
2026-07-02,2026-07-02 17:01:30,samedi,regular,['samedi'],Pass Samedi,Shotgun,50.0,56.51,1,1
2026-07-02,2026-07-02 17:01:30,vendredi,regular,['vendredi'],Pass Vendredi,Shotgun,50.0,56.51,1,1
2026-07-02,2026-07-02 17:01:30,2-jours,regular,,Pass 2 Jours,Shotgun,95.0,107.37,1,1
2026-07-02,2026-07-02 17:01:30,2-jours,regular,,Pass 2 Jours,Shotgun,95.0,107.37,1,1
2026-07-02,2026-07-02 17:01:30,2-jours,regular,,Pass 2 Jours,Shotgun,95.0,107.37,1,1
2026-07-02,2026-07-02 17:01:30,2-jours,regular,,Pass 2 Jours,Shotgun,95.0,107.37,1,1
2026-07-02,2026-07-02 17:01:30,2-jours,regular,,Pass 2 Jours,Shotgun,95.0,107.37,1,1
2026-07-02,2026-07-02 17:01:30,2-jours,regular,,Pass 2 Jours,Shotgun,95.0,107.37,1,1
2026-07-02,2026-07-02 17:01:31,2-jours,regular,,Pass 2 Jours,Shotgun,95.0,107.37,1,1
2026-07-02,2026-07-02 17:01:31,2-jours,regular,,Pass 2 Jours,Shotgun,95.0,107.37,1,1
2026-07-02,2026-07-02 17:01:31,2-jours,regular,,Pass 2 Jours,Shotgun,95.0,107.37,1,1
2026-07-02,2026-07-02 17:01:31,2-jours,regular,,Pass 2 Jours,Shotgun,95.0,107.37,1,1
2026-07-02,2026-07-02 17:01:31,vendredi,regular,['vendredi'],Pass Vendredi,Shotgun,50.0,56.51,1,1
2026-07-02,2026-07-02 17:01:31,vendredi,regular,['vendredi'],Pass Vendredi,Shotgun,50.0,56.51,1,1
2026-07-02,2026-07-02 17:01:31,2-jours,regular,,Pass 2 Jours,Shotgun,95.0,107.37,1,1
2026-07-02,2026-07-02 17:01:31,2-jours,regular,,Pass 2 Jours,Shotgun,95.0,107.37,1,1
2026-07-02,2026-07-02 17:01:31,2-jours,regular,,Pass 2 Jours,Shotgun,95.0,107.37,1,1
2026-07-02,2026-07-02 17:01:31,2-jours,regular,,Pass 2 Jours,Shotgun,95.0,107.37,1,1
2026-07-02,2026-07-02 17:01:32,2-jours,regular,,Pass 2 Jours,Shotgun,95.0,107.37,1,1
2026-07-02,2026-07-02 17:01:32,vendredi,regular,['vendredi'],Pass Vendredi,Shotgun,50.0,56.51,1,1
2026-07-02,2026-07-02 17:01:32,2-jours,regular,,Pass 2 Jours,Shotgun,95.0,107.37,1,1
2026-07-02,2026-07-02 17:01:32,2-jours,regular,,Pass 2 Jours,Shotgun,95.0,107.37,1,1
2026-07-02,2026-07-02 17:01:32,2-jours,regular,,Pass 2 Jours,Shotgun,95.0,107.37,1,1
2026-07-02,2026-07-02 17:01:32,2-jours,regular,,Pass 2 Jours,Shotgun,95.0,107.37,1,1
2026-07-02,2026-07-02 17:01:32,vendredi,regular,['vendredi'],Pass Vendredi,Shotgun,50.0,56.51,1,1
2026-07-02,2026-07-02 17:01:32,samedi,regular,['samedi'],Pass Samedi,Shotgun,50.0,56.51,1,1
2026-07-02,2026-07-02 17:01:33,2-jours,regular,,Pass 2 Jours,Shotgun,95.0,107.37,1,1
2026-07-02,2026-07-02 17:01:33,2-jours,regular,,Pass 2 Jours,Shotgun,95.0,107.37,1,1
2026-07-02,2026-07-02 17:01:33,2-jours,regular,,Pass 2 Jours,Shotgun,95.0,107.37,1,1
2026-07-02,2026-07-02 17:01:33,2-jours,regular,,Pass 2 Jours,Shotgun,95.0,107.37,1,1
2026-07-02,2026-07-02 17:01:33,2-jours,regular,,Pass 2 Jours,Shotgun,95.0,107.37,1,1
2026-07-02,2026-07-02 17:01:33,2-jours,regular,,Pass 2 Jours,Shotgun,95.0,107.37,1,1
2026-07-02,2026-07-02 17:01:33,vendredi,regular,['vendredi'],Pass Vendredi,Shotgun,50.0,56.51,1,1
2026-07-02,2026-07-02 17:01:33,vendredi,regular,['vendredi'],Pass Vendredi,Shotgun,50.0,56.51,1,1
2026-07-02,2026-07-02 17:01:33,vendredi,regular,['vendredi'],Pass Vendredi,Shotgun,50.0,56.51,1,1
2026-07-02,2026-07-02 17:01:34,2-jours,regular,,Pass 2 Jours,Shotgun,90.0,101.72,1,1
2026-07-02,2026-07-02 17:01:34,2-jours,regular,,Pass 2 Jours,Shotgun,95.0,107.37,1,1
2026-07-02,2026-07-02 17:01:34,vendredi,regular,['vendredi'],Pass Vendredi,Shotgun,50.0,56.51,1,1
2026-07-02,2026-07-02 17:01:34,vendredi,regular,['vendredi'],Pass Vendredi,Shotgun,50.0,56.51,1,1
2026-07-02,2026-07-02 17:01:34,vendredi,regular,['vendredi'],Pass Vendredi,Shotgun,50.0,56.51,1,1
2026-07-02,2026-07-02 17:01:34,2-jours,regular,,Pass 2 Jours,Shotgun,95.0,107.37,1,1
2026-07-02,2026-07-02 17:01:34,vendredi,regular,['vendredi'],Pass Vendredi,Shotgun,50.0,56.51,1,1
2026-07-02,2026-07-02 17:01:35,2-jours,regular,,Pass 2 Jours,Shotgun,90.0,101.72,1,1
2026-07-02,2026-07-02 17:01:35,2-jours,regular,,Pass 2 Jours,Shotgun,90.0,101.72,1,1
2026-07-02,2026-07-02 17:01:35,samedi,regular,['samedi'],Pass Samedi,Shotgun,50.0,56.51,1,1
2026-07-02,2026-07-02 17:01:35,vendredi,regular,['vendredi'],Pass Vendredi,Shotgun,50.0,56.51,1,1
2026-07-02,2026-07-02 17:01:35,samedi,regular,['samedi'],Pass Samedi,Shotgun,50.0,56.51,1,1
2026-07-02,2026-07-02 17:01:35,2-jours,regular,,Pass 2 Jours,Shotgun,95.0,107.37,1,1
2026-07-02,2026-07-02 17:01:35,2-jours,regular,,Pass 2 Jours,Shotgun,95.0,107.37,1,1
2026-07-02,2026-07-02 17:01:35,2-jours,regular,,Pass 2 Jours,Shotgun,95.0,107.37,1,1
2026-07-02,2026-07-02 17:01:35,vendredi,regular,['vendredi'],Pass Vendredi,Shotgun,50.0,56.51,1,1
2026-07-02,2026-07-02 17:01:35,2-jours,regular,,Pass 2 Jours,Shotgun,95.0,107.37,1,1
2026-07-02,2026-07-02 17:01:35,vendredi,regular,['vendredi'],Pass Vendredi,Shotgun,50.0,56.51,1,1
2026-07-02,2026-07-02 17:01:36,vendredi,regular,['vendredi'],Pass Vendredi,Shotgun,50.0,56.51,1,1
2026-07-02,2026-07-02 17:01:36,samedi,regular,['samedi'],Pass Samedi,Shotgun,50.0,56.51,1,1
2026-07-02,2026-07-02 17:01:36,2-jours,regular,,Pass 2 Jours,Shotgun,95.0,107.37,1,1
2026-07-02,2026-07-02 17:01:36,samedi,regular,['samedi'],Pass Samedi,Shotgun,50.0,56.51,1,1
2026-07-02,2026-07-02 17:01:37,2-jours,regular,,Pass 2 Jours,Shotgun,95.0,107.37,1,1
2026-07-02,2026-07-02 17:01:37,2-jours,regular,,Pass 2 Jours,Shotgun,95.0,107.37,1,1
2026-07-02,2026-07-02 17:01:37,vendredi,regular,['vendredi'],Pass Vendredi,Shotgun,50.0,56.51,1,1
2026-07-02,2026-07-02 17:01:37,vendredi,regular,['vendredi'],Pass Vendredi,Shotgun,50.0,56.51,1,1
2026-07-02,2026-07-02 17:01:37,vendredi,regular,['vendredi'],Pass Vendredi,Shotgun,50.0,56.51,1,1
2026-07-02,2026-07-02 17:01:37,vendredi,regular,['vendredi'],Pass Vendredi,Shotgun,50.0,56.51,1,1
2026-07-02,2026-07-02 17:01:37,2-jours,regular,,Pass 2 Jours,Shotgun,95.0,107.37,1,1
2026-07-02,2026-07-02 17:01:37,2-jours,regular,,Pass 2 Jours,Shotgun,95.0,107.37,1,1
2026-07-02,2026-07-02 17:01:37,2-jours,regular,,Pass 2 Jours,Shotgun,95.0,107.37,1,1
2026-07-02,2026-07-02 17:01:38,2-jours,regular,,Pass 2 Jours,Shotgun,90.0,101.72,1,1
2026-07-02,2026-07-02 17:01:38,2-jours,regular,,Pass 2 Jours,Shotgun,90.0,101.72,1,1
2026-07-02,2026-07-02 17:01:39,2-jours,regular,,Pass 2 Jours,Shotgun,95.0,107.37,1,1
2026-07-02,2026-07-02 17:01:39,2-jours,regular,,Pass 2 Jours,Shotgun,95.0,107.37,1,1
2026-07-02,2026-07-02 17:01:39,2-jours,regular,,Pass 2 Jours,Shotgun,95.0,107.37,1,1
2026-07-02,2026-07-02 17:01:39,samedi,regular,['samedi'],Pass Samedi,Shotgun,50.0,56.51,1,1
2026-07-02,2026-07-02 17:01:39,2-jours,regular,,Pass 2 Jours,Shotgun,95.0,107.37,1,1
2026-07-02,2026-07-02 17:01:40,2-jours,regular,,Pass 2 Jours,Shotgun,95.0,107.37,1,1
2026-07-02,2026-07-02 17:01:40,2-jours,regular,,Pass 2 Jours,Shotgun,95.0,107.37,1,1
2026-07-02,2026-07-02 17:01:40,2-jours,regular,,Pass 2 Jours,Shotgun,95.0,107.37,1,1
2026-07-02,2026-07-02 17:01:40,2-jours,regular,,Pass 2 Jours,Shotgun,95.0,107.37,1,1
2026-07-02,2026-07-02 17:01:40,2-jours,regular,,Pass 2 Jours,Shotgun,95.0,107.37,1,1
2026-07-02,2026-07-02 17:01:41,samedi,regular,['samedi'],Pass Samedi,Shotgun,50.0,56.51,1,1
2026-07-02,2026-07-02 17:01:41,2-jours,regular,,Pass 2 Jours,Shotgun,90.0,101.72,1,1
2026-07-02,2026-07-02 17:01:41,2-jours,regular,,Pass 2 Jours,Shotgun,95.0,107.37,1,1
2026-07-02,2026-07-02 17:01:41,vendredi,regular,['vendredi'],Pass Vendredi,Shotgun,50.0,56.51,1,1
2026-07-02,2026-07-02 17:01:41,samedi,regular,['samedi'],Pass Samedi,Shotgun,50.0,56.51,1,1
2026-07-02,2026-07-02 17:01:41,vendredi,regular,['vendredi'],Pass Vendredi,Shotgun,50.0,56.51,1,1
2026-07-02,2026-07-02 17:01:41,vendredi,regular,['vendredi'],Pass Vendredi,Shotgun,50.0,56.51,1,1
2026-07-02,2026-07-02 17:01:41,2-jours,vip,"['vendredi', 'samedi']",Pass Acces Scene,Shotgun,220.0,248.66,1,1
2026-07-02,2026-07-02 17:01:41,2-jours,vip,"['vendredi', 'samedi']",Pass Acces Scene,Shotgun,220.0,248.66,1,1
2026-07-02,2026-07-02 17:01:41,2-jours,regular,,Pass 2 Jours,Shotgun,95.0,107.37,1,1
2026-07-02,2026-07-02 17:01:42,vendredi,vip,['vendredi'],Pass Acces Scene,Shotgun,120.0,135.63,1,1
2026-07-02,2026-07-02 17:01:42,vendredi,regular,['vendredi'],Pass Vendredi,Shotgun,50.0,56.51,1,1
2026-07-02,2026-07-02 17:01:42,2-jours,regular,,Pass 2 Jours,Shotgun,95.0,107.37,1,1
2026-07-02,2026-07-02 17:01:42,2-jours,regular,,Pass 2 Jours,Shotgun,95.0,107.37,1,1
2026-07-02,2026-07-02 17:01:43,2-jours,regular,,Pass 2 Jours,Shotgun,95.0,107.37,1,1
2026-07-02,2026-07-02 17:01:43,2-jours,regular,,Pass 2 Jours,Shotgun,95.0,107.37,1,1
2026-07-02,2026-07-02 17:01:43,2-jours,regular,,Pass 2 Jours,Shotgun,95.0,107.37,1,1
2026-07-02,2026-07-02 17:01:43,2-jours,regular,,Pass 2 Jours,Shotgun,95.0,107.37,1,1
2026-07-02,2026-07-02 17:01:44,2-jours,regular,,Pass 2 Jours,Shotgun,95.0,107.37,1,1
2026-07-02,2026-07-02 17:01:44,vendredi,regular,['vendredi'],Pass Vendredi,Shotgun,50.0,56.51,1,1
2026-07-02,2026-07-02 17:01:44,vendredi,regular,['vendredi'],Pass Vendredi,Shotgun,50.0,56.51,1,1
2026-07-02,2026-07-02 17:01:45,vendredi,regular,['vendredi'],Pass Vendredi,Shotgun,50.0,56.51,1,1
2026-07-02,2026-07-02 17:01:45,2-jours,regular,,Pass 2 Jours,Shotgun,95.0,107.37,1,1
2026-07-02,2026-07-02 17:01:45,2-jours,regular,,Pass 2 Jours,Shotgun,95.0,107.37,1,1
2026-07-02,2026-07-02 17:01:45,2-jours,regular,,Pass 2 Jours,Shotgun,95.0,107.37,1,1
2026-07-02,2026-07-02 17:01:45,samedi,regular,['samedi'],Pass Samedi,Shotgun,50.0,56.51,1,1
2026-07-02,2026-07-02 17:01:45,samedi,regular,['samedi'],Pass Samedi,Shotgun,50.0,56.51,1,1
2026-07-02,2026-07-02 17:01:45,2-jours,regular,,Pass 2 Jours,Shotgun,95.0,107.37,1,1
2026-07-02,2026-07-02 17:01:45,2-jours,regular,,Pass 2 Jours,Shotgun,95.0,107.37,1,1
2026-07-02,2026-07-02 17:01:45,2-jours,regular,,Pass 2 Jours,Shotgun,95.0,107.37,1,1
2026-07-02,2026-07-02 17:01:45,2-jours,regular,,Pass 2 Jours,Shotgun,95.0,107.37,1,1
2026-07-02,2026-07-02 17:01:46,vendredi,regular,['vendredi'],Pass Vendredi,Shotgun,50.0,56.51,1,1
2026-07-02,2026-07-02 17:01:46,vendredi,regular,['vendredi'],Pass Vendredi,Shotgun,50.0,56.51,1,1
2026-07-02,2026-07-02 17:01:46,samedi,regular,['samedi'],Pass Samedi,Shotgun,50.0,56.51,1,1
2026-07-02,2026-07-02 17:01:46,samedi,regular,['samedi'],Pass Samedi,Shotgun,50.0,56.51,1,1
2026-07-02,2026-07-02 17:01:46,2-jours,regular,,Pass 2 Jours,Shotgun,95.0,107.37,1,1
2026-07-02,2026-07-02 17:01:46,2-jours,regular,,Pass 2 Jours,Shotgun,95.0,107.37,1,1
2026-07-02,2026-07-02 17:01:46,2-jours,regular,,Pass 2 Jours,Shotgun,95.0,107.37,1,1
2026-07-02,2026-07-02 17:01:46,2-jours,regular,,Pass 2 Jours,Shotgun,95.0,107.37,1,1
2026-07-02,2026-07-02 17:01:46,2-jours,regular,,Pass 2 Jours,Shotgun,95.0,107.37,1,1
2026-07-02,2026-07-02 17:01:46,2-jours,regular,,Pass 2 Jours,Shotgun,90.0,101.72,1,1
2026-07-02,2026-07-02 17:01:47,2-jours,regular,,Pass 2 Jours,Shotgun,95.0,107.37,1,1
2026-07-02,2026-07-02 17:01:47,2-jours,regular,,Pass 2 Jours,Shotgun,95.0,107.37,1,1
2026-07-02,2026-07-02 17:01:47,2-jours,regular,,Pass 2 Jours,Shotgun,95.0,107.37,1,1
2026-07-02,2026-07-02 17:01:47,2-jours,regular,,Pass 2 Jours,Shotgun,95.0,107.37,1,1
2026-07-02,2026-07-02 17:01:47,2-jours,regular,,Pass 2 Jours,Shotgun,95.0,107.37,1,1
2026-07-02,2026-07-02 17:01:47,vendredi,vip,['vendredi'],Pass Acces Scene,Shotgun,120.0,135.63,1,1
2026-07-02,2026-07-02 17:01:47,vendredi,vip,['vendredi'],Pass Acces Scene,Shotgun,120.0,135.63,1,1
2026-07-02,2026-07-02 17:01:47,2-jours,regular,,Pass 2 Jours,Shotgun,95.0,107.37,1,1
2026-07-02,2026-07-02 17:01:48,2-jours,regular,,Pass 2 Jours,Shotgun,90.0,101.72,1,1
2026-07-02,2026-07-02 17:01:48,samedi,regular,['samedi'],Pass Samedi,Shotgun,50.0,56.51,1,1
2026-07-02,2026-07-02 17:01:48,2-jours,regular,,Pass 2 Jours,Shotgun,95.0,107.37,1,1
2026-07-02,2026-07-02 17:01:48,vendredi,regular,['vendredi'],Pass Vendredi,Shotgun,50.0,56.51,1,1
2026-07-02,2026-07-02 17:01:49,2-jours,regular,,Pass 2 Jours,Shotgun,90.0,101.72,1,1
2026-07-02,2026-07-02 17:01:49,2-jours,regular,,Pass 2 Jours,Shotgun,95.0,107.37,1,1
2026-07-02,2026-07-02 17:01:49,2-jours,regular,,Pass 2 Jours,Shotgun,90.0,101.72,1,1
2026-07-02,2026-07-02 17:01:49,2-jours,regular,,Pass 2 Jours,Shotgun,90.0,101.72,1,1
2026-07-02,2026-07-02 17:01:50,2-jours,regular,,Pass 2 Jours,Shotgun,95.0,107.37,1,1
2026-07-02,2026-07-02 17:01:50,2-jours,regular,,Pass 2 Jours,Shotgun,95.0,107.37,1,1
2026-07-02,2026-07-02 17:01:50,2-jours,regular,,Pass 2 Jours,Shotgun,95.0,107.37,1,1
2026-07-02,2026-07-02 17:01:51,vendredi,regular,['vendredi'],Pass Vendredi,Shotgun,50.0,56.51,1,1
2026-07-02,2026-07-02 17:01:51,vendredi,regular,['vendredi'],Pass Vendredi,Shotgun,50.0,56.51,1,1
2026-07-02,2026-07-02 17:01:51,samedi,regular,['samedi'],Pass Samedi,Shotgun,50.0,56.51,1,1
2026-07-02,2026-07-02 17:01:51,samedi,regular,['samedi'],Pass Samedi,Shotgun,50.0,56.51,1,1
2026-07-02,2026-07-02 17:01:51,2-jours,regular,,Pass 2 Jours,Shotgun,95.0,107.37,1,1
2026-07-02,2026-07-02 17:01:51,2-jours,regular,,Pass 2 Jours,Shotgun,90.0,101.72,1,1
2026-07-02,2026-07-02 17:01:51,2-jours,regular,,Pass 2 Jours,Shotgun,95.0,107.37,1,1
2026-07-02,2026-07-02 17:01:51,2-jours,regular,,Pass 2 Jours,Shotgun,95.0,107.37,1,1
2026-07-02,2026-07-02 17:01:51,samedi,regular,['samedi'],Pass Samedi,Shotgun,50.0,56.51,1,1
2026-07-02,2026-07-02 17:01:51,samedi,regular,['samedi'],Pass Samedi,Shotgun,50.0,56.51,1,1
2026-07-02,2026-07-02 17:01:51,samedi,regular,['samedi'],Pass Samedi,Shotgun,50.0,56.51,1,1
2026-07-02,2026-07-02 17:01:51,vendredi,regular,['vendredi'],Pass Vendredi,Shotgun,50.0,56.51,1,1
2026-07-02,2026-07-02 17:01:51,samedi,regular,['samedi'],Pass Samedi,Shotgun,50.0,56.51,1,1
2026-07-02,2026-07-02 17:01:51,2-jours,regular,,Pass 2 Jours,Shotgun,90.0,101.72,1,1
2026-07-02,2026-07-02 17:01:52,2-jours,regular,,Pass 2 Jours,Shotgun,95.0,107.37,1,1
2026-07-02,2026-07-02 17:01:52,2-jours,regular,,Pass 2 Jours,Shotgun,95.0,107.37,1,1
2026-07-02,2026-07-02 17:01:52,2-jours,regular,,Pass 2 Jours,Shotgun,95.0,107.37,1,1
2026-07-02,2026-07-02 17:01:52,vendredi,regular,['vendredi'],Pass Vendredi,Shotgun,50.0,56.51,1,1
2026-07-02,2026-07-02 17:01:52,vendredi,regular,['vendredi'],Pass Vendredi,Shotgun,50.0,56.51,1,1
2026-07-02,2026-07-02 17:01:52,vendredi,regular,['vendredi'],Pass Vendredi,Shotgun,50.0,56.51,1,1
2026-07-02,2026-07-02 17:01:52,vendredi,regular,['vendredi'],Pass Vendredi,Shotgun,50.0,56.51,1,1
2026-07-02,2026-07-02 17:01:53,2-jours,regular,,Pass 2 Jours,Shotgun,95.0,107.37,1,1
2026-07-02,2026-07-02 17:01:53,2-jours,regular,,Pass 2 Jours,Shotgun,95.0,107.37,1,1
2026-07-02,2026-07-02 17:01:53,2-jours,regular,,Pass 2 Jours,Shotgun,95.0,107.37,1,1
2026-07-02,2026-07-02 17:01:53,2-jours,regular,,Pass 2 Jours,Shotgun,95.0,107.37,1,1
2026-07-02,2026-07-02 17:01:53,2-jours,regular,,Pass 2 Jours,Shotgun,95.0,107.37,1,1
2026-07-02,2026-07-02 17:01:53,vendredi,regular,['vendredi'],Pass Vendredi,Shotgun,50.0,56.51,1,1
2026-07-02,2026-07-02 17:01:53,samedi,regular,['samedi'],Pass Samedi,Shotgun,50.0,56.51,1,1
2026-07-02,2026-07-02 17:01:54,2-jours,regular,,Pass 2 Jours,Shotgun,95.0,107.37,1,1
2026-07-02,2026-07-02 17:01:54,2-jours,regular,,Pass 2 Jours,Shotgun,95.0,107.37,1,1
2026-07-02,2026-07-02 17:01:54,2-jours,regular,,Pass 2 Jours,Shotgun,95.0,107.37,1,1
2026-07-02,2026-07-02 17:01:54,2-jours,regular,,Pass 2 Jours,Shotgun,95.0,107.37,1,1
2026-07-02,2026-07-02 17:01:54,2-jours,regular,,Pass 2 Jours,Shotgun,95.0,107.37,1,1
2026-07-02,2026-07-02 17:01:54,2-jours,regular,,Pass 2 Jours,Shotgun,95.0,107.37,1,1
2026-07-02,2026-07-02 17:01:54,samedi,regular,['samedi'],Pass Samedi,Shotgun,50.0,56.51,1,1
2026-07-02,2026-07-02 17:01:55,samedi,vip,['samedi'],Pass Acces Scene,Shotgun,120.0,135.63,1,1
2026-07-02,2026-07-02 17:01:55,2-jours,regular,,Pass 2 Jours,Shotgun,95.0,107.37,1,1
2026-07-02,2026-07-02 17:01:55,2-jours,regular,,Pass 2 Jours,Shotgun,95.0,107.37,1,1
2026-07-02,2026-07-02 17:01:55,2-jours,regular,,Pass 2 Jours,Shotgun,95.0,107.37,1,1
2026-07-02,2026-07-02 17:01:55,2-jours,regular,,Pass 2 Jours,Shotgun,95.0,107.37,1,1
2026-07-02,2026-07-02 17:01:55,2-jours,regular,,Pass 2 Jours,Shotgun,90.0,101.72,1,1
2026-07-02,2026-07-02 17:01:55,2-jours,regular,,Pass 2 Jours,Shotgun,90.0,101.72,1,1
2026-07-02,2026-07-02 17:01:55,2-jours,regular,,Pass 2 Jours,Shotgun,95.0,107.37,1,1
2026-07-02,2026-07-02 17:01:55,2-jours,regular,,Pass 2 Jours,Shotgun,95.0,107.37,1,1
2026-07-02,2026-07-02 17:01:56,2-jours,regular,,Pass 2 Jours,Shotgun,95.0,107.37,1,1
2026-07-02,2026-07-02 17:01:56,2-jours,regular,,Pass 2 Jours,Shotgun,95.0,107.37,1,1
2026-07-02,2026-07-02 17:01:56,2-jours,regular,,Pass 2 Jours,Shotgun,95.0,107.37,1,1
2026-07-02,2026-07-02 17:01:56,2-jours,regular,,Pass 2 Jours,Shotgun,95.0,107.37,1,1
2026-07-02,2026-07-02 17:01:56,samedi,regular,['samedi'],Pass Samedi,Shotgun,50.0,56.51,1,1
2026-07-02,2026-07-02 17:01:57,2-jours,regular,,Pass 2 Jours,Shotgun,95.0,107.37,1,1
2026-07-02,2026-07-02 17:01:57,2-jours,regular,,Pass 2 Jours,Shotgun,95.0,107.37,1,1
2026-07-02,2026-07-02 17:01:57,samedi,regular,['samedi'],Pass Samedi,Shotgun,50.0,56.51,1,1
2026-07-02,2026-07-02 17:01:57,2-jours,regular,,Pass 2 Jours,Shotgun,95.0,107.37,1,1
2026-07-02,2026-07-02 17:01:57,2-jours,regular,,Pass 2 Jours,Shotgun,95.0,107.37,1,1
2026-07-02,2026-07-02 17:01:57,2-jours,regular,,Pass 2 Jours,Shotgun,95.0,107.37,1,1
2026-07-02,2026-07-02 17:01:58,2-jours,regular,,Pass 2 Jours,Shotgun,95.0,107.37,1,1
2026-07-02,2026-07-02 17:01:58,vendredi,regular,['vendredi'],Pass Vendredi,Shotgun,50.0,56.51,1,1
2026-07-02,2026-07-02 17:01:58,vendredi,regular,['vendredi'],Pass Vendredi,Shotgun,50.0,56.51,1,1
2026-07-02,2026-07-02 17:01:58,2-jours,regular,,Pass 2 Jours,Shotgun,95.0,107.37,1,1
2026-07-02,2026-07-02 17:01:58,2-jours,regular,,Pass 2 Jours,Shotgun,90.0,101.72,1,1
2026-07-02,2026-07-02 17:01:58,2-jours,regular,,Pass 2 Jours,Shotgun,90.0,101.72,1,1
2026-07-02,2026-07-02 17:01:58,2-jours,regular,,Pass 2 Jours,Shotgun,90.0,101.72,1,1
2026-07-02,2026-07-02 17:01:58,2-jours,regular,,Pass 2 Jours,Shotgun,90.0,101.72,1,1
2026-07-02,2026-07-02 17:01:58,2-jours,regular,,Pass 2 Jours,Shotgun,95.0,107.37,1,1
2026-07-02,2026-07-02 17:01:59,2-jours,regular,,Pass 2 Jours,Shotgun,95.0,107.37,1,1
2026-07-02,2026-07-02 17:01:59,2-jours,regular,,Pass 2 Jours,Shotgun,95.0,107.37,1,1
2026-07-02,2026-07-02 17:01:59,samedi,regular,['samedi'],Pass Samedi,Shotgun,50.0,56.51,1,1
2026-07-02,2026-07-02 17:01:59,samedi,regular,['samedi'],Pass Samedi,Shotgun,50.0,56.51,1,1
2026-07-02,2026-07-02 17:01:59,2-jours,regular,,Pass 2 Jours,Shotgun,95.0,107.37,1,1
2026-07-02,2026-07-02 17:01:59,2-jours,regular,,Pass 2 Jours,Shotgun,95.0,107.37,1,1
2026-07-02,2026-07-02 17:01:59,2-jours,regular,,Pass 2 Jours,Shotgun,95.0,107.37,1,1
2026-07-02,2026-07-02 17:02:00,2-jours,regular,,Pass 2 Jours,Shotgun,95.0,107.37,1,1
2026-07-02,2026-07-02 17:02:01,2-jours,regular,,Pass 2 Jours,Shotgun,95.0,107.37,1,1
2026-07-02,2026-07-02 17:02:01,2-jours,regular,,Pass 2 Jours,Shotgun,95.0,107.37,1,1
2026-07-02,2026-07-02 17:02:01,2-jours,regular,,Pass 2 Jours,Shotgun,95.0,107.37,1,1
2026-07-02,2026-07-02 17:02:01,2-jours,regular,,Pass 2 Jours,Shotgun,95.0,107.37,1,1
2026-07-02,2026-07-02 17:02:01,2-jours,regular,,Pass 2 Jours,Shotgun,95.0,107.37,1,1
2026-07-02,2026-07-02 17:02:02,2-jours,regular,,Pass 2 Jours,Shotgun,95.0,107.37,1,1
2026-07-02,2026-07-02 17:02:02,2-jours,regular,,Pass 2 Jours,Shotgun,95.0,107.37,1,1
2026-07-02,2026-07-02 17:02:02,2-jours,regular,,Pass 2 Jours,Shotgun,95.0,107.37,1,1
2026-07-02,2026-07-02 17:02:02,2-jours,regular,,Pass 2 Jours,Shotgun,95.0,107.37,1,1
2026-07-02,2026-07-02 17:02:02,2-jours,regular,,Pass 2 Jours,Shotgun,90.0,101.72,1,1
2026-07-02,2026-07-02 17:02:02,2-jours,regular,,Pass 2 Jours,Shotgun,90.0,101.72,1,1
2026-07-02,2026-07-02 17:02:02,2-jours,regular,,Pass 2 Jours,Shotgun,90.0,101.72,1,1
2026-07-02,2026-07-02 17:02:02,2-jours,regular,,Pass 2 Jours,Shotgun,90.0,101.72,1,1
2026-07-02,2026-07-02 17:02:02,2-jours,regular,,Pass 2 Jours,Shotgun,90.0,101.72,1,1
2026-07-02,2026-07-02 17:02:02,2-jours,regular,,Pass 2 Jours,Shotgun,95.0,107.37,1,1
2026-07-02,2026-07-02 17:02:02,samedi,regular,['samedi'],Pass Samedi,Shotgun,50.0,56.51,1,1
2026-07-02,2026-07-02 17:02:02,2-jours,regular,,Pass 2 Jours,Shotgun,95.0,107.37,1,1
2026-07-02,2026-07-02 17:02:02,2-jours,regular,,Pass 2 Jours,Shotgun,95.0,107.37,1,1
2026-07-02,2026-07-02 17:02:02,vendredi,regular,['vendredi'],Pass Vendredi,Shotgun,50.0,56.51,1,1
2026-07-02,2026-07-02 17:02:02,2-jours,regular,,Pass 2 Jours,Shotgun,95.0,107.37,1,1
2026-07-02,2026-07-02 17:02:02,2-jours,regular,,Pass 2 Jours,Shotgun,95.0,107.37,1,1
2026-07-02,2026-07-02 17:02:03,2-jours,regular,,Pass 2 Jours,Shotgun,95.0,107.37,1,1
2026-07-02,2026-07-02 17:02:03,2-jours,regular,,Pass 2 Jours,Shotgun,95.0,107.37,1,1
2026-07-02,2026-07-02 17:02:03,vendredi,regular,['vendredi'],Pass Vendredi,Shotgun,50.0,56.51,1,1
2026-07-02,2026-07-02 17:02:03,2-jours,regular,,Pass 2 Jours,Shotgun,95.0,107.37,1,1
2026-07-02,2026-07-02 17:02:03,2-jours,regular,,Pass 2 Jours,Shotgun,95.0,107.37,1,1
2026-07-02,2026-07-02 17:02:03,samedi,regular,['samedi'],Pass Samedi,Shotgun,50.0,56.51,1,1
2026-07-02,2026-07-02 17:02:03,2-jours,regular,,Pass 2 Jours,Shotgun,95.0,107.37,1,1
2026-07-02,2026-07-02 17:02:03,vendredi,regular,['vendredi'],Pass Vendredi,Shotgun,50.0,56.51,1,1
2026-07-02,2026-07-02 17:02:03,samedi,regular,['samedi'],Pass Samedi,Shotgun,50.0,56.51,1,1
2026-07-02,2026-07-02 17:02:04,2-jours,vip,"['vendredi', 'samedi']",Pass Acces Scene,Shotgun,220.0,248.66,1,1
2026-07-02,2026-07-02 17:02:04,2-jours,regular,,Pass 2 Jours,Shotgun,90.0,101.72,1,1
2026-07-02,2026-07-02 17:02:04,2-jours,regular,,Pass 2 Jours,Shotgun,95.0,107.37,1,1
2026-07-02,2026-07-02 17:02:04,samedi,regular,['samedi'],Pass Samedi,Shotgun,50.0,56.51,1,1
2026-07-02,2026-07-02 17:02:04,samedi,regular,['samedi'],Pass Samedi,Shotgun,50.0,56.51,1,1
2026-07-02,2026-07-02 17:02:04,2-jours,regular,,Pass 2 Jours,Shotgun,95.0,107.37,1,1
2026-07-02,2026-07-02 17:02:04,2-jours,regular,,Pass 2 Jours,Shotgun,95.0,107.37,1,1
2026-07-02,2026-07-02 17:02:05,2-jours,regular,,Pass 2 Jours,Shotgun,95.0,107.37,1,1
2026-07-02,2026-07-02 17:02:05,vendredi,regular,['vendredi'],Pass Vendredi,Shotgun,50.0,56.51,1,1
2026-07-02,2026-07-02 17:02:05,2-jours,regular,,Pass 2 Jours,Shotgun,95.0,107.37,1,1
2026-07-02,2026-07-02 17:02:05,2-jours,regular,,Pass 2 Jours,Shotgun,95.0,107.37,1,1
2026-07-02,2026-07-02 17:02:06,2-jours,regular,,Pass 2 Jours,Shotgun,95.0,107.37,1,1
2026-07-02,2026-07-02 17:02:06,2-jours,regular,,Pass 2 Jours,Shotgun,95.0,107.37,1,1
2026-07-02,2026-07-02 17:02:06,2-jours,regular,,Pass 2 Jours,Shotgun,95.0,107.37,1,1
2026-07-02,2026-07-02 17:02:06,2-jours,regular,,Pass 2 Jours,Shotgun,95.0,107.37,1,1
2026-07-02,2026-07-02 17:02:07,samedi,regular,['samedi'],Pass Samedi,Shotgun,50.0,56.51,1,1
2026-07-02,2026-07-02 17:02:07,2-jours,regular,,Pass 2 Jours,Shotgun,95.0,107.37,1,1
2026-07-02,2026-07-02 17:02:07,vendredi,regular,['vendredi'],Pass Vendredi,Shotgun,50.0,56.51,1,1
2026-07-02,2026-07-02 17:02:08,samedi,regular,['samedi'],Pass Samedi,Shotgun,50.0,56.51,1,1
2026-07-02,2026-07-02 17:02:08,samedi,regular,['samedi'],Pass Samedi,Shotgun,50.0,56.51,1,1
2026-07-02,2026-07-02 17:02:08,samedi,regular,['samedi'],Pass Samedi,Shotgun,50.0,56.51,1,1
2026-07-02,2026-07-02 17:02:08,samedi,regular,['samedi'],Pass Samedi,Shotgun,50.0,56.51,1,1
2026-07-02,2026-07-02 17:02:08,2-jours,regular,,Pass 2 Jours,Shotgun,95.0,107.37,1,1
2026-07-02,2026-07-02 17:02:08,vendredi,regular,['vendredi'],Pass Vendredi,Shotgun,50.0,56.51,1,1
2026-07-02,2026-07-02 17:02:08,vendredi,regular,['vendredi'],Pass Vendredi,Shotgun,50.0,56.51,1,1
2026-07-02,2026-07-02 17:02:08,2-jours,regular,,Pass 2 Jours,Shotgun,95.0,107.37,1,1
2026-07-02,2026-07-02 17:02:08,2-jours,regular,,Pass 2 Jours,Shotgun,95.0,107.37,1,1
2026-07-02,2026-07-02 17:02:08,2-jours,regular,,Pass 2 Jours,Shotgun,95.0,107.37,1,1
2026-07-02,2026-07-02 17:02:08,2-jours,regular,,Pass 2 Jours,Shotgun,95.0,107.37,1,1
2026-07-02,2026-07-02 17:02:08,vendredi,regular,['vendredi'],Pass Vendredi,Shotgun,50.0,56.51,1,1
2026-07-02,2026-07-02 17:02:08,2-jours,regular,,Pass 2 Jours,Shotgun,95.0,107.37,1,1
2026-07-02,2026-07-02 17:02:09,2-jours,regular,,Pass 2 Jours,Shotgun,95.0,107.37,1,1
2026-07-02,2026-07-02 17:02:09,2-jours,regular,,Pass 2 Jours,Shotgun,95.0,107.37,1,1
2026-07-02,2026-07-02 17:02:09,2-jours,regular,,Pass 2 Jours,Shotgun,95.0,107.37,1,1
2026-07-02,2026-07-02 17:02:09,2-jours,regular,,Pass 2 Jours,Shotgun,90.0,101.72,1,1
2026-07-02,2026-07-02 17:02:09,2-jours,regular,,Pass 2 Jours,Shotgun,90.0,101.72,1,1
2026-07-02,2026-07-02 17:02:10,2-jours,regular,,Pass 2 Jours,Shotgun,95.0,107.37,1,1
2026-07-02,2026-07-02 17:02:10,2-jours,regular,,Pass 2 Jours,Shotgun,95.0,107.37,1,1
2026-07-02,2026-07-02 17:02:10,2-jours,regular,,Pass 2 Jours,Shotgun,90.0,101.72,1,1
2026-07-02,2026-07-02 17:02:10,2-jours,regular,,Pass 2 Jours,Shotgun,95.0,107.37,1,1
2026-07-02,2026-07-02 17:02:10,samedi,regular,['samedi'],Pass Samedi,Shotgun,50.0,56.51,1,1
2026-07-02,2026-07-02 17:02:10,samedi,regular,['samedi'],Pass Samedi,Shotgun,50.0,56.51,1,1
2026-07-02,2026-07-02 17:02:11,samedi,regular,['samedi'],Pass Samedi,Shotgun,50.0,56.51,1,1
2026-07-02,2026-07-02 17:02:11,samedi,regular,['samedi'],Pass Samedi,Shotgun,50.0,56.51,1,1
2026-07-02,2026-07-02 17:02:11,2-jours,regular,,Pass 2 Jours,Shotgun,95.0,107.37,1,1
2026-07-02,2026-07-02 17:02:11,2-jours,regular,,Pass 2 Jours,Shotgun,95.0,107.37,1,1
2026-07-02,2026-07-02 17:02:12,2-jours,regular,,Pass 2 Jours,Shotgun,95.0,107.37,1,1
2026-07-02,2026-07-02 17:02:12,2-jours,regular,,Pass 2 Jours,Shotgun,95.0,107.37,1,1
2026-07-02,2026-07-02 17:02:12,2-jours,regular,,Pass 2 Jours,Shotgun,95.0,107.37,1,1
2026-07-02,2026-07-02 17:02:12,vendredi,regular,['vendredi'],Pass Vendredi,Shotgun,50.0,56.51,1,1
2026-07-02,2026-07-02 17:02:12,vendredi,regular,['vendredi'],Pass Vendredi,Shotgun,50.0,56.51,1,1
2026-07-02,2026-07-02 17:02:13,vendredi,regular,['vendredi'],Pass Vendredi,Shotgun,50.0,56.51,1,1
2026-07-02,2026-07-02 17:02:13,vendredi,regular,['vendredi'],Pass Vendredi,Shotgun,50.0,56.51,1,1
2026-07-02,2026-07-02 17:02:13,vendredi,regular,['vendredi'],Pass Vendredi,Shotgun,50.0,56.51,1,1
2026-07-02,2026-07-02 17:02:13,2-jours,regular,,Pass 2 Jours,Shotgun,95.0,107.37,1,1
2026-07-02,2026-07-02 17:02:13,samedi,regular,['samedi'],Pass Samedi,Shotgun,50.0,56.51,1,1
2026-07-02,2026-07-02 17:02:13,2-jours,regular,,Pass 2 Jours,Shotgun,95.0,107.37,1,1
2026-07-02,2026-07-02 17:02:14,2-jours,regular,,Pass 2 Jours,Shotgun,95.0,107.37,1,1
2026-07-02,2026-07-02 17:02:14,vendredi,regular,['vendredi'],Pass Vendredi,Shotgun,50.0,56.51,1,1
2026-07-02,2026-07-02 17:02:14,samedi,regular,['samedi'],Pass Samedi,Shotgun,50.0,56.51,1,1
2026-07-02,2026-07-02 17:02:14,samedi,regular,['samedi'],Pass Samedi,Shotgun,50.0,56.51,1,1
2026-07-02,2026-07-02 17:02:14,samedi,regular,['samedi'],Pass Samedi,Shotgun,50.0,56.51,1,1
2026-07-02,2026-07-02 17:02:14,2-jours,regular,,Pass 2 Jours,Shotgun,95.0,107.37,1,1
2026-07-02,2026-07-02 17:02:14,2-jours,regular,,Pass 2 Jours,Shotgun,95.0,107.37,1,1
2026-07-02,2026-07-02 17:02:15,2-jours,regular,,Pass 2 Jours,Shotgun,95.0,107.37,1,1
2026-07-02,2026-07-02 17:02:15,2-jours,regular,,Pass 2 Jours,Shotgun,95.0,107.37,1,1
2026-07-02,2026-07-02 17:02:15,samedi,regular,['samedi'],Pass Samedi,Shotgun,50.0,56.51,1,1
2026-07-02,2026-07-02 17:02:15,samedi,regular,['samedi'],Pass Samedi,Shotgun,50.0,56.51,1,1
2026-07-02,2026-07-02 17:02:15,2-jours,regular,,Pass 2 Jours,Shotgun,95.0,107.37,1,1
2026-07-02,2026-07-02 17:02:15,2-jours,regular,,Pass 2 Jours,Shotgun,95.0,107.37,1,1
2026-07-02,2026-07-02 17:02:16,2-jours,regular,,Pass 2 Jours,Shotgun,95.0,107.37,1,1
2026-07-02,2026-07-02 17:02:16,samedi,regular,['samedi'],Pass Samedi,Shotgun,50.0,56.51,1,1
2026-07-02,2026-07-02 17:02:16,2-jours,regular,,Pass 2 Jours,Shotgun,95.0,107.37,1,1
2026-07-02,2026-07-02 17:02:16,2-jours,regular,,Pass 2 Jours,Shotgun,95.0,107.37,1,1
2026-07-02,2026-07-02 17:02:16,2-jours,regular,,Pass 2 Jours,Shotgun,95.0,107.37,1,1
2026-07-02,2026-07-02 17:02:16,2-jours,regular,,Pass 2 Jours,Shotgun,95.0,107.37,1,1
2026-07-02,2026-07-02 17:02:16,vendredi,regular,['vendredi'],Pass Vendredi,Shotgun,50.0,56.51,1,1
2026-07-02,2026-07-02 17:02:17,vendredi,regular,['vendredi'],Pass Vendredi,Shotgun,50.0,56.51,1,1
2026-07-02,2026-07-02 17:02:17,vendredi,regular,['vendredi'],Pass Vendredi,Shotgun,50.0,56.51,1,1
2026-07-02,2026-07-02 17:02:17,samedi,regular,['samedi'],Pass Samedi,Shotgun,50.0,56.51,1,1
2026-07-02,2026-07-02 17:02:17,2-jours,regular,,Pass 2 Jours,Shotgun,95.0,107.37,1,1
2026-07-02,2026-07-02 17:02:17,2-jours,regular,,Pass 2 Jours,Shotgun,95.0,107.37,1,1
2026-07-02,2026-07-02 17:02:17,samedi,regular,['samedi'],Pass Samedi,Shotgun,50.0,56.51,1,1
2026-07-02,2026-07-02 17:02:17,samedi,regular,['samedi'],Pass Samedi,Shotgun,50.0,56.51,1,1
2026-07-02,2026-07-02 17:02:17,samedi,regular,['samedi'],Pass Samedi,Shotgun,50.0,56.51,1,1
2026-07-02,2026-07-02 17:02:17,samedi,regular,['samedi'],Pass Samedi,Shotgun,50.0,56.51,1,1
2026-07-02,2026-07-02 17:02:17,samedi,regular,['samedi'],Pass Samedi,Shotgun,50.0,56.51,1,1
2026-07-02,2026-07-02 17:02:17,samedi,regular,['samedi'],Pass Samedi,Shotgun,50.0,56.51,1,1
2026-07-02,2026-07-02 17:02:17,vendredi,regular,['vendredi'],Pass Vendredi,Shotgun,50.0,56.51,1,1
2026-07-02,2026-07-02 17:02:17,2-jours,regular,,Pass 2 Jours,Shotgun,95.0,107.37,1,1
2026-07-02,2026-07-02 17:02:17,vendredi,regular,['vendredi'],Pass Vendredi,Shotgun,50.0,56.51,1,1
2026-07-02,2026-07-02 17:02:18,2-jours,regular,,Pass 2 Jours,Shotgun,95.0,107.37,1,1
2026-07-02,2026-07-02 17:02:18,2-jours,regular,,Pass 2 Jours,Shotgun,95.0,107.37,1,1
2026-07-02,2026-07-02 17:02:18,2-jours,regular,,Pass 2 Jours,Shotgun,95.0,107.37,1,1
2026-07-02,2026-07-02 17:02:19,samedi,regular,['samedi'],Pass Samedi,Shotgun,50.0,56.51,1,1
2026-07-02,2026-07-02 17:02:19,vendredi,regular,['vendredi'],Pass Vendredi,Shotgun,50.0,56.51,1,1
2026-07-02,2026-07-02 17:02:19,2-jours,regular,,Pass 2 Jours,Shotgun,95.0,107.37,1,1
2026-07-02,2026-07-02 17:02:19,samedi,regular,['samedi'],Pass Samedi,Shotgun,50.0,56.51,1,1
2026-07-02,2026-07-02 17:02:20,2-jours,regular,,Pass 2 Jours,Shotgun,95.0,107.37,1,1
2026-07-02,2026-07-02 17:02:20,2-jours,regular,,Pass 2 Jours,Shotgun,95.0,107.37,1,1
2026-07-02,2026-07-02 17:02:20,2-jours,regular,,Pass 2 Jours,Shotgun,95.0,107.37,1,1
2026-07-02,2026-07-02 17:02:20,2-jours,regular,,Pass 2 Jours,Shotgun,95.0,107.37,1,1
2026-07-02,2026-07-02 17:02:20,2-jours,regular,,Pass 2 Jours,Shotgun,95.0,107.37,1,1
2026-07-02,2026-07-02 17:02:20,2-jours,regular,,Pass 2 Jours,Shotgun,95.0,107.37,1,1
2026-07-02,2026-07-02 17:02:20,2-jours,regular,,Pass 2 Jours,Shotgun,95.0,107.37,1,1
2026-07-02,2026-07-02 17:02:20,2-jours,regular,,Pass 2 Jours,Shotgun,95.0,107.37,1,1
2026-07-02,2026-07-02 17:02:20,2-jours,regular,,Pass 2 Jours,Shotgun,95.0,107.37,1,1
2026-07-02,2026-07-02 17:02:21,2-jours,regular,,Pass 2 Jours,Shotgun,95.0,107.37,1,1
2026-07-02,2026-07-02 17:02:21,vendredi,regular,['vendredi'],Pass Vendredi,Shotgun,50.0,56.51,1,1
2026-07-02,2026-07-02 17:02:21,vendredi,regular,['vendredi'],Pass Vendredi,Shotgun,50.0,56.51,1,1
2026-07-02,2026-07-02 17:02:21,2-jours,regular,,Pass 2 Jours,Shotgun,95.0,107.37,1,1
2026-07-02,2026-07-02 17:02:21,2-jours,regular,,Pass 2 Jours,Shotgun,90.0,101.72,1,1
2026-07-02,2026-07-02 17:02:21,2-jours,regular,,Pass 2 Jours,Shotgun,90.0,101.72,1,1
2026-07-02,2026-07-02 17:02:22,samedi,regular,['samedi'],Pass Samedi,Shotgun,50.0,56.51,1,1
2026-07-02,2026-07-02 17:02:22,2-jours,regular,,Pass 2 Jours,Shotgun,95.0,107.37,1,1
2026-07-02,2026-07-02 17:02:22,2-jours,regular,,Pass 2 Jours,Shotgun,95.0,107.37,1,1
2026-07-02,2026-07-02 17:02:22,2-jours,regular,,Pass 2 Jours,Shotgun,95.0,107.37,1,1
2026-07-02,2026-07-02 17:02:22,vendredi,regular,['vendredi'],Pass Vendredi,Shotgun,50.0,56.51,1,1
2026-07-02,2026-07-02 17:02:22,2-jours,regular,,Pass 2 Jours,Shotgun,95.0,107.37,1,1
2026-07-02,2026-07-02 17:02:23,2-jours,regular,,Pass 2 Jours,Shotgun,95.0,107.37,1,1
2026-07-02,2026-07-02 17:02:24,2-jours,regular,,Pass 2 Jours,Shotgun,95.0,107.37,1,1
2026-07-02,2026-07-02 17:02:24,2-jours,regular,,Pass 2 Jours,Shotgun,95.0,107.37,1,1
2026-07-02,2026-07-02 17:02:24,2-jours,regular,,Pass 2 Jours,Shotgun,95.0,107.37,1,1
2026-07-02,2026-07-02 17:02:24,samedi,regular,['samedi'],Pass Samedi,Shotgun,50.0,56.51,1,1
2026-07-02,2026-07-02 17:02:25,2-jours,regular,,Pass 2 Jours,Shotgun,95.0,107.37,1,1
2026-07-02,2026-07-02 17:02:25,vendredi,regular,['vendredi'],Pass Vendredi,Shotgun,50.0,56.51,1,1
2026-07-02,2026-07-02 17:02:25,2-jours,regular,,Pass 2 Jours,Shotgun,90.0,101.72,1,1
2026-07-02,2026-07-02 17:02:25,samedi,regular,['samedi'],Pass Samedi,Shotgun,50.0,56.51,1,1
2026-07-02,2026-07-02 17:02:25,samedi,regular,['samedi'],Pass Samedi,Shotgun,50.0,56.51,1,1
2026-07-02,2026-07-02 17:02:25,samedi,regular,['samedi'],Pass Samedi,Shotgun,50.0,56.51,1,1
2026-07-02,2026-07-02 17:02:25,2-jours,regular,,Pass 2 Jours,Shotgun,95.0,107.37,1,1
2026-07-02,2026-07-02 17:02:26,2-jours,regular,,Pass 2 Jours,Shotgun,95.0,107.37,1,1
2026-07-02,2026-07-02 17:02:26,2-jours,regular,,Pass 2 Jours,Shotgun,95.0,107.37,1,1
2026-07-02,2026-07-02 17:02:26,vendredi,regular,['vendredi'],Pass Vendredi,Shotgun,50.0,56.51,1,1
2026-07-02,2026-07-02 17:02:26,2-jours,regular,,Pass 2 Jours,Shotgun,95.0,107.37,1,1
2026-07-02,2026-07-02 17:02:26,2-jours,regular,,Pass 2 Jours,Shotgun,95.0,107.37,1,1
2026-07-02,2026-07-02 17:02:27,2-jours,regular,,Pass 2 Jours,Shotgun,95.0,107.37,1,1
2026-07-02,2026-07-02 17:02:27,2-jours,regular,,Pass 2 Jours,Shotgun,95.0,107.37,1,1
2026-07-02,2026-07-02 17:02:27,2-jours,regular,,Pass 2 Jours,Shotgun,95.0,107.37,1,1
2026-07-02,2026-07-02 17:02:27,2-jours,regular,,Pass 2 Jours,Shotgun,95.0,107.37,1,1
2026-07-02,2026-07-02 17:02:27,2-jours,regular,,Pass 2 Jours,Shotgun,95.0,107.37,1,1
2026-07-02,2026-07-02 17:02:28,2-jours,regular,,Pass 2 Jours,Shotgun,95.0,107.37,1,1
2026-07-02,2026-07-02 17:02:28,2-jours,regular,,Pass 2 Jours,Shotgun,95.0,107.37,1,1
2026-07-02,2026-07-02 17:02:28,samedi,regular,['samedi'],Pass Samedi,Shotgun,50.0,56.51,1,1
2026-07-02,2026-07-02 17:02:29,2-jours,regular,,Pass 2 Jours,Shotgun,95.0,107.37,1,1
2026-07-02,2026-07-02 17:02:29,vendredi,regular,['vendredi'],Pass Vendredi,Shotgun,50.0,56.51,1,1
2026-07-02,2026-07-02 17:02:29,2-jours,regular,,Pass 2 Jours,Shotgun,95.0,107.37,1,1
2026-07-02,2026-07-02 17:02:30,2-jours,regular,,Pass 2 Jours,Shotgun,95.0,107.37,1,1
2026-07-02,2026-07-02 17:02:30,2-jours,regular,,Pass 2 Jours,Shotgun,95.0,107.37,1,1
2026-07-02,2026-07-02 17:02:30,vendredi,regular,['vendredi'],Pass Vendredi,Shotgun,50.0,56.51,1,1
2026-07-02,2026-07-02 17:02:30,vendredi,regular,['vendredi'],Pass Vendredi,Shotgun,50.0,56.51,1,1
2026-07-02,2026-07-02 17:02:30,vendredi,regular,['vendredi'],Pass Vendredi,Shotgun,50.0,56.51,1,1
2026-07-02,2026-07-02 17:02:30,vendredi,regular,['vendredi'],Pass Vendredi,Shotgun,50.0,56.51,1,1
2026-07-02,2026-07-02 17:02:31,2-jours,vip,"['vendredi', 'samedi']",Pass Acces Scene,Shotgun,220.0,248.66,1,1
2026-07-02,2026-07-02 17:02:31,2-jours,vip,"['vendredi', 'samedi']",Pass Acces Scene,Shotgun,220.0,248.66,1,1
2026-07-02,2026-07-02 17:02:31,2-jours,regular,,Pass 2 Jours,Shotgun,95.0,107.37,1,1
2026-07-02,2026-07-02 17:02:31,2-jours,regular,,Pass 2 Jours,Shotgun,95.0,107.37,1,1
2026-07-02,2026-07-02 17:02:31,samedi,regular,['samedi'],Pass Samedi,Shotgun,50.0,56.51,1,1
2026-07-02,2026-07-02 17:02:31,2-jours,regular,,Pass 2 Jours,Shotgun,95.0,107.37,1,1
2026-07-02,2026-07-02 17:02:31,vendredi,regular,['vendredi'],Pass Vendredi,Shotgun,50.0,56.51,1,1
2026-07-02,2026-07-02 17:02:31,2-jours,regular,,Pass 2 Jours,Shotgun,95.0,107.37,1,1
2026-07-02,2026-07-02 17:02:31,2-jours,regular,,Pass 2 Jours,Shotgun,95.0,107.37,1,1
2026-07-02,2026-07-02 17:02:32,samedi,regular,['samedi'],Pass Samedi,Shotgun,50.0,56.51,1,1
2026-07-02,2026-07-02 17:02:32,samedi,regular,['samedi'],Pass Samedi,Shotgun,50.0,56.51,1,1
2026-07-02,2026-07-02 17:02:32,vendredi,regular,['vendredi'],Pass Vendredi,Shotgun,50.0,56.51,1,1
2026-07-02,2026-07-02 17:02:33,2-jours,regular,,Pass 2 Jours,Shotgun,95.0,107.37,1,1
2026-07-02,2026-07-02 17:02:33,2-jours,regular,,Pass 2 Jours,Shotgun,95.0,107.37,1,1
2026-07-02,2026-07-02 17:02:33,vendredi,regular,['vendredi'],Pass Vendredi,Shotgun,50.0,56.51,1,1
2026-07-02,2026-07-02 17:02:33,2-jours,regular,,Pass 2 Jours,Shotgun,95.0,107.37,1,1
2026-07-02,2026-07-02 17:02:33,2-jours,regular,,Pass 2 Jours,Shotgun,95.0,107.37,1,1
2026-07-02,2026-07-02 17:02:33,vendredi,regular,['vendredi'],Pass Vendredi,Shotgun,50.0,56.51,1,1
2026-07-02,2026-07-02 17:02:33,2-jours,regular,,Pass 2 Jours,Shotgun,95.0,107.37,1,1
2026-07-02,2026-07-02 17:02:34,samedi,regular,['samedi'],Pass Samedi,Shotgun,50.0,56.51,1,1
2026-07-02,2026-07-02 17:02:34,samedi,regular,['samedi'],Pass Samedi,Shotgun,50.0,56.51,1,1
2026-07-02,2026-07-02 17:02:35,2-jours,regular,,Pass 2 Jours,Shotgun,95.0,107.37,1,1
2026-07-02,2026-07-02 17:02:35,2-jours,regular,,Pass 2 Jours,Shotgun,95.0,107.37,1,1
2026-07-02,2026-07-02 17:02:35,2-jours,regular,,Pass 2 Jours,Shotgun,95.0,107.37,1,1
2026-07-02,2026-07-02 17:02:36,2-jours,regular,,Pass 2 Jours,Shotgun,95.0,107.37,1,1
2026-07-02,2026-07-02 17:02:36,2-jours,regular,,Pass 2 Jours,Shotgun,95.0,107.37,1,1
2026-07-02,2026-07-02 17:02:37,samedi,regular,['samedi'],Pass Samedi,Shotgun,50.0,56.51,1,1
2026-07-02,2026-07-02 17:02:37,samedi,regular,['samedi'],Pass Samedi,Shotgun,50.0,56.51,1,1
2026-07-02,2026-07-02 17:02:37,2-jours,regular,,Pass 2 Jours,Shotgun,95.0,107.37,1,1
2026-07-02,2026-07-02 17:02:37,vendredi,vip,['vendredi'],Pass Acces Scene,Shotgun,120.0,135.63,1,1
2026-07-02,2026-07-02 17:02:37,2-jours,regular,,Pass 2 Jours,Shotgun,95.0,107.37,1,1
2026-07-02,2026-07-02 17:02:37,vendredi,regular,['vendredi'],Pass Vendredi,Shotgun,50.0,56.51,1,1
2026-07-02,2026-07-02 17:02:37,vendredi,regular,['vendredi'],Pass Vendredi,Shotgun,50.0,56.51,1,1
2026-07-02,2026-07-02 17:02:37,2-jours,regular,,Pass 2 Jours,Shotgun,95.0,107.37,1,1
2026-07-02,2026-07-02 17:02:37,2-jours,regular,,Pass 2 Jours,Shotgun,95.0,107.37,1,1
2026-07-02,2026-07-02 17:02:37,2-jours,regular,,Pass 2 Jours,Shotgun,90.0,101.72,1,1
2026-07-02,2026-07-02 17:02:37,2-jours,regular,,Pass 2 Jours,Shotgun,90.0,101.72,1,1
2026-07-02,2026-07-02 17:02:37,2-jours,regular,,Pass 2 Jours,Shotgun,90.0,101.72,1,1
2026-07-02,2026-07-02 17:02:37,2-jours,regular,,Pass 2 Jours,Shotgun,90.0,101.72,1,1
2026-07-02,2026-07-02 17:02:38,2-jours,regular,,Pass 2 Jours,Shotgun,95.0,107.37,1,1
2026-07-02,2026-07-02 17:02:38,2-jours,regular,,Pass 2 Jours,Shotgun,95.0,107.37,1,1
2026-07-02,2026-07-02 17:02:38,2-jours,regular,,Pass 2 Jours,Shotgun,95.0,107.37,1,1
2026-07-02,2026-07-02 17:02:38,2-jours,regular,,Pass 2 Jours,Shotgun,95.0,107.37,1,1
2026-07-02,2026-07-02 17:02:38,2-jours,regular,,Pass 2 Jours,Shotgun,95.0,107.37,1,1
2026-07-02,2026-07-02 17:02:38,2-jours,regular,,Pass 2 Jours,Shotgun,95.0,107.37,1,1
2026-07-02,2026-07-02 17:02:38,vendredi,regular,['vendredi'],Pass Vendredi,Shotgun,50.0,56.51,1,1
2026-07-02,2026-07-02 17:02:39,2-jours,regular,,Pass 2 Jours,Shotgun,95.0,107.37,1,1
2026-07-02,2026-07-02 17:02:39,2-jours,regular,,Pass 2 Jours,Shotgun,95.0,107.37,1,1
2026-07-02,2026-07-02 17:02:40,samedi,regular,['samedi'],Pass Samedi,Shotgun,50.0,56.51,1,1
2026-07-02,2026-07-02 17:02:40,samedi,regular,['samedi'],Pass Samedi,Shotgun,50.0,56.51,1,1
2026-07-02,2026-07-02 17:02:40,vendredi,regular,['vendredi'],Pass Vendredi,Shotgun,50.0,56.51,1,1
2026-07-02,2026-07-02 17:02:40,2-jours,regular,,Pass 2 Jours,Shotgun,95.0,107.37,1,1
2026-07-02,2026-07-02 17:02:41,2-jours,regular,,Pass 2 Jours,Shotgun,95.0,107.37,1,1
2026-07-02,2026-07-02 17:02:41,2-jours,regular,,Pass 2 Jours,Shotgun,95.0,107.37,1,1
2026-07-02,2026-07-02 17:02:41,samedi,regular,['samedi'],Pass Samedi,Shotgun,50.0,56.51,1,1
2026-07-02,2026-07-02 17:02:41,samedi,regular,['samedi'],Pass Samedi,Shotgun,50.0,56.51,1,1
2026-07-02,2026-07-02 17:02:41,vendredi,regular,['vendredi'],Pass Vendredi,Shotgun,50.0,56.51,1,1
2026-07-02,2026-07-02 17:02:41,vendredi,regular,['vendredi'],Pass Vendredi,Shotgun,50.0,56.51,1,1
2026-07-02,2026-07-02 17:02:41,2-jours,regular,,Pass 2 Jours,Shotgun,95.0,107.37,1,1
2026-07-02,2026-07-02 17:02:41,2-jours,regular,,Pass 2 Jours,Shotgun,95.0,107.37,1,1
2026-07-02,2026-07-02 17:02:42,2-jours,regular,,Pass 2 Jours,Shotgun,95.0,107.37,1,1
2026-07-02,2026-07-02 17:02:42,2-jours,regular,,Pass 2 Jours,Shotgun,95.0,107.37,1,1
2026-07-02,2026-07-02 17:02:42,2-jours,regular,,Pass 2 Jours,Shotgun,95.0,107.37,1,1
2026-07-02,2026-07-02 17:02:42,2-jours,regular,,Pass 2 Jours,Shotgun,95.0,107.37,1,1
2026-07-02,2026-07-02 17:02:42,2-jours,regular,,Pass 2 Jours,Shotgun,95.0,107.37,1,1
2026-07-02,2026-07-02 17:02:42,2-jours,regular,,Pass 2 Jours,Shotgun,95.0,107.37,1,1
2026-07-02,2026-07-02 17:02:42,2-jours,regular,,Pass 2 Jours,Shotgun,95.0,107.37,1,1
2026-07-02,2026-07-02 17:02:43,2-jours,regular,,Pass 2 Jours,Shotgun,95.0,107.37,1,1
2026-07-02,2026-07-02 17:02:43,2-jours,regular,,Pass 2 Jours,Shotgun,95.0,107.37,1,1
2026-07-02,2026-07-02 17:02:43,samedi,regular,['samedi'],Pass Samedi,Shotgun,50.0,56.51,1,1
2026-07-02,2026-07-02 17:02:43,vendredi,regular,['vendredi'],Pass Vendredi,Shotgun,50.0,56.51,1,1
2026-07-02,2026-07-02 17:02:43,2-jours,regular,,Pass 2 Jours,Shotgun,95.0,107.37,1,1
2026-07-02,2026-07-02 17:02:43,2-jours,regular,,Pass 2 Jours,Shotgun,95.0,107.37,1,1
2026-07-02,2026-07-02 17:02:43,2-jours,regular,,Pass 2 Jours,Shotgun,95.0,107.37,1,1
2026-07-02,2026-07-02 17:02:43,2-jours,regular,,Pass 2 Jours,Shotgun,95.0,107.37,1,1
2026-07-02,2026-07-02 17:02:43,2-jours,regular,,Pass 2 Jours,Shotgun,95.0,107.37,1,1
2026-07-02,2026-07-02 17:02:44,samedi,regular,['samedi'],Pass Samedi,Shotgun,50.0,56.51,1,1
2026-07-02,2026-07-02 17:02:44,samedi,regular,['samedi'],Pass Samedi,Shotgun,50.0,56.51,1,1
2026-07-02,2026-07-02 17:02:44,vendredi,regular,['vendredi'],Pass Vendredi,Shotgun,50.0,56.51,1,1
2026-07-02,2026-07-02 17:02:44,2-jours,regular,,Pass 2 Jours,Shotgun,95.0,107.37,1,1
2026-07-02,2026-07-02 17:02:45,2-jours,regular,,Pass 2 Jours,Shotgun,95.0,107.37,1,1
2026-07-02,2026-07-02 17:02:45,2-jours,regular,,Pass 2 Jours,Shotgun,95.0,107.37,1,1
2026-07-02,2026-07-02 17:02:45,vendredi,regular,['vendredi'],Pass Vendredi,Shotgun,50.0,56.51,1,1
2026-07-02,2026-07-02 17:02:46,2-jours,regular,,Pass 2 Jours,Shotgun,95.0,107.37,1,1
2026-07-02,2026-07-02 17:02:46,2-jours,regular,,Pass 2 Jours,Shotgun,95.0,107.37,1,1
2026-07-02,2026-07-02 17:02:47,2-jours,regular,,Pass 2 Jours,Shotgun,95.0,107.37,1,1
2026-07-02,2026-07-02 17:02:47,samedi,regular,['samedi'],Pass Samedi,Shotgun,50.0,56.51,1,1
2026-07-02,2026-07-02 17:02:47,samedi,regular,['samedi'],Pass Samedi,Shotgun,50.0,56.51,1,1
2026-07-02,2026-07-02 17:02:47,2-jours,regular,,Pass 2 Jours,Shotgun,95.0,107.37,1,1
2026-07-02,2026-07-02 17:02:47,2-jours,regular,,Pass 2 Jours,Shotgun,95.0,107.37,1,1
2026-07-02,2026-07-02 17:02:48,vendredi,vip,['vendredi'],Pass Acces Scene,Shotgun,120.0,135.63,1,1
2026-07-02,2026-07-02 17:02:48,2-jours,regular,,Pass 2 Jours,Shotgun,100.0,113.03,1,1
2026-07-02,2026-07-02 17:02:48,vendredi,vip,['vendredi'],Pass Acces Scene,Shotgun,120.0,135.63,1,1
2026-07-02,2026-07-02 17:02:49,2-jours,regular,,Pass 2 Jours,Shotgun,95.0,107.37,1,1
2026-07-02,2026-07-02 17:02:49,2-jours,regular,,Pass 2 Jours,Shotgun,95.0,107.37,1,1
2026-07-02,2026-07-02 17:02:50,samedi,regular,['samedi'],Pass Samedi,Shotgun,50.0,56.51,1,1
2026-07-02,2026-07-02 17:02:50,samedi,regular,['samedi'],Pass Samedi,Shotgun,50.0,56.51,1,1
2026-07-02,2026-07-02 17:02:50,2-jours,regular,,Pass 2 Jours,Shotgun,95.0,107.37,1,1
2026-07-02,2026-07-02 17:02:50,2-jours,regular,,Pass 2 Jours,Shotgun,95.0,107.37,1,1
2026-07-02,2026-07-02 17:02:51,2-jours,regular,,Pass 2 Jours,Shotgun,95.0,107.37,1,1
2026-07-02,2026-07-02 17:02:52,2-jours,regular,,Pass 2 Jours,Shotgun,95.0,107.37,1,1
2026-07-02,2026-07-02 17:02:52,2-jours,regular,,Pass 2 Jours,Shotgun,95.0,107.37,1,1
2026-07-02,2026-07-02 17:02:52,2-jours,regular,,Pass 2 Jours,Shotgun,95.0,107.37,1,1
2026-07-02,2026-07-02 17:02:52,2-jours,regular,,Pass 2 Jours,Shotgun,95.0,107.37,1,1
2026-07-02,2026-07-02 17:02:52,2-jours,regular,,Pass 2 Jours,Shotgun,95.0,107.37,1,1
2026-07-02,2026-07-02 17:02:52,vendredi,regular,['vendredi'],Pass Vendredi,Shotgun,50.0,56.51,1,1
2026-07-02,2026-07-02 17:02:52,vendredi,regular,['vendredi'],Pass Vendredi,Shotgun,50.0,56.51,1,1
2026-07-02,2026-07-02 17:02:52,vendredi,regular,['vendredi'],Pass Vendredi,Shotgun,50.0,56.51,1,1
2026-07-02,2026-07-02 17:02:53,2-jours,regular,,Pass 2 Jours,Shotgun,95.0,107.37,1,1
2026-07-02,2026-07-02 17:02:54,samedi,regular,['samedi'],Pass Samedi,Shotgun,50.0,56.51,1,1
2026-07-02,2026-07-02 17:02:54,samedi,regular,['samedi'],Pass Samedi,Shotgun,50.0,56.51,1,1
2026-07-02,2026-07-02 17:02:54,2-jours,regular,,Pass 2 Jours,Shotgun,95.0,107.37,1,1
2026-07-02,2026-07-02 17:02:54,2-jours,regular,,Pass 2 Jours,Shotgun,95.0,107.37,1,1
2026-07-02,2026-07-02 17:02:54,2-jours,regular,,Pass 2 Jours,Shotgun,95.0,107.37,1,1
2026-07-02,2026-07-02 17:02:54,vendredi,regular,['vendredi'],Pass Vendredi,Shotgun,50.0,56.51,1,1
2026-07-02,2026-07-02 17:02:54,samedi,regular,['samedi'],Pass Samedi,Shotgun,50.0,56.51,1,1
2026-07-02,2026-07-02 17:02:54,vendredi,regular,['vendredi'],Pass Vendredi,Shotgun,50.0,56.51,1,1
2026-07-02,2026-07-02 17:02:54,2-jours,regular,,Pass 2 Jours,Shotgun,95.0,107.37,1,1
2026-07-02,2026-07-02 17:02:54,2-jours,regular,,Pass 2 Jours,Shotgun,95.0,107.37,1,1
2026-07-02,2026-07-02 17:02:54,2-jours,regular,,Pass 2 Jours,Shotgun,95.0,107.37,1,1
2026-07-02,2026-07-02 17:02:54,vendredi,vip,['vendredi'],Pass Acces Scene,Shotgun,120.0,135.63,1,1
2026-07-02,2026-07-02 17:02:54,samedi,regular,['samedi'],Pass Samedi,Shotgun,50.0,56.51,1,1
2026-07-02,2026-07-02 17:02:56,2-jours,regular,,Pass 2 Jours,Shotgun,95.0,107.37,1,1
2026-07-02,2026-07-02 17:02:56,2-jours,regular,,Pass 2 Jours,Shotgun,95.0,107.37,1,1
2026-07-02,2026-07-02 17:02:56,samedi,regular,['samedi'],Pass Samedi,Shotgun,50.0,56.51,1,1
2026-07-02,2026-07-02 17:02:56,samedi,regular,['samedi'],Pass Samedi,Shotgun,50.0,56.51,1,1
2026-07-02,2026-07-02 17:02:56,2-jours,regular,,Pass 2 Jours,Shotgun,95.0,107.37,1,1
2026-07-02,2026-07-02 17:02:56,2-jours,regular,,Pass 2 Jours,Shotgun,95.0,107.37,1,1
2026-07-02,2026-07-02 17:02:56,2-jours,regular,,Pass 2 Jours,Shotgun,95.0,107.37,1,1
2026-07-02,2026-07-02 17:02:56,2-jours,regular,,Pass 2 Jours,Shotgun,95.0,107.37,1,1
2026-07-02,2026-07-02 17:02:56,vendredi,regular,['vendredi'],Pass Vendredi,Shotgun,50.0,56.51,1,1
2026-07-02,2026-07-02 17:02:57,2-jours,regular,,Pass 2 Jours,Shotgun,95.0,107.37,1,1
2026-07-02,2026-07-02 17:02:57,2-jours,regular,,Pass 2 Jours,Shotgun,95.0,107.37,1,1
2026-07-02,2026-07-02 17:02:57,2-jours,regular,,Pass 2 Jours,Shotgun,95.0,107.37,1,1
2026-07-02,2026-07-02 17:02:57,2-jours,regular,,Pass 2 Jours,Shotgun,95.0,107.37,1,1
2026-07-02,2026-07-02 17:02:57,2-jours,regular,,Pass 2 Jours,Shotgun,95.0,107.37,1,1
2026-07-02,2026-07-02 17:02:57,2-jours,regular,,Pass 2 Jours,Shotgun,95.0,107.37,1,1
2026-07-02,2026-07-02 17:02:57,2-jours,regular,,Pass 2 Jours,Shotgun,95.0,107.37,1,1
2026-07-02,2026-07-02 17:02:57,2-jours,regular,,Pass 2 Jours,Shotgun,95.0,107.37,1,1
2026-07-02,2026-07-02 17:02:58,2-jours,regular,,Pass 2 Jours,Shotgun,95.0,107.37,1,1
2026-07-02,2026-07-02 17:03:00,2-jours,regular,,Pass 2 Jours,Shotgun,95.0,107.37,1,1
2026-07-02,2026-07-02 17:03:00,vendredi,regular,['vendredi'],Pass Vendredi,Shotgun,50.0,56.51,1,1
2026-07-02,2026-07-02 17:03:00,samedi,regular,['samedi'],Pass Samedi,Shotgun,50.0,56.51,1,1
2026-07-02,2026-07-02 17:03:00,samedi,regular,['samedi'],Pass Samedi,Shotgun,50.0,56.51,1,1
2026-07-02,2026-07-02 17:03:00,vendredi,regular,['vendredi'],Pass Vendredi,Shotgun,50.0,56.51,1,1
2026-07-02,2026-07-02 17:03:00,2-jours,regular,,Pass 2 Jours,Shotgun,95.0,107.37,1,1
2026-07-02,2026-07-02 17:03:00,2-jours,regular,,Pass 2 Jours,Shotgun,95.0,107.37,1,1
2026-07-02,2026-07-02 17:03:00,2-jours,regular,,Pass 2 Jours,Shotgun,95.0,107.37,1,1
2026-07-02,2026-07-02 17:03:01,2-jours,regular,,Pass 2 Jours,Shotgun,95.0,107.37,1,1
2026-07-02,2026-07-02 17:03:01,2-jours,regular,,Pass 2 Jours,Shotgun,95.0,107.37,1,1
2026-07-02,2026-07-02 17:03:01,samedi,regular,['samedi'],Pass Samedi,Shotgun,50.0,56.51,1,1
2026-07-02,2026-07-02 17:03:01,2-jours,regular,,Pass 2 Jours,Shotgun,95.0,107.37,1,1
2026-07-02,2026-07-02 17:03:01,2-jours,regular,,Pass 2 Jours,Shotgun,95.0,107.37,1,1
2026-07-02,2026-07-02 17:03:02,2-jours,regular,,Pass 2 Jours,Shotgun,95.0,107.37,1,1
2026-07-02,2026-07-02 17:03:02,2-jours,regular,,Pass 2 Jours,Shotgun,95.0,107.37,1,1
2026-07-02,2026-07-02 17:03:02,vendredi,regular,['vendredi'],Pass Vendredi,Shotgun,50.0,56.51,1,1
2026-07-02,2026-07-02 17:03:02,vendredi,regular,['vendredi'],Pass Vendredi,Shotgun,50.0,56.51,1,1
2026-07-02,2026-07-02 17:03:02,vendredi,regular,['vendredi'],Pass Vendredi,Shotgun,50.0,56.51,1,1
2026-07-02,2026-07-02 17:03:02,vendredi,regular,['vendredi'],Pass Vendredi,Shotgun,50.0,56.51,1,1
2026-07-02,2026-07-02 17:03:03,2-jours,regular,,Pass 2 Jours,Shotgun,95.0,107.37,1,1
2026-07-02,2026-07-02 17:03:03,2-jours,regular,,Pass 2 Jours,Shotgun,95.0,107.37,1,1
2026-07-02,2026-07-02 17:03:03,2-jours,regular,,Pass 2 Jours,Shotgun,95.0,107.37,1,1
2026-07-02,2026-07-02 17:03:03,2-jours,regular,,Pass 2 Jours,Shotgun,95.0,107.37,1,1
2026-07-02,2026-07-02 17:03:03,2-jours,regular,,Pass 2 Jours,Shotgun,95.0,107.37,1,1
2026-07-02,2026-07-02 17:03:03,vendredi,regular,['vendredi'],Pass Vendredi,Shotgun,50.0,56.51,1,1
2026-07-02,2026-07-02 17:03:03,samedi,regular,['samedi'],Pass Samedi,Shotgun,50.0,56.51,1,1
2026-07-02,2026-07-02 17:03:04,vendredi,regular,['vendredi'],Pass Vendredi,Shotgun,50.0,56.51,1,1
2026-07-02,2026-07-02 17:03:04,samedi,regular,['samedi'],Pass Samedi,Shotgun,50.0,56.51,1,1
2026-07-02,2026-07-02 17:03:05,vendredi,regular,['vendredi'],Pass Vendredi,Shotgun,50.0,56.51,1,1
2026-07-02,2026-07-02 17:03:05,vendredi,regular,['vendredi'],Pass Vendredi,Shotgun,50.0,56.51,1,1
2026-07-02,2026-07-02 17:03:05,vendredi,regular,['vendredi'],Pass Vendredi,Shotgun,50.0,56.51,1,1
2026-07-02,2026-07-02 17:03:05,samedi,regular,['samedi'],Pass Samedi,Shotgun,50.0,56.51,1,1
2026-07-02,2026-07-02 17:03:05,samedi,regular,['samedi'],Pass Samedi,Shotgun,50.0,56.51,1,1
2026-07-02,2026-07-02 17:03:05,2-jours,regular,,Pass 2 Jours,Shotgun,95.0,107.37,1,1
2026-07-02,2026-07-02 17:03:05,vendredi,vip,['vendredi'],Pass Acces Scene,Shotgun,120.0,135.63,1,1
2026-07-02,2026-07-02 17:03:05,samedi,regular,['samedi'],Pass Samedi,Shotgun,50.0,56.51,1,1
2026-07-02,2026-07-02 17:03:06,2-jours,regular,,Pass 2 Jours,Shotgun,95.0,107.37,1,1
2026-07-02,2026-07-02 17:03:06,2-jours,regular,,Pass 2 Jours,Shotgun,95.0,107.37,1,1
2026-07-02,2026-07-02 17:03:06,2-jours,regular,,Pass 2 Jours,Shotgun,95.0,107.37,1,1
2026-07-02,2026-07-02 17:03:07,vendredi,regular,['vendredi'],Pass Vendredi,Shotgun,50.0,56.51,1,1
2026-07-02,2026-07-02 17:03:07,vendredi,regular,['vendredi'],Pass Vendredi,Shotgun,50.0,56.51,1,1
2026-07-02,2026-07-02 17:03:07,vendredi,regular,['vendredi'],Pass Vendredi,Shotgun,50.0,56.51,1,1
2026-07-02,2026-07-02 17:03:07,2-jours,regular,,Pass 2 Jours,Shotgun,95.0,107.37,1,1
2026-07-02,2026-07-02 17:03:07,samedi,regular,['samedi'],Pass Samedi,Shotgun,50.0,56.51,1,1
2026-07-02,2026-07-02 17:03:08,samedi,regular,['samedi'],Pass Samedi,Shotgun,50.0,56.51,1,1
2026-07-02,2026-07-02 17:03:08,samedi,regular,['samedi'],Pass Samedi,Shotgun,50.0,56.51,1,1
2026-07-02,2026-07-02 17:03:09,samedi,regular,['samedi'],Pass Samedi,Shotgun,50.0,56.51,1,1
2026-07-02,2026-07-02 17:03:09,2-jours,regular,,Pass 2 Jours,Shotgun,95.0,107.37,1,1
2026-07-02,2026-07-02 17:03:09,2-jours,regular,,Pass 2 Jours,Shotgun,95.0,107.37,1,1
2026-07-02,2026-07-02 17:03:09,2-jours,regular,,Pass 2 Jours,Shotgun,95.0,107.37,1,1
2026-07-02,2026-07-02 17:03:09,2-jours,regular,,Pass 2 Jours,Shotgun,95.0,107.37,1,1
2026-07-02,2026-07-02 17:03:09,vendredi,regular,['vendredi'],Pass Vendredi,Shotgun,50.0,56.51,1,1
2026-07-02,2026-07-02 17:03:09,vendredi,regular,['vendredi'],Pass Vendredi,Shotgun,50.0,56.51,1,1
2026-07-02,2026-07-02 17:03:10,2-jours,regular,,Pass 2 Jours,Shotgun,95.0,107.37,1,1
2026-07-02,2026-07-02 17:03:11,2-jours,regular,,Pass 2 Jours,Shotgun,95.0,107.37,1,1
2026-07-02,2026-07-02 17:03:11,samedi,regular,['samedi'],Pass Samedi,Shotgun,50.0,56.51,1,1
2026-07-02,2026-07-02 17:03:11,2-jours,regular,,Pass 2 Jours,Shotgun,95.0,107.37,1,1
2026-07-02,2026-07-02 17:03:11,vendredi,regular,['vendredi'],Pass Vendredi,Shotgun,50.0,56.51,1,1
2026-07-02,2026-07-02 17:03:12,2-jours,regular,,Pass 2 Jours,Shotgun,95.0,107.37,1,1
2026-07-02,2026-07-02 17:03:12,samedi,regular,['samedi'],Pass Samedi,Shotgun,50.0,56.51,1,1
2026-07-02,2026-07-02 17:03:12,samedi,regular,['samedi'],Pass Samedi,Shotgun,50.0,56.51,1,1
2026-07-02,2026-07-02 17:03:12,2-jours,regular,,Pass 2 Jours,Shotgun,95.0,107.37,1,1
2026-07-02,2026-07-02 17:03:12,vendredi,regular,['vendredi'],Pass Vendredi,Shotgun,50.0,56.51,1,1
2026-07-02,2026-07-02 17:03:12,vendredi,regular,['vendredi'],Pass Vendredi,Shotgun,50.0,56.51,1,1
2026-07-02,2026-07-02 17:03:12,vendredi,regular,['vendredi'],Pass Vendredi,Shotgun,50.0,56.51,1,1
2026-07-02,2026-07-02 17:03:13,vendredi,regular,['vendredi'],Pass Vendredi,Shotgun,50.0,56.51,1,1
2026-07-02,2026-07-02 17:03:13,2-jours,regular,,Pass 2 Jours,Shotgun,95.0,107.37,1,1
2026-07-02,2026-07-02 17:03:14,2-jours,regular,,Pass 2 Jours,Shotgun,95.0,107.37,1,1
2026-07-02,2026-07-02 17:03:14,2-jours,regular,,Pass 2 Jours,Shotgun,95.0,107.37,1,1
2026-07-02,2026-07-02 17:03:14,2-jours,regular,,Pass 2 Jours,Shotgun,95.0,107.37,1,1
2026-07-02,2026-07-02 17:03:14,vendredi,regular,['vendredi'],Pass Vendredi,Shotgun,50.0,56.51,1,1
2026-07-02,2026-07-02 17:03:14,vendredi,regular,['vendredi'],Pass Vendredi,Shotgun,50.0,56.51,1,1
2026-07-02,2026-07-02 17:03:15,samedi,regular,['samedi'],Pass Samedi,Shotgun,50.0,56.51,1,1
2026-07-02,2026-07-02 17:03:15,samedi,regular,['samedi'],Pass Samedi,Shotgun,50.0,56.51,1,1
2026-07-02,2026-07-02 17:03:15,2-jours,regular,,Pass 2 Jours,Shotgun,95.0,107.37,1,1
2026-07-02,2026-07-02 17:03:15,2-jours,regular,,Pass 2 Jours,Shotgun,95.0,107.37,1,1
2026-07-02,2026-07-02 17:03:15,vendredi,regular,['vendredi'],Pass Vendredi,Shotgun,50.0,56.51,1,1
2026-07-02,2026-07-02 17:03:15,vendredi,regular,['vendredi'],Pass Vendredi,Shotgun,50.0,56.51,1,1
2026-07-02,2026-07-02 17:03:16,2-jours,regular,,Pass 2 Jours,Shotgun,95.0,107.37,1,1
2026-07-02,2026-07-02 17:03:16,2-jours,regular,,Pass 2 Jours,Shotgun,90.0,101.72,1,1
2026-07-02,2026-07-02 17:03:16,2-jours,regular,,Pass 2 Jours,Shotgun,95.0,107.37,1,1
2026-07-02,2026-07-02 17:03:16,vendredi,regular,['vendredi'],Pass Vendredi,Shotgun,50.0,56.51,1,1
2026-07-02,2026-07-02 17:03:16,2-jours,regular,,Pass 2 Jours,Shotgun,95.0,107.37,1,1
2026-07-02,2026-07-02 17:03:16,2-jours,regular,,Pass 2 Jours,Shotgun,95.0,107.37,1,1
2026-07-02,2026-07-02 17:03:17,2-jours,regular,,Pass 2 Jours,Shotgun,95.0,107.37,1,1
2026-07-02,2026-07-02 17:03:18,2-jours,regular,,Pass 2 Jours,Shotgun,95.0,107.37,1,1
2026-07-02,2026-07-02 17:03:18,samedi,regular,['samedi'],Pass Samedi,Shotgun,50.0,56.51,1,1
2026-07-02,2026-07-02 17:03:19,2-jours,regular,,Pass 2 Jours,Shotgun,95.0,107.37,1,1
2026-07-02,2026-07-02 17:03:19,samedi,regular,['samedi'],Pass Samedi,Shotgun,50.0,56.51,1,1
2026-07-02,2026-07-02 17:03:20,2-jours,regular,,Pass 2 Jours,Shotgun,95.0,107.37,1,1
2026-07-02,2026-07-02 17:03:20,samedi,regular,['samedi'],Pass Samedi,Shotgun,60.0,67.82,1,1
2026-07-02,2026-07-02 17:03:20,2-jours,regular,,Pass 2 Jours,Shotgun,95.0,107.37,1,1
2026-07-02,2026-07-02 17:03:21,2-jours,regular,,Pass 2 Jours,Shotgun,95.0,107.37,1,1
2026-07-02,2026-07-02 17:03:21,vendredi,regular,['vendredi'],Pass Vendredi,Shotgun,50.0,56.51,1,1
2026-07-02,2026-07-02 17:03:21,vendredi,regular,['vendredi'],Pass Vendredi,Shotgun,50.0,56.51,1,1
2026-07-02,2026-07-02 17:03:21,vendredi,regular,['vendredi'],Pass Vendredi,Shotgun,50.0,56.51,1,1
2026-07-02,2026-07-02 17:03:21,2-jours,regular,,Pass 2 Jours,Shotgun,95.0,107.37,1,1
2026-07-02,2026-07-02 17:03:21,2-jours,regular,,Pass 2 Jours,Shotgun,95.0,107.37,1,1
2026-07-02,2026-07-02 17:03:21,samedi,regular,['samedi'],Pass Samedi,Shotgun,50.0,56.51,1,1
2026-07-02,2026-07-02 17:03:21,2-jours,regular,,Pass 2 Jours,Shotgun,95.0,107.37,1,1
2026-07-02,2026-07-02 17:03:22,2-jours,regular,,Pass 2 Jours,Shotgun,95.0,107.37,1,1
2026-07-02,2026-07-02 17:03:22,2-jours,regular,,Pass 2 Jours,Shotgun,95.0,107.37,1,1
2026-07-02,2026-07-02 17:03:23,2-jours,regular,,Pass 2 Jours,Shotgun,95.0,107.37,1,1
2026-07-02,2026-07-02 17:03:23,2-jours,regular,,Pass 2 Jours,Shotgun,95.0,107.37,1,1
2026-07-02,2026-07-02 17:03:24,2-jours,regular,,Pass 2 Jours,Shotgun,95.0,107.37,1,1
2026-07-02,2026-07-02 17:03:25,vendredi,regular,['vendredi'],Pass Vendredi,Shotgun,50.0,56.51,1,1
2026-07-02,2026-07-02 17:03:25,2-jours,regular,,Pass 2 Jours,Shotgun,95.0,107.37,1,1
2026-07-02,2026-07-02 17:03:25,2-jours,regular,,Pass 2 Jours,Shotgun,95.0,107.37,1,1
2026-07-02,2026-07-02 17:03:25,2-jours,regular,,Pass 2 Jours,Shotgun,95.0,107.37,1,1
2026-07-02,2026-07-02 17:03:26,2-jours,regular,,Pass 2 Jours,Shotgun,95.0,107.37,1,1
2026-07-02,2026-07-02 17:03:26,samedi,regular,['samedi'],Pass Samedi,Shotgun,50.0,56.51,1,1
2026-07-02,2026-07-02 17:03:26,vendredi,regular,['vendredi'],Pass Vendredi,Shotgun,50.0,56.51,1,1
2026-07-02,2026-07-02 17:03:26,vendredi,regular,['vendredi'],Pass Vendredi,Shotgun,50.0,56.51,1,1
2026-07-02,2026-07-02 17:03:26,vendredi,regular,['vendredi'],Pass Vendredi,Shotgun,50.0,56.51,1,1
2026-07-02,2026-07-02 17:03:26,2-jours,regular,,Pass 2 Jours,Shotgun,95.0,107.37,1,1
2026-07-02,2026-07-02 17:03:27,2-jours,regular,,Pass 2 Jours,Shotgun,95.0,107.37,1,1
2026-07-02,2026-07-02 17:03:28,samedi,regular,['samedi'],Pass Samedi,Shotgun,50.0,56.51,1,1
2026-07-02,2026-07-02 17:03:28,samedi,regular,['samedi'],Pass Samedi,Shotgun,50.0,56.51,1,1
2026-07-02,2026-07-02 17:03:29,samedi,regular,['samedi'],Pass Samedi,Shotgun,50.0,56.51,1,1
2026-07-02,2026-07-02 17:03:29,samedi,regular,['samedi'],Pass Samedi,Shotgun,50.0,56.51,1,1
2026-07-02,2026-07-02 17:03:30,2-jours,regular,,Pass 2 Jours,Shotgun,95.0,107.37,1,1
2026-07-02,2026-07-02 17:03:30,2-jours,regular,,Pass 2 Jours,Shotgun,95.0,107.37,1,1
2026-07-02,2026-07-02 17:03:30,2-jours,regular,,Pass 2 Jours,Shotgun,95.0,107.37,1,1
2026-07-02,2026-07-02 17:03:31,2-jours,regular,,Pass 2 Jours,Shotgun,95.0,107.37,1,1
2026-07-02,2026-07-02 17:03:31,2-jours,regular,,Pass 2 Jours,Shotgun,95.0,107.37,1,1
2026-07-02,2026-07-02 17:03:31,samedi,regular,['samedi'],Pass Samedi,Shotgun,60.0,67.82,1,1
2026-07-02,2026-07-02 17:03:31,2-jours,regular,,Pass 2 Jours,Shotgun,95.0,107.37,1,1
2026-07-02,2026-07-02 17:03:31,2-jours,regular,,Pass 2 Jours,Shotgun,95.0,107.37,1,1
2026-07-02,2026-07-02 17:03:31,2-jours,regular,,Pass 2 Jours,Shotgun,95.0,107.37,1,1
2026-07-02,2026-07-02 17:03:32,2-jours,regular,,Pass 2 Jours,Shotgun,95.0,107.37,1,1
2026-07-02,2026-07-02 17:03:32,2-jours,regular,,Pass 2 Jours,Shotgun,90.0,101.72,1,1
2026-07-02,2026-07-02 17:03:32,2-jours,regular,,Pass 2 Jours,Shotgun,90.0,101.72,1,1
2026-07-02,2026-07-02 17:03:32,2-jours,regular,,Pass 2 Jours,Shotgun,95.0,107.37,1,1
2026-07-02,2026-07-02 17:03:32,2-jours,regular,,Pass 2 Jours,Shotgun,95.0,107.37,1,1
2026-07-02,2026-07-02 17:03:33,2-jours,regular,,Pass 2 Jours,Shotgun,95.0,107.37,1,1
2026-07-02,2026-07-02 17:03:33,2-jours,regular,,Pass 2 Jours,Shotgun,95.0,107.37,1,1
2026-07-02,2026-07-02 17:03:33,2-jours,regular,,Pass 2 Jours,Shotgun,95.0,107.37,1,1
2026-07-02,2026-07-02 17:03:33,2-jours,regular,,Pass 2 Jours,Shotgun,95.0,107.37,1,1
2026-07-02,2026-07-02 17:03:33,2-jours,regular,,Pass 2 Jours,Shotgun,95.0,107.37,1,1
2026-07-02,2026-07-02 17:03:33,2-jours,regular,,Pass 2 Jours,Shotgun,95.0,107.37,1,1
2026-07-02,2026-07-02 17:03:33,2-jours,regular,,Pass 2 Jours,Shotgun,95.0,107.37,1,1
2026-07-02,2026-07-02 17:03:33,2-jours,regular,,Pass 2 Jours,Shotgun,95.0,107.37,1,1
2026-07-02,2026-07-02 17:03:33,2-jours,regular,,Pass 2 Jours,Shotgun,95.0,107.37,1,1
2026-07-02,2026-07-02 17:03:33,vendredi,regular,['vendredi'],Pass Vendredi,Shotgun,50.0,56.51,1,1
2026-07-02,2026-07-02 17:03:33,2-jours,regular,,Pass 2 Jours,Shotgun,95.0,107.37,1,1
2026-07-02,2026-07-02 17:03:33,samedi,regular,['samedi'],Pass Samedi,Shotgun,50.0,56.51,1,1
2026-07-02,2026-07-02 17:03:33,samedi,regular,['samedi'],Pass Samedi,Shotgun,50.0,56.51,1,1
2026-07-02,2026-07-02 17:03:33,vendredi,regular,['vendredi'],Pass Vendredi,Shotgun,50.0,56.51,1,1
2026-07-02,2026-07-02 17:03:33,vendredi,regular,['vendredi'],Pass Vendredi,Shotgun,50.0,56.51,1,1
2026-07-02,2026-07-02 17:03:33,vendredi,regular,['vendredi'],Pass Vendredi,Shotgun,50.0,56.51,1,1
2026-07-02,2026-07-02 17:03:33,vendredi,regular,['vendredi'],Pass Vendredi,Shotgun,50.0,56.51,1,1
2026-07-02,2026-07-02 17:03:34,2-jours,regular,,Pass 2 Jours,Shotgun,90.0,101.72,1,1
2026-07-02,2026-07-02 17:03:35,vendredi,regular,['vendredi'],Pass Vendredi,Shotgun,50.0,56.51,1,1
2026-07-02,2026-07-02 17:03:36,vendredi,regular,['vendredi'],Pass Vendredi,Shotgun,50.0,56.51,1,1
2026-07-02,2026-07-02 17:03:36,vendredi,regular,['vendredi'],Pass Vendredi,Shotgun,50.0,56.51,1,1
2026-07-02,2026-07-02 17:03:37,2-jours,regular,,Pass 2 Jours,Shotgun,95.0,107.37,1,1
2026-07-02,2026-07-02 17:03:37,samedi,regular,['samedi'],Pass Samedi,Shotgun,50.0,56.51,1,1
2026-07-02,2026-07-02 17:03:37,2-jours,regular,,Pass 2 Jours,Shotgun,95.0,107.37,1,1
2026-07-02,2026-07-02 17:03:37,vendredi,regular,['vendredi'],Pass Vendredi,Shotgun,50.0,56.51,1,1
2026-07-02,2026-07-02 17:03:37,vendredi,regular,['vendredi'],Pass Vendredi,Shotgun,50.0,56.51,1,1
2026-07-02,2026-07-02 17:03:37,2-jours,regular,,Pass 2 Jours,Shotgun,95.0,107.37,1,1
2026-07-02,2026-07-02 17:03:38,2-jours,regular,,Pass 2 Jours,Shotgun,95.0,107.37,1,1
2026-07-02,2026-07-02 17:03:39,2-jours,regular,,Pass 2 Jours,Shotgun,95.0,107.37,1,1
2026-07-02,2026-07-02 17:03:39,2-jours,regular,,Pass 2 Jours,Shotgun,95.0,107.37,1,1
2026-07-02,2026-07-02 17:03:39,2-jours,regular,,Pass 2 Jours,Shotgun,95.0,107.37,1,1
2026-07-02,2026-07-02 17:03:40,vendredi,regular,['vendredi'],Pass Vendredi,Shotgun,50.0,56.51,1,1
2026-07-02,2026-07-02 17:03:40,vendredi,regular,['vendredi'],Pass Vendredi,Shotgun,50.0,56.51,1,1
2026-07-02,2026-07-02 17:03:40,2-jours,regular,,Pass 2 Jours,Shotgun,95.0,107.37,1,1
2026-07-02,2026-07-02 17:03:41,samedi,regular,['samedi'],Pass Samedi,Shotgun,50.0,56.51,1,1
2026-07-02,2026-07-02 17:03:41,vendredi,regular,['vendredi'],Pass Vendredi,Shotgun,50.0,56.51,1,1
2026-07-02,2026-07-02 17:03:42,vendredi,regular,['vendredi'],Pass Vendredi,Shotgun,50.0,56.51,1,1
2026-07-02,2026-07-02 17:03:42,vendredi,regular,['vendredi'],Pass Vendredi,Shotgun,50.0,56.51,1,1
2026-07-02,2026-07-02 17:03:42,vendredi,regular,['vendredi'],Pass Vendredi,Shotgun,50.0,56.51,1,1
2026-07-02,2026-07-02 17:03:42,vendredi,regular,['vendredi'],Pass Vendredi,Shotgun,50.0,56.51,1,1
2026-07-02,2026-07-02 17:03:42,vendredi,regular,['vendredi'],Pass Vendredi,Shotgun,50.0,56.51,1,1
2026-07-02,2026-07-02 17:03:43,2-jours,regular,,Pass 2 Jours,Shotgun,95.0,107.37,1,1
2026-07-02,2026-07-02 17:03:43,2-jours,regular,,Pass 2 Jours,Shotgun,95.0,107.37,1,1
2026-07-02,2026-07-02 17:03:44,2-jours,regular,,Pass 2 Jours,Shotgun,95.0,107.37,1,1
2026-07-02,2026-07-02 17:03:44,2-jours,regular,,Pass 2 Jours,Shotgun,95.0,107.37,1,1
2026-07-02,2026-07-02 17:03:44,2-jours,regular,,Pass 2 Jours,Shotgun,95.0,107.37,1,1
2026-07-02,2026-07-02 17:03:46,2-jours,regular,,Pass 2 Jours,Shotgun,95.0,107.37,1,1
2026-07-02,2026-07-02 17:03:47,vendredi,regular,['vendredi'],Pass Vendredi,Shotgun,50.0,56.51,1,1
2026-07-02,2026-07-02 17:03:47,vendredi,regular,['vendredi'],Pass Vendredi,Shotgun,50.0,56.51,1,1
2026-07-02,2026-07-02 17:03:48,samedi,regular,['samedi'],Pass Samedi,Shotgun,50.0,56.51,1,1
2026-07-02,2026-07-02 17:03:48,2-jours,regular,,Pass 2 Jours,Shotgun,95.0,107.37,1,1
2026-07-02,2026-07-02 17:03:48,2-jours,regular,,Pass 2 Jours,Shotgun,95.0,107.37,1,1
2026-07-02,2026-07-02 17:03:49,2-jours,regular,,Pass 2 Jours,Shotgun,95.0,107.37,1,1
2026-07-02,2026-07-02 17:03:49,2-jours,regular,,Pass 2 Jours,Shotgun,95.0,107.37,1,1
2026-07-02,2026-07-02 17:03:49,2-jours,regular,,Pass 2 Jours,Shotgun,95.0,107.37,1,1
2026-07-02,2026-07-02 17:03:49,2-jours,regular,,Pass 2 Jours,Shotgun,95.0,107.37,1,1
2026-07-02,2026-07-02 17:03:51,vendredi,regular,['vendredi'],Pass Vendredi,Shotgun,50.0,56.51,1,1
2026-07-02,2026-07-02 17:03:51,vendredi,regular,['vendredi'],Pass Vendredi,Shotgun,50.0,56.51,1,1
2026-07-02,2026-07-02 17:03:52,2-jours,regular,,Pass 2 Jours,Shotgun,95.0,107.37,1,1
2026-07-02,2026-07-02 17:03:53,2-jours,vip,"['vendredi', 'samedi']",Pass Acces Scene,Shotgun,220.0,248.66,1,1
2026-07-02,2026-07-02 17:03:53,2-jours,regular,,Pass 2 Jours,Shotgun,95.0,107.37,1,1
2026-07-02,2026-07-02 17:03:54,2-jours,regular,,Pass 2 Jours,Shotgun,95.0,107.37,1,1
2026-07-02,2026-07-02 17:03:54,2-jours,regular,,Pass 2 Jours,Shotgun,95.0,107.37,1,1
2026-07-02,2026-07-02 17:03:56,2-jours,regular,,Pass 2 Jours,Shotgun,95.0,107.37,1,1
2026-07-02,2026-07-02 17:03:56,2-jours,regular,,Pass 2 Jours,Shotgun,95.0,107.37,1,1
2026-07-02,2026-07-02 17:03:56,2-jours,vip,"['vendredi', 'samedi']",Pass Acces Scene,Shotgun,220.0,248.66,1,1
2026-07-02,2026-07-02 17:03:56,2-jours,regular,,Pass 2 Jours,Shotgun,95.0,107.37,1,1
2026-07-02,2026-07-02 17:03:57,2-jours,regular,,Pass 2 Jours,Shotgun,95.0,107.37,1,1
2026-07-02,2026-07-02 17:03:57,2-jours,regular,,Pass 2 Jours,Shotgun,95.0,107.37,1,1
2026-07-02,2026-07-02 17:03:58,2-jours,regular,,Pass 2 Jours,Shotgun,95.0,107.37,1,1
2026-07-02,2026-07-02 17:03:58,samedi,regular,['samedi'],Pass Samedi,Shotgun,50.0,56.51,1,1
2026-07-02,2026-07-02 17:03:59,vendredi,regular,['vendredi'],Pass Vendredi,Shotgun,50.0,56.51,1,1
2026-07-02,2026-07-02 17:04:00,2-jours,regular,,Pass 2 Jours,Shotgun,95.0,107.37,1,1
2026-07-02,2026-07-02 17:04:00,2-jours,regular,,Pass 2 Jours,Shotgun,95.0,107.37,1,1
2026-07-02,2026-07-02 17:04:00,vendredi,regular,['vendredi'],Pass Vendredi,Shotgun,50.0,56.51,1,1
2026-07-02,2026-07-02 17:04:01,2-jours,regular,,Pass 2 Jours,Shotgun,95.0,107.37,1,1
2026-07-02,2026-07-02 17:04:02,2-jours,regular,,Pass 2 Jours,Shotgun,95.0,107.37,1,1
2026-07-02,2026-07-02 17:04:02,samedi,regular,['samedi'],Pass Samedi,Shotgun,50.0,56.51,1,1
2026-07-02,2026-07-02 17:04:03,2-jours,regular,,Pass 2 Jours,Shotgun,95.0,107.37,1,1
2026-07-02,2026-07-02 17:04:03,2-jours,regular,,Pass 2 Jours,Shotgun,95.0,107.37,1,1
2026-07-02,2026-07-02 17:04:03,samedi,regular,['samedi'],Pass Samedi,Shotgun,50.0,56.51,1,1
2026-07-02,2026-07-02 17:04:04,2-jours,regular,,Pass 2 Jours,Shotgun,95.0,107.37,1,1
2026-07-02,2026-07-02 17:04:04,2-jours,regular,,Pass 2 Jours,Shotgun,95.0,107.37,1,1
2026-07-02,2026-07-02 17:04:04,samedi,regular,['samedi'],Pass Samedi,Shotgun,50.0,56.51,1,1
2026-07-02,2026-07-02 17:04:04,samedi,regular,['samedi'],Pass Samedi,Shotgun,50.0,56.51,1,1
2026-07-02,2026-07-02 17:04:04,samedi,regular,['samedi'],Pass Samedi,Shotgun,50.0,56.51,1,1
2026-07-02,2026-07-02 17:04:05,2-jours,regular,,Pass 2 Jours,Shotgun,95.0,107.37,1,1
2026-07-02,2026-07-02 17:04:06,2-jours,regular,,Pass 2 Jours,Shotgun,95.0,107.37,1,1
2026-07-02,2026-07-02 17:04:06,2-jours,regular,,Pass 2 Jours,Shotgun,95.0,107.37,1,1
2026-07-02,2026-07-02 17:04:06,2-jours,regular,,Pass 2 Jours,Shotgun,95.0,107.37,1,1
2026-07-02,2026-07-02 17:04:06,2-jours,vip,"['vendredi', 'samedi']",Pass Acces Scene,Shotgun,220.0,248.66,1,1
2026-07-02,2026-07-02 17:04:06,vendredi,regular,['vendredi'],Pass Vendredi,Shotgun,50.0,56.51,1,1
2026-07-02,2026-07-02 17:04:06,vendredi,vip,['vendredi'],Pass Acces Scene,Shotgun,120.0,135.63,1,1
2026-07-02,2026-07-02 17:04:07,2-jours,regular,,Pass 2 Jours,Shotgun,95.0,107.37,1,1
2026-07-02,2026-07-02 17:04:07,2-jours,regular,,Pass 2 Jours,Shotgun,95.0,107.37,1,1
2026-07-02,2026-07-02 17:04:07,vendredi,regular,['vendredi'],Pass Vendredi,Shotgun,50.0,56.51,1,1
2026-07-02,2026-07-02 17:04:07,vendredi,regular,['vendredi'],Pass Vendredi,Shotgun,50.0,56.51,1,1
2026-07-02,2026-07-02 17:04:08,vendredi,regular,['vendredi'],Pass Vendredi,Shotgun,50.0,56.51,1,1
2026-07-02,2026-07-02 17:04:09,vendredi,regular,['vendredi'],Pass Vendredi,Shotgun,50.0,56.51,1,1
2026-07-02,2026-07-02 17:04:09,vendredi,regular,['vendredi'],Pass Vendredi,Shotgun,50.0,56.51,1,1
2026-07-02,2026-07-02 17:04:10,vendredi,regular,['vendredi'],Pass Vendredi,Shotgun,50.0,56.51,1,1
2026-07-02,2026-07-02 17:04:10,vendredi,regular,['vendredi'],Pass Vendredi,Shotgun,50.0,56.51,1,1
2026-07-02,2026-07-02 17:04:10,2-jours,regular,,Pass 2 Jours,Shotgun,95.0,107.37,1,1
2026-07-02,2026-07-02 17:04:10,vendredi,regular,['vendredi'],Pass Vendredi,Shotgun,50.0,56.51,1,1
2026-07-02,2026-07-02 17:04:10,samedi,regular,['samedi'],Pass Samedi,Shotgun,50.0,56.51,1,1
2026-07-02,2026-07-02 17:04:10,samedi,regular,['samedi'],Pass Samedi,Shotgun,50.0,56.51,1,1
2026-07-02,2026-07-02 17:04:10,vendredi,regular,['vendredi'],Pass Vendredi,Shotgun,50.0,56.51,1,1
2026-07-02,2026-07-02 17:04:11,2-jours,regular,,Pass 2 Jours,Shotgun,95.0,107.37,1,1
2026-07-02,2026-07-02 17:04:11,2-jours,regular,,Pass 2 Jours,Shotgun,95.0,107.37,1,1
2026-07-02,2026-07-02 17:04:13,2-jours,regular,,Pass 2 Jours,Shotgun,95.0,107.37,1,1
2026-07-02,2026-07-02 17:04:13,2-jours,regular,,Pass 2 Jours,Shotgun,95.0,107.37,1,1
2026-07-02,2026-07-02 17:04:14,2-jours,regular,,Pass 2 Jours,Shotgun,95.0,107.37,1,1
2026-07-02,2026-07-02 17:04:14,2-jours,regular,,Pass 2 Jours,Shotgun,95.0,107.37,1,1
2026-07-02,2026-07-02 17:04:17,vendredi,regular,['vendredi'],Pass Vendredi,Shotgun,50.0,56.51,1,1
2026-07-02,2026-07-02 17:04:18,samedi,regular,['samedi'],Pass Samedi,Shotgun,50.0,56.51,1,1
2026-07-02,2026-07-02 17:04:18,samedi,regular,['samedi'],Pass Samedi,Shotgun,50.0,56.51,1,1
2026-07-02,2026-07-02 17:04:19,samedi,regular,['samedi'],Pass Samedi,Shotgun,50.0,56.51,1,1
2026-07-02,2026-07-02 17:04:19,2-jours,regular,,Pass 2 Jours,Shotgun,95.0,107.37,1,1
2026-07-02,2026-07-02 17:04:20,2-jours,regular,,Pass 2 Jours,Shotgun,95.0,107.37,1,1
2026-07-02,2026-07-02 17:04:20,2-jours,regular,,Pass 2 Jours,Shotgun,95.0,107.37,1,1
2026-07-02,2026-07-02 17:04:20,2-jours,regular,,Pass 2 Jours,Shotgun,95.0,107.37,1,1
2026-07-02,2026-07-02 17:04:20,2-jours,regular,,Pass 2 Jours,Shotgun,95.0,107.37,1,1
2026-07-02,2026-07-02 17:04:21,samedi,regular,['samedi'],Pass Samedi,Shotgun,50.0,56.51,1,1
2026-07-02,2026-07-02 17:04:21,2-jours,regular,,Pass 2 Jours,Shotgun,95.0,107.37,1,1
2026-07-02,2026-07-02 17:04:21,2-jours,regular,,Pass 2 Jours,Shotgun,95.0,107.37,1,1
2026-07-02,2026-07-02 17:04:21,vendredi,regular,['vendredi'],Pass Vendredi,Shotgun,50.0,56.51,1,1
2026-07-02,2026-07-02 17:04:21,2-jours,vip,"['vendredi', 'samedi']",Pass Acces Scene,Shotgun,220.0,248.66,1,1
2026-07-02,2026-07-02 17:04:21,2-jours,regular,,Pass 2 Jours,Shotgun,95.0,107.37,1,1
2026-07-02,2026-07-02 17:04:22,2-jours,regular,,Pass 2 Jours,Shotgun,95.0,107.37,1,1
2026-07-02,2026-07-02 17:04:22,2-jours,regular,,Pass 2 Jours,Shotgun,95.0,107.37,1,1
2026-07-02,2026-07-02 17:04:22,vendredi,regular,['vendredi'],Pass Vendredi,Shotgun,50.0,56.51,1,1
2026-07-02,2026-07-02 17:04:22,2-jours,regular,,Pass 2 Jours,Shotgun,95.0,107.37,1,1
2026-07-02,2026-07-02 17:04:22,2-jours,regular,,Pass 2 Jours,Shotgun,95.0,107.37,1,1
2026-07-02,2026-07-02 17:04:23,vendredi,regular,['vendredi'],Pass Vendredi,Shotgun,50.0,56.51,1,1
2026-07-02,2026-07-02 17:04:23,samedi,regular,['samedi'],Pass Samedi,Shotgun,50.0,56.51,1,1
2026-07-02,2026-07-02 17:04:24,2-jours,regular,,Pass 2 Jours,Shotgun,95.0,107.37,1,1
2026-07-02,2026-07-02 17:04:24,2-jours,regular,,Pass 2 Jours,Shotgun,95.0,107.37,1,1
2026-07-02,2026-07-02 17:04:24,2-jours,regular,,Pass 2 Jours,Shotgun,95.0,107.37,1,1
2026-07-02,2026-07-02 17:04:24,2-jours,regular,,Pass 2 Jours,Shotgun,95.0,107.37,1,1
2026-07-02,2026-07-02 17:04:25,2-jours,regular,,Pass 2 Jours,Shotgun,95.0,107.37,1,1
2026-07-02,2026-07-02 17:04:25,2-jours,regular,,Pass 2 Jours,Shotgun,95.0,107.37,1,1
2026-07-02,2026-07-02 17:04:26,2-jours,regular,,Pass 2 Jours,Shotgun,95.0,107.37,1,1
2026-07-02,2026-07-02 17:04:26,2-jours,regular,,Pass 2 Jours,Shotgun,95.0,107.37,1,1
2026-07-02,2026-07-02 17:04:26,2-jours,regular,,Pass 2 Jours,Shotgun,95.0,107.37,1,1
2026-07-02,2026-07-02 17:04:26,2-jours,regular,,Pass 2 Jours,Shotgun,95.0,107.37,1,1
2026-07-02,2026-07-02 17:04:27,2-jours,regular,,Pass 2 Jours,Shotgun,95.0,107.37,1,1
2026-07-02,2026-07-02 17:04:28,2-jours,regular,,Pass 2 Jours,Shotgun,95.0,107.37,1,1
2026-07-02,2026-07-02 17:04:29,2-jours,regular,,Pass 2 Jours,Shotgun,95.0,107.37,1,1
2026-07-02,2026-07-02 17:04:29,2-jours,regular,,Pass 2 Jours,Shotgun,95.0,107.37,1,1
2026-07-02,2026-07-02 17:04:29,2-jours,regular,,Pass 2 Jours,Shotgun,95.0,107.37,1,1
2026-07-02,2026-07-02 17:04:30,2-jours,regular,,Pass 2 Jours,Shotgun,95.0,107.37,1,1
2026-07-02,2026-07-02 17:04:30,2-jours,regular,,Pass 2 Jours,Shotgun,95.0,107.37,1,1
2026-07-02,2026-07-02 17:04:30,vendredi,regular,['vendredi'],Pass Vendredi,Shotgun,50.0,56.51,1,1
2026-07-02,2026-07-02 17:04:30,2-jours,regular,,Pass 2 Jours,Shotgun,95.0,107.37,1,1
2026-07-02,2026-07-02 17:04:30,samedi,regular,['samedi'],Pass Samedi,Shotgun,50.0,56.51,1,1
2026-07-02,2026-07-02 17:04:30,2-jours,regular,,Pass 2 Jours,Shotgun,95.0,107.37,1,1
2026-07-02,2026-07-02 17:04:32,vendredi,regular,['vendredi'],Pass Vendredi,Shotgun,50.0,56.51,1,1
2026-07-02,2026-07-02 17:04:32,2-jours,regular,,Pass 2 Jours,Shotgun,95.0,107.37,1,1
2026-07-02,2026-07-02 17:04:32,2-jours,regular,,Pass 2 Jours,Shotgun,95.0,107.37,1,1
2026-07-02,2026-07-02 17:04:33,2-jours,regular,,Pass 2 Jours,Shotgun,95.0,107.37,1,1
2026-07-02,2026-07-02 17:04:33,2-jours,regular,,Pass 2 Jours,Shotgun,95.0,107.37,1,1
2026-07-02,2026-07-02 17:04:35,2-jours,regular,,Pass 2 Jours,Shotgun,95.0,107.37,1,1
2026-07-02,2026-07-02 17:04:36,vendredi,regular,['vendredi'],Pass Vendredi,Shotgun,50.0,56.51,1,1
2026-07-02,2026-07-02 17:04:36,samedi,regular,['samedi'],Pass Samedi,Shotgun,50.0,56.51,1,1
2026-07-02,2026-07-02 17:04:36,samedi,regular,['samedi'],Pass Samedi,Shotgun,50.0,56.51,1,1
2026-07-02,2026-07-02 17:04:36,samedi,regular,['samedi'],Pass Samedi,Shotgun,50.0,56.51,1,1
2026-07-02,2026-07-02 17:04:36,samedi,regular,['samedi'],Pass Samedi,Shotgun,50.0,56.51,1,1
2026-07-02,2026-07-02 17:04:36,2-jours,regular,,Pass 2 Jours,Shotgun,95.0,107.37,1,1
2026-07-02,2026-07-02 17:04:36,2-jours,regular,,Pass 2 Jours,Shotgun,95.0,107.37,1,1
2026-07-02,2026-07-02 17:04:37,vendredi,regular,['vendredi'],Pass Vendredi,Shotgun,50.0,56.51,1,1
2026-07-02,2026-07-02 17:04:37,2-jours,regular,,Pass 2 Jours,Shotgun,95.0,107.37,1,1
2026-07-02,2026-07-02 17:04:37,2-jours,regular,,Pass 2 Jours,Shotgun,95.0,107.37,1,1
2026-07-02,2026-07-02 17:04:37,2-jours,regular,,Pass 2 Jours,Shotgun,95.0,107.37,1,1
2026-07-02,2026-07-02 17:04:37,2-jours,regular,,Pass 2 Jours,Shotgun,95.0,107.37,1,1
2026-07-02,2026-07-02 17:04:37,2-jours,regular,,Pass 2 Jours,Shotgun,95.0,107.37,1,1
2026-07-02,2026-07-02 17:04:37,vendredi,regular,['vendredi'],Pass Vendredi,Shotgun,50.0,56.51,1,1
2026-07-02,2026-07-02 17:04:38,samedi,regular,['samedi'],Pass Samedi,Shotgun,50.0,56.51,1,1
2026-07-02,2026-07-02 17:04:38,samedi,regular,['samedi'],Pass Samedi,Shotgun,50.0,56.51,1,1
2026-07-02,2026-07-02 17:04:38,2-jours,regular,,Pass 2 Jours,Shotgun,95.0,107.37,1,1
2026-07-02,2026-07-02 17:04:38,2-jours,regular,,Pass 2 Jours,Shotgun,95.0,107.37,1,1
2026-07-02,2026-07-02 17:04:38,2-jours,regular,,Pass 2 Jours,Shotgun,95.0,107.37,1,1
2026-07-02,2026-07-02 17:04:38,2-jours,regular,,Pass 2 Jours,Shotgun,95.0,107.37,1,1
2026-07-02,2026-07-02 17:04:38,2-jours,regular,,Pass 2 Jours,Shotgun,95.0,107.37,1,1
2026-07-02,2026-07-02 17:04:38,2-jours,regular,,Pass 2 Jours,Shotgun,95.0,107.37,1,1
2026-07-02,2026-07-02 17:04:41,2-jours,regular,,Pass 2 Jours,Shotgun,95.0,107.37,1,1
2026-07-02,2026-07-02 17:04:41,vendredi,regular,['vendredi'],Pass Vendredi,Shotgun,50.0,56.51,1,1
2026-07-02,2026-07-02 17:04:41,vendredi,regular,['vendredi'],Pass Vendredi,Shotgun,50.0,56.51,1,1
2026-07-02,2026-07-02 17:04:42,2-jours,regular,,Pass 2 Jours,Shotgun,95.0,107.37,1,1
2026-07-02,2026-07-02 17:04:42,2-jours,regular,,Pass 2 Jours,Shotgun,95.0,107.37,1,1
2026-07-02,2026-07-02 17:04:42,2-jours,regular,,Pass 2 Jours,Shotgun,95.0,107.37,1,1
2026-07-02,2026-07-02 17:04:42,2-jours,regular,,Pass 2 Jours,Shotgun,95.0,107.37,1,1
2026-07-02,2026-07-02 17:04:42,2-jours,regular,,Pass 2 Jours,Shotgun,95.0,107.37,1,1
2026-07-02,2026-07-02 17:04:43,2-jours,regular,,Pass 2 Jours,Shotgun,90.0,101.72,1,1
2026-07-02,2026-07-02 17:04:43,2-jours,regular,,Pass 2 Jours,Shotgun,95.0,107.37,1,1
2026-07-02,2026-07-02 17:04:44,2-jours,regular,,Pass 2 Jours,Shotgun,95.0,107.37,1,1
2026-07-02,2026-07-02 17:04:44,2-jours,regular,,Pass 2 Jours,Shotgun,95.0,107.37,1,1
2026-07-02,2026-07-02 17:04:45,2-jours,regular,,Pass 2 Jours,Shotgun,95.0,107.37,1,1
2026-07-02,2026-07-02 17:04:46,samedi,regular,['samedi'],Pass Samedi,Shotgun,50.0,56.51,1,1
2026-07-02,2026-07-02 17:04:47,samedi,regular,['samedi'],Pass Samedi,Shotgun,50.0,56.51,1,1
2026-07-02,2026-07-02 17:04:50,vendredi,regular,['vendredi'],Pass Vendredi,Shotgun,50.0,56.51,1,1
2026-07-02,2026-07-02 17:04:50,samedi,regular,['samedi'],Pass Samedi,Shotgun,50.0,56.51,1,1
2026-07-02,2026-07-02 17:04:50,2-jours,regular,,Pass 2 Jours,Shotgun,95.0,107.37,1,1
2026-07-02,2026-07-02 17:04:51,vendredi,vip,['vendredi'],Pass Acces Scene,Shotgun,120.0,135.63,1,1
2026-07-02,2026-07-02 17:04:53,vendredi,regular,['vendredi'],Pass Vendredi,Shotgun,50.0,56.51,1,1
2026-07-02,2026-07-02 17:04:54,samedi,regular,['samedi'],Pass Samedi,Shotgun,50.0,56.51,1,1
2026-07-02,2026-07-02 17:04:56,2-jours,regular,,Pass 2 Jours,Shotgun,95.0,107.37,1,1
2026-07-02,2026-07-02 17:04:57,2-jours,regular,,Pass 2 Jours,Shotgun,95.0,107.37,1,1
2026-07-02,2026-07-02 17:04:57,2-jours,regular,,Pass 2 Jours,Shotgun,95.0,107.37,1,1
2026-07-02,2026-07-02 17:04:58,2-jours,regular,,Pass 2 Jours,Shotgun,95.0,107.37,1,1
2026-07-02,2026-07-02 17:04:58,2-jours,regular,,Pass 2 Jours,Shotgun,95.0,107.37,1,1
2026-07-02,2026-07-02 17:04:58,2-jours,regular,,Pass 2 Jours,Shotgun,95.0,107.37,1,1
2026-07-02,2026-07-02 17:04:59,samedi,regular,['samedi'],Pass Samedi,Shotgun,50.0,56.51,1,1
2026-07-02,2026-07-02 17:04:59,vendredi,regular,['vendredi'],Pass Vendredi,Shotgun,50.0,56.51,1,1
2026-07-02,2026-07-02 17:04:59,vendredi,regular,['vendredi'],Pass Vendredi,Shotgun,50.0,56.51,1,1
2026-07-02,2026-07-02 17:04:59,samedi,regular,['samedi'],Pass Samedi,Shotgun,50.0,56.51,1,1
2026-07-02,2026-07-02 17:04:59,samedi,regular,['samedi'],Pass Samedi,Shotgun,50.0,56.51,1,1
2026-07-02,2026-07-02 17:04:59,2-jours,regular,,Pass 2 Jours,Shotgun,95.0,107.37,1,1
2026-07-02,2026-07-02 17:05:02,samedi,regular,['samedi'],Pass Samedi,Shotgun,50.0,56.51,1,1
2026-07-02,2026-07-02 17:05:02,samedi,regular,['samedi'],Pass Samedi,Shotgun,50.0,56.51,1,1
2026-07-02,2026-07-02 17:05:02,2-jours,regular,,Pass 2 Jours,Shotgun,95.0,107.37,1,1
2026-07-02,2026-07-02 17:05:03,vendredi,regular,['vendredi'],Pass Vendredi,Shotgun,50.0,56.51,1,1
2026-07-02,2026-07-02 17:05:03,2-jours,regular,,Pass 2 Jours,Shotgun,95.0,107.37,1,1
2026-07-02,2026-07-02 17:05:03,2-jours,regular,,Pass 2 Jours,Shotgun,95.0,107.37,1,1
2026-07-02,2026-07-02 17:05:03,2-jours,regular,,Pass 2 Jours,Shotgun,95.0,107.37,1,1
2026-07-02,2026-07-02 17:05:05,samedi,regular,['samedi'],Pass Samedi,Shotgun,50.0,56.51,1,1
2026-07-02,2026-07-02 17:05:05,2-jours,regular,,Pass 2 Jours,Shotgun,95.0,107.37,1,1
2026-07-02,2026-07-02 17:05:05,samedi,regular,['samedi'],Pass Samedi,Shotgun,50.0,56.51,1,1
2026-07-02,2026-07-02 17:05:06,vendredi,regular,['vendredi'],Pass Vendredi,Shotgun,50.0,56.51,1,1
2026-07-02,2026-07-02 17:05:06,vendredi,regular,['vendredi'],Pass Vendredi,Shotgun,50.0,56.51,1,1
2026-07-02,2026-07-02 17:05:06,2-jours,regular,,Pass 2 Jours,Shotgun,95.0,107.37,1,1
2026-07-02,2026-07-02 17:05:06,2-jours,regular,,Pass 2 Jours,Shotgun,95.0,107.37,1,1
2026-07-02,2026-07-02 17:05:06,2-jours,regular,,Pass 2 Jours,Shotgun,95.0,107.37,1,1
2026-07-02,2026-07-02 17:05:06,2-jours,regular,,Pass 2 Jours,Shotgun,95.0,107.37,1,1
2026-07-02,2026-07-02 17:05:06,vendredi,regular,['vendredi'],Pass Vendredi,Shotgun,50.0,56.51,1,1
2026-07-02,2026-07-02 17:05:07,2-jours,regular,,Pass 2 Jours,Shotgun,95.0,107.37,1,1
2026-07-02,2026-07-02 17:05:08,2-jours,regular,,Pass 2 Jours,Shotgun,95.0,107.37,1,1
2026-07-02,2026-07-02 17:05:08,2-jours,regular,,Pass 2 Jours,Shotgun,95.0,107.37,1,1
2026-07-02,2026-07-02 17:05:09,2-jours,regular,,Pass 2 Jours,Shotgun,95.0,107.37,1,1
2026-07-02,2026-07-02 17:05:09,2-jours,regular,,Pass 2 Jours,Shotgun,95.0,107.37,1,1
2026-07-02,2026-07-02 17:05:09,2-jours,regular,,Pass 2 Jours,Shotgun,95.0,107.37,1,1
2026-07-02,2026-07-02 17:05:11,2-jours,regular,,Pass 2 Jours,Shotgun,95.0,107.37,1,1
2026-07-02,2026-07-02 17:05:11,2-jours,regular,,Pass 2 Jours,Shotgun,95.0,107.37,1,1
2026-07-02,2026-07-02 17:05:11,samedi,vip,['samedi'],Pass Acces Scene,Shotgun,120.0,135.63,1,1
2026-07-02,2026-07-02 17:05:11,samedi,regular,['samedi'],Pass Samedi,Shotgun,50.0,56.51,1,1
2026-07-02,2026-07-02 17:05:11,samedi,regular,['samedi'],Pass Samedi,Shotgun,50.0,56.51,1,1
2026-07-02,2026-07-02 17:05:11,2-jours,regular,,Pass 2 Jours,Shotgun,95.0,107.37,1,1
2026-07-02,2026-07-02 17:05:12,2-jours,regular,,Pass 2 Jours,Shotgun,95.0,107.37,1,1
2026-07-02,2026-07-02 17:05:12,2-jours,regular,,Pass 2 Jours,Shotgun,95.0,107.37,1,1
2026-07-02,2026-07-02 17:05:13,2-jours,regular,,Pass 2 Jours,Shotgun,95.0,107.37,1,1
2026-07-02,2026-07-02 17:05:14,2-jours,regular,,Pass 2 Jours,Shotgun,95.0,107.37,1,1
2026-07-02,2026-07-02 17:05:15,2-jours,regular,,Pass 2 Jours,Shotgun,95.0,107.37,1,1
2026-07-02,2026-07-02 17:05:15,2-jours,regular,,Pass 2 Jours,Shotgun,95.0,107.37,1,1
2026-07-02,2026-07-02 17:05:16,2-jours,regular,,Pass 2 Jours,Shotgun,95.0,107.37,1,1
2026-07-02,2026-07-02 17:05:16,vendredi,regular,['vendredi'],Pass Vendredi,Shotgun,50.0,56.51,1,1
2026-07-02,2026-07-02 17:05:16,vendredi,regular,['vendredi'],Pass Vendredi,Shotgun,50.0,56.51,1,1
2026-07-02,2026-07-02 17:05:16,vendredi,regular,['vendredi'],Pass Vendredi,Shotgun,50.0,56.51,1,1
2026-07-02,2026-07-02 17:05:16,vendredi,regular,['vendredi'],Pass Vendredi,Shotgun,50.0,56.51,1,1
2026-07-02,2026-07-02 17:05:16,samedi,regular,['samedi'],Pass Samedi,Shotgun,50.0,56.51,1,1
2026-07-02,2026-07-02 17:05:17,2-jours,regular,,Pass 2 Jours,Shotgun,95.0,107.37,1,1
2026-07-02,2026-07-02 17:05:17,2-jours,regular,,Pass 2 Jours,Shotgun,95.0,107.37,1,1
2026-07-02,2026-07-02 17:05:17,2-jours,regular,,Pass 2 Jours,Shotgun,95.0,107.37,1,1
2026-07-02,2026-07-02 17:05:17,2-jours,regular,,Pass 2 Jours,Shotgun,95.0,107.37,1,1
2026-07-02,2026-07-02 17:05:18,2-jours,regular,,Pass 2 Jours,Shotgun,95.0,107.37,1,1
2026-07-02,2026-07-02 17:05:19,2-jours,regular,,Pass 2 Jours,Shotgun,95.0,107.37,1,1
2026-07-02,2026-07-02 17:05:19,2-jours,regular,,Pass 2 Jours,Shotgun,95.0,107.37,1,1
2026-07-02,2026-07-02 17:05:23,vendredi,regular,['vendredi'],Pass Vendredi,Shotgun,50.0,56.51,1,1
2026-07-02,2026-07-02 17:05:23,2-jours,regular,,Pass 2 Jours,Shotgun,95.0,107.37,1,1
2026-07-02,2026-07-02 17:05:24,2-jours,regular,,Pass 2 Jours,Shotgun,90.0,101.72,1,1
2026-07-02,2026-07-02 17:05:25,vendredi,regular,['vendredi'],Pass Vendredi,Shotgun,50.0,56.51,1,1
2026-07-02,2026-07-02 17:05:25,2-jours,regular,,Pass 2 Jours,Shotgun,95.0,107.37,1,1
2026-07-02,2026-07-02 17:05:25,2-jours,regular,,Pass 2 Jours,Shotgun,95.0,107.37,1,1
2026-07-02,2026-07-02 17:05:25,2-jours,regular,,Pass 2 Jours,Shotgun,95.0,107.37,1,1
2026-07-02,2026-07-02 17:05:25,vendredi,regular,['vendredi'],Pass Vendredi,Shotgun,50.0,56.51,1,1
2026-07-02,2026-07-02 17:05:25,vendredi,regular,['vendredi'],Pass Vendredi,Shotgun,50.0,56.51,1,1
2026-07-02,2026-07-02 17:05:26,2-jours,regular,,Pass 2 Jours,Shotgun,95.0,107.37,1,1
2026-07-02,2026-07-02 17:05:26,2-jours,regular,,Pass 2 Jours,Shotgun,95.0,107.37,1,1
2026-07-02,2026-07-02 17:05:26,vendredi,regular,['vendredi'],Pass Vendredi,Shotgun,50.0,56.51,1,1
2026-07-02,2026-07-02 17:05:28,vendredi,vip,['vendredi'],Pass Acces Scene,Shotgun,120.0,135.63,1,1
2026-07-02,2026-07-02 17:05:28,samedi,regular,['samedi'],Pass Samedi,Shotgun,50.0,56.51,1,1
2026-07-02,2026-07-02 17:05:29,2-jours,regular,,Pass 2 Jours,Shotgun,95.0,107.37,1,1
2026-07-02,2026-07-02 17:05:29,vendredi,vip,['vendredi'],Pass Acces Scene,Shotgun,120.0,135.63,1,1
2026-07-02,2026-07-02 17:05:29,samedi,regular,['samedi'],Pass Samedi,Shotgun,50.0,56.51,1,1
2026-07-02,2026-07-02 17:05:29,2-jours,regular,,Pass 2 Jours,Shotgun,95.0,107.37,1,1
2026-07-02,2026-07-02 17:05:29,2-jours,regular,,Pass 2 Jours,Shotgun,95.0,107.37,1,1
2026-07-02,2026-07-02 17:05:29,vendredi,vip,['vendredi'],Pass Acces Scene,Shotgun,120.0,135.63,1,1
2026-07-02,2026-07-02 17:05:29,samedi,regular,['samedi'],Pass Samedi,Shotgun,50.0,56.51,1,1
2026-07-02,2026-07-02 17:05:29,2-jours,regular,,Pass 2 Jours,Shotgun,95.0,107.37,1,1
2026-07-02,2026-07-02 17:05:30,2-jours,regular,,Pass 2 Jours,Shotgun,95.0,107.37,1,1
2026-07-02,2026-07-02 17:05:30,2-jours,regular,,Pass 2 Jours,Shotgun,95.0,107.37,1,1
2026-07-02,2026-07-02 17:05:30,samedi,regular,['samedi'],Pass Samedi,Shotgun,50.0,56.51,1,1
2026-07-02,2026-07-02 17:05:32,2-jours,regular,,Pass 2 Jours,Shotgun,95.0,107.37,1,1
2026-07-02,2026-07-02 17:05:32,samedi,regular,['samedi'],Pass Samedi,Shotgun,50.0,56.51,1,1
2026-07-02,2026-07-02 17:05:32,2-jours,regular,,Pass 2 Jours,Shotgun,95.0,107.37,1,1
2026-07-02,2026-07-02 17:05:32,2-jours,regular,,Pass 2 Jours,Shotgun,95.0,107.37,1,1
2026-07-02,2026-07-02 17:05:32,2-jours,regular,,Pass 2 Jours,Shotgun,95.0,107.37,1,1
2026-07-02,2026-07-02 17:05:33,2-jours,vip,"['vendredi', 'samedi']",Pass Acces Scene,Shotgun,220.0,248.66,1,1
2026-07-02,2026-07-02 17:05:35,vendredi,regular,['vendredi'],Pass Vendredi,Shotgun,50.0,56.51,1,1
2026-07-02,2026-07-02 17:05:36,vendredi,regular,['vendredi'],Pass Vendredi,Shotgun,50.0,56.51,1,1
2026-07-02,2026-07-02 17:05:36,vendredi,regular,['vendredi'],Pass Vendredi,Shotgun,50.0,56.51,1,1
2026-07-02,2026-07-02 17:05:36,vendredi,regular,['vendredi'],Pass Vendredi,Shotgun,50.0,56.51,1,1
2026-07-02,2026-07-02 17:05:36,2-jours,regular,,Pass 2 Jours,Shotgun,95.0,107.37,1,1
2026-07-02,2026-07-02 17:05:36,2-jours,regular,,Pass 2 Jours,Shotgun,95.0,107.37,1,1
2026-07-02,2026-07-02 17:05:36,samedi,regular,['samedi'],Pass Samedi,Shotgun,50.0,56.51,1,1
2026-07-02,2026-07-02 17:05:37,2-jours,regular,,Pass 2 Jours,Shotgun,95.0,107.37,1,1
2026-07-02,2026-07-02 17:05:38,2-jours,regular,,Pass 2 Jours,Shotgun,95.0,107.37,1,1
2026-07-02,2026-07-02 17:05:39,2-jours,regular,,Pass 2 Jours,Shotgun,95.0,107.37,1,1
2026-07-02,2026-07-02 17:05:40,2-jours,regular,,Pass 2 Jours,Shotgun,95.0,107.37,1,1
2026-07-02,2026-07-02 17:05:40,samedi,regular,['samedi'],Pass Samedi,Shotgun,50.0,56.51,1,1
2026-07-02,2026-07-02 17:05:40,samedi,regular,['samedi'],Pass Samedi,Shotgun,50.0,56.51,1,1
2026-07-02,2026-07-02 17:05:40,vendredi,vip,['vendredi'],Pass Acces Scene,Shotgun,120.0,135.63,1,1
2026-07-02,2026-07-02 17:05:40,vendredi,vip,['vendredi'],Pass Acces Scene,Shotgun,120.0,135.63,1,1
2026-07-02,2026-07-02 17:05:40,vendredi,regular,['vendredi'],Pass Vendredi,Shotgun,50.0,56.51,1,1
2026-07-02,2026-07-02 17:05:40,2-jours,regular,,Pass 2 Jours,Shotgun,95.0,107.37,1,1
2026-07-02,2026-07-02 17:05:41,2-jours,regular,,Pass 2 Jours,Shotgun,95.0,107.37,1,1
2026-07-02,2026-07-02 17:05:41,2-jours,regular,,Pass 2 Jours,Shotgun,95.0,107.37,1,1
2026-07-02,2026-07-02 17:05:42,samedi,regular,['samedi'],Pass Samedi,Shotgun,50.0,56.51,1,1
2026-07-02,2026-07-02 17:05:42,samedi,regular,['samedi'],Pass Samedi,Shotgun,50.0,56.51,1,1
2026-07-02,2026-07-02 17:05:42,vendredi,vip,['vendredi'],Pass Acces Scene,Shotgun,120.0,135.63,1,1
2026-07-02,2026-07-02 17:05:42,samedi,regular,['samedi'],Pass Samedi,Shotgun,50.0,56.51,1,1
2026-07-02,2026-07-02 17:05:43,2-jours,regular,,Pass 2 Jours,Shotgun,95.0,107.37,1,1
2026-07-02,2026-07-02 17:05:43,samedi,regular,['samedi'],Pass Samedi,Shotgun,50.0,56.51,1,1
2026-07-02,2026-07-02 17:05:43,samedi,regular,['samedi'],Pass Samedi,Shotgun,50.0,56.51,1,1
2026-07-02,2026-07-02 17:05:43,vendredi,regular,['vendredi'],Pass Vendredi,Shotgun,50.0,56.51,1,1
2026-07-02,2026-07-02 17:05:45,2-jours,regular,,Pass 2 Jours,Shotgun,95.0,107.37,1,1
2026-07-02,2026-07-02 17:05:47,2-jours,regular,,Pass 2 Jours,Shotgun,95.0,107.37,1,1
2026-07-02,2026-07-02 17:05:49,2-jours,regular,,Pass 2 Jours,Shotgun,95.0,107.37,1,1
2026-07-02,2026-07-02 17:05:50,2-jours,regular,,Pass 2 Jours,Shotgun,95.0,107.37,1,1
2026-07-02,2026-07-02 17:05:50,vendredi,regular,['vendredi'],Pass Vendredi,Shotgun,50.0,56.51,1,1
2026-07-02,2026-07-02 17:05:52,2-jours,regular,,Pass 2 Jours,Shotgun,95.0,107.37,1,1
2026-07-02,2026-07-02 17:05:52,2-jours,regular,,Pass 2 Jours,Shotgun,95.0,107.37,1,1
2026-07-02,2026-07-02 17:05:53,vendredi,regular,['vendredi'],Pass Vendredi,Shotgun,50.0,56.51,1,1
2026-07-02,2026-07-02 17:05:53,samedi,regular,['samedi'],Pass Samedi,Shotgun,50.0,56.51,1,1
2026-07-02,2026-07-02 17:05:54,2-jours,regular,,Pass 2 Jours,Shotgun,95.0,107.37,1,1
2026-07-02,2026-07-02 17:05:54,2-jours,regular,,Pass 2 Jours,Shotgun,95.0,107.37,1,1
2026-07-02,2026-07-02 17:05:55,samedi,regular,['samedi'],Pass Samedi,Shotgun,50.0,56.51,1,1
2026-07-02,2026-07-02 17:05:55,vendredi,regular,['vendredi'],Pass Vendredi,Shotgun,50.0,56.51,1,1
2026-07-02,2026-07-02 17:05:55,2-jours,vip,"['vendredi', 'samedi']",Pass Acces Scene,Shotgun,220.0,248.66,1,1
2026-07-02,2026-07-02 17:05:56,2-jours,regular,,Pass 2 Jours,Shotgun,95.0,107.37,1,1
2026-07-02,2026-07-02 17:05:58,2-jours,regular,,Pass 2 Jours,Shotgun,95.0,107.37,1,1
2026-07-02,2026-07-02 17:05:58,2-jours,regular,,Pass 2 Jours,Shotgun,95.0,107.37,1,1
2026-07-02,2026-07-02 17:05:58,samedi,regular,['samedi'],Pass Samedi,Shotgun,50.0,56.51,1,1
2026-07-02,2026-07-02 17:05:58,samedi,regular,['samedi'],Pass Samedi,Shotgun,50.0,56.51,1,1
2026-07-02,2026-07-02 17:05:58,samedi,regular,['samedi'],Pass Samedi,Shotgun,50.0,56.51,1,1
2026-07-02,2026-07-02 17:05:58,2-jours,regular,,Pass 2 Jours,Shotgun,95.0,107.37,1,1
2026-07-02,2026-07-02 17:06:00,samedi,regular,['samedi'],Pass Samedi,Shotgun,50.0,56.51,1,1
2026-07-02,2026-07-02 17:06:00,vendredi,regular,['vendredi'],Pass Vendredi,Shotgun,50.0,56.51,1,1
2026-07-02,2026-07-02 17:06:00,vendredi,regular,['vendredi'],Pass Vendredi,Shotgun,50.0,56.51,1,1
2026-07-02,2026-07-02 17:06:00,2-jours,regular,,Pass 2 Jours,Shotgun,95.0,107.37,1,1
2026-07-02,2026-07-02 17:06:01,2-jours,regular,,Pass 2 Jours,Shotgun,95.0,107.37,1,1
2026-07-02,2026-07-02 17:06:01,2-jours,regular,,Pass 2 Jours,Shotgun,95.0,107.37,1,1
2026-07-02,2026-07-02 17:06:02,vendredi,regular,['vendredi'],Pass Vendredi,Shotgun,50.0,56.51,1,1
2026-07-02,2026-07-02 17:06:02,vendredi,regular,['vendredi'],Pass Vendredi,Shotgun,50.0,56.51,1,1
2026-07-02,2026-07-02 17:06:02,vendredi,vip,['vendredi'],Pass Acces Scene,Shotgun,120.0,135.63,1,1
2026-07-02,2026-07-02 17:06:03,2-jours,regular,,Pass 2 Jours,Shotgun,95.0,107.37,1,1
2026-07-02,2026-07-02 17:06:03,vendredi,regular,['vendredi'],Pass Vendredi,Shotgun,50.0,56.51,1,1
2026-07-02,2026-07-02 17:06:03,samedi,regular,['samedi'],Pass Samedi,Shotgun,50.0,56.51,1,1
2026-07-02,2026-07-02 17:06:04,2-jours,regular,,Pass 2 Jours,Shotgun,90.0,101.72,1,1
2026-07-02,2026-07-02 17:06:04,vendredi,regular,['vendredi'],Pass Vendredi,Shotgun,50.0,56.51,1,1
2026-07-02,2026-07-02 17:06:04,vendredi,regular,['vendredi'],Pass Vendredi,Shotgun,50.0,56.51,1,1
2026-07-02,2026-07-02 17:06:04,2-jours,regular,,Pass 2 Jours,Shotgun,90.0,101.72,1,1
2026-07-02,2026-07-02 17:06:04,2-jours,regular,,Pass 2 Jours,Shotgun,95.0,107.37,1,1
2026-07-02,2026-07-02 17:06:04,vendredi,regular,['vendredi'],Pass Vendredi,Shotgun,50.0,56.51,1,1
2026-07-02,2026-07-02 17:06:04,vendredi,regular,['vendredi'],Pass Vendredi,Shotgun,50.0,56.51,1,1
2026-07-02,2026-07-02 17:06:04,vendredi,regular,['vendredi'],Pass Vendredi,Shotgun,50.0,56.51,1,1
2026-07-02,2026-07-02 17:06:04,2-jours,regular,,Pass 2 Jours,Shotgun,90.0,101.72,1,1
2026-07-02,2026-07-02 17:06:05,2-jours,regular,,Pass 2 Jours,Shotgun,95.0,107.37,1,1
2026-07-02,2026-07-02 17:06:05,samedi,regular,['samedi'],Pass Samedi,Shotgun,50.0,56.51,1,1
2026-07-02,2026-07-02 17:06:06,samedi,regular,['samedi'],Pass Samedi,Shotgun,50.0,56.51,1,1
2026-07-02,2026-07-02 17:06:07,vendredi,regular,['vendredi'],Pass Vendredi,Shotgun,50.0,56.51,1,1
2026-07-02,2026-07-02 17:06:08,2-jours,regular,,Pass 2 Jours,Shotgun,95.0,107.37,1,1
2026-07-02,2026-07-02 17:06:08,2-jours,regular,,Pass 2 Jours,Shotgun,90.0,101.72,1,1
2026-07-02,2026-07-02 17:06:09,2-jours,regular,,Pass 2 Jours,Shotgun,95.0,107.37,1,1
2026-07-02,2026-07-02 17:06:09,vendredi,regular,['vendredi'],Pass Vendredi,Shotgun,50.0,56.51,1,1
2026-07-02,2026-07-02 17:06:09,2-jours,regular,,Pass 2 Jours,Shotgun,95.0,107.37,1,1
2026-07-02,2026-07-02 17:06:11,2-jours,regular,,Pass 2 Jours,Shotgun,95.0,107.37,1,1
2026-07-02,2026-07-02 17:06:11,2-jours,regular,,Pass 2 Jours,Shotgun,95.0,107.37,1,1
2026-07-02,2026-07-02 17:06:12,2-jours,regular,,Pass 2 Jours,Shotgun,90.0,101.72,1,1
2026-07-02,2026-07-02 17:06:13,samedi,regular,['samedi'],Pass Samedi,Shotgun,50.0,56.51,1,1
2026-07-02,2026-07-02 17:06:16,2-jours,regular,,Pass 2 Jours,Shotgun,90.0,101.72,1,1
2026-07-02,2026-07-02 17:06:16,2-jours,regular,,Pass 2 Jours,Shotgun,90.0,101.72,1,1
2026-07-02,2026-07-02 17:06:17,2-jours,regular,,Pass 2 Jours,Shotgun,95.0,107.37,1,1
2026-07-02,2026-07-02 17:06:17,2-jours,regular,,Pass 2 Jours,Shotgun,95.0,107.37,1,1
2026-07-02,2026-07-02 17:06:18,2-jours,regular,,Pass 2 Jours,Shotgun,95.0,107.37,1,1
2026-07-02,2026-07-02 17:06:18,2-jours,regular,,Pass 2 Jours,Shotgun,90.0,101.72,1,1
2026-07-02,2026-07-02 17:06:18,2-jours,regular,,Pass 2 Jours,Shotgun,95.0,107.37,1,1
2026-07-02,2026-07-02 17:06:19,samedi,regular,['samedi'],Pass Samedi,Shotgun,50.0,56.51,1,1
2026-07-02,2026-07-02 17:06:19,samedi,regular,['samedi'],Pass Samedi,Shotgun,50.0,56.51,1,1
2026-07-02,2026-07-02 17:06:21,2-jours,regular,,Pass 2 Jours,Shotgun,95.0,107.37,1,1
2026-07-02,2026-07-02 17:06:21,2-jours,regular,,Pass 2 Jours,Shotgun,95.0,107.37,1,1
2026-07-02,2026-07-02 17:06:21,2-jours,regular,,Pass 2 Jours,Shotgun,95.0,107.37,1,1
2026-07-02,2026-07-02 17:06:21,2-jours,regular,,Pass 2 Jours,Shotgun,95.0,107.37,1,1
2026-07-02,2026-07-02 17:06:21,2-jours,regular,,Pass 2 Jours,Shotgun,95.0,107.37,1,1
2026-07-02,2026-07-02 17:06:21,samedi,regular,['samedi'],Pass Samedi,Shotgun,50.0,56.51,1,1
2026-07-02,2026-07-02 17:06:21,samedi,regular,['samedi'],Pass Samedi,Shotgun,50.0,56.51,1,1
2026-07-02,2026-07-02 17:06:21,2-jours,regular,,Pass 2 Jours,Shotgun,95.0,107.37,1,1
2026-07-02,2026-07-02 17:06:21,2-jours,regular,,Pass 2 Jours,Shotgun,95.0,107.37,1,1
2026-07-02,2026-07-02 17:06:21,2-jours,regular,,Pass 2 Jours,Shotgun,95.0,107.37,1,1
2026-07-02,2026-07-02 17:06:23,2-jours,regular,,Pass 2 Jours,Shotgun,95.0,107.37,1,1
2026-07-02,2026-07-02 17:06:26,2-jours,regular,,Pass 2 Jours,Shotgun,95.0,107.37,1,1
2026-07-02,2026-07-02 17:06:26,2-jours,regular,,Pass 2 Jours,Shotgun,95.0,107.37,1,1
2026-07-02,2026-07-02 17:06:26,2-jours,regular,,Pass 2 Jours,Shotgun,95.0,107.37,1,1
2026-07-02,2026-07-02 17:06:26,2-jours,regular,,Pass 2 Jours,Shotgun,95.0,107.37,1,1
2026-07-02,2026-07-02 17:06:26,samedi,regular,['samedi'],Pass Samedi,Shotgun,50.0,56.51,1,1
2026-07-02,2026-07-02 17:06:26,2-jours,regular,,Pass 2 Jours,Shotgun,95.0,107.37,1,1
2026-07-02,2026-07-02 17:06:26,2-jours,regular,,Pass 2 Jours,Shotgun,95.0,107.37,1,1
2026-07-02,2026-07-02 17:06:26,2-jours,regular,,Pass 2 Jours,Shotgun,95.0,107.37,1,1
2026-07-02,2026-07-02 17:06:26,2-jours,regular,,Pass 2 Jours,Shotgun,95.0,107.37,1,1
2026-07-02,2026-07-02 17:06:28,2-jours,regular,,Pass 2 Jours,Shotgun,95.0,107.37,1,1
2026-07-02,2026-07-02 17:06:28,samedi,regular,['samedi'],Pass Samedi,Shotgun,50.0,56.51,1,1
2026-07-02,2026-07-02 17:06:29,2-jours,vip,"['vendredi', 'samedi']",Pass Acces Scene,Shotgun,220.0,248.66,1,1
2026-07-02,2026-07-02 17:06:30,2-jours,regular,,Pass 2 Jours,Shotgun,95.0,107.37,1,1
2026-07-02,2026-07-02 17:06:30,2-jours,regular,,Pass 2 Jours,Shotgun,95.0,107.37,1,1
2026-07-02,2026-07-02 17:06:30,2-jours,regular,,Pass 2 Jours,Shotgun,95.0,107.37,1,1
2026-07-02,2026-07-02 17:06:30,2-jours,regular,,Pass 2 Jours,Shotgun,95.0,107.37,1,1
2026-07-02,2026-07-02 17:06:31,vendredi,vip,['vendredi'],Pass Acces Scene,Shotgun,120.0,135.63,1,1
2026-07-02,2026-07-02 17:06:31,samedi,regular,['samedi'],Pass Samedi,Shotgun,50.0,56.51,1,1
2026-07-02,2026-07-02 17:06:31,2-jours,regular,,Pass 2 Jours,Shotgun,95.0,107.37,1,1
2026-07-02,2026-07-02 17:06:31,2-jours,regular,,Pass 2 Jours,Shotgun,95.0,107.37,1,1
2026-07-02,2026-07-02 17:06:32,2-jours,regular,,Pass 2 Jours,Shotgun,95.0,107.37,1,1
2026-07-02,2026-07-02 17:06:32,2-jours,regular,,Pass 2 Jours,Shotgun,95.0,107.37,1,1
2026-07-02,2026-07-02 17:06:34,2-jours,regular,,Pass 2 Jours,Shotgun,95.0,107.37,1,1
2026-07-02,2026-07-02 17:06:36,2-jours,regular,,Pass 2 Jours,Shotgun,95.0,107.37,1,1
2026-07-02,2026-07-02 17:06:37,2-jours,regular,,Pass 2 Jours,Shotgun,95.0,107.37,1,1
2026-07-02,2026-07-02 17:06:38,2-jours,regular,,Pass 2 Jours,Shotgun,95.0,107.37,1,1
2026-07-02,2026-07-02 17:06:38,2-jours,regular,,Pass 2 Jours,Shotgun,95.0,107.37,1,1
2026-07-02,2026-07-02 17:06:40,samedi,regular,['samedi'],Pass Samedi,Shotgun,50.0,56.51,1,1
2026-07-02,2026-07-02 17:06:40,samedi,regular,['samedi'],Pass Samedi,Shotgun,50.0,56.51,1,1
2026-07-02,2026-07-02 17:06:40,samedi,regular,['samedi'],Pass Samedi,Shotgun,50.0,56.51,1,1
2026-07-02,2026-07-02 17:06:40,samedi,regular,['samedi'],Pass Samedi,Shotgun,50.0,56.51,1,1
2026-07-02,2026-07-02 17:06:40,samedi,regular,['samedi'],Pass Samedi,Shotgun,50.0,56.51,1,1
2026-07-02,2026-07-02 17:06:41,2-jours,regular,,Pass 2 Jours,Shotgun,95.0,107.37,1,1
2026-07-02,2026-07-02 17:06:42,2-jours,regular,,Pass 2 Jours,Shotgun,95.0,107.37,1,1
2026-07-02,2026-07-02 17:06:42,2-jours,regular,,Pass 2 Jours,Shotgun,90.0,101.72,1,1
2026-07-02,2026-07-02 17:06:43,2-jours,regular,,Pass 2 Jours,Shotgun,95.0,107.37,1,1
2026-07-02,2026-07-02 17:06:43,vendredi,regular,['vendredi'],Pass Vendredi,Shotgun,54.09,61.14,1,1
2026-07-02,2026-07-02 17:06:43,vendredi,regular,['vendredi'],Pass Vendredi,Shotgun,50.0,56.51,1,1
2026-07-02,2026-07-02 17:06:43,vendredi,regular,['vendredi'],Pass Vendredi,Shotgun,50.0,56.51,1,1
2026-07-02,2026-07-02 17:06:43,2-jours,regular,,Pass 2 Jours,Shotgun,95.0,107.37,1,1
2026-07-02,2026-07-02 17:06:43,samedi,regular,['samedi'],Pass Samedi,Shotgun,50.0,56.51,1,1
2026-07-02,2026-07-02 17:06:43,2-jours,regular,,Pass 2 Jours,Shotgun,95.0,107.37,1,1
2026-07-02,2026-07-02 17:06:43,2-jours,regular,,Pass 2 Jours,Shotgun,95.0,107.37,1,1
2026-07-02,2026-07-02 17:06:43,2-jours,regular,,Pass 2 Jours,Shotgun,95.0,107.37,1,1
2026-07-02,2026-07-02 17:06:46,2-jours,regular,,Pass 2 Jours,Shotgun,95.0,107.37,1,1
2026-07-02,2026-07-02 17:06:46,2-jours,regular,,Pass 2 Jours,Shotgun,95.0,107.37,1,1
2026-07-02,2026-07-02 17:06:47,samedi,regular,['samedi'],Pass Samedi,Shotgun,50.0,56.51,1,1
2026-07-02,2026-07-02 17:06:47,2-jours,regular,,Pass 2 Jours,Shotgun,95.0,107.37,1,1
2026-07-02,2026-07-02 17:06:47,2-jours,regular,,Pass 2 Jours,Shotgun,95.0,107.37,1,1
2026-07-02,2026-07-02 17:06:48,2-jours,regular,,Pass 2 Jours,Shotgun,95.0,107.37,1,1
2026-07-02,2026-07-02 17:06:49,vendredi,regular,['vendredi'],Pass Vendredi,Shotgun,50.0,56.51,1,1
2026-07-02,2026-07-02 17:06:50,2-jours,regular,,Pass 2 Jours,Shotgun,95.0,107.37,1,1
2026-07-02,2026-07-02 17:06:51,vendredi,vip,['vendredi'],Pass Acces Scene,Shotgun,120.0,135.63,1,1
2026-07-02,2026-07-02 17:06:51,2-jours,regular,,Pass 2 Jours,Shotgun,95.0,107.37,1,1
2026-07-02,2026-07-02 17:06:51,2-jours,regular,,Pass 2 Jours,Shotgun,95.0,107.37,1,1
2026-07-02,2026-07-02 17:06:51,2-jours,regular,,Pass 2 Jours,Shotgun,95.0,107.37,1,1
2026-07-02,2026-07-02 17:06:51,2-jours,regular,,Pass 2 Jours,Shotgun,95.0,107.37,1,1
2026-07-02,2026-07-02 17:06:51,vendredi,vip,['vendredi'],Pass Acces Scene,Shotgun,120.0,135.63,1,1
2026-07-02,2026-07-02 17:06:51,vendredi,vip,['vendredi'],Pass Acces Scene,Shotgun,120.0,135.63,1,1
2026-07-02,2026-07-02 17:06:52,2-jours,regular,,Pass 2 Jours,Shotgun,95.0,107.37,1,1
2026-07-02,2026-07-02 17:06:52,2-jours,regular,,Pass 2 Jours,Shotgun,95.0,107.37,1,1
2026-07-02,2026-07-02 17:06:53,2-jours,regular,,Pass 2 Jours,Shotgun,95.0,107.37,1,1
2026-07-02,2026-07-02 17:06:54,vendredi,regular,['vendredi'],Pass Vendredi,Shotgun,50.0,56.51,1,1
2026-07-02,2026-07-02 17:06:55,2-jours,regular,,Pass 2 Jours,Shotgun,95.0,107.37,1,1
2026-07-02,2026-07-02 17:06:55,2-jours,regular,,Pass 2 Jours,Shotgun,95.0,107.37,1,1
2026-07-02,2026-07-02 17:06:56,2-jours,regular,,Pass 2 Jours,Shotgun,95.0,107.37,1,1
2026-07-02,2026-07-02 17:06:56,2-jours,regular,,Pass 2 Jours,Shotgun,95.0,107.37,1,1
2026-07-02,2026-07-02 17:06:57,2-jours,regular,,Pass 2 Jours,Shotgun,95.0,107.37,1,1
2026-07-02,2026-07-02 17:06:57,2-jours,regular,,Pass 2 Jours,Shotgun,95.0,107.37,1,1
2026-07-02,2026-07-02 17:06:57,2-jours,regular,,Pass 2 Jours,Shotgun,95.0,107.37,1,1
2026-07-02,2026-07-02 17:06:57,samedi,regular,['samedi'],Pass Samedi,Shotgun,50.0,56.51,1,1
2026-07-02,2026-07-02 17:07:00,2-jours,regular,,Pass 2 Jours,Shotgun,95.0,107.37,1,1
2026-07-02,2026-07-02 17:07:01,vendredi,regular,['vendredi'],Pass Vendredi,Shotgun,50.0,56.51,1,1
2026-07-02,2026-07-02 17:07:01,2-jours,regular,,Pass 2 Jours,Shotgun,95.0,107.37,1,1
2026-07-02,2026-07-02 17:07:02,2-jours,regular,,Pass 2 Jours,Shotgun,95.0,107.37,1,1
2026-07-02,2026-07-02 17:07:04,2-jours,regular,,Pass 2 Jours,Shotgun,95.0,107.37,1,1
2026-07-02,2026-07-02 17:07:05,2-jours,regular,,Pass 2 Jours,Shotgun,95.0,107.37,1,1
2026-07-02,2026-07-02 17:07:05,vendredi,regular,['vendredi'],Pass Vendredi,Shotgun,50.0,56.51,1,1
2026-07-02,2026-07-02 17:07:05,vendredi,regular,['vendredi'],Pass Vendredi,Shotgun,50.0,56.51,1,1
2026-07-02,2026-07-02 17:07:06,2-jours,regular,,Pass 2 Jours,Shotgun,95.0,107.37,1,1
2026-07-02,2026-07-02 17:07:07,vendredi,regular,['vendredi'],Pass Vendredi,Shotgun,50.0,56.51,1,1
2026-07-02,2026-07-02 17:07:07,2-jours,regular,,Pass 2 Jours,Shotgun,95.0,107.37,1,1
2026-07-02,2026-07-02 17:07:08,2-jours,regular,,Pass 2 Jours,Shotgun,95.0,107.37,1,1
2026-07-02,2026-07-02 17:07:09,2-jours,regular,,Pass 2 Jours,Shotgun,95.0,107.37,1,1
2026-07-02,2026-07-02 17:07:09,2-jours,regular,,Pass 2 Jours,Shotgun,95.0,107.37,1,1
2026-07-02,2026-07-02 17:07:09,2-jours,regular,,Pass 2 Jours,Shotgun,95.0,107.37,1,1
2026-07-02,2026-07-02 17:07:10,2-jours,regular,,Pass 2 Jours,Shotgun,95.0,107.37,1,1
2026-07-02,2026-07-02 17:07:11,vendredi,regular,['vendredi'],Pass Vendredi,Shotgun,50.0,56.51,1,1
2026-07-02,2026-07-02 17:07:11,2-jours,regular,,Pass 2 Jours,Shotgun,95.0,107.37,1,1
2026-07-02,2026-07-02 17:07:11,2-jours,regular,,Pass 2 Jours,Shotgun,95.0,107.37,1,1
2026-07-02,2026-07-02 17:07:11,2-jours,regular,,Pass 2 Jours,Shotgun,95.0,107.37,1,1
2026-07-02,2026-07-02 17:07:12,samedi,regular,['samedi'],Pass Samedi,Shotgun,50.0,56.51,1,1
2026-07-02,2026-07-02 17:07:12,samedi,regular,['samedi'],Pass Samedi,Shotgun,50.0,56.51,1,1
2026-07-02,2026-07-02 17:07:14,2-jours,regular,,Pass 2 Jours,Shotgun,95.0,107.37,1,1
2026-07-02,2026-07-02 17:07:14,2-jours,regular,,Pass 2 Jours,Shotgun,95.0,107.37,1,1
2026-07-02,2026-07-02 17:07:14,vendredi,regular,['vendredi'],Pass Vendredi,Shotgun,50.0,56.51,1,1
2026-07-02,2026-07-02 17:07:14,2-jours,regular,,Pass 2 Jours,Shotgun,95.0,107.37,1,1
2026-07-02,2026-07-02 17:07:15,2-jours,regular,,Pass 2 Jours,Shotgun,95.0,107.37,1,1
2026-07-02,2026-07-02 17:07:16,2-jours,regular,,Pass 2 Jours,Shotgun,95.0,107.37,1,1
2026-07-02,2026-07-02 17:07:17,2-jours,regular,,Pass 2 Jours,Shotgun,95.0,107.37,1,1
2026-07-02,2026-07-02 17:07:18,2-jours,regular,,Pass 2 Jours,Shotgun,95.0,107.37,1,1
2026-07-02,2026-07-02 17:07:19,2-jours,regular,,Pass 2 Jours,Shotgun,95.0,107.37,1,1
2026-07-02,2026-07-02 17:07:21,samedi,regular,['samedi'],Pass Samedi,Shotgun,50.0,56.51,1,1
2026-07-02,2026-07-02 17:07:21,samedi,regular,['samedi'],Pass Samedi,Shotgun,50.0,56.51,1,1
2026-07-02,2026-07-02 17:07:22,samedi,regular,['samedi'],Pass Samedi,Shotgun,50.0,56.51,1,1
2026-07-02,2026-07-02 17:07:23,vendredi,regular,['vendredi'],Pass Vendredi,Shotgun,54.09,61.14,1,1
2026-07-02,2026-07-02 17:07:25,2-jours,regular,,Pass 2 Jours,Shotgun,95.0,107.37,1,1
2026-07-02,2026-07-02 17:07:25,vendredi,regular,['vendredi'],Pass Vendredi,Shotgun,54.09,61.14,1,1
2026-07-02,2026-07-02 17:07:30,2-jours,regular,,Pass 2 Jours,Shotgun,90.0,101.72,1,1
2026-07-02,2026-07-02 17:07:30,2-jours,regular,,Pass 2 Jours,Shotgun,90.0,101.72,1,1
2026-07-02,2026-07-02 17:07:30,2-jours,regular,,Pass 2 Jours,Shotgun,95.0,107.37,1,1
2026-07-02,2026-07-02 17:07:31,2-jours,regular,,Pass 2 Jours,Shotgun,95.0,107.37,1,1
2026-07-02,2026-07-02 17:07:31,2-jours,regular,,Pass 2 Jours,Shotgun,95.0,107.37,1,1
2026-07-02,2026-07-02 17:07:33,2-jours,regular,,Pass 2 Jours,Shotgun,95.0,107.37,1,1
2026-07-02,2026-07-02 17:07:34,2-jours,regular,,Pass 2 Jours,Shotgun,95.0,107.37,1,1
2026-07-02,2026-07-02 17:07:35,2-jours,regular,,Pass 2 Jours,Shotgun,95.0,107.37,1,1
2026-07-02,2026-07-02 17:07:35,2-jours,regular,,Pass 2 Jours,Shotgun,95.0,107.37,1,1
2026-07-02,2026-07-02 17:07:35,2-jours,regular,,Pass 2 Jours,Shotgun,95.0,107.37,1,1
2026-07-02,2026-07-02 17:07:36,vendredi,regular,['vendredi'],Pass Vendredi,Shotgun,50.0,56.51,1,1
2026-07-02,2026-07-02 17:07:37,2-jours,regular,,Pass 2 Jours,Shotgun,95.0,107.37,1,1
2026-07-02,2026-07-02 17:07:38,vendredi,regular,['vendredi'],Pass Vendredi,Shotgun,50.0,56.51,1,1
2026-07-02,2026-07-02 17:07:39,2-jours,regular,,Pass 2 Jours,Shotgun,95.0,107.37,1,1
2026-07-02,2026-07-02 17:07:42,2-jours,regular,,Pass 2 Jours,Shotgun,95.0,107.37,1,1
2026-07-02,2026-07-02 17:07:42,2-jours,regular,,Pass 2 Jours,Shotgun,95.0,107.37,1,1
2026-07-02,2026-07-02 17:07:43,vendredi,regular,['vendredi'],Pass Vendredi,Shotgun,54.09,61.14,1,1
2026-07-02,2026-07-02 17:07:43,vendredi,regular,['vendredi'],Pass Vendredi,Shotgun,54.09,61.14,1,1
2026-07-02,2026-07-02 17:07:43,vendredi,regular,['vendredi'],Pass Vendredi,Shotgun,50.0,56.51,1,1
2026-07-02,2026-07-02 17:07:44,2-jours,regular,,Pass 2 Jours,Shotgun,95.0,107.37,1,1
2026-07-02,2026-07-02 17:07:46,2-jours,regular,,Pass 2 Jours,Shotgun,95.0,107.37,1,1
2026-07-02,2026-07-02 17:07:46,2-jours,regular,,Pass 2 Jours,Shotgun,95.0,107.37,1,1
2026-07-02,2026-07-02 17:07:46,2-jours,regular,,Pass 2 Jours,Shotgun,95.0,107.37,1,1
2026-07-02,2026-07-02 17:07:46,samedi,regular,['samedi'],Pass Samedi,Shotgun,50.0,56.51,1,1
2026-07-02,2026-07-02 17:07:46,samedi,regular,['samedi'],Pass Samedi,Shotgun,50.0,56.51,1,1
2026-07-02,2026-07-02 17:07:46,samedi,regular,['samedi'],Pass Samedi,Shotgun,50.0,56.51,1,1
2026-07-02,2026-07-02 17:07:47,2-jours,regular,,Pass 2 Jours,Shotgun,95.0,107.37,1,1
2026-07-02,2026-07-02 17:07:47,2-jours,regular,,Pass 2 Jours,Shotgun,95.0,107.37,1,1
2026-07-02,2026-07-02 17:07:47,2-jours,regular,,Pass 2 Jours,Shotgun,95.0,107.37,1,1
2026-07-02,2026-07-02 17:07:47,2-jours,regular,,Pass 2 Jours,Shotgun,95.0,107.37,1,1
2026-07-02,2026-07-02 17:07:47,2-jours,regular,,Pass 2 Jours,Shotgun,95.0,107.37,1,1
2026-07-02,2026-07-02 17:07:48,2-jours,regular,,Pass 2 Jours,Shotgun,95.0,107.37,1,1
2026-07-02,2026-07-02 17:07:49,2-jours,regular,,Pass 2 Jours,Shotgun,95.0,107.37,1,1
2026-07-02,2026-07-02 17:07:49,2-jours,regular,,Pass 2 Jours,Shotgun,95.0,107.37,1,1
2026-07-02,2026-07-02 17:07:49,2-jours,regular,,Pass 2 Jours,Shotgun,95.0,107.37,1,1
2026-07-02,2026-07-02 17:07:50,2-jours,regular,,Pass 2 Jours,Shotgun,95.0,107.37,1,1
2026-07-02,2026-07-02 17:07:50,2-jours,regular,,Pass 2 Jours,Shotgun,95.0,107.37,1,1
2026-07-02,2026-07-02 17:07:50,vendredi,regular,['vendredi'],Pass Vendredi,Shotgun,50.0,56.51,1,1
2026-07-02,2026-07-02 17:07:50,vendredi,regular,['vendredi'],Pass Vendredi,Shotgun,50.0,56.51,1,1
2026-07-02,2026-07-02 17:07:50,2-jours,regular,,Pass 2 Jours,Shotgun,95.0,107.37,1,1
2026-07-02,2026-07-02 17:07:51,2-jours,regular,,Pass 2 Jours,Shotgun,95.0,107.37,1,1
2026-07-02,2026-07-02 17:07:52,2-jours,regular,,Pass 2 Jours,Shotgun,95.0,107.37,1,1
2026-07-02,2026-07-02 17:07:52,2-jours,regular,,Pass 2 Jours,Shotgun,95.0,107.37,1,1
2026-07-02,2026-07-02 17:07:52,vendredi,regular,['vendredi'],Pass Vendredi,Shotgun,54.09,61.14,1,1
2026-07-02,2026-07-02 17:07:52,vendredi,regular,['vendredi'],Pass Vendredi,Shotgun,54.09,61.14,1,1
2026-07-02,2026-07-02 17:07:54,samedi,regular,['samedi'],Pass Samedi,Shotgun,50.0,56.51,1,1
2026-07-02,2026-07-02 17:07:54,samedi,regular,['samedi'],Pass Samedi,Shotgun,50.0,56.51,1,1
2026-07-02,2026-07-02 17:07:55,2-jours,regular,,Pass 2 Jours,Shotgun,95.0,107.37,1,1
2026-07-02,2026-07-02 17:07:55,2-jours,regular,,Pass 2 Jours,Shotgun,95.0,107.37,1,1
2026-07-02,2026-07-02 17:07:56,2-jours,regular,,Pass 2 Jours,Shotgun,95.0,107.37,1,1
2026-07-02,2026-07-02 17:07:57,samedi,regular,['samedi'],Pass Samedi,Shotgun,50.0,56.51,1,1
2026-07-02,2026-07-02 17:07:58,2-jours,regular,,Pass 2 Jours,Shotgun,95.0,107.37,1,1
2026-07-02,2026-07-02 17:07:58,samedi,regular,['samedi'],Pass Samedi,Shotgun,50.0,56.51,1,1
2026-07-02,2026-07-02 17:07:58,2-jours,regular,,Pass 2 Jours,Shotgun,95.0,107.37,1,1
2026-07-02,2026-07-02 17:07:59,vendredi,vip,['vendredi'],Pass Acces Scene,Shotgun,120.0,135.63,1,1
2026-07-02,2026-07-02 17:07:59,vendredi,vip,['vendredi'],Pass Acces Scene,Shotgun,120.0,135.63,1,1
2026-07-02,2026-07-02 17:08:00,2-jours,regular,,Pass 2 Jours,Shotgun,95.0,107.37,1,1
2026-07-02,2026-07-02 17:08:00,2-jours,regular,,Pass 2 Jours,Shotgun,95.0,107.37,1,1
2026-07-02,2026-07-02 17:08:00,2-jours,regular,,Pass 2 Jours,Shotgun,95.0,107.37,1,1
2026-07-02,2026-07-02 17:08:00,2-jours,regular,,Pass 2 Jours,Shotgun,95.0,107.37,1,1
2026-07-02,2026-07-02 17:08:01,vendredi,regular,['vendredi'],Pass Vendredi,Shotgun,54.09,61.14,1,1
2026-07-02,2026-07-02 17:08:01,2-jours,regular,,Pass 2 Jours,Shotgun,95.0,107.37,1,1
2026-07-02,2026-07-02 17:08:01,2-jours,regular,,Pass 2 Jours,Shotgun,95.0,107.37,1,1
2026-07-02,2026-07-02 17:08:02,2-jours,regular,,Pass 2 Jours,Shotgun,95.0,107.37,1,1
2026-07-02,2026-07-02 17:08:03,2-jours,regular,,Pass 2 Jours,Shotgun,95.0,107.37,1,1
2026-07-02,2026-07-02 17:08:03,vendredi,regular,['vendredi'],Pass Vendredi,Shotgun,50.0,56.51,1,1
2026-07-02,2026-07-02 17:08:03,samedi,regular,['samedi'],Pass Samedi,Shotgun,50.0,56.51,1,1
2026-07-02,2026-07-02 17:08:05,vendredi,regular,['vendredi'],Pass Vendredi,Shotgun,54.09,61.14,1,1
2026-07-02,2026-07-02 17:08:05,2-jours,regular,,Pass 2 Jours,Shotgun,95.0,107.37,1,1
2026-07-02,2026-07-02 17:08:05,2-jours,regular,,Pass 2 Jours,Shotgun,95.0,107.37,1,1
2026-07-02,2026-07-02 17:08:07,2-jours,regular,,Pass 2 Jours,Shotgun,90.0,101.72,1,1
2026-07-02,2026-07-02 17:08:07,2-jours,regular,,Pass 2 Jours,Shotgun,95.0,107.37,1,1
2026-07-02,2026-07-02 17:08:07,vendredi,regular,['vendredi'],Pass Vendredi,Shotgun,54.09,61.14,1,1
2026-07-02,2026-07-02 17:08:08,2-jours,regular,,Pass 2 Jours,Shotgun,95.0,107.37,1,1
2026-07-02,2026-07-02 17:08:08,samedi,vip,['samedi'],Pass Acces Scene,Shotgun,120.0,135.63,1,1
2026-07-02,2026-07-02 17:08:08,samedi,regular,['samedi'],Pass Samedi,Shotgun,50.0,56.51,1,1
2026-07-02,2026-07-02 17:08:08,samedi,regular,['samedi'],Pass Samedi,Shotgun,50.0,56.51,1,1
2026-07-02,2026-07-02 17:08:08,samedi,vip,['samedi'],Pass Acces Scene,Shotgun,120.0,135.63,1,1
2026-07-02,2026-07-02 17:08:09,2-jours,regular,,Pass 2 Jours,Shotgun,95.0,107.37,1,1
2026-07-02,2026-07-02 17:08:10,samedi,regular,['samedi'],Pass Samedi,Shotgun,50.0,56.51,1,1
2026-07-02,2026-07-02 17:08:11,vendredi,regular,['vendredi'],Pass Vendredi,Shotgun,50.0,56.51,1,1
2026-07-02,2026-07-02 17:08:13,2-jours,regular,,Pass 2 Jours,Shotgun,95.0,107.37,1,1
2026-07-02,2026-07-02 17:08:16,vendredi,regular,['vendredi'],Pass Vendredi,Shotgun,54.09,61.14,1,1
2026-07-02,2026-07-02 17:08:16,2-jours,regular,,Pass 2 Jours,Shotgun,95.0,107.37,1,1
2026-07-02,2026-07-02 17:08:16,2-jours,regular,,Pass 2 Jours,Shotgun,95.0,107.37,1,1
2026-07-02,2026-07-02 17:08:19,2-jours,regular,,Pass 2 Jours,Shotgun,95.0,107.37,1,1
2026-07-02,2026-07-02 17:08:19,2-jours,regular,,Pass 2 Jours,Shotgun,95.0,107.37,1,1
2026-07-02,2026-07-02 17:08:20,2-jours,regular,,Pass 2 Jours,Shotgun,95.0,107.37,1,1
2026-07-02,2026-07-02 17:08:20,2-jours,regular,,Pass 2 Jours,Shotgun,95.0,107.37,1,1
2026-07-02,2026-07-02 17:08:21,2-jours,regular,,Pass 2 Jours,Shotgun,95.0,107.37,1,1
2026-07-02,2026-07-02 17:08:22,2-jours,regular,,Pass 2 Jours,Shotgun,95.0,107.37,1,1
2026-07-02,2026-07-02 17:08:22,vendredi,regular,['vendredi'],Pass Vendredi,Shotgun,54.09,61.14,1,1
2026-07-02,2026-07-02 17:08:23,2-jours,regular,,Pass 2 Jours,Shotgun,95.0,107.37,1,1
2026-07-02,2026-07-02 17:08:24,2-jours,regular,,Pass 2 Jours,Shotgun,95.0,107.37,1,1
2026-07-02,2026-07-02 17:08:24,2-jours,regular,,Pass 2 Jours,Shotgun,95.0,107.37,1,1
2026-07-02,2026-07-02 17:08:24,2-jours,regular,,Pass 2 Jours,Shotgun,95.0,107.37,1,1
2026-07-02,2026-07-02 17:08:24,2-jours,regular,,Pass 2 Jours,Shotgun,95.0,107.37,1,1
2026-07-02,2026-07-02 17:08:25,samedi,regular,['samedi'],Pass Samedi,Shotgun,50.0,56.51,1,1
2026-07-02,2026-07-02 17:08:25,samedi,regular,['samedi'],Pass Samedi,Shotgun,50.0,56.51,1,1
2026-07-02,2026-07-02 17:08:25,2-jours,regular,,Pass 2 Jours,Shotgun,95.0,107.37,1,1
2026-07-02,2026-07-02 17:08:25,2-jours,regular,,Pass 2 Jours,Shotgun,95.0,107.37,1,1
2026-07-02,2026-07-02 17:08:25,vendredi,regular,['vendredi'],Pass Vendredi,Shotgun,50.0,56.51,1,1
2026-07-02,2026-07-02 17:08:26,vendredi,vip,['vendredi'],Pass Acces Scene,Shotgun,120.0,135.63,1,1
2026-07-02,2026-07-02 17:08:26,2-jours,regular,,Pass 2 Jours,Shotgun,95.0,107.37,1,1
2026-07-02,2026-07-02 17:08:26,samedi,regular,['samedi'],Pass Samedi,Shotgun,50.0,56.51,1,1
2026-07-02,2026-07-02 17:08:27,vendredi,regular,['vendredi'],Pass Vendredi,Shotgun,54.09,61.14,1,1
2026-07-02,2026-07-02 17:08:29,2-jours,regular,,Pass 2 Jours,Shotgun,95.0,107.37,1,1
2026-07-02,2026-07-02 17:08:30,samedi,regular,['samedi'],Pass Samedi,Shotgun,50.0,56.51,1,1
2026-07-02,2026-07-02 17:08:30,2-jours,regular,,Pass 2 Jours,Shotgun,95.0,107.37,1,1
2026-07-02,2026-07-02 17:08:30,2-jours,regular,,Pass 2 Jours,Shotgun,95.0,107.37,1,1
2026-07-02,2026-07-02 17:08:30,samedi,regular,['samedi'],Pass Samedi,Shotgun,50.0,56.51,1,1
2026-07-02,2026-07-02 17:08:30,samedi,regular,['samedi'],Pass Samedi,Shotgun,50.0,56.51,1,1
2026-07-02,2026-07-02 17:08:31,2-jours,regular,,Pass 2 Jours,Shotgun,95.0,107.37,1,1
2026-07-02,2026-07-02 17:08:32,vendredi,regular,['vendredi'],Pass Vendredi,Shotgun,54.09,61.14,1,1
2026-07-02,2026-07-02 17:08:34,vendredi,regular,['vendredi'],Pass Vendredi,Shotgun,54.09,61.14,1,1
2026-07-02,2026-07-02 17:08:34,vendredi,regular,['vendredi'],Pass Vendredi,Shotgun,54.09,61.14,1,1
2026-07-02,2026-07-02 17:08:35,vendredi,regular,['vendredi'],Pass Vendredi,Shotgun,50.0,56.51,1,1
2026-07-02,2026-07-02 17:08:35,vendredi,regular,['vendredi'],Pass Vendredi,Shotgun,50.0,56.51,1,1
2026-07-02,2026-07-02 17:08:37,samedi,regular,['samedi'],Pass Samedi,Shotgun,50.0,56.51,1,1
2026-07-02,2026-07-02 17:08:39,samedi,regular,['samedi'],Pass Samedi,Shotgun,50.0,56.51,1,1
2026-07-02,2026-07-02 17:08:43,2-jours,regular,,Pass 2 Jours,Shotgun,95.0,107.37,1,1
2026-07-02,2026-07-02 17:08:44,2-jours,regular,,Pass 2 Jours,Shotgun,95.0,107.37,1,1
2026-07-02,2026-07-02 17:08:44,2-jours,regular,,Pass 2 Jours,Shotgun,95.0,107.37,1,1
2026-07-02,2026-07-02 17:08:46,2-jours,regular,,Pass 2 Jours,Shotgun,95.0,107.37,1,1
2026-07-02,2026-07-02 17:08:46,samedi,regular,['samedi'],Pass Samedi,Shotgun,50.0,56.51,1,1
2026-07-02,2026-07-02 17:08:48,samedi,regular,['samedi'],Pass Samedi,Shotgun,50.0,56.51,1,1
2026-07-02,2026-07-02 17:08:48,samedi,regular,['samedi'],Pass Samedi,Shotgun,50.0,56.51,1,1
2026-07-02,2026-07-02 17:08:50,2-jours,regular,,Pass 2 Jours,Shotgun,95.0,107.37,1,1
2026-07-02,2026-07-02 17:08:50,2-jours,regular,,Pass 2 Jours,Shotgun,95.0,107.37,1,1
2026-07-02,2026-07-02 17:08:50,2-jours,regular,,Pass 2 Jours,Shotgun,95.0,107.37,1,1
2026-07-02,2026-07-02 17:08:50,2-jours,regular,,Pass 2 Jours,Shotgun,95.0,107.37,1,1
2026-07-02,2026-07-02 17:08:50,2-jours,regular,,Pass 2 Jours,Shotgun,95.0,107.37,1,1
2026-07-02,2026-07-02 17:08:50,2-jours,regular,,Pass 2 Jours,Shotgun,95.0,107.37,1,1
2026-07-02,2026-07-02 17:08:50,samedi,regular,['samedi'],Pass Samedi,Shotgun,50.0,56.51,1,1
2026-07-02,2026-07-02 17:08:51,samedi,regular,['samedi'],Pass Samedi,Shotgun,50.0,56.51,1,1
2026-07-02,2026-07-02 17:08:52,2-jours,regular,,Pass 2 Jours,Shotgun,95.0,107.37,1,1
2026-07-02,2026-07-02 17:08:52,2-jours,vip,"['vendredi', 'samedi']",Pass Acces Scene,Shotgun,220.0,248.66,1,1
2026-07-02,2026-07-02 17:08:53,2-jours,regular,,Pass 2 Jours,Shotgun,95.0,107.37,1,1
2026-07-02,2026-07-02 17:08:57,2-jours,regular,,Pass 2 Jours,Shotgun,95.0,107.37,1,1
2026-07-02,2026-07-02 17:08:59,2-jours,regular,,Pass 2 Jours,Shotgun,95.0,107.37,1,1
2026-07-02,2026-07-02 17:08:59,vendredi,regular,['vendredi'],Pass Vendredi,Shotgun,50.0,56.51,1,1
2026-07-02,2026-07-02 17:08:59,vendredi,regular,['vendredi'],Pass Vendredi,Shotgun,50.0,56.51,1,1
2026-07-02,2026-07-02 17:08:59,vendredi,regular,['vendredi'],Pass Vendredi,Shotgun,50.0,56.51,1,1
2026-07-02,2026-07-02 17:08:59,vendredi,regular,['vendredi'],Pass Vendredi,Shotgun,50.0,56.51,1,1
2026-07-02,2026-07-02 17:08:59,vendredi,regular,['vendredi'],Pass Vendredi,Shotgun,50.0,56.51,1,1
2026-07-02,2026-07-02 17:09:00,vendredi,regular,['vendredi'],Pass Vendredi,Shotgun,54.09,61.14,1,1
2026-07-02,2026-07-02 17:09:00,samedi,regular,['samedi'],Pass Samedi,Shotgun,50.0,56.51,1,1
2026-07-02,2026-07-02 17:09:01,samedi,regular,['samedi'],Pass Samedi,Shotgun,50.0,56.51,1,1
2026-07-02,2026-07-02 17:09:01,2-jours,regular,,Pass 2 Jours,Shotgun,95.0,107.37,1,1
2026-07-02,2026-07-02 17:09:02,2-jours,regular,,Pass 2 Jours,Shotgun,95.0,107.37,1,1
2026-07-02,2026-07-02 17:09:04,2-jours,regular,,Pass 2 Jours,Shotgun,95.0,107.37,1,1
2026-07-02,2026-07-02 17:09:04,2-jours,regular,,Pass 2 Jours,Shotgun,95.0,107.37,1,1
2026-07-02,2026-07-02 17:09:04,2-jours,regular,,Pass 2 Jours,Shotgun,95.0,107.37,1,1
2026-07-02,2026-07-02 17:09:05,2-jours,regular,,Pass 2 Jours,Shotgun,90.0,101.72,1,1
2026-07-02,2026-07-02 17:09:06,vendredi,regular,['vendredi'],Pass Vendredi,Shotgun,54.09,61.14,1,1
2026-07-02,2026-07-02 17:09:06,2-jours,regular,,Pass 2 Jours,Shotgun,95.0,107.37,1,1
2026-07-02,2026-07-02 17:09:07,2-jours,regular,,Pass 2 Jours,Shotgun,95.0,107.37,1,1
2026-07-02,2026-07-02 17:09:07,2-jours,regular,,Pass 2 Jours,Shotgun,95.0,107.37,1,1
2026-07-02,2026-07-02 17:09:08,vendredi,vip,['vendredi'],Pass Acces Scene,Shotgun,120.0,135.63,1,1
2026-07-02,2026-07-02 17:09:08,2-jours,regular,,Pass 2 Jours,Shotgun,95.0,107.37,1,1
2026-07-02,2026-07-02 17:09:08,2-jours,regular,,Pass 2 Jours,Shotgun,95.0,107.37,1,1
2026-07-02,2026-07-02 17:09:10,2-jours,regular,,Pass 2 Jours,Shotgun,95.0,107.37,1,1
2026-07-02,2026-07-02 17:09:11,vendredi,regular,['vendredi'],Pass Vendredi,Shotgun,54.09,61.14,1,1
2026-07-02,2026-07-02 17:09:11,vendredi,regular,['vendredi'],Pass Vendredi,Shotgun,54.09,61.14,1,1
2026-07-02,2026-07-02 17:09:12,vendredi,regular,['vendredi'],Pass Vendredi,Shotgun,50.0,56.51,1,1
2026-07-02,2026-07-02 17:09:12,vendredi,regular,['vendredi'],Pass Vendredi,Shotgun,50.0,56.51,1,1
2026-07-02,2026-07-02 17:09:14,vendredi,regular,['vendredi'],Pass Vendredi,Shotgun,54.09,61.14,1,1
2026-07-02,2026-07-02 17:09:14,vendredi,regular,['vendredi'],Pass Vendredi,Shotgun,54.09,61.14,1,1
2026-07-02,2026-07-02 17:09:14,vendredi,regular,['vendredi'],Pass Vendredi,Shotgun,54.09,61.14,1,1
2026-07-02,2026-07-02 17:09:14,vendredi,regular,['vendredi'],Pass Vendredi,Shotgun,54.09,61.14,1,1
2026-07-02,2026-07-02 17:09:14,samedi,regular,['samedi'],Pass Samedi,Shotgun,50.0,56.51,1,1
2026-07-02,2026-07-02 17:09:16,2-jours,regular,,Pass 2 Jours,Shotgun,95.0,107.37,1,1
2026-07-02,2026-07-02 17:09:16,2-jours,regular,,Pass 2 Jours,Shotgun,95.0,107.37,1,1
2026-07-02,2026-07-02 17:09:16,vendredi,regular,['vendredi'],Pass Vendredi,Shotgun,54.09,61.14,1,1
2026-07-02,2026-07-02 17:09:16,2-jours,regular,,Pass 2 Jours,Shotgun,95.0,107.37,1,1
2026-07-02,2026-07-02 17:09:16,2-jours,regular,,Pass 2 Jours,Shotgun,95.0,107.37,1,1
2026-07-02,2026-07-02 17:09:16,samedi,regular,['samedi'],Pass Samedi,Shotgun,50.0,56.51,1,1
2026-07-02,2026-07-02 17:09:18,2-jours,regular,,Pass 2 Jours,Shotgun,95.0,107.37,1,1
2026-07-02,2026-07-02 17:09:20,2-jours,regular,,Pass 2 Jours,Shotgun,95.0,107.37,1,1
2026-07-02,2026-07-02 17:09:20,2-jours,regular,,Pass 2 Jours,Shotgun,95.0,107.37,1,1
2026-07-02,2026-07-02 17:09:20,2-jours,regular,,Pass 2 Jours,Shotgun,95.0,107.37,1,1
2026-07-02,2026-07-02 17:09:20,2-jours,regular,,Pass 2 Jours,Shotgun,95.0,107.37,1,1
2026-07-02,2026-07-02 17:09:21,samedi,regular,['samedi'],Pass Samedi,Shotgun,50.0,56.51,1,1
2026-07-02,2026-07-02 17:09:25,vendredi,regular,['vendredi'],Pass Vendredi,Shotgun,54.09,61.14,1,1
2026-07-02,2026-07-02 17:09:25,samedi,regular,['samedi'],Pass Samedi,Shotgun,50.0,56.51,1,1
2026-07-02,2026-07-02 17:09:25,2-jours,regular,,Pass 2 Jours,Shotgun,95.0,107.37,1,1
2026-07-02,2026-07-02 17:09:26,2-jours,regular,,Pass 2 Jours,Shotgun,95.0,107.37,1,1
2026-07-02,2026-07-02 17:09:29,2-jours,regular,,Pass 2 Jours,Shotgun,95.0,107.37,1,1
2026-07-02,2026-07-02 17:09:29,2-jours,regular,,Pass 2 Jours,Shotgun,95.0,107.37,1,1
2026-07-02,2026-07-02 17:09:31,vendredi,regular,['vendredi'],Pass Vendredi,Shotgun,54.09,61.14,1,1
2026-07-02,2026-07-02 17:09:31,2-jours,regular,,Pass 2 Jours,Shotgun,95.0,107.37,1,1
2026-07-02,2026-07-02 17:09:31,2-jours,regular,,Pass 2 Jours,Shotgun,95.0,107.37,1,1
2026-07-02,2026-07-02 17:09:34,2-jours,regular,,Pass 2 Jours,Shotgun,95.0,107.37,1,1
2026-07-02,2026-07-02 17:09:34,vendredi,regular,['vendredi'],Pass Vendredi,Shotgun,54.09,61.14,1,1
2026-07-02,2026-07-02 17:09:34,vendredi,regular,['vendredi'],Pass Vendredi,Shotgun,54.09,61.14,1,1
2026-07-02,2026-07-02 17:09:36,vendredi,regular,['vendredi'],Pass Vendredi,Shotgun,50.0,56.51,1,1
2026-07-02,2026-07-02 17:09:36,samedi,regular,['samedi'],Pass Samedi,Shotgun,50.0,56.51,1,1
2026-07-02,2026-07-02 17:09:37,2-jours,regular,,Pass 2 Jours,Shotgun,95.0,107.37,1,1
2026-07-02,2026-07-02 17:09:45,2-jours,vip,"['vendredi', 'samedi']",Pass Acces Scene,Shotgun,220.0,248.66,1,1
2026-07-02,2026-07-02 17:09:48,2-jours,regular,,Pass 2 Jours,Shotgun,95.0,107.37,1,1
2026-07-02,2026-07-02 17:09:48,2-jours,regular,,Pass 2 Jours,Shotgun,95.0,107.37,1,1
2026-07-02,2026-07-02 17:09:49,2-jours,regular,,Pass 2 Jours,Shotgun,95.0,107.37,1,1
2026-07-02,2026-07-02 17:09:49,vendredi,regular,['vendredi'],Pass Vendredi,Shotgun,50.0,56.51,1,1
2026-07-02,2026-07-02 17:09:49,samedi,regular,['samedi'],Pass Samedi,Shotgun,50.0,56.51,1,1
2026-07-02,2026-07-02 17:09:50,2-jours,regular,,Pass 2 Jours,Shotgun,95.0,107.37,1,1
2026-07-02,2026-07-02 17:09:50,2-jours,regular,,Pass 2 Jours,Shotgun,95.0,107.37,1,1
2026-07-02,2026-07-02 17:09:52,2-jours,regular,,Pass 2 Jours,Shotgun,95.0,107.37,1,1
2026-07-02,2026-07-02 17:09:52,2-jours,regular,,Pass 2 Jours,Shotgun,95.0,107.37,1,1
2026-07-02,2026-07-02 17:09:53,samedi,regular,['samedi'],Pass Samedi,Shotgun,50.0,56.51,1,1
2026-07-02,2026-07-02 17:09:53,samedi,regular,['samedi'],Pass Samedi,Shotgun,50.0,56.51,1,1
2026-07-02,2026-07-02 17:09:54,samedi,regular,['samedi'],Pass Samedi,Shotgun,50.0,56.51,1,1
2026-07-02,2026-07-02 17:09:55,vendredi,regular,['vendredi'],Pass Vendredi,Shotgun,50.0,56.51,1,1
2026-07-02,2026-07-02 17:09:56,2-jours,regular,,Pass 2 Jours,Shotgun,95.0,107.37,1,1
2026-07-02,2026-07-02 17:09:58,2-jours,regular,,Pass 2 Jours,Shotgun,95.0,107.37,1,1
2026-07-02,2026-07-02 17:10:00,2-jours,regular,,Pass 2 Jours,Shotgun,95.0,107.37,1,1
2026-07-02,2026-07-02 17:10:01,2-jours,regular,,Pass 2 Jours,Shotgun,95.0,107.37,1,1
2026-07-02,2026-07-02 17:10:01,vendredi,regular,['vendredi'],Pass Vendredi,Shotgun,54.09,61.14,1,1
2026-07-02,2026-07-02 17:10:03,vendredi,regular,['vendredi'],Pass Vendredi,Shotgun,54.09,61.14,1,1
2026-07-02,2026-07-02 17:10:03,vendredi,regular,['vendredi'],Pass Vendredi,Shotgun,50.0,56.51,1,1
2026-07-02,2026-07-02 17:10:04,2-jours,regular,,Pass 2 Jours,Shotgun,95.0,107.37,1,1
2026-07-02,2026-07-02 17:10:06,2-jours,regular,,Pass 2 Jours,Shotgun,95.0,107.37,1,1
2026-07-02,2026-07-02 17:10:10,2-jours,regular,,Pass 2 Jours,Shotgun,95.0,107.37,1,1
2026-07-02,2026-07-02 17:10:12,samedi,regular,['samedi'],Pass Samedi,Shotgun,50.0,56.51,1,1
2026-07-02,2026-07-02 17:10:13,2-jours,regular,,Pass 2 Jours,Shotgun,95.0,107.37,1,1
2026-07-02,2026-07-02 17:10:13,2-jours,regular,,Pass 2 Jours,Shotgun,95.0,107.37,1,1
2026-07-02,2026-07-02 17:10:13,vendredi,regular,['vendredi'],Pass Vendredi,Shotgun,54.09,61.14,1,1
2026-07-02,2026-07-02 17:10:15,vendredi,regular,['vendredi'],Pass Vendredi,Shotgun,50.0,56.51,1,1
2026-07-02,2026-07-02 17:10:15,2-jours,regular,,Pass 2 Jours,Shotgun,95.0,107.37,1,1
2026-07-02,2026-07-02 17:10:15,2-jours,regular,,Pass 2 Jours,Shotgun,95.0,107.37,1,1
2026-07-02,2026-07-02 17:10:15,vendredi,regular,['vendredi'],Pass Vendredi,Shotgun,50.0,56.51,1,1
2026-07-02,2026-07-02 17:10:15,vendredi,regular,['vendredi'],Pass Vendredi,Shotgun,50.0,56.51,1,1
2026-07-02,2026-07-02 17:10:15,vendredi,regular,['vendredi'],Pass Vendredi,Shotgun,50.0,56.51,1,1
2026-07-02,2026-07-02 17:10:15,vendredi,regular,['vendredi'],Pass Vendredi,Shotgun,50.0,56.51,1,1
2026-07-02,2026-07-02 17:10:16,samedi,regular,['samedi'],Pass Samedi,Shotgun,50.0,56.51,1,1
2026-07-02,2026-07-02 17:10:18,2-jours,regular,,Pass 2 Jours,Shotgun,95.0,107.37,1,1
2026-07-02,2026-07-02 17:10:18,2-jours,regular,,Pass 2 Jours,Shotgun,95.0,107.37,1,1
2026-07-02,2026-07-02 17:10:18,2-jours,regular,,Pass 2 Jours,Shotgun,95.0,107.37,1,1
2026-07-02,2026-07-02 17:10:18,samedi,regular,['samedi'],Pass Samedi,Shotgun,50.0,56.51,1,1
2026-07-02,2026-07-02 17:10:19,2-jours,regular,,Pass 2 Jours,Shotgun,95.0,107.37,1,1
2026-07-02,2026-07-02 17:10:19,vendredi,regular,['vendredi'],Pass Vendredi,Shotgun,50.0,56.51,1,1
2026-07-02,2026-07-02 17:10:19,vendredi,regular,['vendredi'],Pass Vendredi,Shotgun,50.0,56.51,1,1
2026-07-02,2026-07-02 17:10:20,2-jours,regular,,Pass 2 Jours,Shotgun,95.0,107.37,1,1
2026-07-02,2026-07-02 17:10:21,vendredi,regular,['vendredi'],Pass Vendredi,Shotgun,54.09,61.14,1,1
2026-07-02,2026-07-02 17:10:22,2-jours,regular,,Pass 2 Jours,Shotgun,95.0,107.37,1,1
2026-07-02,2026-07-02 17:10:23,2-jours,regular,,Pass 2 Jours,Shotgun,95.0,107.37,1,1
2026-07-02,2026-07-02 17:10:23,2-jours,regular,,Pass 2 Jours,Shotgun,95.0,107.37,1,1
2026-07-02,2026-07-02 17:10:24,samedi,regular,['samedi'],Pass Samedi,Shotgun,50.0,56.51,1,1
2026-07-02,2026-07-02 17:10:26,2-jours,regular,,Pass 2 Jours,Shotgun,95.0,107.37,1,1
2026-07-02,2026-07-02 17:10:28,2-jours,regular,,Pass 2 Jours,Shotgun,95.0,107.37,1,1
2026-07-02,2026-07-02 17:10:28,2-jours,regular,,Pass 2 Jours,Shotgun,95.0,107.37,1,1
2026-07-02,2026-07-02 17:10:29,2-jours,regular,,Pass 2 Jours,Shotgun,95.0,107.37,1,1
2026-07-02,2026-07-02 17:10:29,2-jours,regular,,Pass 2 Jours,Shotgun,95.0,107.37,1,1
2026-07-02,2026-07-02 17:10:31,2-jours,regular,,Pass 2 Jours,Shotgun,95.0,107.37,1,1
2026-07-02,2026-07-02 17:10:32,2-jours,regular,,Pass 2 Jours,Shotgun,95.0,107.37,1,1
2026-07-02,2026-07-02 17:10:34,2-jours,regular,,Pass 2 Jours,Shotgun,95.0,107.37,1,1
2026-07-02,2026-07-02 17:10:34,2-jours,regular,,Pass 2 Jours,Shotgun,95.0,107.37,1,1
2026-07-02,2026-07-02 17:10:34,2-jours,regular,,Pass 2 Jours,Shotgun,95.0,107.37,1,1
2026-07-02,2026-07-02 17:10:36,2-jours,regular,,Pass 2 Jours,Shotgun,95.0,107.37,1,1
2026-07-02,2026-07-02 17:10:36,2-jours,regular,,Pass 2 Jours,Shotgun,95.0,107.37,1,1
2026-07-02,2026-07-02 17:10:36,samedi,regular,['samedi'],Pass Samedi,Shotgun,50.0,56.51,1,1
2026-07-02,2026-07-02 17:10:37,2-jours,regular,,Pass 2 Jours,Shotgun,95.0,107.37,1,1
2026-07-02,2026-07-02 17:10:37,2-jours,regular,,Pass 2 Jours,Shotgun,95.0,107.37,1,1
2026-07-02,2026-07-02 17:10:38,2-jours,regular,,Pass 2 Jours,Shotgun,95.0,107.37,1,1
2026-07-02,2026-07-02 17:10:40,2-jours,vip,"['vendredi', 'samedi']",Pass Acces Scene,Shotgun,220.0,248.66,1,1
2026-07-02,2026-07-02 17:10:40,vendredi,regular,['vendredi'],Pass Vendredi,Shotgun,50.0,56.51,1,1
2026-07-02,2026-07-02 17:10:40,samedi,regular,['samedi'],Pass Samedi,Shotgun,50.0,56.51,1,1
2026-07-02,2026-07-02 17:10:41,2-jours,regular,,Pass 2 Jours,Shotgun,95.0,107.37,1,1
2026-07-02,2026-07-02 17:10:44,2-jours,regular,,Pass 2 Jours,Shotgun,95.0,107.37,1,1
2026-07-02,2026-07-02 17:10:48,2-jours,regular,,Pass 2 Jours,Shotgun,95.0,107.37,1,1
2026-07-02,2026-07-02 17:10:50,2-jours,regular,,Pass 2 Jours,Shotgun,95.0,107.37,1,1
2026-07-02,2026-07-02 17:10:57,2-jours,regular,,Pass 2 Jours,Shotgun,95.0,107.37,1,1
2026-07-02,2026-07-02 17:10:57,samedi,regular,['samedi'],Pass Samedi,Shotgun,50.0,56.51,1,1
2026-07-02,2026-07-02 17:10:57,samedi,regular,['samedi'],Pass Samedi,Shotgun,50.0,56.51,1,1
2026-07-02,2026-07-02 17:10:59,vendredi,regular,['vendredi'],Pass Vendredi,Shotgun,54.09,61.14,1,1
2026-07-02,2026-07-02 17:10:59,vendredi,regular,['vendredi'],Pass Vendredi,Shotgun,54.09,61.14,1,1
2026-07-02,2026-07-02 17:11:00,samedi,regular,['samedi'],Pass Samedi,Shotgun,50.0,56.51,1,1
2026-07-02,2026-07-02 17:11:00,2-jours,vip,"['vendredi', 'samedi']",Pass Acces Scene,Shotgun,220.0,248.66,1,1
2026-07-02,2026-07-02 17:11:02,2-jours,regular,,Pass 2 Jours,Shotgun,95.0,107.37,1,1
2026-07-02,2026-07-02 17:11:02,vendredi,regular,['vendredi'],Pass Vendredi,Shotgun,50.0,56.51,1,1
2026-07-02,2026-07-02 17:11:02,2-jours,regular,,Pass 2 Jours,Shotgun,95.0,107.37,1,1
2026-07-02,2026-07-02 17:11:03,2-jours,regular,,Pass 2 Jours,Shotgun,95.0,107.37,1,1
2026-07-02,2026-07-02 17:11:03,2-jours,regular,,Pass 2 Jours,Shotgun,95.0,107.37,1,1
2026-07-02,2026-07-02 17:11:04,2-jours,regular,,Pass 2 Jours,Shotgun,95.0,107.37,1,1
2026-07-02,2026-07-02 17:11:04,2-jours,regular,,Pass 2 Jours,Shotgun,95.0,107.37,1,1
2026-07-02,2026-07-02 17:11:05,samedi,regular,['samedi'],Pass Samedi,Shotgun,50.0,56.51,1,1
2026-07-02,2026-07-02 17:11:05,2-jours,regular,,Pass 2 Jours,Shotgun,95.0,107.37,1,1
2026-07-02,2026-07-02 17:11:07,2-jours,regular,,Pass 2 Jours,Shotgun,95.0,107.37,1,1
2026-07-02,2026-07-02 17:11:07,2-jours,regular,,Pass 2 Jours,Shotgun,95.0,107.37,1,1
2026-07-02,2026-07-02 17:11:08,2-jours,regular,,Pass 2 Jours,Shotgun,95.0,107.37,1,1
2026-07-02,2026-07-02 17:11:08,2-jours,regular,,Pass 2 Jours,Shotgun,95.0,107.37,1,1
2026-07-02,2026-07-02 17:11:08,2-jours,regular,,Pass 2 Jours,Shotgun,95.0,107.37,1,1
2026-07-02,2026-07-02 17:11:09,vendredi,regular,['vendredi'],Pass Vendredi,Shotgun,54.09,61.14,1,1
2026-07-02,2026-07-02 17:11:12,2-jours,regular,,Pass 2 Jours,Shotgun,95.0,107.37,1,1
2026-07-02,2026-07-02 17:11:13,2-jours,regular,,Pass 2 Jours,Shotgun,95.0,107.37,1,1
2026-07-02,2026-07-02 17:11:13,2-jours,regular,,Pass 2 Jours,Shotgun,95.0,107.37,1,1
2026-07-02,2026-07-02 17:11:14,2-jours,regular,,Pass 2 Jours,Shotgun,95.0,107.37,1,1
2026-07-02,2026-07-02 17:11:14,2-jours,regular,,Pass 2 Jours,Shotgun,95.0,107.37,1,1
2026-07-02,2026-07-02 17:11:16,2-jours,regular,,Pass 2 Jours,Shotgun,95.0,107.37,1,1
2026-07-02,2026-07-02 17:11:20,2-jours,regular,,Pass 2 Jours,Shotgun,95.0,107.37,1,1
2026-07-02,2026-07-02 17:11:21,samedi,regular,['samedi'],Pass Samedi,Shotgun,50.0,56.51,1,1
2026-07-02,2026-07-02 17:11:23,vendredi,regular,['vendredi'],Pass Vendredi,Shotgun,54.09,61.14,1,1
2026-07-02,2026-07-02 17:11:25,2-jours,regular,,Pass 2 Jours,Shotgun,95.0,107.37,1,1
2026-07-02,2026-07-02 17:11:25,2-jours,regular,,Pass 2 Jours,Shotgun,95.0,107.37,1,1
2026-07-02,2026-07-02 17:11:25,2-jours,regular,,Pass 2 Jours,Shotgun,95.0,107.37,1,1
2026-07-02,2026-07-02 17:11:25,2-jours,regular,,Pass 2 Jours,Shotgun,95.0,107.37,1,1
2026-07-02,2026-07-02 17:11:26,samedi,regular,['samedi'],Pass Samedi,Shotgun,50.0,56.51,1,1
2026-07-02,2026-07-02 17:11:26,samedi,regular,['samedi'],Pass Samedi,Shotgun,50.0,56.51,1,1
2026-07-02,2026-07-02 17:11:27,2-jours,regular,,Pass 2 Jours,Shotgun,95.0,107.37,1,1
2026-07-02,2026-07-02 17:11:28,2-jours,regular,,Pass 2 Jours,Shotgun,95.0,107.37,1,1
2026-07-02,2026-07-02 17:11:28,2-jours,regular,,Pass 2 Jours,Shotgun,95.0,107.37,1,1
2026-07-02,2026-07-02 17:11:28,2-jours,regular,,Pass 2 Jours,Shotgun,95.0,107.37,1,1
2026-07-02,2026-07-02 17:11:33,2-jours,vip,"['vendredi', 'samedi']",Pass Acces Scene,Shotgun,220.0,248.66,1,1
2026-07-02,2026-07-02 17:11:34,2-jours,regular,,Pass 2 Jours,Shotgun,95.0,107.37,1,1
2026-07-02,2026-07-02 17:11:34,samedi,regular,['samedi'],Pass Samedi,Shotgun,50.0,56.51,1,1
2026-07-02,2026-07-02 17:11:34,samedi,regular,['samedi'],Pass Samedi,Shotgun,50.0,56.51,1,1
2026-07-02,2026-07-02 17:11:36,2-jours,regular,,Pass 2 Jours,Shotgun,95.0,107.37,1,1
2026-07-02,2026-07-02 17:11:39,samedi,regular,['samedi'],Pass Samedi,Shotgun,50.0,56.51,1,1
2026-07-02,2026-07-02 17:11:40,2-jours,regular,,Pass 2 Jours,Shotgun,95.0,107.37,1,1
2026-07-02,2026-07-02 17:11:40,2-jours,regular,,Pass 2 Jours,Shotgun,95.0,107.37,1,1
2026-07-02,2026-07-02 17:11:41,2-jours,regular,,Pass 2 Jours,Shotgun,95.0,107.37,1,1
2026-07-02,2026-07-02 17:11:41,2-jours,regular,,Pass 2 Jours,Shotgun,95.0,107.37,1,1
2026-07-02,2026-07-02 17:11:42,2-jours,regular,,Pass 2 Jours,Shotgun,95.0,107.37,1,1
2026-07-02,2026-07-02 17:11:42,2-jours,regular,,Pass 2 Jours,Shotgun,95.0,107.37,1,1
2026-07-02,2026-07-02 17:11:45,2-jours,regular,,Pass 2 Jours,Shotgun,95.0,107.37,1,1
2026-07-02,2026-07-02 17:11:45,2-jours,regular,,Pass 2 Jours,Shotgun,95.0,107.37,1,1
2026-07-02,2026-07-02 17:11:47,2-jours,regular,,Pass 2 Jours,Shotgun,95.0,107.37,1,1
2026-07-02,2026-07-02 17:11:47,2-jours,regular,,Pass 2 Jours,Shotgun,95.0,107.37,1,1
2026-07-02,2026-07-02 17:11:48,2-jours,regular,,Pass 2 Jours,Shotgun,95.0,107.37,1,1
2026-07-02,2026-07-02 17:11:49,vendredi,regular,['vendredi'],Pass Vendredi,Shotgun,54.09,61.14,1,1
2026-07-02,2026-07-02 17:11:50,vendredi,regular,['vendredi'],Pass Vendredi,Shotgun,54.09,61.14,1,1
2026-07-02,2026-07-02 17:11:51,2-jours,regular,,Pass 2 Jours,Shotgun,95.0,107.37,1,1
2026-07-02,2026-07-02 17:11:53,samedi,regular,['samedi'],Pass Samedi,Shotgun,50.0,56.51,1,1
2026-07-02,2026-07-02 17:11:53,vendredi,regular,['vendredi'],Pass Vendredi,Shotgun,54.09,61.14,1,1
2026-07-02,2026-07-02 17:11:54,samedi,regular,['samedi'],Pass Samedi,Shotgun,50.0,56.51,1,1
2026-07-02,2026-07-02 17:11:55,samedi,regular,['samedi'],Pass Samedi,Shotgun,50.0,56.51,1,1
2026-07-02,2026-07-02 17:11:58,2-jours,vip,"['vendredi', 'samedi']",Pass Acces Scene,Shotgun,220.0,248.66,1,1
2026-07-02,2026-07-02 17:11:58,vendredi,regular,['vendredi'],Pass Vendredi,Shotgun,50.0,56.51,1,1
2026-07-02,2026-07-02 17:12:05,2-jours,regular,,Pass 2 Jours,Shotgun,95.0,107.37,1,1
2026-07-02,2026-07-02 17:12:06,2-jours,regular,,Pass 2 Jours,Shotgun,95.0,107.37,1,1
2026-07-02,2026-07-02 17:12:06,vendredi,regular,['vendredi'],Pass Vendredi,Shotgun,50.0,56.51,1,1
2026-07-02,2026-07-02 17:12:07,samedi,regular,['samedi'],Pass Samedi,Shotgun,50.0,56.51,1,1
2026-07-02,2026-07-02 17:12:08,vendredi,regular,['vendredi'],Pass Vendredi,Shotgun,54.09,61.14,1,1
2026-07-02,2026-07-02 17:12:09,2-jours,regular,,Pass 2 Jours,Shotgun,95.0,107.37,1,1
2026-07-02,2026-07-02 17:12:10,2-jours,regular,,Pass 2 Jours,Shotgun,95.0,107.37,1,1
2026-07-02,2026-07-02 17:12:11,2-jours,regular,,Pass 2 Jours,Shotgun,95.0,107.37,1,1
2026-07-02,2026-07-02 17:12:12,vendredi,regular,['vendredi'],Pass Vendredi,Shotgun,50.0,56.51,1,1
2026-07-02,2026-07-02 17:12:13,2-jours,regular,,Pass 2 Jours,Shotgun,95.0,107.37,1,1
2026-07-02,2026-07-02 17:12:13,2-jours,regular,,Pass 2 Jours,Shotgun,95.0,107.37,1,1
2026-07-02,2026-07-02 17:12:16,vendredi,regular,['vendredi'],Pass Vendredi,Shotgun,50.0,56.51,1,1
2026-07-02,2026-07-02 17:12:19,vendredi,regular,['vendredi'],Pass Vendredi,Shotgun,54.09,61.14,1,1
2026-07-02,2026-07-02 17:12:20,2-jours,regular,,Pass 2 Jours,Shotgun,95.0,107.37,1,1
2026-07-02,2026-07-02 17:12:21,2-jours,regular,,Pass 2 Jours,Shotgun,95.0,107.37,1,1
2026-07-02,2026-07-02 17:12:21,2-jours,regular,,Pass 2 Jours,Shotgun,95.0,107.37,1,1
2026-07-02,2026-07-02 17:12:22,2-jours,regular,,Pass 2 Jours,Shotgun,95.0,107.37,1,1
2026-07-02,2026-07-02 17:12:23,2-jours,regular,,Pass 2 Jours,Shotgun,95.0,107.37,1,1
2026-07-02,2026-07-02 17:12:23,vendredi,regular,['vendredi'],Pass Vendredi,Shotgun,54.09,61.14,1,1
2026-07-02,2026-07-02 17:12:24,2-jours,regular,,Pass 2 Jours,Shotgun,95.0,107.37,1,1
2026-07-02,2026-07-02 17:12:24,2-jours,regular,,Pass 2 Jours,Shotgun,95.0,107.37,1,1
2026-07-02,2026-07-02 17:12:24,2-jours,regular,,Pass 2 Jours,Shotgun,95.0,107.37,1,1
2026-07-02,2026-07-02 17:12:27,samedi,regular,['samedi'],Pass Samedi,Shotgun,50.0,56.51,1,1
2026-07-02,2026-07-02 17:12:30,2-jours,regular,,Pass 2 Jours,Shotgun,95.0,107.37,1,1
2026-07-02,2026-07-02 17:12:30,samedi,regular,['samedi'],Pass Samedi,Shotgun,50.0,56.51,1,1
2026-07-02,2026-07-02 17:12:31,vendredi,regular,['vendredi'],Pass Vendredi,Shotgun,54.09,61.14,1,1
2026-07-02,2026-07-02 17:12:33,samedi,regular,['samedi'],Pass Samedi,Shotgun,50.0,56.51,1,1
2026-07-02,2026-07-02 17:12:34,2-jours,regular,,Pass 2 Jours,Shotgun,95.0,107.37,1,1
2026-07-02,2026-07-02 17:12:34,2-jours,regular,,Pass 2 Jours,Shotgun,95.0,107.37,1,1
2026-07-02,2026-07-02 17:12:34,samedi,regular,['samedi'],Pass Samedi,Shotgun,50.0,56.51,1,1
2026-07-02,2026-07-02 17:12:35,vendredi,regular,['vendredi'],Pass Vendredi,Shotgun,54.09,61.14,1,1
2026-07-02,2026-07-02 17:12:35,vendredi,regular,['vendredi'],Pass Vendredi,Shotgun,54.09,61.14,1,1
2026-07-02,2026-07-02 17:12:35,vendredi,regular,['vendredi'],Pass Vendredi,Shotgun,54.09,61.14,1,1
2026-07-02,2026-07-02 17:12:38,2-jours,regular,,Pass 2 Jours,Shotgun,95.0,107.37,1,1
2026-07-02,2026-07-02 17:12:38,2-jours,regular,,Pass 2 Jours,Shotgun,95.0,107.37,1,1
2026-07-02,2026-07-02 17:12:38,2-jours,regular,,Pass 2 Jours,Shotgun,95.0,107.37,1,1
2026-07-02,2026-07-02 17:12:39,vendredi,regular,['vendredi'],Pass Vendredi,Shotgun,54.09,61.14,1,1
2026-07-02,2026-07-02 17:12:40,2-jours,regular,,Pass 2 Jours,Shotgun,95.0,107.37,1,1
2026-07-02,2026-07-02 17:12:40,2-jours,regular,,Pass 2 Jours,Shotgun,95.0,107.37,1,1
2026-07-02,2026-07-02 17:12:41,2-jours,regular,,Pass 2 Jours,Shotgun,95.0,107.37,1,1
2026-07-02,2026-07-02 17:12:43,2-jours,regular,,Pass 2 Jours,Shotgun,95.0,107.37,1,1
2026-07-02,2026-07-02 17:12:43,2-jours,regular,,Pass 2 Jours,Shotgun,95.0,107.37,1,1
2026-07-02,2026-07-02 17:12:46,2-jours,regular,,Pass 2 Jours,Shotgun,95.0,107.37,1,1
2026-07-02,2026-07-02 17:12:46,2-jours,regular,,Pass 2 Jours,Shotgun,95.0,107.37,1,1
2026-07-02,2026-07-02 17:12:48,2-jours,regular,,Pass 2 Jours,Shotgun,95.0,107.37,1,1
2026-07-02,2026-07-02 17:12:48,2-jours,regular,,Pass 2 Jours,Shotgun,95.0,107.37,1,1
2026-07-02,2026-07-02 17:12:48,2-jours,regular,,Pass 2 Jours,Shotgun,95.0,107.37,1,1
2026-07-02,2026-07-02 17:12:48,2-jours,regular,,Pass 2 Jours,Shotgun,95.0,107.37,1,1
2026-07-02,2026-07-02 17:12:48,2-jours,regular,,Pass 2 Jours,Shotgun,95.0,107.37,1,1
2026-07-02,2026-07-02 17:12:48,2-jours,regular,,Pass 2 Jours,Shotgun,95.0,107.37,1,1
2026-07-02,2026-07-02 17:12:48,2-jours,regular,,Pass 2 Jours,Shotgun,95.0,107.37,1,1
2026-07-02,2026-07-02 17:12:51,vendredi,vip,['vendredi'],Pass Acces Scene,Shotgun,120.0,135.63,1,1
2026-07-02,2026-07-02 17:12:51,samedi,regular,['samedi'],Pass Samedi,Shotgun,50.0,56.51,1,1
2026-07-02,2026-07-02 17:12:51,samedi,regular,['samedi'],Pass Samedi,Shotgun,50.0,56.51,1,1
2026-07-02,2026-07-02 17:12:55,2-jours,regular,,Pass 2 Jours,Shotgun,95.0,107.37,1,1
2026-07-02,2026-07-02 17:12:56,2-jours,regular,,Pass 2 Jours,Shotgun,95.0,107.37,1,1
2026-07-02,2026-07-02 17:12:57,2-jours,regular,,Pass 2 Jours,Shotgun,95.0,107.37,1,1
2026-07-02,2026-07-02 17:12:58,2-jours,regular,,Pass 2 Jours,Shotgun,95.0,107.37,1,1
2026-07-02,2026-07-02 17:12:58,samedi,regular,['samedi'],Pass Samedi,Shotgun,50.0,56.51,1,1
2026-07-02,2026-07-02 17:12:58,samedi,regular,['samedi'],Pass Samedi,Shotgun,50.0,56.51,1,1
2026-07-02,2026-07-02 17:12:58,samedi,regular,['samedi'],Pass Samedi,Shotgun,50.0,56.51,1,1
2026-07-02,2026-07-02 17:12:59,2-jours,regular,,Pass 2 Jours,Shotgun,95.0,107.37,1,1
2026-07-02,2026-07-02 17:12:59,2-jours,regular,,Pass 2 Jours,Shotgun,95.0,107.37,1,1
2026-07-02,2026-07-02 17:13:02,vendredi,regular,['vendredi'],Pass Vendredi,Shotgun,54.09,61.14,1,1
2026-07-02,2026-07-02 17:13:03,2-jours,regular,,Pass 2 Jours,Shotgun,95.0,107.37,1,1
2026-07-02,2026-07-02 17:13:07,2-jours,regular,,Pass 2 Jours,Shotgun,95.0,107.37,1,1
2026-07-02,2026-07-02 17:13:09,2-jours,regular,,Pass 2 Jours,Shotgun,95.0,107.37,1,1
2026-07-02,2026-07-02 17:13:09,2-jours,regular,,Pass 2 Jours,Shotgun,90.0,101.72,1,1
2026-07-02,2026-07-02 17:13:10,2-jours,regular,,Pass 2 Jours,Shotgun,90.0,101.72,1,1
2026-07-02,2026-07-02 17:13:16,vendredi,regular,['vendredi'],Pass Vendredi,Shotgun,54.09,61.14,1,1
2026-07-02,2026-07-02 17:13:16,2-jours,regular,,Pass 2 Jours,Shotgun,95.0,107.37,1,1
2026-07-02,2026-07-02 17:13:16,2-jours,regular,,Pass 2 Jours,Shotgun,95.0,107.37,1,1
2026-07-02,2026-07-02 17:13:17,samedi,regular,['samedi'],Pass Samedi,Shotgun,50.0,56.51,1,1
2026-07-02,2026-07-02 17:13:17,samedi,regular,['samedi'],Pass Samedi,Shotgun,50.0,56.51,1,1
2026-07-02,2026-07-02 17:13:19,vendredi,regular,['vendredi'],Pass Vendredi,Shotgun,54.09,61.14,1,1
2026-07-02,2026-07-02 17:13:20,2-jours,regular,,Pass 2 Jours,Shotgun,95.0,107.37,1,1
2026-07-02,2026-07-02 17:13:22,2-jours,regular,,Pass 2 Jours,Shotgun,95.0,107.37,1,1
2026-07-02,2026-07-02 17:13:23,samedi,regular,['samedi'],Pass Samedi,Shotgun,50.0,56.51,1,1
2026-07-02,2026-07-02 17:13:25,2-jours,regular,,Pass 2 Jours,Shotgun,95.0,107.37,1,1
2026-07-02,2026-07-02 17:13:30,samedi,regular,['samedi'],Pass Samedi,Shotgun,50.0,56.51,1,1
2026-07-02,2026-07-02 17:13:30,samedi,regular,['samedi'],Pass Samedi,Shotgun,50.0,56.51,1,1
2026-07-02,2026-07-02 17:13:30,2-jours,regular,,Pass 2 Jours,Shotgun,95.0,107.37,1,1
2026-07-02,2026-07-02 17:13:32,2-jours,regular,,Pass 2 Jours,Shotgun,95.0,107.37,1,1
2026-07-02,2026-07-02 17:13:34,2-jours,vip,"['vendredi', 'samedi']",Pass Acces Scene,Shotgun,220.0,248.66,1,1
2026-07-02,2026-07-02 17:13:34,2-jours,vip,"['vendredi', 'samedi']",Pass Acces Scene,Shotgun,220.0,248.66,1,1
2026-07-02,2026-07-02 17:13:35,2-jours,regular,,Pass 2 Jours,Shotgun,95.0,107.37,1,1
2026-07-02,2026-07-02 17:13:35,samedi,regular,['samedi'],Pass Samedi,Shotgun,50.0,56.51,1,1
2026-07-02,2026-07-02 17:13:35,samedi,regular,['samedi'],Pass Samedi,Shotgun,50.0,56.51,1,1
2026-07-02,2026-07-02 17:13:36,vendredi,regular,['vendredi'],Pass Vendredi,Shotgun,54.09,61.14,1,1
2026-07-02,2026-07-02 17:13:39,vendredi,vip,['vendredi'],Pass Acces Scene,Shotgun,120.0,135.63,1,1
2026-07-02,2026-07-02 17:13:39,vendredi,vip,['vendredi'],Pass Acces Scene,Shotgun,120.0,135.63,1,1
2026-07-02,2026-07-02 17:13:39,vendredi,vip,['vendredi'],Pass Acces Scene,Shotgun,120.0,135.63,1,1
2026-07-02,2026-07-02 17:13:39,vendredi,vip,['vendredi'],Pass Acces Scene,Shotgun,120.0,135.63,1,1
2026-07-02,2026-07-02 17:13:39,2-jours,regular,,Pass 2 Jours,Shotgun,95.0,107.37,1,1
2026-07-02,2026-07-02 17:13:44,vendredi,regular,['vendredi'],Pass Vendredi,Shotgun,54.09,61.14,1,1
2026-07-02,2026-07-02 17:13:44,samedi,regular,['samedi'],Pass Samedi,Shotgun,50.0,56.51,1,1
2026-07-02,2026-07-02 17:13:45,2-jours,regular,,Pass 2 Jours,Shotgun,95.0,107.37,1,1
2026-07-02,2026-07-02 17:13:48,2-jours,regular,,Pass 2 Jours,Shotgun,95.0,107.37,1,1
2026-07-02,2026-07-02 17:13:48,2-jours,regular,,Pass 2 Jours,Shotgun,95.0,107.37,1,1
2026-07-02,2026-07-02 17:13:48,2-jours,regular,,Pass 2 Jours,Shotgun,95.0,107.37,1,1
2026-07-02,2026-07-02 17:13:48,samedi,regular,['samedi'],Pass Samedi,Shotgun,50.0,56.51,1,1
2026-07-02,2026-07-02 17:13:48,2-jours,regular,,Pass 2 Jours,Shotgun,95.0,107.37,1,1
2026-07-02,2026-07-02 17:13:50,2-jours,vip,"['vendredi', 'samedi']",Pass Acces Scene,Shotgun,220.0,248.66,1,1
2026-07-02,2026-07-02 17:13:54,samedi,regular,['samedi'],Pass Samedi,Shotgun,50.0,56.51,1,1
2026-07-02,2026-07-02 17:13:54,samedi,regular,['samedi'],Pass Samedi,Shotgun,50.0,56.51,1,1
2026-07-02,2026-07-02 17:13:57,2-jours,regular,,Pass 2 Jours,Shotgun,95.0,107.37,1,1
2026-07-02,2026-07-02 17:14:01,vendredi,regular,['vendredi'],Pass Vendredi,Shotgun,50.0,56.51,1,1
2026-07-02,2026-07-02 17:14:02,2-jours,regular,,Pass 2 Jours,Shotgun,95.0,107.37,1,1
2026-07-02,2026-07-02 17:14:02,2-jours,regular,,Pass 2 Jours,Shotgun,95.0,107.37,1,1
2026-07-02,2026-07-02 17:14:03,2-jours,regular,,Pass 2 Jours,Shotgun,95.0,107.37,1,1
2026-07-02,2026-07-02 17:14:04,vendredi,regular,['vendredi'],Pass Vendredi,Shotgun,54.09,61.14,1,1
2026-07-02,2026-07-02 17:14:04,vendredi,regular,['vendredi'],Pass Vendredi,Shotgun,50.0,56.51,1,1
2026-07-02,2026-07-02 17:14:05,vendredi,regular,['vendredi'],Pass Vendredi,Shotgun,54.09,61.14,1,1
2026-07-02,2026-07-02 17:14:05,2-jours,regular,,Pass 2 Jours,Shotgun,95.0,107.37,1,1
2026-07-02,2026-07-02 17:14:12,2-jours,regular,,Pass 2 Jours,Shotgun,95.0,107.37,1,1
2026-07-02,2026-07-02 17:14:12,2-jours,regular,,Pass 2 Jours,Shotgun,95.0,107.37,1,1
2026-07-02,2026-07-02 17:14:14,2-jours,regular,,Pass 2 Jours,Shotgun,95.0,107.37,1,1
2026-07-02,2026-07-02 17:14:14,2-jours,regular,,Pass 2 Jours,Shotgun,95.0,107.37,1,1
2026-07-02,2026-07-02 17:14:14,2-jours,regular,,Pass 2 Jours,Shotgun,95.0,107.37,1,1
2026-07-02,2026-07-02 17:14:14,2-jours,regular,,Pass 2 Jours,Shotgun,95.0,107.37,1,1
2026-07-02,2026-07-02 17:14:17,vendredi,regular,['vendredi'],Pass Vendredi,Shotgun,54.09,61.14,1,1
2026-07-02,2026-07-02 17:14:19,2-jours,regular,,Pass 2 Jours,Shotgun,95.0,107.37,1,1
2026-07-02,2026-07-02 17:14:20,samedi,regular,['samedi'],Pass Samedi,Shotgun,50.0,56.51,1,1
2026-07-02,2026-07-02 17:14:25,2-jours,regular,,Pass 2 Jours,Shotgun,95.0,107.37,1,1
2026-07-02,2026-07-02 17:14:25,vendredi,regular,['vendredi'],Pass Vendredi,Shotgun,54.09,61.14,1,1
2026-07-02,2026-07-02 17:14:26,2-jours,regular,,Pass 2 Jours,Shotgun,95.0,107.37,1,1
2026-07-02,2026-07-02 17:14:26,2-jours,regular,,Pass 2 Jours,Shotgun,95.0,107.37,1,1
2026-07-02,2026-07-02 17:14:29,2-jours,regular,,Pass 2 Jours,Shotgun,95.0,107.37,1,1
2026-07-02,2026-07-02 17:14:32,vendredi,regular,['vendredi'],Pass Vendredi,Shotgun,54.09,61.14,1,1
2026-07-02,2026-07-02 17:14:32,vendredi,regular,['vendredi'],Pass Vendredi,Shotgun,54.09,61.14,1,1
2026-07-02,2026-07-02 17:14:33,2-jours,regular,,Pass 2 Jours,Shotgun,95.0,107.37,1,1
2026-07-02,2026-07-02 17:14:39,2-jours,regular,,Pass 2 Jours,Shotgun,95.0,107.37,1,1
2026-07-02,2026-07-02 17:14:40,2-jours,regular,,Pass 2 Jours,Shotgun,95.0,107.37,1,1
2026-07-02,2026-07-02 17:14:46,vendredi,regular,['vendredi'],Pass Vendredi,Shotgun,54.09,61.14,1,1
2026-07-02,2026-07-02 17:14:49,vendredi,regular,['vendredi'],Pass Vendredi,Shotgun,54.09,61.14,1,1
2026-07-02,2026-07-02 17:14:50,2-jours,regular,,Pass 2 Jours,Shotgun,95.0,107.37,1,1
2026-07-02,2026-07-02 17:14:50,2-jours,regular,,Pass 2 Jours,Shotgun,95.0,107.37,1,1
2026-07-02,2026-07-02 17:14:51,2-jours,regular,,Pass 2 Jours,Shotgun,95.0,107.37,1,1
2026-07-02,2026-07-02 17:14:53,vendredi,regular,['vendredi'],Pass Vendredi,Shotgun,54.09,61.14,1,1
2026-07-02,2026-07-02 17:14:53,vendredi,regular,['vendredi'],Pass Vendredi,Shotgun,54.09,61.14,1,1
2026-07-02,2026-07-02 17:14:56,samedi,regular,['samedi'],Pass Samedi,Shotgun,50.0,56.51,1,1
2026-07-02,2026-07-02 17:14:56,samedi,regular,['samedi'],Pass Samedi,Shotgun,50.0,56.51,1,1
2026-07-02,2026-07-02 17:14:59,2-jours,regular,,Pass 2 Jours,Shotgun,95.0,107.37,1,1
2026-07-02,2026-07-02 17:15:00,2-jours,regular,,Pass 2 Jours,Shotgun,95.0,107.37,1,1
2026-07-02,2026-07-02 17:15:01,2-jours,regular,,Pass 2 Jours,Shotgun,95.0,107.37,1,1
2026-07-02,2026-07-02 17:15:01,vendredi,regular,['vendredi'],Pass Vendredi,Shotgun,50.0,56.51,1,1
2026-07-02,2026-07-02 17:15:01,vendredi,regular,['vendredi'],Pass Vendredi,Shotgun,50.0,56.51,1,1
2026-07-02,2026-07-02 17:15:02,2-jours,regular,,Pass 2 Jours,Shotgun,95.0,107.37,1,1
2026-07-02,2026-07-02 17:15:05,2-jours,regular,,Pass 2 Jours,Shotgun,95.0,107.37,1,1
2026-07-02,2026-07-02 17:15:05,2-jours,regular,,Pass 2 Jours,Shotgun,95.0,107.37,1,1
2026-07-02,2026-07-02 17:15:09,samedi,regular,['samedi'],Pass Samedi,Shotgun,50.0,56.51,1,1
2026-07-02,2026-07-02 17:15:10,2-jours,regular,,Pass 2 Jours,Shotgun,95.0,107.37,1,1
2026-07-02,2026-07-02 17:15:11,2-jours,regular,,Pass 2 Jours,Shotgun,95.0,107.37,1,1
2026-07-02,2026-07-02 17:15:11,samedi,regular,['samedi'],Pass Samedi,Shotgun,50.0,56.51,1,1
2026-07-02,2026-07-02 17:15:12,2-jours,regular,,Pass 2 Jours,Shotgun,95.0,107.37,1,1
2026-07-02,2026-07-02 17:15:18,samedi,regular,['samedi'],Pass Samedi,Shotgun,50.0,56.51,1,1
2026-07-02,2026-07-02 17:15:23,2-jours,regular,,Pass 2 Jours,Shotgun,95.0,107.37,1,1
2026-07-02,2026-07-02 17:15:24,2-jours,regular,,Pass 2 Jours,Shotgun,95.0,107.37,1,1
2026-07-02,2026-07-02 17:15:27,2-jours,regular,,Pass 2 Jours,Shotgun,95.0,107.37,1,1
2026-07-02,2026-07-02 17:15:31,2-jours,regular,,Pass 2 Jours,Shotgun,95.0,107.37,1,1
2026-07-02,2026-07-02 17:15:33,2-jours,regular,,Pass 2 Jours,Shotgun,95.0,107.37,1,1
2026-07-02,2026-07-02 17:15:33,2-jours,regular,,Pass 2 Jours,Shotgun,95.0,107.37,1,1
2026-07-02,2026-07-02 17:15:34,2-jours,regular,,Pass 2 Jours,Shotgun,95.0,107.37,1,1
2026-07-02,2026-07-02 17:15:34,samedi,regular,['samedi'],Pass Samedi,Shotgun,50.0,56.51,1,1
2026-07-02,2026-07-02 17:15:36,samedi,regular,['samedi'],Pass Samedi,Shotgun,50.0,56.51,1,1
2026-07-02,2026-07-02 17:15:36,samedi,regular,['samedi'],Pass Samedi,Shotgun,50.0,56.51,1,1
2026-07-02,2026-07-02 17:15:36,samedi,regular,['samedi'],Pass Samedi,Shotgun,50.0,56.51,1,1
2026-07-02,2026-07-02 17:15:38,vendredi,regular,['vendredi'],Pass Vendredi,Shotgun,50.0,56.51,1,1
2026-07-02,2026-07-02 17:15:41,2-jours,regular,,Pass 2 Jours,Shotgun,95.0,107.37,1,1
2026-07-02,2026-07-02 17:15:42,2-jours,regular,,Pass 2 Jours,Shotgun,95.0,107.37,1,1
2026-07-02,2026-07-02 17:15:44,2-jours,regular,,Pass 2 Jours,Shotgun,95.0,107.37,1,1
2026-07-02,2026-07-02 17:15:44,2-jours,regular,,Pass 2 Jours,Shotgun,95.0,107.37,1,1
2026-07-02,2026-07-02 17:15:44,2-jours,regular,,Pass 2 Jours,Shotgun,95.0,107.37,1,1
2026-07-02,2026-07-02 17:15:46,samedi,regular,['samedi'],Pass Samedi,Shotgun,50.0,56.51,1,1
2026-07-02,2026-07-02 17:15:46,samedi,regular,['samedi'],Pass Samedi,Shotgun,50.0,56.51,1,1
2026-07-02,2026-07-02 17:15:46,samedi,regular,['samedi'],Pass Samedi,Shotgun,50.0,56.51,1,1
2026-07-02,2026-07-02 17:15:48,2-jours,regular,,Pass 2 Jours,Shotgun,95.0,107.37,1,1
2026-07-02,2026-07-02 17:15:50,vendredi,regular,['vendredi'],Pass Vendredi,Shotgun,54.09,61.14,1,1
2026-07-02,2026-07-02 17:15:52,2-jours,regular,,Pass 2 Jours,Shotgun,95.0,107.37,1,1
2026-07-02,2026-07-02 17:15:53,2-jours,regular,,Pass 2 Jours,Shotgun,95.0,107.37,1,1
2026-07-02,2026-07-02 17:15:56,2-jours,regular,,Pass 2 Jours,Shotgun,95.0,107.37,1,1
2026-07-02,2026-07-02 17:15:58,vendredi,regular,['vendredi'],Pass Vendredi,Shotgun,54.09,61.14,1,1
2026-07-02,2026-07-02 17:15:58,vendredi,regular,['vendredi'],Pass Vendredi,Shotgun,54.09,61.14,1,1
2026-07-02,2026-07-02 17:15:58,vendredi,regular,['vendredi'],Pass Vendredi,Shotgun,54.09,61.14,1,1
2026-07-02,2026-07-02 17:15:58,2-jours,regular,,Pass 2 Jours,Shotgun,95.0,107.37,1,1
2026-07-02,2026-07-02 17:15:58,2-jours,regular,,Pass 2 Jours,Shotgun,95.0,107.37,1,1
2026-07-02,2026-07-02 17:16:02,2-jours,regular,,Pass 2 Jours,Shotgun,95.0,107.37,1,1
2026-07-02,2026-07-02 17:16:03,2-jours,regular,,Pass 2 Jours,Shotgun,95.0,107.37,1,1
2026-07-02,2026-07-02 17:16:03,2-jours,regular,,Pass 2 Jours,Shotgun,95.0,107.37,1,1
2026-07-02,2026-07-02 17:16:03,2-jours,regular,,Pass 2 Jours,Shotgun,95.0,107.37,1,1
2026-07-02,2026-07-02 17:16:03,2-jours,regular,,Pass 2 Jours,Shotgun,95.0,107.37,1,1
2026-07-02,2026-07-02 17:16:04,vendredi,regular,['vendredi'],Pass Vendredi,Shotgun,50.0,56.51,1,1
2026-07-02,2026-07-02 17:16:09,2-jours,regular,,Pass 2 Jours,Shotgun,95.0,107.37,1,1
2026-07-02,2026-07-02 17:16:11,samedi,regular,['samedi'],Pass Samedi,Shotgun,50.0,56.51,1,1
2026-07-02,2026-07-02 17:16:11,2-jours,regular,,Pass 2 Jours,Shotgun,95.0,107.37,1,1
2026-07-02,2026-07-02 17:16:12,2-jours,regular,,Pass 2 Jours,Shotgun,95.0,107.37,1,1
2026-07-02,2026-07-02 17:16:12,2-jours,regular,,Pass 2 Jours,Shotgun,95.0,107.37,1,1
2026-07-02,2026-07-02 17:16:14,2-jours,regular,,Pass 2 Jours,Shotgun,95.0,107.37,1,1
2026-07-02,2026-07-02 17:16:14,2-jours,regular,,Pass 2 Jours,Shotgun,95.0,107.37,1,1
2026-07-02,2026-07-02 17:16:14,2-jours,regular,,Pass 2 Jours,Shotgun,95.0,107.37,1,1
2026-07-02,2026-07-02 17:16:19,2-jours,regular,,Pass 2 Jours,Shotgun,95.0,107.37,1,1
2026-07-02,2026-07-02 17:16:22,samedi,regular,['samedi'],Pass Samedi,Shotgun,50.0,56.51,1,1
2026-07-02,2026-07-02 17:16:24,samedi,regular,['samedi'],Pass Samedi,Shotgun,50.0,56.51,1,1
2026-07-02,2026-07-02 17:16:24,samedi,regular,['samedi'],Pass Samedi,Shotgun,50.0,56.51,1,1
2026-07-02,2026-07-02 17:16:26,vendredi,regular,['vendredi'],Pass Vendredi,Shotgun,50.0,56.51,1,1
2026-07-02,2026-07-02 17:16:28,vendredi,regular,['vendredi'],Pass Vendredi,Shotgun,54.09,61.14,1,1
2026-07-02,2026-07-02 17:16:28,2-jours,regular,,Pass 2 Jours,Shotgun,95.0,107.37,1,1
2026-07-02,2026-07-02 17:16:33,2-jours,regular,,Pass 2 Jours,Shotgun,95.0,107.37,1,1
2026-07-02,2026-07-02 17:16:34,samedi,regular,['samedi'],Pass Samedi,Shotgun,50.0,56.51,1,1
2026-07-02,2026-07-02 17:16:34,samedi,regular,['samedi'],Pass Samedi,Shotgun,50.0,56.51,1,1
2026-07-02,2026-07-02 17:16:37,2-jours,regular,,Pass 2 Jours,Shotgun,95.0,107.37,1,1
2026-07-02,2026-07-02 17:16:38,vendredi,regular,['vendredi'],Pass Vendredi,Shotgun,54.09,61.14,1,1
2026-07-02,2026-07-02 17:16:40,2-jours,regular,,Pass 2 Jours,Shotgun,95.0,107.37,1,1
2026-07-02,2026-07-02 17:16:41,vendredi,regular,['vendredi'],Pass Vendredi,Shotgun,54.09,61.14,1,1
2026-07-02,2026-07-02 17:16:41,vendredi,regular,['vendredi'],Pass Vendredi,Shotgun,54.09,61.14,1,1
2026-07-02,2026-07-02 17:16:42,2-jours,regular,,Pass 2 Jours,Shotgun,95.0,107.37,1,1
2026-07-02,2026-07-02 17:16:42,2-jours,regular,,Pass 2 Jours,Shotgun,95.0,107.37,1,1
2026-07-02,2026-07-02 17:16:42,2-jours,regular,,Pass 2 Jours,Shotgun,95.0,107.37,1,1
2026-07-02,2026-07-02 17:16:46,2-jours,regular,,Pass 2 Jours,Shotgun,95.0,107.37,1,1
2026-07-02,2026-07-02 17:16:48,samedi,regular,['samedi'],Pass Samedi,Shotgun,50.0,56.51,1,1
2026-07-02,2026-07-02 17:16:48,samedi,regular,['samedi'],Pass Samedi,Shotgun,50.0,56.51,1,1
2026-07-02,2026-07-02 17:16:50,2-jours,regular,,Pass 2 Jours,Shotgun,95.0,107.37,1,1
2026-07-02,2026-07-02 17:16:51,samedi,regular,['samedi'],Pass Samedi,Shotgun,50.0,56.51,1,1
2026-07-02,2026-07-02 17:16:51,2-jours,regular,,Pass 2 Jours,Shotgun,95.0,107.37,1,1
2026-07-02,2026-07-02 17:16:53,2-jours,vip,"['vendredi', 'samedi']",Pass Acces Scene,Shotgun,220.0,248.66,1,1
2026-07-02,2026-07-02 17:16:54,vendredi,regular,['vendredi'],Pass Vendredi,Shotgun,54.09,61.14,1,1
2026-07-02,2026-07-02 17:16:55,2-jours,regular,,Pass 2 Jours,Shotgun,95.0,107.37,1,1
2026-07-02,2026-07-02 17:16:55,2-jours,regular,,Pass 2 Jours,Shotgun,95.0,107.37,1,1
2026-07-02,2026-07-02 17:16:55,vendredi,regular,['vendredi'],Pass Vendredi,Shotgun,54.09,61.14,1,1
2026-07-02,2026-07-02 17:16:56,vendredi,vip,['vendredi'],Pass Acces Scene,Shotgun,120.0,135.63,1,1
2026-07-02,2026-07-02 17:17:07,2-jours,regular,,Pass 2 Jours,Shotgun,95.0,107.37,1,1
2026-07-02,2026-07-02 17:17:16,2-jours,regular,,Pass 2 Jours,Shotgun,95.0,107.37,1,1
2026-07-02,2026-07-02 17:17:16,vendredi,regular,['vendredi'],Pass Vendredi,Shotgun,54.09,61.14,1,1
2026-07-02,2026-07-02 17:17:19,2-jours,regular,,Pass 2 Jours,Shotgun,95.0,107.37,1,1
2026-07-02,2026-07-02 17:17:21,vendredi,regular,['vendredi'],Pass Vendredi,Shotgun,54.09,61.14,1,1
2026-07-02,2026-07-02 17:17:21,2-jours,regular,,Pass 2 Jours,Shotgun,95.0,107.37,1,1
2026-07-02,2026-07-02 17:17:22,2-jours,regular,,Pass 2 Jours,Shotgun,95.0,107.37,1,1
2026-07-02,2026-07-02 17:17:23,2-jours,regular,,Pass 2 Jours,Shotgun,95.0,107.37,1,1
2026-07-02,2026-07-02 17:17:23,2-jours,regular,,Pass 2 Jours,Shotgun,95.0,107.37,1,1
2026-07-02,2026-07-02 17:17:29,2-jours,regular,,Pass 2 Jours,Shotgun,95.0,107.37,1,1
2026-07-02,2026-07-02 17:17:29,2-jours,regular,,Pass 2 Jours,Shotgun,95.0,107.37,1,1
2026-07-02,2026-07-02 17:17:29,2-jours,regular,,Pass 2 Jours,Shotgun,95.0,107.37,1,1
2026-07-02,2026-07-02 17:17:29,2-jours,regular,,Pass 2 Jours,Shotgun,95.0,107.37,1,1
2026-07-02,2026-07-02 17:17:29,2-jours,regular,,Pass 2 Jours,Shotgun,95.0,107.37,1,1
2026-07-02,2026-07-02 17:17:30,2-jours,regular,,Pass 2 Jours,Shotgun,95.0,107.37,1,1
2026-07-02,2026-07-02 17:17:30,2-jours,regular,,Pass 2 Jours,Shotgun,95.0,107.37,1,1
2026-07-02,2026-07-02 17:17:30,2-jours,regular,,Pass 2 Jours,Shotgun,95.0,107.37,1,1
2026-07-02,2026-07-02 17:17:33,2-jours,regular,,Pass 2 Jours,Shotgun,95.0,107.37,1,1
2026-07-02,2026-07-02 17:17:33,2-jours,regular,,Pass 2 Jours,Shotgun,95.0,107.37,1,1
2026-07-02,2026-07-02 17:17:36,vendredi,regular,['vendredi'],Pass Vendredi,Shotgun,54.09,61.14,1,1
2026-07-02,2026-07-02 17:17:36,samedi,regular,['samedi'],Pass Samedi,Shotgun,50.0,56.51,1,1
2026-07-02,2026-07-02 17:17:36,samedi,regular,['samedi'],Pass Samedi,Shotgun,50.0,56.51,1,1
2026-07-02,2026-07-02 17:17:38,2-jours,regular,,Pass 2 Jours,Shotgun,95.0,107.37,1,1
2026-07-02,2026-07-02 17:17:39,vendredi,regular,['vendredi'],Pass Vendredi,Shotgun,54.09,61.14,1,1
2026-07-02,2026-07-02 17:17:40,2-jours,regular,,Pass 2 Jours,Shotgun,95.0,107.37,1,1
2026-07-02,2026-07-02 17:17:40,2-jours,regular,,Pass 2 Jours,Shotgun,95.0,107.37,1,1
2026-07-02,2026-07-02 17:17:44,2-jours,regular,,Pass 2 Jours,Shotgun,95.0,107.37,1,1
2026-07-02,2026-07-02 17:17:44,vendredi,regular,['vendredi'],Pass Vendredi,Shotgun,54.09,61.14,1,1
2026-07-02,2026-07-02 17:17:46,2-jours,regular,,Pass 2 Jours,Shotgun,95.0,107.37,1,1
2026-07-02,2026-07-02 17:17:48,2-jours,regular,,Pass 2 Jours,Shotgun,95.0,107.37,1,1
2026-07-02,2026-07-02 17:17:48,2-jours,regular,,Pass 2 Jours,Shotgun,95.0,107.37,1,1
2026-07-02,2026-07-02 17:17:49,2-jours,regular,,Pass 2 Jours,Shotgun,95.0,107.37,1,1
2026-07-02,2026-07-02 17:17:57,2-jours,vip,"['vendredi', 'samedi']",Pass Acces Scene,Shotgun,220.0,248.66,1,1
2026-07-02,2026-07-02 17:17:57,2-jours,regular,,Pass 2 Jours,Shotgun,95.0,107.37,1,1
2026-07-02,2026-07-02 17:18:02,samedi,regular,['samedi'],Pass Samedi,Shotgun,50.0,56.51,1,1
2026-07-02,2026-07-02 17:18:04,vendredi,regular,['vendredi'],Pass Vendredi,Shotgun,54.09,61.14,1,1
2026-07-02,2026-07-02 17:18:04,vendredi,regular,['vendredi'],Pass Vendredi,Shotgun,54.09,61.14,1,1
2026-07-02,2026-07-02 17:18:04,2-jours,regular,,Pass 2 Jours,Shotgun,95.0,107.37,1,1
2026-07-02,2026-07-02 17:18:05,2-jours,vip,"['vendredi', 'samedi']",Pass Acces Scene,Shotgun,220.0,248.66,1,1
2026-07-02,2026-07-02 17:18:10,2-jours,regular,,Pass 2 Jours,Shotgun,95.0,107.37,1,1
2026-07-02,2026-07-02 17:18:11,vendredi,regular,['vendredi'],Pass Vendredi,Shotgun,54.09,61.14,1,1
2026-07-02,2026-07-02 17:18:11,vendredi,regular,['vendredi'],Pass Vendredi,Shotgun,54.09,61.14,1,1
2026-07-02,2026-07-02 17:18:13,samedi,regular,['samedi'],Pass Samedi,Shotgun,50.0,56.51,1,1
2026-07-02,2026-07-02 17:18:14,vendredi,regular,['vendredi'],Pass Vendredi,Shotgun,54.09,61.14,1,1
2026-07-02,2026-07-02 17:18:14,2-jours,regular,,Pass 2 Jours,Shotgun,95.0,107.37,1,1
2026-07-02,2026-07-02 17:18:19,samedi,regular,['samedi'],Pass Samedi,Shotgun,50.0,56.51,1,1
2026-07-02,2026-07-02 17:18:22,2-jours,regular,,Pass 2 Jours,Shotgun,95.0,107.37,1,1
2026-07-02,2026-07-02 17:18:23,2-jours,regular,,Pass 2 Jours,Shotgun,95.0,107.37,1,1
2026-07-02,2026-07-02 17:18:23,2-jours,regular,,Pass 2 Jours,Shotgun,95.0,107.37,1,1
2026-07-02,2026-07-02 17:18:32,2-jours,regular,,Pass 2 Jours,Shotgun,95.0,107.37,1,1
2026-07-02,2026-07-02 17:18:36,2-jours,regular,,Pass 2 Jours,Shotgun,95.0,107.37,1,1
2026-07-02,2026-07-02 17:18:37,vendredi,regular,['vendredi'],Pass Vendredi,Shotgun,54.09,61.14,1,1
2026-07-02,2026-07-02 17:18:39,2-jours,regular,,Pass 2 Jours,Shotgun,95.0,107.37,1,1
2026-07-02,2026-07-02 17:18:43,2-jours,regular,,Pass 2 Jours,Shotgun,95.0,107.37,1,1
2026-07-02,2026-07-02 17:18:43,2-jours,regular,,Pass 2 Jours,Shotgun,95.0,107.37,1,1
2026-07-02,2026-07-02 17:18:51,2-jours,regular,,Pass 2 Jours,Shotgun,95.0,107.37,1,1
2026-07-02,2026-07-02 17:18:54,2-jours,regular,,Pass 2 Jours,Shotgun,95.0,107.37,1,1
2026-07-02,2026-07-02 17:19:00,samedi,regular,['samedi'],Pass Samedi,Shotgun,50.0,56.51,1,1
2026-07-02,2026-07-02 17:19:03,2-jours,regular,,Pass 2 Jours,Shotgun,95.0,107.37,1,1
2026-07-02,2026-07-02 17:19:03,2-jours,regular,,Pass 2 Jours,Shotgun,95.0,107.37,1,1
2026-07-02,2026-07-02 17:19:03,2-jours,regular,,Pass 2 Jours,Shotgun,95.0,107.37,1,1
2026-07-02,2026-07-02 17:19:03,2-jours,regular,,Pass 2 Jours,Shotgun,95.0,107.37,1,1
2026-07-02,2026-07-02 17:19:10,2-jours,regular,,Pass 2 Jours,Shotgun,95.0,107.37,1,1
2026-07-02,2026-07-02 17:19:11,2-jours,regular,,Pass 2 Jours,Shotgun,95.0,107.37,1,1
2026-07-02,2026-07-02 17:19:16,2-jours,regular,,Pass 2 Jours,Shotgun,95.0,107.37,1,1
2026-07-02,2026-07-02 17:19:17,samedi,regular,['samedi'],Pass Samedi,Shotgun,54.09,61.14,1,1
2026-07-02,2026-07-02 17:19:19,2-jours,regular,,Pass 2 Jours,Shotgun,95.0,107.37,1,1
2026-07-02,2026-07-02 17:19:20,2-jours,regular,,Pass 2 Jours,Shotgun,95.0,107.37,1,1
2026-07-02,2026-07-02 17:19:20,2-jours,regular,,Pass 2 Jours,Shotgun,95.0,107.37,1,1
2026-07-02,2026-07-02 17:19:21,2-jours,regular,,Pass 2 Jours,Shotgun,95.0,107.37,1,1
2026-07-02,2026-07-02 17:19:23,2-jours,regular,,Pass 2 Jours,Shotgun,95.0,107.37,1,1
2026-07-02,2026-07-02 17:19:23,2-jours,regular,,Pass 2 Jours,Shotgun,95.0,107.37,1,1
2026-07-02,2026-07-02 17:19:25,2-jours,regular,,Pass 2 Jours,Shotgun,95.0,107.37,1,1
2026-07-02,2026-07-02 17:19:26,samedi,regular,['samedi'],Pass Samedi,Shotgun,54.09,61.14,1,1
2026-07-02,2026-07-02 17:19:27,samedi,regular,['samedi'],Pass Samedi,Shotgun,50.0,56.51,1,1
2026-07-02,2026-07-02 17:19:27,2-jours,regular,,Pass 2 Jours,Shotgun,95.0,107.37,1,1
2026-07-02,2026-07-02 17:19:34,2-jours,regular,,Pass 2 Jours,Shotgun,95.0,107.37,1,1
2026-07-02,2026-07-02 17:19:37,2-jours,regular,,Pass 2 Jours,Shotgun,95.0,107.37,1,1
2026-07-02,2026-07-02 17:19:38,2-jours,regular,,Pass 2 Jours,Shotgun,95.0,107.37,1,1
2026-07-02,2026-07-02 17:19:44,vendredi,regular,['vendredi'],Pass Vendredi,Shotgun,54.09,61.14,1,1
2026-07-02,2026-07-02 17:19:48,samedi,regular,['samedi'],Pass Samedi,Shotgun,54.09,61.14,1,1
2026-07-02,2026-07-02 17:19:50,2-jours,regular,,Pass 2 Jours,Shotgun,95.0,107.37,1,1
2026-07-02,2026-07-02 17:19:50,2-jours,regular,,Pass 2 Jours,Shotgun,95.0,107.37,1,1
2026-07-02,2026-07-02 17:19:51,2-jours,regular,,Pass 2 Jours,Shotgun,95.0,107.37,1,1
2026-07-02,2026-07-02 17:19:53,samedi,regular,['samedi'],Pass Samedi,Shotgun,54.09,61.14,1,1
2026-07-02,2026-07-02 17:20:00,2-jours,regular,,Pass 2 Jours,Shotgun,95.0,107.37,1,1
2026-07-02,2026-07-02 17:20:00,2-jours,regular,,Pass 2 Jours,Shotgun,95.0,107.37,1,1
2026-07-02,2026-07-02 17:20:01,2-jours,regular,,Pass 2 Jours,Shotgun,95.0,107.37,1,1
2026-07-02,2026-07-02 17:20:05,2-jours,regular,,Pass 2 Jours,Shotgun,95.0,107.37,1,1
2026-07-02,2026-07-02 17:20:06,2-jours,regular,,Pass 2 Jours,Shotgun,95.0,107.37,1,1
2026-07-02,2026-07-02 17:20:09,samedi,regular,['samedi'],Pass Samedi,Shotgun,54.09,61.14,1,1
2026-07-02,2026-07-02 17:20:09,samedi,regular,['samedi'],Pass Samedi,Shotgun,54.09,61.14,1,1
2026-07-02,2026-07-02 17:20:09,samedi,regular,['samedi'],Pass Samedi,Shotgun,54.09,61.14,1,1
2026-07-02,2026-07-02 17:20:09,samedi,regular,['samedi'],Pass Samedi,Shotgun,54.09,61.14,1,1
2026-07-02,2026-07-02 17:20:12,2-jours,regular,,Pass 2 Jours,Shotgun,95.0,107.37,1,1
2026-07-02,2026-07-02 17:20:12,vendredi,regular,['vendredi'],Pass Vendredi,Shotgun,54.09,61.14,1,1
2026-07-02,2026-07-02 17:20:17,vendredi,regular,['vendredi'],Pass Vendredi,Shotgun,54.09,61.14,1,1
2026-07-02,2026-07-02 17:20:18,2-jours,regular,,Pass 2 Jours,Shotgun,95.0,107.37,1,1
2026-07-02,2026-07-02 17:20:18,2-jours,regular,,Pass 2 Jours,Shotgun,95.0,107.37,1,1
2026-07-02,2026-07-02 17:20:21,vendredi,regular,['vendredi'],Pass Vendredi,Shotgun,54.09,61.14,1,1
2026-07-02,2026-07-02 17:20:21,vendredi,regular,['vendredi'],Pass Vendredi,Shotgun,54.09,61.14,1,1
2026-07-02,2026-07-02 17:20:21,2-jours,regular,,Pass 2 Jours,Shotgun,95.0,107.37,1,1
2026-07-02,2026-07-02 17:20:21,2-jours,regular,,Pass 2 Jours,Shotgun,95.0,107.37,1,1
2026-07-02,2026-07-02 17:20:25,samedi,regular,['samedi'],Pass Samedi,Shotgun,54.09,61.14,1,1
2026-07-02,2026-07-02 17:20:37,samedi,regular,['samedi'],Pass Samedi,Shotgun,54.09,61.14,1,1
2026-07-02,2026-07-02 17:20:41,2-jours,regular,,Pass 2 Jours,Shotgun,95.0,107.37,1,1
2026-07-02,2026-07-02 17:20:41,2-jours,regular,,Pass 2 Jours,Shotgun,95.0,107.37,1,1
2026-07-02,2026-07-02 17:20:41,2-jours,regular,,Pass 2 Jours,Shotgun,95.0,107.37,1,1
2026-07-02,2026-07-02 17:20:44,2-jours,regular,,Pass 2 Jours,Shotgun,95.0,107.37,1,1
2026-07-02,2026-07-02 17:20:44,vendredi,regular,['vendredi'],Pass Vendredi,Shotgun,54.09,61.14,1,1
2026-07-02,2026-07-02 17:20:46,vendredi,regular,['vendredi'],Pass Vendredi,Shotgun,54.09,61.14,1,1
2026-07-02,2026-07-02 17:20:47,vendredi,regular,['vendredi'],Pass Vendredi,Shotgun,54.09,61.14,1,1
2026-07-02,2026-07-02 17:20:47,vendredi,regular,['vendredi'],Pass Vendredi,Shotgun,54.09,61.14,1,1
2026-07-02,2026-07-02 17:20:53,vendredi,regular,['vendredi'],Pass Vendredi,Shotgun,54.09,61.14,1,1
2026-07-02,2026-07-02 17:20:53,vendredi,regular,['vendredi'],Pass Vendredi,Shotgun,54.09,61.14,1,1
2026-07-02,2026-07-02 17:20:54,samedi,regular,['samedi'],Pass Samedi,Shotgun,54.09,61.14,1,1
2026-07-02,2026-07-02 17:20:55,vendredi,regular,['vendredi'],Pass Vendredi,Shotgun,54.09,61.14,1,1
2026-07-02,2026-07-02 17:20:55,vendredi,regular,['vendredi'],Pass Vendredi,Shotgun,54.09,61.14,1,1
2026-07-02,2026-07-02 17:20:56,samedi,regular,['samedi'],Pass Samedi,Shotgun,54.09,61.14,1,1
2026-07-02,2026-07-02 17:20:57,2-jours,regular,,Pass 2 Jours,Shotgun,95.0,107.37,1,1
2026-07-02,2026-07-02 17:21:07,samedi,regular,['samedi'],Pass Samedi,Shotgun,54.09,61.14,1,1
2026-07-02,2026-07-02 17:21:07,samedi,regular,['samedi'],Pass Samedi,Shotgun,54.09,61.14,1,1
2026-07-02,2026-07-02 17:21:08,vendredi,regular,['vendredi'],Pass Vendredi,Shotgun,54.09,61.14,1,1
2026-07-02,2026-07-02 17:21:08,2-jours,regular,,Pass 2 Jours,Shotgun,95.0,107.37,1,1
2026-07-02,2026-07-02 17:21:14,2-jours,regular,,Pass 2 Jours,Shotgun,95.0,107.37,1,1
2026-07-02,2026-07-02 17:21:15,2-jours,regular,,Pass 2 Jours,Shotgun,95.0,107.37,1,1
2026-07-02,2026-07-02 17:21:18,samedi,regular,['samedi'],Pass Samedi,Shotgun,54.09,61.14,1,1
2026-07-02,2026-07-02 17:21:20,samedi,regular,['samedi'],Pass Samedi,Shotgun,54.09,61.14,1,1
2026-07-02,2026-07-02 17:21:24,2-jours,regular,,Pass 2 Jours,Shotgun,95.0,107.37,1,1
2026-07-02,2026-07-02 17:21:27,2-jours,regular,,Pass 2 Jours,Shotgun,95.0,107.37,1,1
2026-07-02,2026-07-02 17:21:32,2-jours,regular,,Pass 2 Jours,Shotgun,95.0,107.37,1,1
2026-07-02,2026-07-02 17:21:32,2-jours,regular,,Pass 2 Jours,Shotgun,95.0,107.37,1,1
2026-07-02,2026-07-02 17:21:33,2-jours,regular,,Pass 2 Jours,Shotgun,95.0,107.37,1,1
2026-07-02,2026-07-02 17:21:37,2-jours,regular,,Pass 2 Jours,Shotgun,95.0,107.37,1,1
2026-07-02,2026-07-02 17:21:37,2-jours,regular,,Pass 2 Jours,Shotgun,95.0,107.37,1,1
2026-07-02,2026-07-02 17:21:39,2-jours,regular,,Pass 2 Jours,Shotgun,95.0,107.37,1,1
2026-07-02,2026-07-02 17:21:40,samedi,regular,['samedi'],Pass Samedi,Shotgun,54.09,61.14,1,1
2026-07-02,2026-07-02 17:21:40,2-jours,regular,,Pass 2 Jours,Shotgun,95.0,107.37,1,1
2026-07-02,2026-07-02 17:21:40,2-jours,regular,,Pass 2 Jours,Shotgun,95.0,107.37,1,1
2026-07-02,2026-07-02 17:21:40,2-jours,regular,,Pass 2 Jours,Shotgun,95.0,107.37,1,1
2026-07-02,2026-07-02 17:21:41,2-jours,regular,,Pass 2 Jours,Shotgun,95.0,107.37,1,1
2026-07-02,2026-07-02 17:21:44,2-jours,regular,,Pass 2 Jours,Shotgun,95.0,107.37,1,1
2026-07-02,2026-07-02 17:21:44,2-jours,regular,,Pass 2 Jours,Shotgun,95.0,107.37,1,1
2026-07-02,2026-07-02 17:21:45,2-jours,regular,,Pass 2 Jours,Shotgun,95.0,107.37,1,1
2026-07-02,2026-07-02 17:21:49,samedi,regular,['samedi'],Pass Samedi,Shotgun,54.09,61.14,1,1
2026-07-02,2026-07-02 17:21:49,samedi,regular,['samedi'],Pass Samedi,Shotgun,54.09,61.14,1,1
2026-07-02,2026-07-02 17:22:02,2-jours,regular,,Pass 2 Jours,Shotgun,95.0,107.37,1,1
2026-07-02,2026-07-02 17:22:02,vendredi,regular,['vendredi'],Pass Vendredi,Shotgun,50.0,56.51,1,1
2026-07-02,2026-07-02 17:22:05,2-jours,regular,,Pass 2 Jours,Shotgun,95.0,107.37,1,1
2026-07-02,2026-07-02 17:22:05,2-jours,regular,,Pass 2 Jours,Shotgun,95.0,107.37,1,1
2026-07-02,2026-07-02 17:22:06,2-jours,regular,,Pass 2 Jours,Shotgun,95.0,107.37,1,1
2026-07-02,2026-07-02 17:22:08,2-jours,regular,,Pass 2 Jours,Shotgun,95.0,107.37,1,1
2026-07-02,2026-07-02 17:22:10,vendredi,regular,['vendredi'],Pass Vendredi,Shotgun,54.09,61.14,1,1
2026-07-02,2026-07-02 17:22:18,samedi,regular,['samedi'],Pass Samedi,Shotgun,54.09,61.14,1,1
2026-07-02,2026-07-02 17:22:19,samedi,regular,['samedi'],Pass Samedi,Shotgun,54.09,61.14,1,1
2026-07-02,2026-07-02 17:22:19,samedi,regular,['samedi'],Pass Samedi,Shotgun,54.09,61.14,1,1
2026-07-02,2026-07-02 17:22:21,samedi,regular,['samedi'],Pass Samedi,Shotgun,54.09,61.14,1,1
2026-07-02,2026-07-02 17:22:26,2-jours,regular,,Pass 2 Jours,Shotgun,95.0,107.37,1,1
2026-07-02,2026-07-02 17:22:26,2-jours,regular,,Pass 2 Jours,Shotgun,95.0,107.37,1,1
2026-07-02,2026-07-02 17:22:31,2-jours,regular,,Pass 2 Jours,Shotgun,95.0,107.37,1,1
2026-07-02,2026-07-02 17:22:32,samedi,regular,['samedi'],Pass Samedi,Shotgun,54.09,61.14,1,1
2026-07-02,2026-07-02 17:22:32,2-jours,regular,,Pass 2 Jours,Shotgun,95.0,107.37,1,1
2026-07-02,2026-07-02 17:22:36,samedi,regular,['samedi'],Pass Samedi,Shotgun,54.09,61.14,1,1
2026-07-02,2026-07-02 17:22:37,2-jours,regular,,Pass 2 Jours,Shotgun,95.0,107.37,1,1
2026-07-02,2026-07-02 17:22:37,2-jours,regular,,Pass 2 Jours,Shotgun,95.0,107.37,1,1
2026-07-02,2026-07-02 17:22:37,vendredi,regular,['vendredi'],Pass Vendredi,Shotgun,54.09,61.14,1,1
2026-07-02,2026-07-02 17:22:37,2-jours,vip,"['vendredi', 'samedi']",Pass Acces Scene,Shotgun,220.0,248.66,1,1
2026-07-02,2026-07-02 17:22:40,vendredi,regular,['vendredi'],Pass Vendredi,Shotgun,54.09,61.14,1,1
2026-07-02,2026-07-02 17:22:40,vendredi,regular,['vendredi'],Pass Vendredi,Shotgun,54.09,61.14,1,1
2026-07-02,2026-07-02 17:22:43,2-jours,regular,,Pass 2 Jours,Shotgun,95.0,107.37,1,1
2026-07-02,2026-07-02 17:22:43,2-jours,regular,,Pass 2 Jours,Shotgun,95.0,107.37,1,1
2026-07-02,2026-07-02 17:22:47,2-jours,regular,,Pass 2 Jours,Shotgun,95.0,107.37,1,1
2026-07-02,2026-07-02 17:22:47,2-jours,regular,,Pass 2 Jours,Shotgun,95.0,107.37,1,1
2026-07-02,2026-07-02 17:22:56,samedi,regular,['samedi'],Pass Samedi,Shotgun,54.09,61.14,1,1
2026-07-02,2026-07-02 17:22:57,2-jours,regular,,Pass 2 Jours,Shotgun,95.0,107.37,1,1
2026-07-02,2026-07-02 17:22:58,2-jours,regular,,Pass 2 Jours,Shotgun,95.0,107.37,1,1
2026-07-02,2026-07-02 17:23:01,2-jours,regular,,Pass 2 Jours,Shotgun,95.0,107.37,1,1
2026-07-02,2026-07-02 17:23:03,samedi,regular,['samedi'],Pass Samedi,Shotgun,54.09,61.14,1,1
2026-07-02,2026-07-02 17:23:04,2-jours,regular,,Pass 2 Jours,Shotgun,95.0,107.37,1,1
2026-07-02,2026-07-02 17:23:10,samedi,regular,['samedi'],Pass Samedi,Shotgun,60.0,67.82,1,1
2026-07-02,2026-07-02 17:23:10,samedi,regular,['samedi'],Pass Samedi,Shotgun,60.0,67.82,1,1
2026-07-02,2026-07-02 17:23:10,samedi,regular,['samedi'],Pass Samedi,Shotgun,60.0,67.82,1,1
2026-07-02,2026-07-02 17:23:13,2-jours,regular,,Pass 2 Jours,Shotgun,95.0,107.37,1,1
2026-07-02,2026-07-02 17:23:14,vendredi,regular,['vendredi'],Pass Vendredi,Shotgun,54.09,61.14,1,1
2026-07-02,2026-07-02 17:23:19,2-jours,regular,,Pass 2 Jours,Shotgun,95.0,107.37,1,1
2026-07-02,2026-07-02 17:23:19,2-jours,regular,,Pass 2 Jours,Shotgun,95.0,107.37,1,1
2026-07-02,2026-07-02 17:23:19,2-jours,regular,,Pass 2 Jours,Shotgun,95.0,107.37,1,1
2026-07-02,2026-07-02 17:23:23,vendredi,regular,['vendredi'],Pass Vendredi,Shotgun,54.09,61.14,1,1
2026-07-02,2026-07-02 17:23:23,2-jours,regular,,Pass 2 Jours,Shotgun,95.0,107.37,1,1
2026-07-02,2026-07-02 17:23:40,2-jours,regular,,Pass 2 Jours,Shotgun,95.0,107.37,1,1
2026-07-02,2026-07-02 17:23:45,2-jours,regular,,Pass 2 Jours,Shotgun,100.0,113.03,1,1
2026-07-02,2026-07-02 17:23:47,vendredi,regular,['vendredi'],Pass Vendredi,Shotgun,54.09,61.14,1,1
2026-07-02,2026-07-02 17:23:50,2-jours,regular,,Pass 2 Jours,Shotgun,95.0,107.37,1,1
2026-07-02,2026-07-02 17:23:51,samedi,regular,['samedi'],Pass Samedi,Shotgun,54.09,61.14,1,1
2026-07-02,2026-07-02 17:23:51,samedi,regular,['samedi'],Pass Samedi,Shotgun,54.09,61.14,1,1
2026-07-02,2026-07-02 17:23:51,2-jours,regular,,Pass 2 Jours,Shotgun,95.0,107.37,1,1
2026-07-02,2026-07-02 17:23:54,samedi,regular,['samedi'],Pass Samedi,Shotgun,54.09,61.14,1,1
2026-07-02,2026-07-02 17:24:01,vendredi,regular,['vendredi'],Pass Vendredi,Shotgun,54.09,61.14,1,1
2026-07-02,2026-07-02 17:24:04,2-jours,regular,,Pass 2 Jours,Shotgun,95.0,107.37,1,1
2026-07-02,2026-07-02 17:24:04,2-jours,regular,,Pass 2 Jours,Shotgun,95.0,107.37,1,1
2026-07-02,2026-07-02 17:24:09,2-jours,regular,,Pass 2 Jours,Shotgun,95.0,107.37,1,1
2026-07-02,2026-07-02 17:24:09,2-jours,regular,,Pass 2 Jours,Shotgun,95.0,107.37,1,1
2026-07-02,2026-07-02 17:24:09,2-jours,regular,,Pass 2 Jours,Shotgun,95.0,107.37,1,1
2026-07-02,2026-07-02 17:24:14,2-jours,regular,,Pass 2 Jours,Shotgun,95.0,107.37,1,1
2026-07-02,2026-07-02 17:24:15,2-jours,regular,,Pass 2 Jours,Shotgun,95.0,107.37,1,1
2026-07-02,2026-07-02 17:24:16,2-jours,regular,,Pass 2 Jours,Shotgun,95.0,107.37,1,1
2026-07-02,2026-07-02 17:24:30,2-jours,regular,,Pass 2 Jours,Shotgun,95.0,107.37,1,1
2026-07-02,2026-07-02 17:24:33,vendredi,regular,['vendredi'],Pass Vendredi,Shotgun,54.09,61.14,1,1
2026-07-02,2026-07-02 17:24:33,vendredi,regular,['vendredi'],Pass Vendredi,Shotgun,54.09,61.14,1,1
2026-07-02,2026-07-02 17:24:38,2-jours,vip,"['vendredi', 'samedi']",Pass Acces Scene,Shotgun,220.0,248.66,1,1
2026-07-02,2026-07-02 17:24:45,2-jours,regular,,Pass 2 Jours,Shotgun,95.0,107.37,1,1
2026-07-02,2026-07-02 17:24:49,vendredi,regular,['vendredi'],Pass Vendredi,Shotgun,54.09,61.14,1,1
2026-07-02,2026-07-02 17:24:51,2-jours,regular,,Pass 2 Jours,Shotgun,95.0,107.37,1,1
2026-07-02,2026-07-02 17:24:51,2-jours,regular,,Pass 2 Jours,Shotgun,95.0,107.37,1,1
2026-07-02,2026-07-02 17:24:53,samedi,regular,['samedi'],Pass Samedi,Shotgun,54.09,61.14,1,1
2026-07-02,2026-07-02 17:24:57,samedi,regular,['samedi'],Pass Samedi,Shotgun,54.09,61.14,1,1
2026-07-02,2026-07-02 17:24:57,samedi,regular,['samedi'],Pass Samedi,Shotgun,54.09,61.14,1,1
2026-07-02,2026-07-02 17:24:59,samedi,regular,['samedi'],Pass Samedi,Shotgun,54.09,61.14,1,1
2026-07-02,2026-07-02 17:25:05,2-jours,vip,"['vendredi', 'samedi']",Pass Acces Scene,Shotgun,220.0,248.66,1,1
2026-07-02,2026-07-02 17:25:08,2-jours,vip,"['vendredi', 'samedi']",Pass Acces Scene,Shotgun,220.0,248.66,1,1
2026-07-02,2026-07-02 17:25:10,vendredi,regular,['vendredi'],Pass Vendredi,Shotgun,54.09,61.14,1,1
2026-07-02,2026-07-02 17:25:14,2-jours,regular,,Pass 2 Jours,Shotgun,95.0,107.37,1,1
2026-07-02,2026-07-02 17:25:24,2-jours,regular,,Pass 2 Jours,Shotgun,95.0,107.37,1,1
2026-07-02,2026-07-02 17:25:26,2-jours,regular,,Pass 2 Jours,Shotgun,95.0,107.37,1,1
2026-07-02,2026-07-02 17:25:26,2-jours,regular,,Pass 2 Jours,Shotgun,95.0,107.37,1,1
2026-07-02,2026-07-02 17:25:27,vendredi,regular,['vendredi'],Pass Vendredi,Shotgun,54.09,61.14,1,1
2026-07-02,2026-07-02 17:25:28,samedi,regular,['samedi'],Pass Samedi,Shotgun,50.0,56.51,1,1
2026-07-02,2026-07-02 17:25:28,samedi,regular,['samedi'],Pass Samedi,Shotgun,50.0,56.51,1,1
2026-07-02,2026-07-02 17:25:41,samedi,regular,['samedi'],Pass Samedi,Shotgun,50.0,56.51,1,1
2026-07-02,2026-07-02 17:25:41,samedi,regular,['samedi'],Pass Samedi,Shotgun,54.09,61.14,1,1
2026-07-02,2026-07-02 17:25:49,2-jours,regular,,Pass 2 Jours,Shotgun,95.0,107.37,1,1
2026-07-02,2026-07-02 17:26:06,2-jours,regular,,Pass 2 Jours,Shotgun,95.0,107.37,1,1
2026-07-02,2026-07-02 17:26:08,2-jours,regular,,Pass 2 Jours,Shotgun,95.0,107.37,1,1
2026-07-02,2026-07-02 17:26:13,vendredi,regular,['vendredi'],Pass Vendredi,Shotgun,54.09,61.14,1,1
2026-07-02,2026-07-02 17:26:15,vendredi,regular,['vendredi'],Pass Vendredi,Shotgun,54.09,61.14,1,1
2026-07-02,2026-07-02 17:26:16,samedi,regular,['samedi'],Pass Samedi,Shotgun,54.09,61.14,1,1
2026-07-02,2026-07-02 17:26:19,2-jours,regular,,Pass 2 Jours,Shotgun,95.0,107.37,1,1
2026-07-02,2026-07-02 17:26:21,2-jours,regular,,Pass 2 Jours,Shotgun,95.0,107.37,1,1
2026-07-02,2026-07-02 17:26:21,2-jours,regular,,Pass 2 Jours,Shotgun,95.0,107.37,1,1
2026-07-02,2026-07-02 17:26:23,vendredi,regular,['vendredi'],Pass Vendredi,Shotgun,54.09,61.14,1,1
2026-07-02,2026-07-02 17:26:26,2-jours,regular,,Pass 2 Jours,Shotgun,95.0,107.37,1,1
2026-07-02,2026-07-02 17:26:26,2-jours,regular,,Pass 2 Jours,Shotgun,95.0,107.37,1,1
2026-07-02,2026-07-02 17:26:27,2-jours,regular,,Pass 2 Jours,Shotgun,95.0,107.37,1,1
2026-07-02,2026-07-02 17:26:30,2-jours,regular,,Pass 2 Jours,Shotgun,95.0,107.37,1,1
2026-07-02,2026-07-02 17:26:33,2-jours,regular,,Pass 2 Jours,Shotgun,95.0,107.37,1,1
2026-07-02,2026-07-02 17:26:33,2-jours,regular,,Pass 2 Jours,Shotgun,95.0,107.37,1,1
2026-07-02,2026-07-02 17:26:35,2-jours,regular,,Pass 2 Jours,Shotgun,95.0,107.37,1,1
2026-07-02,2026-07-02 17:26:37,2-jours,regular,,Pass 2 Jours,Shotgun,95.0,107.37,1,1
2026-07-02,2026-07-02 17:26:46,vendredi,regular,['vendredi'],Pass Vendredi,Shotgun,54.09,61.14,1,1
2026-07-02,2026-07-02 17:26:47,2-jours,regular,,Pass 2 Jours,Shotgun,95.0,107.37,1,1
2026-07-02,2026-07-02 17:26:53,2-jours,regular,,Pass 2 Jours,Shotgun,95.0,107.37,1,1
2026-07-02,2026-07-02 17:26:56,samedi,regular,['samedi'],Pass Samedi,Shotgun,54.09,61.14,1,1
2026-07-02,2026-07-02 17:26:56,samedi,regular,['samedi'],Pass Samedi,Shotgun,54.09,61.14,1,1
2026-07-02,2026-07-02 17:26:57,2-jours,regular,,Pass 2 Jours,Shotgun,95.0,107.37,1,1
2026-07-02,2026-07-02 17:27:01,samedi,regular,['samedi'],Pass Samedi,Shotgun,54.09,61.14,1,1
2026-07-02,2026-07-02 17:27:02,2-jours,regular,,Pass 2 Jours,Shotgun,95.0,107.37,1,1
2026-07-02,2026-07-02 17:27:03,vendredi,regular,['vendredi'],Pass Vendredi,Shotgun,54.09,61.14,1,1
2026-07-02,2026-07-02 17:27:03,2-jours,regular,,Pass 2 Jours,Shotgun,95.0,107.37,1,1
2026-07-02,2026-07-02 17:27:12,2-jours,regular,,Pass 2 Jours,Shotgun,95.0,107.37,1,1
2026-07-02,2026-07-02 17:27:16,vendredi,regular,['vendredi'],Pass Vendredi,Shotgun,54.09,61.14,1,1
2026-07-02,2026-07-02 17:27:24,2-jours,regular,,Pass 2 Jours,Shotgun,95.0,107.37,1,1
2026-07-02,2026-07-02 17:27:25,samedi,regular,['samedi'],Pass Samedi,Shotgun,54.09,61.14,1,1
2026-07-02,2026-07-02 17:27:25,samedi,regular,['samedi'],Pass Samedi,Shotgun,54.09,61.14,1,1
2026-07-02,2026-07-02 17:27:29,2-jours,regular,,Pass 2 Jours,Shotgun,95.0,107.37,1,1
2026-07-02,2026-07-02 17:27:34,samedi,regular,['samedi'],Pass Samedi,Shotgun,50.0,56.51,1,1
2026-07-02,2026-07-02 17:27:37,samedi,regular,['samedi'],Pass Samedi,Shotgun,54.09,61.14,1,1
2026-07-02,2026-07-02 17:27:38,2-jours,regular,,Pass 2 Jours,Shotgun,95.0,107.37,1,1
2026-07-02,2026-07-02 17:27:44,2-jours,regular,,Pass 2 Jours,Shotgun,95.0,107.37,1,1
2026-07-02,2026-07-02 17:27:44,2-jours,regular,,Pass 2 Jours,Shotgun,95.0,107.37,1,1
2026-07-02,2026-07-02 17:27:44,samedi,vip,['samedi'],Pass Acces Scene,Shotgun,120.0,135.63,1,1
2026-07-02,2026-07-02 17:27:52,2-jours,regular,,Pass 2 Jours,Shotgun,95.0,107.37,1,1
2026-07-02,2026-07-02 17:27:52,2-jours,regular,,Pass 2 Jours,Shotgun,95.0,107.37,1,1
2026-07-02,2026-07-02 17:27:53,vendredi,regular,['vendredi'],Pass Vendredi,Shotgun,54.09,61.14,1,1
2026-07-02,2026-07-02 17:27:54,vendredi,regular,['vendredi'],Pass Vendredi,Shotgun,54.09,61.14,1,1
2026-07-02,2026-07-02 17:27:55,2-jours,regular,,Pass 2 Jours,Shotgun,95.0,107.37,1,1
2026-07-02,2026-07-02 17:27:57,samedi,regular,['samedi'],Pass Samedi,Shotgun,54.09,61.14,1,1
2026-07-02,2026-07-02 17:27:57,samedi,regular,['samedi'],Pass Samedi,Shotgun,54.09,61.14,1,1
2026-07-02,2026-07-02 17:28:01,samedi,regular,['samedi'],Pass Samedi,Shotgun,54.09,61.14,1,1
2026-07-02,2026-07-02 17:28:08,vendredi,regular,['vendredi'],Pass Vendredi,Shotgun,54.09,61.14,1,1
2026-07-02,2026-07-02 17:28:11,vendredi,vip,['vendredi'],Pass Acces Scene,Shotgun,120.0,135.63,1,1
2026-07-02,2026-07-02 17:28:11,vendredi,vip,['vendredi'],Pass Acces Scene,Shotgun,120.0,135.63,1,1
2026-07-02,2026-07-02 17:28:11,vendredi,regular,['vendredi'],Pass Vendredi,Shotgun,54.09,61.14,1,1
2026-07-02,2026-07-02 17:28:11,vendredi,regular,['vendredi'],Pass Vendredi,Shotgun,54.09,61.14,1,1
2026-07-02,2026-07-02 17:28:12,2-jours,regular,,Pass 2 Jours,Shotgun,95.0,107.37,1,1
2026-07-02,2026-07-02 17:28:12,2-jours,regular,,Pass 2 Jours,Shotgun,95.0,107.37,1,1
2026-07-02,2026-07-02 17:28:20,2-jours,regular,,Pass 2 Jours,Shotgun,95.0,107.37,1,1
2026-07-02,2026-07-02 17:28:20,2-jours,regular,,Pass 2 Jours,Shotgun,95.0,107.37,1,1
2026-07-02,2026-07-02 17:28:23,vendredi,regular,['vendredi'],Pass Vendredi,Shotgun,54.09,61.14,1,1
2026-07-02,2026-07-02 17:28:23,vendredi,regular,['vendredi'],Pass Vendredi,Shotgun,54.09,61.14,1,1
2026-07-02,2026-07-02 17:28:26,2-jours,regular,,Pass 2 Jours,Shotgun,95.0,107.37,1,1
2026-07-02,2026-07-02 17:28:31,2-jours,regular,,Pass 2 Jours,Shotgun,95.0,107.37,1,1
2026-07-02,2026-07-02 17:28:34,vendredi,regular,['vendredi'],Pass Vendredi,Shotgun,54.09,61.14,1,1
2026-07-02,2026-07-02 17:28:34,vendredi,regular,['vendredi'],Pass Vendredi,Shotgun,54.09,61.14,1,1
2026-07-02,2026-07-02 17:28:34,2-jours,regular,,Pass 2 Jours,Shotgun,95.0,107.37,1,1
2026-07-02,2026-07-02 17:28:38,samedi,regular,['samedi'],Pass Samedi,Shotgun,54.09,61.14,1,1
2026-07-02,2026-07-02 17:28:38,samedi,regular,['samedi'],Pass Samedi,Shotgun,54.09,61.14,1,1
2026-07-02,2026-07-02 17:28:39,2-jours,regular,,Pass 2 Jours,Shotgun,95.0,107.37,1,1
2026-07-02,2026-07-02 17:28:46,2-jours,regular,,Pass 2 Jours,Shotgun,95.0,107.37,1,1
2026-07-02,2026-07-02 17:28:51,vendredi,regular,['vendredi'],Pass Vendredi,Shotgun,54.09,61.14,1,1
2026-07-02,2026-07-02 17:28:51,2-jours,regular,,Pass 2 Jours,Shotgun,95.0,107.37,1,1
2026-07-02,2026-07-02 17:28:55,2-jours,regular,,Pass 2 Jours,Shotgun,95.0,107.37,1,1
2026-07-02,2026-07-02 17:28:59,samedi,regular,['samedi'],Pass Samedi,Shotgun,54.09,61.14,1,1
2026-07-02,2026-07-02 17:29:02,2-jours,regular,,Pass 2 Jours,Shotgun,95.0,107.37,1,1
2026-07-02,2026-07-02 17:29:02,2-jours,regular,,Pass 2 Jours,Shotgun,95.0,107.37,1,1
2026-07-02,2026-07-02 17:29:03,vendredi,regular,['vendredi'],Pass Vendredi,Shotgun,54.09,61.14,1,1
2026-07-02,2026-07-02 17:29:03,2-jours,regular,,Pass 2 Jours,Shotgun,95.0,107.37,1,1
2026-07-02,2026-07-02 17:29:04,2-jours,regular,,Pass 2 Jours,Shotgun,95.0,107.37,1,1
2026-07-02,2026-07-02 17:29:04,2-jours,regular,,Pass 2 Jours,Shotgun,95.0,107.37,1,1
2026-07-02,2026-07-02 17:29:05,2-jours,regular,,Pass 2 Jours,Shotgun,95.0,107.37,1,1
2026-07-02,2026-07-02 17:29:05,2-jours,regular,,Pass 2 Jours,Shotgun,95.0,107.37,1,1
2026-07-02,2026-07-02 17:29:11,samedi,regular,['samedi'],Pass Samedi,Shotgun,54.09,61.14,1,1
2026-07-02,2026-07-02 17:29:13,samedi,regular,['samedi'],Pass Samedi,Shotgun,54.09,61.14,1,1
2026-07-02,2026-07-02 17:29:14,2-jours,regular,,Pass 2 Jours,Shotgun,95.0,107.37,1,1
2026-07-02,2026-07-02 17:29:30,2-jours,regular,,Pass 2 Jours,Shotgun,95.0,107.37,1,1
2026-07-02,2026-07-02 17:29:31,vendredi,regular,['vendredi'],Pass Vendredi,Shotgun,54.09,61.14,1,1
2026-07-02,2026-07-02 17:29:34,vendredi,regular,['vendredi'],Pass Vendredi,Shotgun,54.09,61.14,1,1
2026-07-02,2026-07-02 17:29:48,vendredi,regular,['vendredi'],Pass Vendredi,Shotgun,54.09,61.14,1,1
2026-07-02,2026-07-02 17:29:48,vendredi,regular,['vendredi'],Pass Vendredi,Shotgun,54.09,61.14,1,1
2026-07-02,2026-07-02 17:29:48,vendredi,regular,['vendredi'],Pass Vendredi,Shotgun,54.09,61.14,1,1
2026-07-02,2026-07-02 17:29:48,2-jours,regular,,Pass 2 Jours,Shotgun,95.0,107.37,1,1
2026-07-02,2026-07-02 17:29:50,2-jours,regular,,Pass 2 Jours,Shotgun,95.0,107.37,1,1
2026-07-02,2026-07-02 17:29:57,samedi,regular,['samedi'],Pass Samedi,Shotgun,54.09,61.14,1,1
2026-07-02,2026-07-02 17:29:57,samedi,regular,['samedi'],Pass Samedi,Shotgun,54.09,61.14,1,1
2026-07-02,2026-07-02 17:30:06,2-jours,regular,,Pass 2 Jours,Shotgun,95.0,107.37,1,1
2026-07-02,2026-07-02 17:30:13,2-jours,regular,,Pass 2 Jours,Shotgun,95.0,107.37,1,1
2026-07-02,2026-07-02 17:30:15,2-jours,regular,,Pass 2 Jours,Shotgun,95.0,107.37,1,1
2026-07-02,2026-07-02 17:30:19,samedi,regular,['samedi'],Pass Samedi,Shotgun,54.09,61.14,1,1
2026-07-02,2026-07-02 17:30:26,2-jours,regular,,Pass 2 Jours,Shotgun,95.0,107.37,1,1
2026-07-02,2026-07-02 17:30:36,2-jours,regular,,Pass 2 Jours,Shotgun,95.0,107.37,1,1
2026-07-02,2026-07-02 17:30:38,2-jours,regular,,Pass 2 Jours,Shotgun,95.0,107.37,1,1
2026-07-02,2026-07-02 17:30:41,vendredi,vip,['vendredi'],Pass Acces Scene,Shotgun,120.0,135.63,1,1
2026-07-02,2026-07-02 17:30:41,2-jours,regular,,Pass 2 Jours,Shotgun,95.0,107.37,1,1
2026-07-02,2026-07-02 17:30:45,samedi,regular,['samedi'],Pass Samedi,Shotgun,54.09,61.14,1,1
2026-07-02,2026-07-02 17:30:49,2-jours,regular,,Pass 2 Jours,Shotgun,95.0,107.37,1,1
2026-07-02,2026-07-02 17:30:50,vendredi,regular,['vendredi'],Pass Vendredi,Shotgun,54.09,61.14,1,1
2026-07-02,2026-07-02 17:30:54,2-jours,regular,,Pass 2 Jours,Shotgun,95.0,107.37,1,1
2026-07-02,2026-07-02 17:31:02,samedi,regular,['samedi'],Pass Samedi,Shotgun,54.09,61.14,1,1
2026-07-02,2026-07-02 17:31:02,samedi,regular,['samedi'],Pass Samedi,Shotgun,54.09,61.14,1,1
2026-07-02,2026-07-02 17:31:02,2-jours,regular,,Pass 2 Jours,Shotgun,95.0,107.37,1,1
2026-07-02,2026-07-02 17:31:03,2-jours,regular,,Pass 2 Jours,Shotgun,95.0,107.37,1,1
2026-07-02,2026-07-02 17:31:04,vendredi,regular,['vendredi'],Pass Vendredi,Shotgun,54.09,61.14,1,1
2026-07-02,2026-07-02 17:31:15,2-jours,regular,,Pass 2 Jours,Shotgun,95.0,107.37,1,1
2026-07-02,2026-07-02 17:31:15,2-jours,regular,,Pass 2 Jours,Shotgun,95.0,107.37,1,1
2026-07-02,2026-07-02 17:31:21,vendredi,regular,['vendredi'],Pass Vendredi,Shotgun,54.09,61.14,1,1
2026-07-02,2026-07-02 17:31:21,vendredi,regular,['vendredi'],Pass Vendredi,Shotgun,54.09,61.14,1,1
2026-07-02,2026-07-02 17:31:21,vendredi,regular,['vendredi'],Pass Vendredi,Shotgun,54.09,61.14,1,1
2026-07-02,2026-07-02 17:31:21,samedi,regular,['samedi'],Pass Samedi,Shotgun,54.09,61.14,1,1
2026-07-02,2026-07-02 17:31:21,samedi,regular,['samedi'],Pass Samedi,Shotgun,54.09,61.14,1,1
2026-07-02,2026-07-02 17:31:24,2-jours,regular,,Pass 2 Jours,Shotgun,95.0,107.37,1,1
2026-07-02,2026-07-02 17:31:24,2-jours,regular,,Pass 2 Jours,Shotgun,95.0,107.37,1,1
2026-07-02,2026-07-02 17:31:33,samedi,regular,['samedi'],Pass Samedi,Shotgun,54.09,61.14,1,1
2026-07-02,2026-07-02 17:31:36,vendredi,regular,['vendredi'],Pass Vendredi,Shotgun,54.09,61.14,1,1
2026-07-02,2026-07-02 17:31:40,2-jours,regular,,Pass 2 Jours,Shotgun,95.0,107.37,1,1
2026-07-02,2026-07-02 17:31:49,vendredi,vip,['vendredi'],Pass Acces Scene,Shotgun,120.0,135.63,1,1
2026-07-02,2026-07-02 17:31:51,2-jours,regular,,Pass 2 Jours,Shotgun,95.0,107.37,1,1
2026-07-02,2026-07-02 17:31:52,2-jours,regular,,Pass 2 Jours,Shotgun,95.0,107.37,1,1
2026-07-02,2026-07-02 17:31:53,2-jours,regular,,Pass 2 Jours,Shotgun,95.0,107.37,1,1
2026-07-02,2026-07-02 17:31:59,samedi,regular,['samedi'],Pass Samedi,Shotgun,54.09,61.14,1,1
2026-07-02,2026-07-02 17:31:59,samedi,regular,['samedi'],Pass Samedi,Shotgun,54.09,61.14,1,1
2026-07-02,2026-07-02 17:32:00,2-jours,regular,,Pass 2 Jours,Shotgun,95.0,107.37,1,1
2026-07-02,2026-07-02 17:32:03,2-jours,regular,,Pass 2 Jours,Shotgun,95.0,107.37,1,1
2026-07-02,2026-07-02 17:32:04,2-jours,regular,,Pass 2 Jours,Shotgun,95.0,107.37,1,1
2026-07-02,2026-07-02 17:32:05,vendredi,regular,['vendredi'],Pass Vendredi,Shotgun,54.09,61.14,1,1
2026-07-02,2026-07-02 17:32:06,vendredi,regular,['vendredi'],Pass Vendredi,Shotgun,54.09,61.14,1,1
2026-07-02,2026-07-02 17:32:06,2-jours,regular,,Pass 2 Jours,Shotgun,95.0,107.37,1,1
2026-07-02,2026-07-02 17:32:06,2-jours,regular,,Pass 2 Jours,Shotgun,95.0,107.37,1,1
2026-07-02,2026-07-02 17:32:13,vendredi,regular,['vendredi'],Pass Vendredi,Shotgun,54.09,61.14,1,1
2026-07-02,2026-07-02 17:32:13,samedi,regular,['samedi'],Pass Samedi,Shotgun,54.09,61.14,1,1
2026-07-02,2026-07-02 17:32:23,2-jours,regular,,Pass 2 Jours,Shotgun,95.0,107.37,1,1
2026-07-02,2026-07-02 17:32:29,samedi,regular,['samedi'],Pass Samedi,Shotgun,54.09,61.14,1,1
2026-07-02,2026-07-02 17:32:31,vendredi,regular,['vendredi'],Pass Vendredi,Shotgun,54.09,61.14,1,1
2026-07-02,2026-07-02 17:32:34,2-jours,regular,,Pass 2 Jours,Shotgun,95.0,107.37,1,1
2026-07-02,2026-07-02 17:32:40,samedi,regular,['samedi'],Pass Samedi,Shotgun,54.09,61.14,1,1
2026-07-02,2026-07-02 17:32:40,samedi,regular,['samedi'],Pass Samedi,Shotgun,54.09,61.14,1,1
2026-07-02,2026-07-02 17:32:40,vendredi,regular,['vendredi'],Pass Vendredi,Shotgun,54.09,61.14,1,1
2026-07-02,2026-07-02 17:32:40,vendredi,regular,['vendredi'],Pass Vendredi,Shotgun,54.09,61.14,1,1
2026-07-02,2026-07-02 17:32:41,samedi,regular,['samedi'],Pass Samedi,Shotgun,54.09,61.14,1,1
2026-07-02,2026-07-02 17:32:42,2-jours,regular,,Pass 2 Jours,Shotgun,95.0,107.37,1,1
2026-07-02,2026-07-02 17:32:43,vendredi,regular,['vendredi'],Pass Vendredi,Shotgun,54.09,61.14,1,1
2026-07-02,2026-07-02 17:32:43,vendredi,regular,['vendredi'],Pass Vendredi,Shotgun,54.09,61.14,1,1
2026-07-02,2026-07-02 17:32:43,vendredi,regular,['vendredi'],Pass Vendredi,Shotgun,54.09,61.14,1,1
2026-07-02,2026-07-02 17:32:44,2-jours,regular,,Pass 2 Jours,Shotgun,95.0,107.37,1,1
2026-07-02,2026-07-02 17:32:45,2-jours,regular,,Pass 2 Jours,Shotgun,95.0,107.37,1,1
2026-07-02,2026-07-02 17:32:45,2-jours,regular,,Pass 2 Jours,Shotgun,95.0,107.37,1,1
2026-07-02,2026-07-02 17:32:48,vendredi,regular,['vendredi'],Pass Vendredi,Shotgun,54.09,61.14,1,1
2026-07-02,2026-07-02 17:32:50,2-jours,regular,,Pass 2 Jours,Shotgun,95.0,107.37,1,1
2026-07-02,2026-07-02 17:32:51,2-jours,regular,,Pass 2 Jours,Shotgun,95.0,107.37,1,1
2026-07-02,2026-07-02 17:32:51,samedi,regular,['samedi'],Pass Samedi,Shotgun,54.09,61.14,1,1
2026-07-02,2026-07-02 17:32:51,samedi,regular,['samedi'],Pass Samedi,Shotgun,54.09,61.14,1,1
2026-07-02,2026-07-02 17:32:59,vendredi,regular,['vendredi'],Pass Vendredi,Shotgun,54.09,61.14,1,1
2026-07-02,2026-07-02 17:33:00,samedi,regular,['samedi'],Pass Samedi,Shotgun,54.09,61.14,1,1
2026-07-02,2026-07-02 17:33:04,2-jours,regular,,Pass 2 Jours,Shotgun,95.0,107.37,1,1
2026-07-02,2026-07-02 17:33:04,2-jours,regular,,Pass 2 Jours,Shotgun,95.0,107.37,1,1
2026-07-02,2026-07-02 17:33:05,vendredi,regular,['vendredi'],Pass Vendredi,Shotgun,54.09,61.14,1,1
2026-07-02,2026-07-02 17:33:06,samedi,regular,['samedi'],Pass Samedi,Shotgun,54.09,61.14,1,1
2026-07-02,2026-07-02 17:33:06,samedi,regular,['samedi'],Pass Samedi,Shotgun,54.09,61.14,1,1
2026-07-02,2026-07-02 17:33:14,vendredi,regular,['vendredi'],Pass Vendredi,Shotgun,54.09,61.14,1,1
2026-07-02,2026-07-02 17:33:14,vendredi,regular,['vendredi'],Pass Vendredi,Shotgun,54.09,61.14,1,1
2026-07-02,2026-07-02 17:33:14,vendredi,regular,['vendredi'],Pass Vendredi,Shotgun,54.09,61.14,1,1
2026-07-02,2026-07-02 17:33:17,samedi,regular,['samedi'],Pass Samedi,Shotgun,54.09,61.14,1,1
2026-07-02,2026-07-02 17:33:19,vendredi,regular,['vendredi'],Pass Vendredi,Shotgun,54.09,61.14,1,1
2026-07-02,2026-07-02 17:33:20,samedi,regular,['samedi'],Pass Samedi,Shotgun,54.09,61.14,1,1
2026-07-02,2026-07-02 17:33:20,samedi,regular,['samedi'],Pass Samedi,Shotgun,54.09,61.14,1,1
2026-07-02,2026-07-02 17:33:22,vendredi,regular,['vendredi'],Pass Vendredi,Shotgun,54.09,61.14,1,1
2026-07-02,2026-07-02 17:33:25,samedi,regular,['samedi'],Pass Samedi,Shotgun,54.09,61.14,1,1
2026-07-02,2026-07-02 17:33:25,samedi,regular,['samedi'],Pass Samedi,Shotgun,54.09,61.14,1,1
2026-07-02,2026-07-02 17:33:27,vendredi,regular,['vendredi'],Pass Vendredi,Shotgun,54.09,61.14,1,1
2026-07-02,2026-07-02 17:33:33,2-jours,regular,,Pass 2 Jours,Shotgun,95.0,107.37,1,1
2026-07-02,2026-07-02 17:33:40,2-jours,regular,,Pass 2 Jours,Shotgun,95.0,107.37,1,1
2026-07-02,2026-07-02 17:33:41,vendredi,regular,['vendredi'],Pass Vendredi,Shotgun,54.09,61.14,1,1
2026-07-02,2026-07-02 17:33:41,vendredi,regular,['vendredi'],Pass Vendredi,Shotgun,54.09,61.14,1,1
2026-07-02,2026-07-02 17:33:42,2-jours,regular,,Pass 2 Jours,Shotgun,95.0,107.37,1,1
2026-07-02,2026-07-02 17:33:48,2-jours,regular,,Pass 2 Jours,Shotgun,95.0,107.37,1,1
2026-07-02,2026-07-02 17:33:51,vendredi,vip,['vendredi'],Pass Acces Scene,Shotgun,120.0,135.63,1,1
2026-07-02,2026-07-02 17:33:51,samedi,regular,['samedi'],Pass Samedi,Shotgun,54.09,61.14,1,1
2026-07-02,2026-07-02 17:33:52,2-jours,regular,,Pass 2 Jours,Shotgun,95.0,107.37,1,1
2026-07-02,2026-07-02 17:34:00,samedi,regular,['samedi'],Pass Samedi,Shotgun,54.09,61.14,1,1
2026-07-02,2026-07-02 17:34:01,2-jours,regular,,Pass 2 Jours,Shotgun,95.0,107.37,1,1
2026-07-02,2026-07-02 17:34:03,vendredi,regular,['vendredi'],Pass Vendredi,Shotgun,54.09,61.14,1,1
2026-07-02,2026-07-02 17:34:12,2-jours,regular,,Pass 2 Jours,Shotgun,95.0,107.37,1,1
2026-07-02,2026-07-02 17:34:12,2-jours,regular,,Pass 2 Jours,Shotgun,95.0,107.37,1,1
2026-07-02,2026-07-02 17:34:12,samedi,regular,['samedi'],Pass Samedi,Shotgun,54.09,61.14,1,1
2026-07-02,2026-07-02 17:34:12,samedi,regular,['samedi'],Pass Samedi,Shotgun,54.09,61.14,1,1
2026-07-02,2026-07-02 17:34:12,samedi,regular,['samedi'],Pass Samedi,Shotgun,54.09,61.14,1,1
2026-07-02,2026-07-02 17:34:12,samedi,regular,['samedi'],Pass Samedi,Shotgun,54.09,61.14,1,1
2026-07-02,2026-07-02 17:34:15,vendredi,regular,['vendredi'],Pass Vendredi,Shotgun,54.09,61.14,1,1
2026-07-02,2026-07-02 17:34:15,vendredi,regular,['vendredi'],Pass Vendredi,Shotgun,54.09,61.14,1,1
2026-07-02,2026-07-02 17:34:15,vendredi,regular,['vendredi'],Pass Vendredi,Shotgun,54.09,61.14,1,1
2026-07-02,2026-07-02 17:34:15,vendredi,regular,['vendredi'],Pass Vendredi,Shotgun,54.09,61.14,1,1
2026-07-02,2026-07-02 17:34:15,2-jours,regular,,Pass 2 Jours,Shotgun,95.0,107.37,1,1
2026-07-02,2026-07-02 17:34:17,2-jours,regular,,Pass 2 Jours,Shotgun,95.0,107.37,1,1
2026-07-02,2026-07-02 17:34:18,samedi,regular,['samedi'],Pass Samedi,Shotgun,54.09,61.14,1,1
2026-07-02,2026-07-02 17:34:18,samedi,regular,['samedi'],Pass Samedi,Shotgun,54.09,61.14,1,1
2026-07-02,2026-07-02 17:34:26,2-jours,regular,,Pass 2 Jours,Shotgun,95.0,107.37,1,1
2026-07-02,2026-07-02 17:34:27,samedi,regular,['samedi'],Pass Samedi,Shotgun,54.09,61.14,1,1
2026-07-02,2026-07-02 17:34:27,samedi,regular,['samedi'],Pass Samedi,Shotgun,54.09,61.14,1,1
2026-07-02,2026-07-02 17:34:28,2-jours,regular,,Pass 2 Jours,Shotgun,95.0,107.37,1,1
2026-07-02,2026-07-02 17:34:39,2-jours,regular,,Pass 2 Jours,Shotgun,95.0,107.37,1,1
2026-07-02,2026-07-02 17:34:41,2-jours,regular,,Pass 2 Jours,Shotgun,95.0,107.37,1,1
2026-07-02,2026-07-02 17:34:43,2-jours,regular,,Pass 2 Jours,Shotgun,95.0,107.37,1,1
2026-07-02,2026-07-02 17:34:45,2-jours,regular,,Pass 2 Jours,Shotgun,95.0,107.37,1,1
2026-07-02,2026-07-02 17:34:53,2-jours,regular,,Pass 2 Jours,Shotgun,95.0,107.37,1,1
2026-07-02,2026-07-02 17:34:56,2-jours,regular,,Pass 2 Jours,Shotgun,95.0,107.37,1,1
2026-07-02,2026-07-02 17:35:00,samedi,regular,['samedi'],Pass Samedi,Shotgun,54.09,61.14,1,1
2026-07-02,2026-07-02 17:35:01,vendredi,regular,['vendredi'],Pass Vendredi,Shotgun,54.09,61.14,1,1
2026-07-02,2026-07-02 17:35:03,samedi,regular,['samedi'],Pass Samedi,Shotgun,54.09,61.14,1,1
2026-07-02,2026-07-02 17:35:05,vendredi,regular,['vendredi'],Pass Vendredi,Shotgun,54.09,61.14,1,1
2026-07-02,2026-07-02 17:35:05,vendredi,regular,['vendredi'],Pass Vendredi,Shotgun,54.09,61.14,1,1
2026-07-02,2026-07-02 17:35:05,vendredi,regular,['vendredi'],Pass Vendredi,Shotgun,54.09,61.14,1,1
2026-07-02,2026-07-02 17:35:05,vendredi,regular,['vendredi'],Pass Vendredi,Shotgun,54.09,61.14,1,1
2026-07-02,2026-07-02 17:35:10,vendredi,regular,['vendredi'],Pass Vendredi,Shotgun,54.09,61.14,1,1
2026-07-02,2026-07-02 17:35:14,2-jours,regular,,Pass 2 Jours,Shotgun,95.0,107.37,1,1
2026-07-02,2026-07-02 17:35:15,samedi,regular,['samedi'],Pass Samedi,Shotgun,54.09,61.14,1,1
2026-07-02,2026-07-02 17:35:16,vendredi,regular,['vendredi'],Pass Vendredi,Shotgun,54.09,61.14,1,1
2026-07-02,2026-07-02 17:35:16,2-jours,regular,,Pass 2 Jours,Shotgun,95.0,107.37,1,1
2026-07-02,2026-07-02 17:35:17,2-jours,regular,,Pass 2 Jours,Shotgun,95.0,107.37,1,1
2026-07-02,2026-07-02 17:35:17,2-jours,regular,,Pass 2 Jours,Shotgun,95.0,107.37,1,1
2026-07-02,2026-07-02 17:35:17,2-jours,regular,,Pass 2 Jours,Shotgun,95.0,107.37,1,1
2026-07-02,2026-07-02 17:35:26,samedi,regular,['samedi'],Pass Samedi,Shotgun,54.09,61.14,1,1
2026-07-02,2026-07-02 17:35:28,2-jours,regular,,Pass 2 Jours,Shotgun,95.0,107.37,1,1
2026-07-02,2026-07-02 17:35:33,2-jours,regular,,Pass 2 Jours,Shotgun,95.0,107.37,1,1
2026-07-02,2026-07-02 17:35:38,vendredi,regular,['vendredi'],Pass Vendredi,Shotgun,54.09,61.14,1,1
2026-07-02,2026-07-02 17:35:44,2-jours,regular,,Pass 2 Jours,Shotgun,95.0,107.37,1,1
2026-07-02,2026-07-02 17:35:48,2-jours,regular,,Pass 2 Jours,Shotgun,95.0,107.37,1,1
2026-07-02,2026-07-02 17:35:53,2-jours,regular,,Pass 2 Jours,Shotgun,95.0,107.37,1,1
2026-07-02,2026-07-02 17:35:54,2-jours,regular,,Pass 2 Jours,Shotgun,95.0,107.37,1,1
2026-07-02,2026-07-02 17:35:54,2-jours,regular,,Pass 2 Jours,Shotgun,95.0,107.37,1,1
2026-07-02,2026-07-02 17:36:00,vendredi,regular,['vendredi'],Pass Vendredi,Shotgun,54.09,61.14,1,1
2026-07-02,2026-07-02 17:36:00,vendredi,regular,['vendredi'],Pass Vendredi,Shotgun,54.09,61.14,1,1
2026-07-02,2026-07-02 17:36:01,2-jours,regular,,Pass 2 Jours,Shotgun,95.0,107.37,1,1
2026-07-02,2026-07-02 17:36:13,samedi,regular,['samedi'],Pass Samedi,Shotgun,54.09,61.14,1,1
2026-07-02,2026-07-02 17:36:18,samedi,regular,['samedi'],Pass Samedi,Shotgun,54.09,61.14,1,1
2026-07-02,2026-07-02 17:36:21,2-jours,regular,,Pass 2 Jours,Shotgun,95.0,107.37,1,1
2026-07-02,2026-07-02 17:36:21,2-jours,regular,,Pass 2 Jours,Shotgun,95.0,107.37,1,1
2026-07-02,2026-07-02 17:36:36,2-jours,regular,,Pass 2 Jours,Shotgun,95.0,107.37,1,1
2026-07-02,2026-07-02 17:36:43,2-jours,regular,,Pass 2 Jours,Shotgun,95.0,107.37,1,1
2026-07-02,2026-07-02 17:36:46,2-jours,regular,,Pass 2 Jours,Shotgun,95.0,107.37,1,1
2026-07-02,2026-07-02 17:36:59,2-jours,regular,,Pass 2 Jours,Shotgun,95.0,107.37,1,1
2026-07-02,2026-07-02 17:37:12,2-jours,regular,,Pass 2 Jours,Shotgun,95.0,107.37,1,1
2026-07-02,2026-07-02 17:37:12,2-jours,regular,,Pass 2 Jours,Shotgun,95.0,107.37,1,1
2026-07-02,2026-07-02 17:37:24,vendredi,regular,['vendredi'],Pass Vendredi,Shotgun,54.09,61.14,1,1
2026-07-02,2026-07-02 17:37:27,2-jours,regular,,Pass 2 Jours,Shotgun,95.0,107.37,1,1
2026-07-02,2026-07-02 17:37:27,samedi,regular,['samedi'],Pass Samedi,Shotgun,54.09,61.14,1,1
2026-07-02,2026-07-02 17:37:27,samedi,regular,['samedi'],Pass Samedi,Shotgun,54.09,61.14,1,1
2026-07-02,2026-07-02 17:37:31,samedi,regular,['samedi'],Pass Samedi,Shotgun,54.09,61.14,1,1
2026-07-02,2026-07-02 17:37:32,2-jours,regular,,Pass 2 Jours,Shotgun,95.0,107.37,1,1
2026-07-02,2026-07-02 17:37:32,2-jours,regular,,Pass 2 Jours,Shotgun,95.0,107.37,1,1
2026-07-02,2026-07-02 17:37:50,samedi,regular,['samedi'],Pass Samedi,Shotgun,54.09,61.14,1,1
2026-07-02,2026-07-02 17:37:50,samedi,regular,['samedi'],Pass Samedi,Shotgun,54.09,61.14,1,1
2026-07-02,2026-07-02 17:37:50,2-jours,regular,,Pass 2 Jours,Shotgun,95.0,107.37,1,1
2026-07-02,2026-07-02 17:37:58,2-jours,regular,,Pass 2 Jours,Shotgun,95.0,107.37,1,1
2026-07-02,2026-07-02 17:38:00,vendredi,regular,['vendredi'],Pass Vendredi,Shotgun,54.09,61.14,1,1
2026-07-02,2026-07-02 17:38:10,2-jours,regular,,Pass 2 Jours,Shotgun,95.0,107.37,1,1
2026-07-02,2026-07-02 17:38:12,2-jours,regular,,Pass 2 Jours,Shotgun,95.0,107.37,1,1
2026-07-02,2026-07-02 17:38:14,samedi,regular,['samedi'],Pass Samedi,Shotgun,54.09,61.14,1,1
2026-07-02,2026-07-02 17:38:14,samedi,regular,['samedi'],Pass Samedi,Shotgun,54.09,61.14,1,1
2026-07-02,2026-07-02 17:38:14,samedi,regular,['samedi'],Pass Samedi,Shotgun,54.09,61.14,1,1
2026-07-02,2026-07-02 17:38:18,samedi,regular,['samedi'],Pass Samedi,Shotgun,54.09,61.14,1,1
2026-07-02,2026-07-02 17:38:22,vendredi,regular,['vendredi'],Pass Vendredi,Shotgun,54.09,61.14,1,1
2026-07-02,2026-07-02 17:38:26,samedi,regular,['samedi'],Pass Samedi,Shotgun,54.09,61.14,1,1
2026-07-02,2026-07-02 17:38:27,2-jours,regular,,Pass 2 Jours,Shotgun,95.0,107.37,1,1
2026-07-02,2026-07-02 17:38:32,2-jours,regular,,Pass 2 Jours,Shotgun,95.0,107.37,1,1
2026-07-02,2026-07-02 17:38:33,vendredi,regular,['vendredi'],Pass Vendredi,Shotgun,54.09,61.14,1,1
2026-07-02,2026-07-02 17:38:47,2-jours,regular,,Pass 2 Jours,Shotgun,95.0,107.37,1,1
2026-07-02,2026-07-02 17:38:56,vendredi,regular,['vendredi'],Pass Vendredi,Shotgun,54.09,61.14,1,1
2026-07-02,2026-07-02 17:38:56,vendredi,regular,['vendredi'],Pass Vendredi,Shotgun,54.09,61.14,1,1
2026-07-02,2026-07-02 17:39:02,samedi,regular,['samedi'],Pass Samedi,Shotgun,54.09,61.14,1,1
2026-07-02,2026-07-02 17:39:04,2-jours,regular,,Pass 2 Jours,Shotgun,95.0,107.37,1,1
2026-07-02,2026-07-02 17:39:05,vendredi,regular,['vendredi'],Pass Vendredi,Shotgun,54.09,61.14,1,1
2026-07-02,2026-07-02 17:39:07,2-jours,regular,,Pass 2 Jours,Shotgun,95.0,107.37,1,1
2026-07-02,2026-07-02 17:39:07,2-jours,regular,,Pass 2 Jours,Shotgun,95.0,107.37,1,1
2026-07-02,2026-07-02 17:39:17,samedi,regular,['samedi'],Pass Samedi,Shotgun,54.09,61.14,1,1
2026-07-02,2026-07-02 17:39:18,2-jours,regular,,Pass 2 Jours,Shotgun,95.0,107.37,1,1
2026-07-02,2026-07-02 17:39:30,samedi,regular,['samedi'],Pass Samedi,Shotgun,54.09,61.14,1,1
2026-07-02,2026-07-02 17:39:34,2-jours,regular,,Pass 2 Jours,Shotgun,95.0,107.37,1,1
2026-07-02,2026-07-02 17:39:39,2-jours,regular,,Pass 2 Jours,Shotgun,95.0,107.37,1,1
2026-07-02,2026-07-02 17:40:00,samedi,regular,['samedi'],Pass Samedi,Shotgun,54.09,61.14,1,1
2026-07-02,2026-07-02 17:40:03,2-jours,regular,,Pass 2 Jours,Shotgun,95.0,107.37,1,1
2026-07-02,2026-07-02 17:40:07,samedi,regular,['samedi'],Pass Samedi,Shotgun,54.09,61.14,1,1
2026-07-02,2026-07-02 17:40:07,samedi,regular,['samedi'],Pass Samedi,Shotgun,54.09,61.14,1,1
2026-07-02,2026-07-02 17:40:07,samedi,regular,['samedi'],Pass Samedi,Shotgun,54.09,61.14,1,1
2026-07-02,2026-07-02 17:40:09,2-jours,regular,,Pass 2 Jours,Shotgun,95.0,107.37,1,1
2026-07-02,2026-07-02 17:40:12,2-jours,regular,,Pass 2 Jours,Shotgun,95.0,107.37,1,1
2026-07-02,2026-07-02 17:40:12,2-jours,regular,,Pass 2 Jours,Shotgun,95.0,107.37,1,1
2026-07-02,2026-07-02 17:40:15,samedi,regular,['samedi'],Pass Samedi,Shotgun,54.09,61.14,1,1
2026-07-02,2026-07-02 17:40:21,2-jours,regular,,Pass 2 Jours,Shotgun,95.0,107.37,1,1
2026-07-02,2026-07-02 17:40:25,vendredi,regular,['vendredi'],Pass Vendredi,Shotgun,54.09,61.14,1,1
2026-07-02,2026-07-02 17:40:25,2-jours,regular,,Pass 2 Jours,Shotgun,95.0,107.37,1,1
2026-07-02,2026-07-02 17:40:40,2-jours,regular,,Pass 2 Jours,Shotgun,95.0,107.37,1,1
2026-07-02,2026-07-02 17:40:47,samedi,regular,['samedi'],Pass Samedi,Shotgun,54.09,61.14,1,1
2026-07-02,2026-07-02 17:40:47,samedi,regular,['samedi'],Pass Samedi,Shotgun,54.09,61.14,1,1
2026-07-02,2026-07-02 17:40:50,2-jours,regular,,Pass 2 Jours,Shotgun,95.0,107.37,1,1
2026-07-02,2026-07-02 17:40:54,2-jours,regular,,Pass 2 Jours,Shotgun,95.0,107.37,1,1
2026-07-02,2026-07-02 17:40:54,2-jours,regular,,Pass 2 Jours,Shotgun,95.0,107.37,1,1
2026-07-02,2026-07-02 17:41:07,2-jours,regular,,Pass 2 Jours,Shotgun,95.0,107.37,1,1
2026-07-02,2026-07-02 17:41:18,2-jours,regular,,Pass 2 Jours,Shotgun,95.0,107.37,1,1
2026-07-02,2026-07-02 17:41:19,2-jours,regular,,Pass 2 Jours,Shotgun,95.0,107.37,1,1
2026-07-02,2026-07-02 17:41:21,2-jours,regular,,Pass 2 Jours,Shotgun,95.0,107.37,1,1
2026-07-02,2026-07-02 17:41:21,2-jours,regular,,Pass 2 Jours,Shotgun,95.0,107.37,1,1
2026-07-02,2026-07-02 17:41:37,2-jours,regular,,Pass 2 Jours,Shotgun,95.0,107.37,1,1
2026-07-02,2026-07-02 17:41:37,2-jours,regular,,Pass 2 Jours,Shotgun,95.0,107.37,1,1
2026-07-02,2026-07-02 17:41:38,vendredi,regular,['vendredi'],Pass Vendredi,Shotgun,54.09,61.14,1,1
2026-07-02,2026-07-02 17:41:38,2-jours,regular,,Pass 2 Jours,Shotgun,95.0,107.37,1,1
2026-07-02,2026-07-02 17:41:57,2-jours,regular,,Pass 2 Jours,Shotgun,95.0,107.37,1,1
2026-07-02,2026-07-02 17:42:07,2-jours,regular,,Pass 2 Jours,Shotgun,95.0,107.37,1,1
2026-07-02,2026-07-02 17:42:07,samedi,regular,['samedi'],Pass Samedi,Shotgun,54.09,61.14,1,1
2026-07-02,2026-07-02 17:42:07,samedi,regular,['samedi'],Pass Samedi,Shotgun,54.09,61.14,1,1
2026-07-02,2026-07-02 17:42:07,2-jours,regular,,Pass 2 Jours,Shotgun,95.0,107.37,1,1
2026-07-02,2026-07-02 17:42:09,2-jours,regular,,Pass 2 Jours,Shotgun,95.0,107.37,1,1
2026-07-02,2026-07-02 17:42:14,2-jours,regular,,Pass 2 Jours,Shotgun,95.0,107.37,1,1
2026-07-02,2026-07-02 17:42:18,2-jours,regular,,Pass 2 Jours,Shotgun,95.0,107.37,1,1
2026-07-02,2026-07-02 17:42:18,2-jours,regular,,Pass 2 Jours,Shotgun,95.0,107.37,1,1
2026-07-02,2026-07-02 17:42:19,vendredi,regular,['vendredi'],Pass Vendredi,Shotgun,54.09,61.14,1,1
2026-07-02,2026-07-02 17:42:31,2-jours,regular,,Pass 2 Jours,Shotgun,95.0,107.37,1,1
2026-07-02,2026-07-02 17:42:33,vendredi,regular,['vendredi'],Pass Vendredi,Shotgun,54.09,61.14,1,1
2026-07-02,2026-07-02 17:42:41,2-jours,regular,,Pass 2 Jours,Shotgun,95.0,107.37,1,1
2026-07-02,2026-07-02 17:42:41,2-jours,regular,,Pass 2 Jours,Shotgun,95.0,107.37,1,1
2026-07-02,2026-07-02 17:42:41,2-jours,regular,,Pass 2 Jours,Shotgun,95.0,107.37,1,1
2026-07-02,2026-07-02 17:42:46,2-jours,regular,,Pass 2 Jours,Shotgun,95.0,107.37,1,1
2026-07-02,2026-07-02 17:42:52,2-jours,regular,,Pass 2 Jours,Shotgun,95.0,107.37,1,1
2026-07-02,2026-07-02 17:42:59,2-jours,regular,,Pass 2 Jours,Shotgun,95.0,107.37,1,1
2026-07-02,2026-07-02 17:42:59,2-jours,regular,,Pass 2 Jours,Shotgun,95.0,107.37,1,1
2026-07-02,2026-07-02 17:43:06,samedi,regular,['samedi'],Pass Samedi,Shotgun,54.09,61.14,1,1
2026-07-02,2026-07-02 17:43:13,2-jours,regular,,Pass 2 Jours,Shotgun,95.0,107.37,1,1
2026-07-02,2026-07-02 17:43:22,2-jours,regular,,Pass 2 Jours,Shotgun,95.0,107.37,1,1
2026-07-02,2026-07-02 17:43:23,2-jours,regular,,Pass 2 Jours,Shotgun,95.0,107.37,1,1
2026-07-02,2026-07-02 17:43:32,2-jours,regular,,Pass 2 Jours,Shotgun,95.0,107.37,1,1
2026-07-02,2026-07-02 17:43:32,2-jours,regular,,Pass 2 Jours,Shotgun,95.0,107.37,1,1
2026-07-02,2026-07-02 17:43:43,2-jours,regular,,Pass 2 Jours,Shotgun,95.0,107.37,1,1
2026-07-02,2026-07-02 17:43:52,2-jours,regular,,Pass 2 Jours,Shotgun,95.0,107.37,1,1
2026-07-02,2026-07-02 17:43:54,2-jours,regular,,Pass 2 Jours,Shotgun,95.0,107.37,1,1
2026-07-02,2026-07-02 17:43:54,2-jours,regular,,Pass 2 Jours,Shotgun,95.0,107.37,1,1
2026-07-02,2026-07-02 17:44:02,2-jours,regular,,Pass 2 Jours,Shotgun,95.0,107.37,1,1
2026-07-02,2026-07-02 17:44:23,2-jours,vip,"['vendredi', 'samedi']",Pass Acces Scene,Shotgun,220.0,248.66,1,1
2026-07-02,2026-07-02 17:44:23,2-jours,vip,"['vendredi', 'samedi']",Pass Acces Scene,Shotgun,220.0,248.66,1,1
2026-07-02,2026-07-02 17:44:24,2-jours,regular,,Pass 2 Jours,Shotgun,95.0,107.37,1,1
2026-07-02,2026-07-02 17:44:27,2-jours,regular,,Pass 2 Jours,Shotgun,95.0,107.37,1,1
2026-07-02,2026-07-02 17:44:36,2-jours,regular,,Pass 2 Jours,Shotgun,95.0,107.37,1,1
2026-07-02,2026-07-02 17:44:43,2-jours,regular,,Pass 2 Jours,Shotgun,95.0,107.37,1,1
2026-07-02,2026-07-02 17:44:49,2-jours,regular,,Pass 2 Jours,Shotgun,95.0,107.37,1,1
2026-07-02,2026-07-02 17:44:55,vendredi,regular,['vendredi'],Pass Vendredi,Shotgun,54.09,61.14,1,1
2026-07-02,2026-07-02 17:44:59,2-jours,regular,,Pass 2 Jours,Shotgun,95.0,107.37,1,1
2026-07-02,2026-07-02 17:45:01,2-jours,regular,,Pass 2 Jours,Shotgun,95.0,107.37,1,1
2026-07-02,2026-07-02 17:45:01,vendredi,regular,['vendredi'],Pass Vendredi,Shotgun,54.09,61.14,1,1
2026-07-02,2026-07-02 17:45:01,vendredi,regular,['vendredi'],Pass Vendredi,Shotgun,54.09,61.14,1,1
2026-07-02,2026-07-02 17:45:06,2-jours,regular,,Pass 2 Jours,Shotgun,95.0,107.37,1,1
2026-07-02,2026-07-02 17:45:10,samedi,regular,['samedi'],Pass Samedi,Shotgun,54.09,61.14,1,1
2026-07-02,2026-07-02 17:45:18,2-jours,regular,,Pass 2 Jours,Shotgun,95.0,107.37,1,1
2026-07-02,2026-07-02 17:45:31,2-jours,regular,,Pass 2 Jours,Shotgun,95.0,107.37,1,1
2026-07-02,2026-07-02 17:45:31,2-jours,regular,,Pass 2 Jours,Shotgun,95.0,107.37,1,1
2026-07-02,2026-07-02 17:45:52,2-jours,regular,,Pass 2 Jours,Shotgun,95.0,107.37,1,1
2026-07-02,2026-07-02 17:46:07,2-jours,regular,,Pass 2 Jours,Shotgun,95.0,107.37,1,1
2026-07-02,2026-07-02 17:46:22,2-jours,regular,,Pass 2 Jours,Shotgun,95.0,107.37,1,1
2026-07-02,2026-07-02 17:46:27,2-jours,regular,,Pass 2 Jours,Shotgun,95.0,107.37,1,1
2026-07-02,2026-07-02 17:46:28,2-jours,regular,,Pass 2 Jours,Shotgun,95.0,107.37,1,1
2026-07-02,2026-07-02 17:46:33,samedi,regular,['samedi'],Pass Samedi,Shotgun,54.09,61.14,1,1
2026-07-02,2026-07-02 17:46:34,samedi,regular,['samedi'],Pass Samedi,Shotgun,54.09,61.14,1,1
2026-07-02,2026-07-02 17:46:38,2-jours,regular,,Pass 2 Jours,Shotgun,95.0,107.37,1,1
2026-07-02,2026-07-02 17:46:39,2-jours,regular,,Pass 2 Jours,Shotgun,95.0,107.37,1,1
2026-07-02,2026-07-02 17:46:47,samedi,regular,['samedi'],Pass Samedi,Shotgun,54.09,61.14,1,1
2026-07-02,2026-07-02 17:46:59,vendredi,regular,['vendredi'],Pass Vendredi,Shotgun,54.09,61.14,1,1
2026-07-02,2026-07-02 17:47:03,2-jours,regular,,Pass 2 Jours,Shotgun,95.0,107.37,1,1
2026-07-02,2026-07-02 17:47:04,2-jours,regular,,Pass 2 Jours,Shotgun,95.0,107.37,1,1
2026-07-02,2026-07-02 17:47:08,samedi,regular,['samedi'],Pass Samedi,Shotgun,54.09,61.14,1,1
2026-07-02,2026-07-02 17:47:09,2-jours,regular,,Pass 2 Jours,Shotgun,95.0,107.37,1,1
2026-07-02,2026-07-02 17:47:17,2-jours,regular,,Pass 2 Jours,Shotgun,95.0,107.37,1,1
2026-07-02,2026-07-02 17:47:18,2-jours,regular,,Pass 2 Jours,Shotgun,95.0,107.37,1,1
2026-07-02,2026-07-02 17:47:22,2-jours,regular,,Pass 2 Jours,Shotgun,95.0,107.37,1,1
2026-07-02,2026-07-02 17:47:24,2-jours,regular,,Pass 2 Jours,Shotgun,95.0,107.37,1,1
2026-07-02,2026-07-02 17:47:27,2-jours,regular,,Pass 2 Jours,Shotgun,95.0,107.37,1,1
2026-07-02,2026-07-02 17:47:34,2-jours,regular,,Pass 2 Jours,Shotgun,95.0,107.37,1,1
2026-07-02,2026-07-02 17:47:42,samedi,regular,['samedi'],Pass Samedi,Shotgun,54.09,61.14,1,1
2026-07-02,2026-07-02 17:47:42,samedi,regular,['samedi'],Pass Samedi,Shotgun,54.09,61.14,1,1
2026-07-02,2026-07-02 17:47:44,2-jours,regular,,Pass 2 Jours,Shotgun,95.0,107.37,1,1
2026-07-02,2026-07-02 17:47:45,2-jours,regular,,Pass 2 Jours,Shotgun,95.0,107.37,1,1
2026-07-02,2026-07-02 17:47:45,2-jours,regular,,Pass 2 Jours,Shotgun,95.0,107.37,1,1
2026-07-02,2026-07-02 17:48:01,samedi,regular,['samedi'],Pass Samedi,Shotgun,54.09,61.14,1,1
2026-07-02,2026-07-02 17:48:01,samedi,regular,['samedi'],Pass Samedi,Shotgun,54.09,61.14,1,1
2026-07-02,2026-07-02 17:48:05,2-jours,regular,,Pass 2 Jours,Shotgun,95.0,107.37,1,1
2026-07-02,2026-07-02 17:48:08,2-jours,regular,,Pass 2 Jours,Shotgun,95.0,107.37,1,1
2026-07-02,2026-07-02 17:48:13,vendredi,regular,['vendredi'],Pass Vendredi,Shotgun,54.09,61.14,1,1
2026-07-02,2026-07-02 17:48:17,2-jours,regular,,Pass 2 Jours,Shotgun,95.0,107.37,1,1
2026-07-02,2026-07-02 17:48:26,2-jours,regular,,Pass 2 Jours,Shotgun,95.0,107.37,1,1
2026-07-02,2026-07-02 17:48:37,samedi,regular,['samedi'],Pass Samedi,Shotgun,54.09,61.14,1,1
2026-07-02,2026-07-02 17:48:37,samedi,regular,['samedi'],Pass Samedi,Shotgun,54.09,61.14,1,1
2026-07-02,2026-07-02 17:48:47,vendredi,regular,['vendredi'],Pass Vendredi,Shotgun,54.09,61.14,1,1
2026-07-02,2026-07-02 17:48:47,vendredi,regular,['vendredi'],Pass Vendredi,Shotgun,54.09,61.14,1,1
2026-07-02,2026-07-02 17:48:47,vendredi,regular,['vendredi'],Pass Vendredi,Shotgun,54.09,61.14,1,1
2026-07-02,2026-07-02 17:48:47,vendredi,regular,['vendredi'],Pass Vendredi,Shotgun,54.09,61.14,1,1
2026-07-02,2026-07-02 17:48:49,vendredi,regular,['vendredi'],Pass Vendredi,Shotgun,54.09,61.14,1,1
2026-07-02,2026-07-02 17:48:49,vendredi,regular,['vendredi'],Pass Vendredi,Shotgun,54.09,61.14,1,1
2026-07-02,2026-07-02 17:48:59,samedi,regular,['samedi'],Pass Samedi,Shotgun,54.09,61.14,1,1
2026-07-02,2026-07-02 17:49:03,2-jours,regular,,Pass 2 Jours,Shotgun,95.0,107.37,1,1
2026-07-02,2026-07-02 17:49:07,samedi,regular,['samedi'],Pass Samedi,Shotgun,54.09,61.14,1,1
2026-07-02,2026-07-02 17:49:14,samedi,regular,['samedi'],Pass Samedi,Shotgun,54.09,61.14,1,1
2026-07-02,2026-07-02 17:49:29,2-jours,regular,,Pass 2 Jours,Shotgun,95.0,107.37,1,1
2026-07-02,2026-07-02 17:49:29,2-jours,regular,,Pass 2 Jours,Shotgun,95.0,107.37,1,1
2026-07-02,2026-07-02 17:49:31,vendredi,regular,['vendredi'],Pass Vendredi,Shotgun,54.09,61.14,1,1
2026-07-02,2026-07-02 17:49:36,samedi,regular,['samedi'],Pass Samedi,Shotgun,54.09,61.14,1,1
2026-07-02,2026-07-02 17:49:45,2-jours,regular,,Pass 2 Jours,Shotgun,95.0,107.37,1,1
2026-07-02,2026-07-02 17:49:46,2-jours,regular,,Pass 2 Jours,Shotgun,95.0,107.37,1,1
2026-07-02,2026-07-02 17:49:49,samedi,regular,['samedi'],Pass Samedi,Shotgun,54.09,61.14,1,1
2026-07-02,2026-07-02 17:49:49,samedi,regular,['samedi'],Pass Samedi,Shotgun,54.09,61.14,1,1
2026-07-02,2026-07-02 17:49:54,2-jours,regular,,Pass 2 Jours,Shotgun,95.0,107.37,1,1
2026-07-02,2026-07-02 17:49:54,2-jours,regular,,Pass 2 Jours,Shotgun,95.0,107.37,1,1
2026-07-02,2026-07-02 17:50:12,vendredi,regular,['vendredi'],Pass Vendredi,Shotgun,54.09,61.14,1,1
2026-07-02,2026-07-02 17:50:20,vendredi,regular,['vendredi'],Pass Vendredi,Shotgun,54.09,61.14,1,1
2026-07-02,2026-07-02 17:50:20,vendredi,regular,['vendredi'],Pass Vendredi,Shotgun,54.09,61.14,1,1
2026-07-02,2026-07-02 17:50:28,vendredi,regular,['vendredi'],Pass Vendredi,Shotgun,54.09,61.14,1,1
2026-07-02,2026-07-02 17:50:37,2-jours,regular,,Pass 2 Jours,Shotgun,95.0,107.37,1,1
2026-07-02,2026-07-02 17:50:37,2-jours,regular,,Pass 2 Jours,Shotgun,95.0,107.37,1,1
2026-07-02,2026-07-02 17:50:59,2-jours,regular,,Pass 2 Jours,Shotgun,95.0,107.37,1,1
2026-07-02,2026-07-02 17:51:00,2-jours,regular,,Pass 2 Jours,Shotgun,95.0,107.37,1,1
2026-07-02,2026-07-02 17:51:06,2-jours,regular,,Pass 2 Jours,Shotgun,95.0,107.37,1,1
2026-07-02,2026-07-02 17:51:08,2-jours,regular,,Pass 2 Jours,Shotgun,95.0,107.37,1,1
2026-07-02,2026-07-02 17:51:13,2-jours,regular,,Pass 2 Jours,Shotgun,95.0,107.37,1,1
2026-07-02,2026-07-02 17:51:15,2-jours,regular,,Pass 2 Jours,Shotgun,95.0,107.37,1,1
2026-07-02,2026-07-02 17:51:25,2-jours,regular,,Pass 2 Jours,Shotgun,95.0,107.37,1,1
2026-07-02,2026-07-02 17:51:25,2-jours,regular,,Pass 2 Jours,Shotgun,95.0,107.37,1,1
2026-07-02,2026-07-02 17:51:28,vendredi,regular,['vendredi'],Pass Vendredi,Shotgun,54.09,61.14,1,1
2026-07-02,2026-07-02 17:51:29,2-jours,regular,,Pass 2 Jours,Shotgun,95.0,107.37,1,1
2026-07-02,2026-07-02 17:51:33,2-jours,regular,,Pass 2 Jours,Shotgun,95.0,107.37,1,1
2026-07-02,2026-07-02 17:51:37,2-jours,regular,,Pass 2 Jours,Shotgun,95.0,107.37,1,1
2026-07-02,2026-07-02 17:51:48,samedi,regular,['samedi'],Pass Samedi,Shotgun,54.09,61.14,1,1
2026-07-02,2026-07-02 17:51:49,2-jours,regular,,Pass 2 Jours,Shotgun,95.0,107.37,1,1
2026-07-02,2026-07-02 17:51:57,2-jours,regular,,Pass 2 Jours,Shotgun,95.0,107.37,1,1
2026-07-02,2026-07-02 17:52:04,vendredi,regular,['vendredi'],Pass Vendredi,Shotgun,54.09,61.14,1,1
2026-07-02,2026-07-02 17:52:08,2-jours,regular,,Pass 2 Jours,Shotgun,95.0,107.37,1,1
2026-07-02,2026-07-02 17:52:09,2-jours,regular,,Pass 2 Jours,Shotgun,95.0,107.37,1,1
2026-07-02,2026-07-02 17:52:15,2-jours,regular,,Pass 2 Jours,Shotgun,95.0,107.37,1,1
2026-07-02,2026-07-02 17:52:15,2-jours,regular,,Pass 2 Jours,Shotgun,95.0,107.37,1,1
2026-07-02,2026-07-02 17:52:16,2-jours,regular,,Pass 2 Jours,Shotgun,95.0,107.37,1,1
2026-07-02,2026-07-02 17:52:22,vendredi,regular,['vendredi'],Pass Vendredi,Shotgun,54.09,61.14,1,1
2026-07-02,2026-07-02 17:52:22,samedi,regular,['samedi'],Pass Samedi,Shotgun,54.09,61.14,1,1
2026-07-02,2026-07-02 17:52:27,2-jours,regular,,Pass 2 Jours,Shotgun,95.0,107.37,1,1
2026-07-02,2026-07-02 17:52:45,samedi,regular,['samedi'],Pass Samedi,Shotgun,54.09,61.14,1,1
2026-07-02,2026-07-02 17:52:51,2-jours,regular,,Pass 2 Jours,Shotgun,95.0,107.37,1,1
2026-07-02,2026-07-02 17:52:51,2-jours,regular,,Pass 2 Jours,Shotgun,95.0,107.37,1,1
2026-07-02,2026-07-02 17:52:54,vendredi,regular,['vendredi'],Pass Vendredi,Shotgun,54.09,61.14,1,1
2026-07-02,2026-07-02 17:52:57,vendredi,regular,['vendredi'],Pass Vendredi,Shotgun,54.09,61.14,1,1
2026-07-02,2026-07-02 17:52:57,2-jours,regular,,Pass 2 Jours,Shotgun,95.0,107.37,1,1
2026-07-02,2026-07-02 17:53:10,2-jours,regular,,Pass 2 Jours,Shotgun,95.0,107.37,1,1
2026-07-02,2026-07-02 17:53:13,vendredi,regular,['vendredi'],Pass Vendredi,Shotgun,54.09,61.14,1,1
2026-07-02,2026-07-02 17:53:13,2-jours,regular,,Pass 2 Jours,Shotgun,95.0,107.37,1,1
2026-07-02,2026-07-02 17:53:16,2-jours,regular,,Pass 2 Jours,Shotgun,95.0,107.37,1,1
2026-07-02,2026-07-02 17:53:18,vendredi,regular,['vendredi'],Pass Vendredi,Shotgun,54.09,61.14,1,1
2026-07-02,2026-07-02 17:53:45,2-jours,regular,,Pass 2 Jours,Shotgun,95.0,107.37,1,1
2026-07-02,2026-07-02 17:53:47,2-jours,regular,,Pass 2 Jours,Shotgun,95.0,107.37,1,1
2026-07-02,2026-07-02 17:53:47,2-jours,regular,,Pass 2 Jours,Shotgun,95.0,107.37,1,1
2026-07-02,2026-07-02 17:53:57,2-jours,regular,,Pass 2 Jours,Shotgun,95.0,107.37,1,1
2026-07-02,2026-07-02 17:54:02,samedi,regular,['samedi'],Pass Samedi,Shotgun,54.09,61.14,1,1
2026-07-02,2026-07-02 17:54:04,vendredi,regular,['vendredi'],Pass Vendredi,Shotgun,54.09,61.14,1,1
2026-07-02,2026-07-02 17:54:04,vendredi,regular,['vendredi'],Pass Vendredi,Shotgun,54.09,61.14,1,1
2026-07-02,2026-07-02 17:54:09,2-jours,regular,,Pass 2 Jours,Shotgun,95.0,107.37,1,1
2026-07-02,2026-07-02 17:54:29,vendredi,regular,['vendredi'],Pass Vendredi,Shotgun,54.09,61.14,1,1
2026-07-02,2026-07-02 17:54:30,2-jours,regular,,Pass 2 Jours,Shotgun,95.0,107.37,1,1
2026-07-02,2026-07-02 17:54:30,2-jours,regular,,Pass 2 Jours,Shotgun,95.0,107.37,1,1
2026-07-02,2026-07-02 17:54:32,2-jours,regular,,Pass 2 Jours,Shotgun,95.0,107.37,1,1
2026-07-02,2026-07-02 17:54:33,2-jours,regular,,Pass 2 Jours,Shotgun,95.0,107.37,1,1
2026-07-02,2026-07-02 17:54:39,vendredi,regular,['vendredi'],Pass Vendredi,Shotgun,54.09,61.14,1,1
2026-07-02,2026-07-02 17:54:41,2-jours,regular,,Pass 2 Jours,Shotgun,95.0,107.37,1,1
2026-07-02,2026-07-02 17:54:45,2-jours,regular,,Pass 2 Jours,Shotgun,95.0,107.37,1,1
2026-07-02,2026-07-02 17:54:49,samedi,regular,['samedi'],Pass Samedi,Shotgun,54.09,61.14,1,1
2026-07-02,2026-07-02 17:54:49,samedi,regular,['samedi'],Pass Samedi,Shotgun,54.09,61.14,1,1
2026-07-02,2026-07-02 17:54:50,2-jours,regular,,Pass 2 Jours,Shotgun,95.0,107.37,1,1
2026-07-02,2026-07-02 17:54:50,vendredi,vip,['vendredi'],Pass Acces Scene,Shotgun,120.0,135.63,1,1
2026-07-02,2026-07-02 17:55:01,2-jours,regular,,Pass 2 Jours,Shotgun,95.0,107.37,1,1
2026-07-02,2026-07-02 17:55:04,2-jours,regular,,Pass 2 Jours,Shotgun,95.0,107.37,1,1
2026-07-02,2026-07-02 17:55:04,2-jours,regular,,Pass 2 Jours,Shotgun,95.0,107.37,1,1
2026-07-02,2026-07-02 17:55:07,samedi,regular,['samedi'],Pass Samedi,Shotgun,54.09,61.14,1,1
2026-07-02,2026-07-02 17:55:20,vendredi,regular,['vendredi'],Pass Vendredi,Shotgun,54.09,61.14,1,1
2026-07-02,2026-07-02 17:55:20,vendredi,regular,['vendredi'],Pass Vendredi,Shotgun,54.09,61.14,1,1
2026-07-02,2026-07-02 17:55:20,samedi,regular,['samedi'],Pass Samedi,Shotgun,54.09,61.14,1,1
2026-07-02,2026-07-02 17:55:25,samedi,regular,['samedi'],Pass Samedi,Shotgun,54.09,61.14,1,1
2026-07-02,2026-07-02 17:55:25,samedi,regular,['samedi'],Pass Samedi,Shotgun,54.09,61.14,1,1
2026-07-02,2026-07-02 17:55:25,vendredi,regular,['vendredi'],Pass Vendredi,Shotgun,54.09,61.14,1,1
2026-07-02,2026-07-02 17:55:40,samedi,vip,['samedi'],Pass Acces Scene,Shotgun,120.0,135.63,1,1
2026-07-02,2026-07-02 17:55:40,samedi,vip,['samedi'],Pass Acces Scene,Shotgun,120.0,135.63,1,1
2026-07-02,2026-07-02 17:55:43,samedi,regular,['samedi'],Pass Samedi,Shotgun,54.09,61.14,1,1
2026-07-02,2026-07-02 17:55:43,samedi,regular,['samedi'],Pass Samedi,Shotgun,54.09,61.14,1,1
2026-07-02,2026-07-02 17:55:47,vendredi,regular,['vendredi'],Pass Vendredi,Shotgun,54.09,61.14,1,1
2026-07-02,2026-07-02 17:56:13,vendredi,regular,['vendredi'],Pass Vendredi,Shotgun,54.09,61.14,1,1
2026-07-02,2026-07-02 17:56:26,2-jours,regular,,Pass 2 Jours,Shotgun,95.0,107.37,1,1
2026-07-02,2026-07-02 17:56:37,vendredi,regular,['vendredi'],Pass Vendredi,Shotgun,54.09,61.14,1,1
2026-07-02,2026-07-02 17:56:41,2-jours,regular,,Pass 2 Jours,Shotgun,95.0,107.37,1,1
2026-07-02,2026-07-02 17:56:41,samedi,regular,['samedi'],Pass Samedi,Shotgun,54.09,61.14,1,1
2026-07-02,2026-07-02 17:56:41,samedi,regular,['samedi'],Pass Samedi,Shotgun,54.09,61.14,1,1
2026-07-02,2026-07-02 17:56:43,vendredi,regular,['vendredi'],Pass Vendredi,Shotgun,54.09,61.14,1,1
2026-07-02,2026-07-02 17:56:47,samedi,regular,['samedi'],Pass Samedi,Shotgun,54.09,61.14,1,1
2026-07-02,2026-07-02 17:56:49,samedi,regular,['samedi'],Pass Samedi,Shotgun,54.09,61.14,1,1
2026-07-02,2026-07-02 17:56:52,samedi,regular,['samedi'],Pass Samedi,Shotgun,54.09,61.14,1,1
2026-07-02,2026-07-02 17:56:52,samedi,regular,['samedi'],Pass Samedi,Shotgun,54.09,61.14,1,1
2026-07-02,2026-07-02 17:56:52,samedi,regular,['samedi'],Pass Samedi,Shotgun,54.09,61.14,1,1
2026-07-02,2026-07-02 17:56:52,samedi,regular,['samedi'],Pass Samedi,Shotgun,54.09,61.14,1,1
2026-07-02,2026-07-02 17:56:54,vendredi,regular,['vendredi'],Pass Vendredi,Shotgun,54.09,61.14,1,1
2026-07-02,2026-07-02 17:56:54,vendredi,vip,['vendredi'],Pass Acces Scene,Shotgun,120.0,135.63,1,1
2026-07-02,2026-07-02 17:56:57,vendredi,regular,['vendredi'],Pass Vendredi,Shotgun,54.09,61.14,1,1
2026-07-02,2026-07-02 17:57:01,2-jours,regular,,Pass 2 Jours,Shotgun,95.0,107.37,1,1
2026-07-02,2026-07-02 17:57:13,2-jours,regular,,Pass 2 Jours,Shotgun,95.0,107.37,1,1
2026-07-02,2026-07-02 17:57:21,vendredi,regular,['vendredi'],Pass Vendredi,Shotgun,54.09,61.14,1,1
2026-07-02,2026-07-02 17:57:35,vendredi,regular,['vendredi'],Pass Vendredi,Shotgun,54.09,61.14,1,1
2026-07-02,2026-07-02 17:57:35,vendredi,regular,['vendredi'],Pass Vendredi,Shotgun,54.09,61.14,1,1
2026-07-02,2026-07-02 17:57:35,vendredi,regular,['vendredi'],Pass Vendredi,Shotgun,54.09,61.14,1,1
2026-07-02,2026-07-02 17:57:54,2-jours,regular,,Pass 2 Jours,Shotgun,95.0,107.37,1,1
2026-07-02,2026-07-02 17:57:55,samedi,regular,['samedi'],Pass Samedi,Shotgun,54.09,61.14,1,1
2026-07-02,2026-07-02 17:57:55,samedi,regular,['samedi'],Pass Samedi,Shotgun,54.09,61.14,1,1
2026-07-02,2026-07-02 17:57:55,samedi,regular,['samedi'],Pass Samedi,Shotgun,54.09,61.14,1,1
2026-07-02,2026-07-02 17:57:55,samedi,regular,['samedi'],Pass Samedi,Shotgun,54.09,61.14,1,1
2026-07-02,2026-07-02 17:57:55,samedi,regular,['samedi'],Pass Samedi,Shotgun,54.09,61.14,1,1
2026-07-02,2026-07-02 17:57:55,samedi,regular,['samedi'],Pass Samedi,Shotgun,54.09,61.14,1,1
2026-07-02,2026-07-02 17:57:55,samedi,regular,['samedi'],Pass Samedi,Shotgun,54.09,61.14,1,1
2026-07-02,2026-07-02 17:58:00,vendredi,regular,['vendredi'],Pass Vendredi,Shotgun,54.09,61.14,1,1
2026-07-02,2026-07-02 17:58:00,samedi,regular,['samedi'],Pass Samedi,Shotgun,54.09,61.14,1,1
2026-07-02,2026-07-02 17:58:15,samedi,regular,['samedi'],Pass Samedi,Shotgun,54.09,61.14,1,1
2026-07-02,2026-07-02 17:58:20,samedi,regular,['samedi'],Pass Samedi,Shotgun,54.09,61.14,1,1
2026-07-02,2026-07-02 17:58:23,samedi,regular,['samedi'],Pass Samedi,Shotgun,54.09,61.14,1,1
2026-07-02,2026-07-02 17:58:26,2-jours,regular,,Pass 2 Jours,Shotgun,95.0,107.37,1,1
2026-07-02,2026-07-02 17:58:26,2-jours,regular,,Pass 2 Jours,Shotgun,95.0,107.37,1,1
2026-07-02,2026-07-02 17:58:38,2-jours,regular,,Pass 2 Jours,Shotgun,95.0,107.37,1,1
2026-07-02,2026-07-02 17:58:43,2-jours,regular,,Pass 2 Jours,Shotgun,95.0,107.37,1,1
2026-07-02,2026-07-02 17:58:43,2-jours,regular,,Pass 2 Jours,Shotgun,95.0,107.37,1,1
2026-07-02,2026-07-02 17:58:43,2-jours,regular,,Pass 2 Jours,Shotgun,95.0,107.37,1,1
2026-07-02,2026-07-02 17:58:45,2-jours,regular,,Pass 2 Jours,Shotgun,95.0,107.37,1,1
2026-07-02,2026-07-02 17:58:46,2-jours,regular,,Pass 2 Jours,Shotgun,95.0,107.37,1,1
2026-07-02,2026-07-02 17:58:46,2-jours,regular,,Pass 2 Jours,Shotgun,95.0,107.37,1,1
2026-07-02,2026-07-02 17:59:04,2-jours,regular,,Pass 2 Jours,Shotgun,95.0,107.37,1,1
2026-07-02,2026-07-02 17:59:04,2-jours,regular,,Pass 2 Jours,Shotgun,95.0,107.37,1,1
2026-07-02,2026-07-02 17:59:04,2-jours,regular,,Pass 2 Jours,Shotgun,95.0,107.37,1,1
2026-07-02,2026-07-02 17:59:16,2-jours,regular,,Pass 2 Jours,Shotgun,95.0,107.37,1,1
2026-07-02,2026-07-02 17:59:24,2-jours,regular,,Pass 2 Jours,Shotgun,95.0,107.37,1,1
2026-07-02,2026-07-02 17:59:29,2-jours,regular,,Pass 2 Jours,Shotgun,95.0,107.37,1,1
2026-07-02,2026-07-02 17:59:47,2-jours,regular,,Pass 2 Jours,Shotgun,95.0,107.37,1,1
2026-07-02,2026-07-02 17:59:52,samedi,regular,['samedi'],Pass Samedi,Shotgun,54.09,61.14,1,1
2026-07-02,2026-07-02 18:00:16,2-jours,regular,,Pass 2 Jours,Shotgun,95.0,107.37,1,1
2026-07-02,2026-07-02 18:00:26,vendredi,regular,['vendredi'],Pass Vendredi,Shotgun,54.09,61.14,1,1
2026-07-02,2026-07-02 18:00:37,2-jours,regular,,Pass 2 Jours,Shotgun,95.0,107.37,1,1
2026-07-02,2026-07-02 18:00:40,2-jours,regular,,Pass 2 Jours,Shotgun,95.0,107.37,1,1
2026-07-02,2026-07-02 18:00:40,2-jours,regular,,Pass 2 Jours,Shotgun,95.0,107.37,1,1
2026-07-02,2026-07-02 18:00:45,vendredi,regular,['vendredi'],Pass Vendredi,Shotgun,54.09,61.14,1,1
2026-07-02,2026-07-02 18:00:45,vendredi,regular,['vendredi'],Pass Vendredi,Shotgun,54.09,61.14,1,1
2026-07-02,2026-07-02 18:00:59,2-jours,regular,,Pass 2 Jours,Shotgun,95.0,107.37,1,1
2026-07-02,2026-07-02 18:01:02,2-jours,regular,,Pass 2 Jours,Shotgun,95.0,107.37,1,1
2026-07-02,2026-07-02 18:01:09,samedi,regular,['samedi'],Pass Samedi,Shotgun,54.09,61.14,1,1
2026-07-02,2026-07-02 18:01:28,2-jours,regular,,Pass 2 Jours,Shotgun,95.0,107.37,1,1
2026-07-02,2026-07-02 18:01:40,samedi,regular,['samedi'],Pass Samedi,Shotgun,54.09,61.14,1,1
2026-07-02,2026-07-02 18:01:40,samedi,regular,['samedi'],Pass Samedi,Shotgun,54.09,61.14,1,1
2026-07-02,2026-07-02 18:01:43,2-jours,regular,,Pass 2 Jours,Shotgun,95.0,107.37,1,1
2026-07-02,2026-07-02 18:01:43,2-jours,regular,,Pass 2 Jours,Shotgun,95.0,107.37,1,1
2026-07-02,2026-07-02 18:01:44,2-jours,regular,,Pass 2 Jours,Shotgun,95.0,107.37,1,1
2026-07-02,2026-07-02 18:01:44,2-jours,regular,,Pass 2 Jours,Shotgun,95.0,107.37,1,1
2026-07-02,2026-07-02 18:02:07,samedi,regular,['samedi'],Pass Samedi,Shotgun,54.09,61.14,1,1
2026-07-02,2026-07-02 18:02:08,2-jours,regular,,Pass 2 Jours,Shotgun,95.0,107.37,1,1
2026-07-02,2026-07-02 18:02:20,2-jours,regular,,Pass 2 Jours,Shotgun,95.0,107.37,1,1
2026-07-02,2026-07-02 18:02:31,vendredi,vip,['vendredi'],Pass Acces Scene,Shotgun,120.0,135.63,1,1
2026-07-02,2026-07-02 18:02:37,2-jours,regular,,Pass 2 Jours,Shotgun,95.0,107.37,1,1
2026-07-02,2026-07-02 18:02:37,2-jours,regular,,Pass 2 Jours,Shotgun,95.0,107.37,1,1
2026-07-02,2026-07-02 18:02:38,2-jours,regular,,Pass 2 Jours,Shotgun,95.0,107.37,1,1
2026-07-02,2026-07-02 18:02:57,2-jours,regular,,Pass 2 Jours,Shotgun,95.0,107.37,1,1
2026-07-02,2026-07-02 18:03:10,samedi,regular,['samedi'],Pass Samedi,Shotgun,54.09,61.14,1,1
2026-07-02,2026-07-02 18:03:10,samedi,regular,['samedi'],Pass Samedi,Shotgun,54.09,61.14,1,1
2026-07-02,2026-07-02 18:03:14,vendredi,regular,['vendredi'],Pass Vendredi,Shotgun,54.09,61.14,1,1
2026-07-02,2026-07-02 18:03:22,2-jours,regular,,Pass 2 Jours,Shotgun,95.0,107.37,1,1
2026-07-02,2026-07-02 18:03:23,2-jours,regular,,Pass 2 Jours,Shotgun,95.0,107.37,1,1
2026-07-02,2026-07-02 18:03:39,vendredi,regular,['vendredi'],Pass Vendredi,Shotgun,54.09,61.14,1,1
2026-07-02,2026-07-02 18:03:42,samedi,regular,['samedi'],Pass Samedi,Shotgun,54.09,61.14,1,1
2026-07-02,2026-07-02 18:04:07,2-jours,regular,,Pass 2 Jours,Shotgun,95.0,107.37,1,1
2026-07-02,2026-07-02 18:04:13,2-jours,regular,,Pass 2 Jours,Shotgun,95.0,107.37,1,1
2026-07-02,2026-07-02 18:04:23,2-jours,regular,,Pass 2 Jours,Shotgun,95.0,107.37,1,1
2026-07-02,2026-07-02 18:04:26,samedi,regular,['samedi'],Pass Samedi,Shotgun,54.09,61.14,1,1
2026-07-02,2026-07-02 18:04:44,vendredi,regular,['vendredi'],Pass Vendredi,Shotgun,54.09,61.14,1,1
2026-07-02,2026-07-02 18:04:46,2-jours,regular,,Pass 2 Jours,Shotgun,95.0,107.37,1,1
2026-07-02,2026-07-02 18:05:19,vendredi,regular,['vendredi'],Pass Vendredi,Shotgun,54.09,61.14,1,1
2026-07-02,2026-07-02 18:05:31,2-jours,regular,,Pass 2 Jours,Shotgun,95.0,107.37,1,1
2026-07-02,2026-07-02 18:05:36,2-jours,regular,,Pass 2 Jours,Shotgun,95.0,107.37,1,1
2026-07-02,2026-07-02 18:05:38,2-jours,regular,,Pass 2 Jours,Shotgun,95.0,107.37,1,1
2026-07-02,2026-07-02 18:05:39,2-jours,regular,,Pass 2 Jours,Shotgun,95.0,107.37,1,1
2026-07-02,2026-07-02 18:05:54,2-jours,regular,,Pass 2 Jours,Shotgun,95.0,107.37,1,1
2026-07-02,2026-07-02 18:06:02,samedi,regular,['samedi'],Pass Samedi,Shotgun,54.09,61.14,1,1
2026-07-02,2026-07-02 18:06:04,vendredi,regular,['vendredi'],Pass Vendredi,Shotgun,54.09,61.14,1,1
2026-07-02,2026-07-02 18:06:15,vendredi,regular,['vendredi'],Pass Vendredi,Shotgun,54.09,61.14,1,1
2026-07-02,2026-07-02 18:06:18,samedi,regular,['samedi'],Pass Samedi,Shotgun,54.09,61.14,1,1
2026-07-02,2026-07-02 18:06:23,2-jours,regular,,Pass 2 Jours,Shotgun,95.0,107.37,1,1
2026-07-02,2026-07-02 18:06:24,2-jours,regular,,Pass 2 Jours,Shotgun,95.0,107.37,1,1
2026-07-02,2026-07-02 18:06:38,vendredi,regular,['vendredi'],Pass Vendredi,Shotgun,54.09,61.14,1,1
2026-07-02,2026-07-02 18:06:58,vendredi,regular,['vendredi'],Pass Vendredi,Shotgun,54.09,61.14,1,1
2026-07-02,2026-07-02 18:07:37,2-jours,regular,,Pass 2 Jours,Shotgun,95.0,107.37,1,1
2026-07-02,2026-07-02 18:07:44,2-jours,regular,,Pass 2 Jours,Shotgun,95.0,107.37,1,1
2026-07-02,2026-07-02 18:07:53,2-jours,regular,,Pass 2 Jours,Shotgun,95.0,107.37,1,1
2026-07-02,2026-07-02 18:07:53,2-jours,regular,,Pass 2 Jours,Shotgun,95.0,107.37,1,1
2026-07-02,2026-07-02 18:08:03,samedi,regular,['samedi'],Pass Samedi,Shotgun,54.09,61.14,1,1
2026-07-02,2026-07-02 18:08:36,2-jours,regular,,Pass 2 Jours,Shotgun,95.0,107.37,1,1
2026-07-02,2026-07-02 18:08:36,2-jours,regular,,Pass 2 Jours,Shotgun,95.0,107.37,1,1
2026-07-02,2026-07-02 18:08:45,vendredi,regular,['vendredi'],Pass Vendredi,Shotgun,54.09,61.14,1,1
2026-07-02,2026-07-02 18:08:45,2-jours,regular,,Pass 2 Jours,Shotgun,95.0,107.37,1,1
2026-07-02,2026-07-02 18:08:46,samedi,regular,['samedi'],Pass Samedi,Shotgun,54.09,61.14,1,1
2026-07-02,2026-07-02 18:08:56,2-jours,regular,,Pass 2 Jours,Shotgun,95.0,107.37,1,1
2026-07-02,2026-07-02 18:08:58,2-jours,regular,,Pass 2 Jours,Shotgun,95.0,107.37,1,1
2026-07-02,2026-07-02 18:09:02,vendredi,regular,['vendredi'],Pass Vendredi,Shotgun,54.09,61.14,1,1
2026-07-02,2026-07-02 18:09:06,2-jours,regular,,Pass 2 Jours,Shotgun,95.0,107.37,1,1
2026-07-02,2026-07-02 18:09:06,2-jours,regular,,Pass 2 Jours,Shotgun,95.0,107.37,1,1
2026-07-02,2026-07-02 18:09:13,2-jours,regular,,Pass 2 Jours,Shotgun,95.0,107.37,1,1
2026-07-02,2026-07-02 18:09:13,2-jours,regular,,Pass 2 Jours,Shotgun,95.0,107.37,1,1
2026-07-02,2026-07-02 18:09:28,vendredi,vip,['vendredi'],Pass Acces Scene,Shotgun,120.0,135.63,1,1
2026-07-02,2026-07-02 18:09:28,samedi,regular,['samedi'],Pass Samedi,Shotgun,54.09,61.14,1,1
2026-07-02,2026-07-02 18:09:46,samedi,regular,['samedi'],Pass Samedi,Shotgun,54.09,61.14,1,1
2026-07-02,2026-07-02 18:09:53,2-jours,regular,,Pass 2 Jours,Shotgun,95.0,107.37,1,1
2026-07-02,2026-07-02 18:10:09,2-jours,regular,,Pass 2 Jours,Shotgun,95.0,107.37,1,1
2026-07-02,2026-07-02 18:10:09,2-jours,regular,,Pass 2 Jours,Shotgun,95.0,107.37,1,1
2026-07-02,2026-07-02 18:10:13,2-jours,regular,,Pass 2 Jours,Shotgun,95.0,107.37,1,1
2026-07-02,2026-07-02 18:10:16,2-jours,regular,,Pass 2 Jours,Shotgun,95.0,107.37,1,1
2026-07-02,2026-07-02 18:10:28,2-jours,regular,,Pass 2 Jours,Shotgun,95.0,107.37,1,1
2026-07-02,2026-07-02 18:10:41,2-jours,regular,,Pass 2 Jours,Shotgun,95.0,107.37,1,1
2026-07-02,2026-07-02 18:10:46,samedi,regular,['samedi'],Pass Samedi,Shotgun,54.09,61.14,1,1
2026-07-02,2026-07-02 18:10:56,2-jours,regular,,Pass 2 Jours,Shotgun,95.0,107.37,1,1
2026-07-02,2026-07-02 18:10:59,2-jours,regular,,Pass 2 Jours,Shotgun,95.0,107.37,1,1
2026-07-02,2026-07-02 18:11:04,2-jours,regular,,Pass 2 Jours,Shotgun,95.0,107.37,1,1
2026-07-02,2026-07-02 18:11:09,2-jours,regular,,Pass 2 Jours,Shotgun,95.0,107.37,1,1
2026-07-02,2026-07-02 18:11:18,vendredi,regular,['vendredi'],Pass Vendredi,Shotgun,54.09,61.14,1,1
2026-07-02,2026-07-02 18:11:31,vendredi,regular,['vendredi'],Pass Vendredi,Shotgun,54.09,61.14,1,1
2026-07-02,2026-07-02 18:11:31,vendredi,regular,['vendredi'],Pass Vendredi,Shotgun,54.09,61.14,1,1
2026-07-02,2026-07-02 18:11:31,vendredi,regular,['vendredi'],Pass Vendredi,Shotgun,54.09,61.14,1,1
2026-07-02,2026-07-02 18:11:31,vendredi,regular,['vendredi'],Pass Vendredi,Shotgun,54.09,61.14,1,1
2026-07-02,2026-07-02 18:11:38,vendredi,regular,['vendredi'],Pass Vendredi,Shotgun,54.09,61.14,1,1
2026-07-02,2026-07-02 18:11:56,vendredi,regular,['vendredi'],Pass Vendredi,Shotgun,54.09,61.14,1,1
2026-07-02,2026-07-02 18:12:09,2-jours,regular,,Pass 2 Jours,Shotgun,95.0,107.37,1,1
2026-07-02,2026-07-02 18:12:22,samedi,regular,['samedi'],Pass Samedi,Shotgun,54.09,61.14,1,1
2026-07-02,2026-07-02 18:12:30,2-jours,regular,,Pass 2 Jours,Shotgun,95.0,107.37,1,1
2026-07-02,2026-07-02 18:12:33,vendredi,regular,['vendredi'],Pass Vendredi,Shotgun,54.09,61.14,1,1
2026-07-02,2026-07-02 18:12:45,2-jours,regular,,Pass 2 Jours,Shotgun,95.0,107.37,1,1
2026-07-02,2026-07-02 18:12:45,2-jours,regular,,Pass 2 Jours,Shotgun,95.0,107.37,1,1
2026-07-02,2026-07-02 18:12:53,2-jours,regular,,Pass 2 Jours,Shotgun,95.0,107.37,1,1
2026-07-02,2026-07-02 18:12:58,2-jours,regular,,Pass 2 Jours,Shotgun,95.0,107.37,1,1
2026-07-02,2026-07-02 18:12:58,samedi,regular,['samedi'],Pass Samedi,Shotgun,54.09,61.14,1,1
2026-07-02,2026-07-02 18:12:58,2-jours,regular,,Pass 2 Jours,Shotgun,95.0,107.37,1,1
2026-07-02,2026-07-02 18:13:07,vendredi,regular,['vendredi'],Pass Vendredi,Shotgun,54.09,61.14,1,1
2026-07-02,2026-07-02 18:13:20,vendredi,regular,['vendredi'],Pass Vendredi,Shotgun,54.09,61.14,1,1
2026-07-02,2026-07-02 18:13:23,vendredi,regular,['vendredi'],Pass Vendredi,Shotgun,54.09,61.14,1,1
2026-07-02,2026-07-02 18:13:45,2-jours,regular,,Pass 2 Jours,Shotgun,95.0,107.37,1,1
2026-07-02,2026-07-02 18:13:45,2-jours,regular,,Pass 2 Jours,Shotgun,95.0,107.37,1,1
2026-07-02,2026-07-02 18:13:46,vendredi,regular,['vendredi'],Pass Vendredi,Shotgun,54.09,61.14,1,1
2026-07-02,2026-07-02 18:13:49,2-jours,regular,,Pass 2 Jours,Shotgun,95.0,107.37,1,1
2026-07-02,2026-07-02 18:13:49,2-jours,regular,,Pass 2 Jours,Shotgun,95.0,107.37,1,1
2026-07-02,2026-07-02 18:13:50,2-jours,regular,,Pass 2 Jours,Shotgun,95.0,107.37,1,1
2026-07-02,2026-07-02 18:13:50,vendredi,regular,['vendredi'],Pass Vendredi,Shotgun,54.09,61.14,1,1
2026-07-02,2026-07-02 18:13:54,vendredi,regular,['vendredi'],Pass Vendredi,Shotgun,54.09,61.14,1,1
2026-07-02,2026-07-02 18:14:39,2-jours,regular,,Pass 2 Jours,Shotgun,95.0,107.37,1,1
2026-07-02,2026-07-02 18:14:39,vendredi,regular,['vendredi'],Pass Vendredi,Shotgun,54.09,61.14,1,1
2026-07-02,2026-07-02 18:14:56,2-jours,regular,,Pass 2 Jours,Shotgun,95.0,107.37,1,1
2026-07-02,2026-07-02 18:14:58,2-jours,regular,,Pass 2 Jours,Shotgun,95.0,107.37,1,1
2026-07-02,2026-07-02 18:15:04,vendredi,regular,['vendredi'],Pass Vendredi,Shotgun,54.09,61.14,1,1
2026-07-02,2026-07-02 18:15:20,vendredi,regular,['vendredi'],Pass Vendredi,Shotgun,54.09,61.14,1,1
2026-07-02,2026-07-02 18:15:26,2-jours,regular,,Pass 2 Jours,Shotgun,95.0,107.37,1,1
2026-07-02,2026-07-02 18:15:26,2-jours,regular,,Pass 2 Jours,Shotgun,95.0,107.37,1,1
2026-07-02,2026-07-02 18:15:55,vendredi,regular,['vendredi'],Pass Vendredi,Shotgun,54.09,61.14,1,1
2026-07-02,2026-07-02 18:15:59,2-jours,regular,,Pass 2 Jours,Shotgun,95.0,107.37,1,1
2026-07-02,2026-07-02 18:16:07,2-jours,regular,,Pass 2 Jours,Shotgun,95.0,107.37,1,1
2026-07-02,2026-07-02 18:16:29,samedi,regular,['samedi'],Pass Samedi,Shotgun,54.09,61.14,1,1
2026-07-02,2026-07-02 18:16:31,samedi,regular,['samedi'],Pass Samedi,Shotgun,54.09,61.14,1,1
2026-07-02,2026-07-02 18:16:47,2-jours,regular,,Pass 2 Jours,Shotgun,95.0,107.37,1,1
2026-07-02,2026-07-02 18:16:57,2-jours,regular,,Pass 2 Jours,Shotgun,95.0,107.37,1,1
2026-07-02,2026-07-02 18:17:09,2-jours,regular,,Pass 2 Jours,Shotgun,95.0,107.37,1,1
2026-07-02,2026-07-02 18:17:19,2-jours,regular,,Pass 2 Jours,Shotgun,95.0,107.37,1,1
2026-07-02,2026-07-02 18:17:20,2-jours,regular,,Pass 2 Jours,Shotgun,95.0,107.37,1,1
2026-07-02,2026-07-02 18:17:20,2-jours,regular,,Pass 2 Jours,Shotgun,95.0,107.37,1,1
2026-07-02,2026-07-02 18:17:25,2-jours,regular,,Pass 2 Jours,Shotgun,95.0,107.37,1,1
2026-07-02,2026-07-02 18:17:35,vendredi,vip,['vendredi'],Pass Acces Scene,Shotgun,120.0,135.63,1,1
2026-07-02,2026-07-02 18:17:38,2-jours,regular,,Pass 2 Jours,Shotgun,95.0,107.37,1,1
2026-07-02,2026-07-02 18:17:50,vendredi,regular,['vendredi'],Pass Vendredi,Shotgun,54.09,61.14,1,1
2026-07-02,2026-07-02 18:18:05,2-jours,regular,,Pass 2 Jours,Shotgun,95.0,107.37,1,1
2026-07-02,2026-07-02 18:18:32,2-jours,regular,,Pass 2 Jours,Shotgun,95.0,107.37,1,1
2026-07-02,2026-07-02 18:18:33,2-jours,regular,,Pass 2 Jours,Shotgun,95.0,107.37,1,1
2026-07-02,2026-07-02 18:18:33,2-jours,regular,,Pass 2 Jours,Shotgun,95.0,107.37,1,1
2026-07-02,2026-07-02 18:18:33,2-jours,regular,,Pass 2 Jours,Shotgun,95.0,107.37,1,1
2026-07-02,2026-07-02 18:18:39,2-jours,regular,,Pass 2 Jours,Shotgun,95.0,107.37,1,1
2026-07-02,2026-07-02 18:18:44,samedi,regular,['samedi'],Pass Samedi,Shotgun,54.09,61.14,1,1
2026-07-02,2026-07-02 18:18:54,2-jours,regular,,Pass 2 Jours,Shotgun,95.0,107.37,1,1
2026-07-02,2026-07-02 18:19:09,vendredi,regular,['vendredi'],Pass Vendredi,Shotgun,54.09,61.14,1,1
2026-07-02,2026-07-02 18:19:10,2-jours,regular,,Pass 2 Jours,Shotgun,95.0,107.37,1,1
2026-07-02,2026-07-02 18:19:12,2-jours,regular,,Pass 2 Jours,Shotgun,95.0,107.37,1,1
2026-07-02,2026-07-02 18:19:15,2-jours,regular,,Pass 2 Jours,Shotgun,95.0,107.37,1,1
2026-07-02,2026-07-02 18:19:16,2-jours,regular,,Pass 2 Jours,Shotgun,95.0,107.37,1,1
2026-07-02,2026-07-02 18:19:17,vendredi,regular,['vendredi'],Pass Vendredi,Shotgun,54.09,61.14,1,1
2026-07-02,2026-07-02 18:19:17,vendredi,regular,['vendredi'],Pass Vendredi,Shotgun,54.09,61.14,1,1
2026-07-02,2026-07-02 18:19:20,2-jours,regular,,Pass 2 Jours,Shotgun,95.0,107.37,1,1
2026-07-02,2026-07-02 18:19:27,samedi,regular,['samedi'],Pass Samedi,Shotgun,54.09,61.14,1,1
2026-07-02,2026-07-02 18:19:49,2-jours,regular,,Pass 2 Jours,Shotgun,95.0,107.37,1,1
2026-07-02,2026-07-02 18:19:53,2-jours,regular,,Pass 2 Jours,Shotgun,95.0,107.37,1,1
2026-07-02,2026-07-02 18:20:07,2-jours,regular,,Pass 2 Jours,Shotgun,95.0,107.37,1,1
2026-07-02,2026-07-02 18:20:11,vendredi,regular,['vendredi'],Pass Vendredi,Shotgun,54.09,61.14,1,1
2026-07-02,2026-07-02 18:20:17,vendredi,regular,['vendredi'],Pass Vendredi,Shotgun,54.09,61.14,1,1
2026-07-02,2026-07-02 18:20:17,vendredi,regular,['vendredi'],Pass Vendredi,Shotgun,54.09,61.14,1,1
2026-07-02,2026-07-02 18:20:17,vendredi,regular,['vendredi'],Pass Vendredi,Shotgun,54.09,61.14,1,1
2026-07-02,2026-07-02 18:20:17,vendredi,regular,['vendredi'],Pass Vendredi,Shotgun,54.09,61.14,1,1
2026-07-02,2026-07-02 18:20:24,2-jours,regular,,Pass 2 Jours,Shotgun,95.0,107.37,1,1
2026-07-02,2026-07-02 18:20:28,2-jours,regular,,Pass 2 Jours,Shotgun,95.0,107.37,1,1
2026-07-02,2026-07-02 18:20:36,vendredi,regular,['vendredi'],Pass Vendredi,Shotgun,54.09,61.14,1,1
2026-07-02,2026-07-02 18:20:36,vendredi,regular,['vendredi'],Pass Vendredi,Shotgun,54.09,61.14,1,1
2026-07-02,2026-07-02 18:20:41,vendredi,regular,['vendredi'],Pass Vendredi,Shotgun,54.09,61.14,1,1
2026-07-02,2026-07-02 18:20:41,2-jours,regular,,Pass 2 Jours,Shotgun,95.0,107.37,1,1
2026-07-02,2026-07-02 18:20:41,vendredi,regular,['vendredi'],Pass Vendredi,Shotgun,54.09,61.14,1,1
2026-07-02,2026-07-02 18:21:02,2-jours,regular,,Pass 2 Jours,Shotgun,95.0,107.37,1,1
2026-07-02,2026-07-02 18:21:32,2-jours,vip,"['vendredi', 'samedi']",Pass Acces Scene,Shotgun,220.0,248.66,1,1
2026-07-02,2026-07-02 18:21:41,2-jours,regular,,Pass 2 Jours,Shotgun,95.0,107.37,1,1
2026-07-02,2026-07-02 18:22:15,vendredi,regular,['vendredi'],Pass Vendredi,Shotgun,54.09,61.14,1,1
2026-07-02,2026-07-02 18:22:24,2-jours,regular,,Pass 2 Jours,Shotgun,95.0,107.37,1,1
2026-07-02,2026-07-02 18:22:26,2-jours,regular,,Pass 2 Jours,Shotgun,95.0,107.37,1,1
2026-07-02,2026-07-02 18:22:35,2-jours,regular,,Pass 2 Jours,Shotgun,95.0,107.37,1,1
2026-07-02,2026-07-02 18:22:37,2-jours,regular,,Pass 2 Jours,Shotgun,95.0,107.37,1,1
2026-07-02,2026-07-02 18:22:54,2-jours,regular,,Pass 2 Jours,Shotgun,95.0,107.37,1,1
2026-07-02,2026-07-02 18:23:09,samedi,regular,['samedi'],Pass Samedi,Shotgun,54.09,61.14,1,1
2026-07-02,2026-07-02 18:23:09,samedi,regular,['samedi'],Pass Samedi,Shotgun,54.09,61.14,1,1
2026-07-02,2026-07-02 18:23:20,2-jours,regular,,Pass 2 Jours,Shotgun,95.0,107.37,1,1
2026-07-02,2026-07-02 18:23:20,2-jours,regular,,Pass 2 Jours,Shotgun,95.0,107.37,1,1
2026-07-02,2026-07-02 18:23:48,vendredi,regular,['vendredi'],Pass Vendredi,Shotgun,54.09,61.14,1,1
2026-07-02,2026-07-02 18:23:48,samedi,regular,['samedi'],Pass Samedi,Shotgun,54.09,61.14,1,1
2026-07-02,2026-07-02 18:24:10,2-jours,regular,,Pass 2 Jours,Shotgun,95.0,107.37,1,1
2026-07-02,2026-07-02 18:24:27,2-jours,regular,,Pass 2 Jours,Shotgun,95.0,107.37,1,1
2026-07-02,2026-07-02 18:24:30,2-jours,regular,,Pass 2 Jours,Shotgun,95.0,107.37,1,1
2026-07-02,2026-07-02 18:24:57,vendredi,regular,['vendredi'],Pass Vendredi,Shotgun,54.09,61.14,1,1
2026-07-02,2026-07-02 18:25:09,2-jours,regular,,Pass 2 Jours,Shotgun,95.0,107.37,1,1
2026-07-02,2026-07-02 18:25:09,2-jours,regular,,Pass 2 Jours,Shotgun,95.0,107.37,1,1
2026-07-02,2026-07-02 18:25:36,vendredi,regular,['vendredi'],Pass Vendredi,Shotgun,54.09,61.14,1,1
2026-07-02,2026-07-02 18:25:36,samedi,regular,['samedi'],Pass Samedi,Shotgun,54.09,61.14,1,1
2026-07-02,2026-07-02 18:26:20,samedi,regular,['samedi'],Pass Samedi,Shotgun,54.09,61.14,1,1
2026-07-02,2026-07-02 18:26:29,samedi,regular,['samedi'],Pass Samedi,Shotgun,54.09,61.14,1,1
2026-07-02,2026-07-02 18:26:52,samedi,regular,['samedi'],Pass Samedi,Shotgun,54.09,61.14,1,1
2026-07-02,2026-07-02 18:26:56,vendredi,regular,['vendredi'],Pass Vendredi,Shotgun,54.09,61.14,1,1
2026-07-02,2026-07-02 18:27:00,2-jours,regular,,Pass 2 Jours,Shotgun,95.0,107.37,1,1
2026-07-02,2026-07-02 18:27:11,2-jours,regular,,Pass 2 Jours,Shotgun,95.0,107.37,1,1
2026-07-02,2026-07-02 18:27:12,2-jours,regular,,Pass 2 Jours,Shotgun,95.0,107.37,1,1
2026-07-02,2026-07-02 18:27:40,2-jours,regular,,Pass 2 Jours,Shotgun,95.0,107.37,1,1
2026-07-02,2026-07-02 18:27:47,samedi,regular,['samedi'],Pass Samedi,Shotgun,54.09,61.14,1,1
2026-07-02,2026-07-02 18:27:58,vendredi,regular,['vendredi'],Pass Vendredi,Shotgun,54.09,61.14,1,1
2026-07-02,2026-07-02 18:27:58,vendredi,regular,['vendredi'],Pass Vendredi,Shotgun,54.09,61.14,1,1
2026-07-02,2026-07-02 18:28:10,2-jours,regular,,Pass 2 Jours,Shotgun,95.0,107.37,1,1
2026-07-02,2026-07-02 18:28:10,2-jours,regular,,Pass 2 Jours,Shotgun,95.0,107.37,1,1
2026-07-02,2026-07-02 18:28:11,samedi,regular,['samedi'],Pass Samedi,Shotgun,54.09,61.14,1,1
2026-07-02,2026-07-02 18:28:42,2-jours,regular,,Pass 2 Jours,Shotgun,95.0,107.37,1,1
2026-07-02,2026-07-02 18:28:42,2-jours,regular,,Pass 2 Jours,Shotgun,95.0,107.37,1,1
2026-07-02,2026-07-02 18:29:06,2-jours,regular,,Pass 2 Jours,Shotgun,95.0,107.37,1,1
2026-07-02,2026-07-02 18:29:20,vendredi,regular,['vendredi'],Pass Vendredi,Shotgun,54.09,61.14,1,1
2026-07-02,2026-07-02 18:29:20,vendredi,regular,['vendredi'],Pass Vendredi,Shotgun,54.09,61.14,1,1
2026-07-02,2026-07-02 18:30:02,samedi,regular,['samedi'],Pass Samedi,Shotgun,54.09,61.14,1,1
2026-07-02,2026-07-02 18:30:02,vendredi,regular,['vendredi'],Pass Vendredi,Shotgun,54.09,61.14,1,1
2026-07-02,2026-07-02 18:30:09,vendredi,regular,['vendredi'],Pass Vendredi,Shotgun,54.09,61.14,1,1
2026-07-02,2026-07-02 18:30:19,2-jours,regular,,Pass 2 Jours,Shotgun,95.0,107.37,1,1
2026-07-02,2026-07-02 18:30:40,samedi,regular,['samedi'],Pass Samedi,Shotgun,54.09,61.14,1,1
2026-07-02,2026-07-02 18:30:40,samedi,regular,['samedi'],Pass Samedi,Shotgun,54.09,61.14,1,1
2026-07-02,2026-07-02 18:30:47,samedi,regular,['samedi'],Pass Samedi,Shotgun,54.09,61.14,1,1
2026-07-02,2026-07-02 18:30:47,samedi,regular,['samedi'],Pass Samedi,Shotgun,54.09,61.14,1,1
2026-07-02,2026-07-02 18:31:12,2-jours,regular,,Pass 2 Jours,Shotgun,95.0,107.37,1,1
2026-07-02,2026-07-02 18:31:28,vendredi,regular,['vendredi'],Pass Vendredi,Shotgun,54.09,61.14,1,1
2026-07-02,2026-07-02 18:31:44,2-jours,regular,,Pass 2 Jours,Shotgun,95.0,107.37,1,1
2026-07-02,2026-07-02 18:32:33,2-jours,regular,,Pass 2 Jours,Shotgun,95.0,107.37,1,1
2026-07-02,2026-07-02 18:32:33,2-jours,regular,,Pass 2 Jours,Shotgun,95.0,107.37,1,1
2026-07-02,2026-07-02 18:32:46,vendredi,regular,['vendredi'],Pass Vendredi,Shotgun,54.09,61.14,1,1
2026-07-02,2026-07-02 18:32:49,2-jours,regular,,Pass 2 Jours,Shotgun,95.0,107.37,1,1
2026-07-02,2026-07-02 18:33:40,2-jours,regular,,Pass 2 Jours,Shotgun,95.0,107.37,1,1
2026-07-02,2026-07-02 18:34:06,samedi,regular,['samedi'],Pass Samedi,Shotgun,54.09,61.14,1,1
2026-07-02,2026-07-02 18:34:11,2-jours,regular,,Pass 2 Jours,Shotgun,95.0,107.37,1,1
2026-07-02,2026-07-02 18:34:20,vendredi,regular,['vendredi'],Pass Vendredi,Shotgun,54.09,61.14,1,1
2026-07-02,2026-07-02 18:34:40,vendredi,regular,['vendredi'],Pass Vendredi,Shotgun,54.09,61.14,1,1
2026-07-02,2026-07-02 18:34:42,vendredi,regular,['vendredi'],Pass Vendredi,Shotgun,54.09,61.14,1,1
2026-07-02,2026-07-02 18:34:47,2-jours,regular,,Pass 2 Jours,Shotgun,95.0,107.37,1,1
2026-07-02,2026-07-02 18:34:47,2-jours,regular,,Pass 2 Jours,Shotgun,95.0,107.37,1,1
2026-07-02,2026-07-02 18:35:57,vendredi,regular,['vendredi'],Pass Vendredi,Shotgun,54.09,61.14,1,1
2026-07-02,2026-07-02 18:35:57,vendredi,regular,['vendredi'],Pass Vendredi,Shotgun,54.09,61.14,1,1
2026-07-02,2026-07-02 18:36:06,vendredi,regular,['vendredi'],Pass Vendredi,Shotgun,54.09,61.14,1,1
2026-07-02,2026-07-02 18:36:06,vendredi,regular,['vendredi'],Pass Vendredi,Shotgun,54.09,61.14,1,1
2026-07-02,2026-07-02 18:36:10,2-jours,regular,,Pass 2 Jours,Shotgun,95.0,107.37,1,1
2026-07-02,2026-07-02 18:36:10,2-jours,regular,,Pass 2 Jours,Shotgun,95.0,107.37,1,1
2026-07-02,2026-07-02 18:36:10,2-jours,regular,,Pass 2 Jours,Shotgun,95.0,107.37,1,1
2026-07-02,2026-07-02 18:36:11,2-jours,regular,,Pass 2 Jours,Shotgun,95.0,107.37,1,1
2026-07-02,2026-07-02 18:36:21,2-jours,regular,,Pass 2 Jours,Shotgun,95.0,107.37,1,1
2026-07-02,2026-07-02 18:36:21,2-jours,regular,,Pass 2 Jours,Shotgun,95.0,107.37,1,1
2026-07-02,2026-07-02 18:36:26,vendredi,regular,['vendredi'],Pass Vendredi,Shotgun,54.09,61.14,1,1
2026-07-02,2026-07-02 18:36:26,2-jours,regular,,Pass 2 Jours,Shotgun,95.0,107.37,1,1
2026-07-02,2026-07-02 18:37:07,2-jours,regular,,Pass 2 Jours,Shotgun,95.0,107.37,1,1
2026-07-02,2026-07-02 18:37:34,vendredi,regular,['vendredi'],Pass Vendredi,Shotgun,54.09,61.14,1,1
2026-07-02,2026-07-02 18:37:46,2-jours,regular,,Pass 2 Jours,Shotgun,95.0,107.37,1,1
2026-07-02,2026-07-02 18:38:17,2-jours,regular,,Pass 2 Jours,Shotgun,95.0,107.37,1,1
2026-07-02,2026-07-02 18:38:23,2-jours,regular,,Pass 2 Jours,Shotgun,95.0,107.37,1,1
2026-07-02,2026-07-02 18:38:23,vendredi,regular,['vendredi'],Pass Vendredi,Shotgun,54.09,61.14,1,1
2026-07-02,2026-07-02 18:38:36,samedi,vip,['samedi'],Pass Acces Scene,Shotgun,120.0,135.63,1,1
2026-07-02,2026-07-02 18:38:53,2-jours,regular,,Pass 2 Jours,Shotgun,95.0,107.37,1,1
2026-07-02,2026-07-02 18:39:00,2-jours,regular,,Pass 2 Jours,Shotgun,95.0,107.37,1,1
2026-07-02,2026-07-02 18:39:17,samedi,regular,['samedi'],Pass Samedi,Shotgun,54.09,61.14,1,1
2026-07-02,2026-07-02 18:40:17,2-jours,regular,,Pass 2 Jours,Shotgun,95.0,107.37,1,1
2026-07-02,2026-07-02 18:40:30,2-jours,regular,,Pass 2 Jours,Shotgun,95.0,107.37,1,1
2026-07-02,2026-07-02 18:40:38,2-jours,regular,,Pass 2 Jours,Shotgun,95.0,107.37,1,1
2026-07-02,2026-07-02 18:40:53,2-jours,regular,,Pass 2 Jours,Shotgun,95.0,107.37,1,1
2026-07-02,2026-07-02 18:40:55,vendredi,regular,['vendredi'],Pass Vendredi,Shotgun,54.09,61.14,1,1
2026-07-02,2026-07-02 18:41:19,vendredi,regular,['vendredi'],Pass Vendredi,Shotgun,54.09,61.14,1,1
2026-07-02,2026-07-02 18:41:31,2-jours,regular,,Pass 2 Jours,Shotgun,95.0,107.37,1,1
2026-07-02,2026-07-02 18:41:38,2-jours,regular,,Pass 2 Jours,Shotgun,95.0,107.37,1,1
2026-07-02,2026-07-02 18:42:06,2-jours,regular,,Pass 2 Jours,Shotgun,95.0,107.37,1,1
2026-07-02,2026-07-02 18:42:08,2-jours,regular,,Pass 2 Jours,Shotgun,95.0,107.37,1,1
2026-07-02,2026-07-02 18:42:14,samedi,regular,['samedi'],Pass Samedi,Shotgun,54.09,61.14,1,1
2026-07-02,2026-07-02 18:42:14,samedi,regular,['samedi'],Pass Samedi,Shotgun,54.09,61.14,1,1
2026-07-02,2026-07-02 18:42:23,samedi,regular,['samedi'],Pass Samedi,Shotgun,54.09,61.14,1,1
2026-07-02,2026-07-02 18:43:48,2-jours,regular,,Pass 2 Jours,Shotgun,95.0,107.37,1,1
2026-07-02,2026-07-02 18:44:25,2-jours,regular,,Pass 2 Jours,Shotgun,95.0,107.37,1,1
2026-07-02,2026-07-02 18:44:26,samedi,regular,['samedi'],Pass Samedi,Shotgun,54.09,61.14,1,1
2026-07-02,2026-07-02 18:44:29,2-jours,regular,,Pass 2 Jours,Shotgun,95.0,107.37,1,1
2026-07-02,2026-07-02 18:45:06,2-jours,regular,,Pass 2 Jours,Shotgun,95.0,107.37,1,1
2026-07-02,2026-07-02 18:45:24,2-jours,regular,,Pass 2 Jours,Shotgun,95.0,107.37,1,1
2026-07-02,2026-07-02 18:45:35,2-jours,regular,,Pass 2 Jours,Shotgun,95.0,107.37,1,1
2026-07-02,2026-07-02 18:45:35,2-jours,regular,,Pass 2 Jours,Shotgun,95.0,107.37,1,1
2026-07-02,2026-07-02 18:45:48,vendredi,regular,['vendredi'],Pass Vendredi,Shotgun,54.09,61.14,1,1
2026-07-02,2026-07-02 18:45:50,2-jours,regular,,Pass 2 Jours,Shotgun,95.0,107.37,1,1
2026-07-02,2026-07-02 18:45:52,samedi,regular,['samedi'],Pass Samedi,Shotgun,54.09,61.14,1,1
2026-07-02,2026-07-02 18:46:25,samedi,regular,['samedi'],Pass Samedi,Shotgun,54.09,61.14,1,1
2026-07-02,2026-07-02 18:46:25,samedi,regular,['samedi'],Pass Samedi,Shotgun,54.09,61.14,1,1
2026-07-02,2026-07-02 18:46:26,2-jours,regular,,Pass 2 Jours,Shotgun,95.0,107.37,1,1
2026-07-02,2026-07-02 18:46:38,vendredi,regular,['vendredi'],Pass Vendredi,Shotgun,54.09,61.14,1,1
2026-07-02,2026-07-02 18:46:57,samedi,regular,['samedi'],Pass Samedi,Shotgun,54.09,61.14,1,1
2026-07-02,2026-07-02 18:46:57,samedi,regular,['samedi'],Pass Samedi,Shotgun,54.09,61.14,1,1
2026-07-02,2026-07-02 18:47:13,vendredi,regular,['vendredi'],Pass Vendredi,Shotgun,54.09,61.14,1,1
2026-07-02,2026-07-02 18:47:13,vendredi,regular,['vendredi'],Pass Vendredi,Shotgun,54.09,61.14,1,1
2026-07-02,2026-07-02 18:47:14,vendredi,regular,['vendredi'],Pass Vendredi,Shotgun,54.09,61.14,1,1
2026-07-02,2026-07-02 18:47:14,vendredi,regular,['vendredi'],Pass Vendredi,Shotgun,54.09,61.14,1,1
2026-07-02,2026-07-02 18:47:15,2-jours,regular,,Pass 2 Jours,Shotgun,95.0,107.37,1,1
2026-07-02,2026-07-02 18:47:15,2-jours,regular,,Pass 2 Jours,Shotgun,95.0,107.37,1,1
2026-07-02,2026-07-02 18:47:53,samedi,regular,['samedi'],Pass Samedi,Shotgun,54.09,61.14,1,1
2026-07-02,2026-07-02 18:48:00,vendredi,regular,['vendredi'],Pass Vendredi,Shotgun,54.09,61.14,1,1
2026-07-02,2026-07-02 18:48:00,samedi,regular,['samedi'],Pass Samedi,Shotgun,54.09,61.14,1,1
2026-07-02,2026-07-02 18:48:18,samedi,regular,['samedi'],Pass Samedi,Shotgun,54.09,61.14,1,1
2026-07-02,2026-07-02 18:48:26,2-jours,regular,,Pass 2 Jours,Shotgun,95.0,107.37,1,1
2026-07-02,2026-07-02 18:48:34,2-jours,regular,,Pass 2 Jours,Shotgun,95.0,107.37,1,1
2026-07-02,2026-07-02 18:48:37,2-jours,regular,,Pass 2 Jours,Shotgun,95.0,107.37,1,1
2026-07-02,2026-07-02 18:48:43,2-jours,regular,,Pass 2 Jours,Shotgun,95.0,107.37,1,1
2026-07-02,2026-07-02 18:48:55,2-jours,regular,,Pass 2 Jours,Shotgun,95.0,107.37,1,1
2026-07-02,2026-07-02 18:51:26,2-jours,regular,,Pass 2 Jours,Shotgun,95.0,107.37,1,1
2026-07-02,2026-07-02 18:52:14,samedi,regular,['samedi'],Pass Samedi,Shotgun,54.09,61.14,1,1
2026-07-02,2026-07-02 18:52:39,vendredi,regular,['vendredi'],Pass Vendredi,Shotgun,54.09,61.14,1,1
2026-07-02,2026-07-02 18:52:39,samedi,regular,['samedi'],Pass Samedi,Shotgun,54.09,61.14,1,1
2026-07-02,2026-07-02 18:52:49,samedi,regular,['samedi'],Pass Samedi,Shotgun,54.09,61.14,1,1
2026-07-02,2026-07-02 18:53:38,vendredi,regular,['vendredi'],Pass Vendredi,Shotgun,54.09,61.14,1,1
2026-07-02,2026-07-02 18:54:25,2-jours,regular,,Pass 2 Jours,Shotgun,95.0,107.37,1,1
2026-07-02,2026-07-02 18:54:54,2-jours,regular,,Pass 2 Jours,Shotgun,95.0,107.37,1,1
2026-07-02,2026-07-02 18:55:02,samedi,regular,['samedi'],Pass Samedi,Shotgun,54.09,61.14,1,1
2026-07-02,2026-07-02 18:55:24,2-jours,regular,,Pass 2 Jours,Shotgun,95.0,107.37,1,1
2026-07-02,2026-07-02 18:55:36,2-jours,regular,,Pass 2 Jours,Shotgun,95.0,107.37,1,1
2026-07-02,2026-07-02 18:55:44,2-jours,regular,,Pass 2 Jours,Shotgun,95.0,107.37,1,1
2026-07-02,2026-07-02 18:55:54,2-jours,regular,,Pass 2 Jours,Shotgun,95.0,107.37,1,1
2026-07-02,2026-07-02 18:55:54,2-jours,regular,,Pass 2 Jours,Shotgun,95.0,107.37,1,1
2026-07-02,2026-07-02 18:56:06,vendredi,regular,['vendredi'],Pass Vendredi,Shotgun,54.09,61.14,1,1
2026-07-02,2026-07-02 18:56:18,vendredi,regular,['vendredi'],Pass Vendredi,Shotgun,54.09,61.14,1,1
2026-07-02,2026-07-02 18:57:39,2-jours,regular,,Pass 2 Jours,Shotgun,95.0,107.37,1,1
2026-07-02,2026-07-02 18:57:43,vendredi,regular,['vendredi'],Pass Vendredi,Shotgun,54.09,61.14,1,1
2026-07-02,2026-07-02 18:58:22,samedi,regular,['samedi'],Pass Samedi,Shotgun,54.09,61.14,1,1
2026-07-02,2026-07-02 18:58:22,samedi,regular,['samedi'],Pass Samedi,Shotgun,54.09,61.14,1,1
2026-07-02,2026-07-02 18:58:22,samedi,regular,['samedi'],Pass Samedi,Shotgun,54.09,61.14,1,1
2026-07-02,2026-07-02 18:58:22,samedi,regular,['samedi'],Pass Samedi,Shotgun,54.09,61.14,1,1
2026-07-02,2026-07-02 18:58:25,samedi,regular,['samedi'],Pass Samedi,Shotgun,54.09,61.14,1,1
2026-07-02,2026-07-02 18:58:49,2-jours,regular,,Pass 2 Jours,Shotgun,95.0,107.37,1,1
2026-07-02,2026-07-02 18:59:32,2-jours,regular,,Pass 2 Jours,Shotgun,95.0,107.37,1,1
2026-07-02,2026-07-02 18:59:39,2-jours,regular,,Pass 2 Jours,Shotgun,95.0,107.37,1,1
2026-07-02,2026-07-02 18:59:39,2-jours,regular,,Pass 2 Jours,Shotgun,95.0,107.37,1,1
2026-07-02,2026-07-02 18:59:58,samedi,regular,['samedi'],Pass Samedi,Shotgun,54.09,61.14,1,1
2026-07-02,2026-07-02 19:00:06,2-jours,regular,,Pass 2 Jours,Shotgun,95.0,107.37,1,1
2026-07-02,2026-07-02 19:00:55,vendredi,regular,['vendredi'],Pass Vendredi,Shotgun,54.09,61.14,1,1
2026-07-02,2026-07-02 19:01:00,2-jours,regular,,Pass 2 Jours,Shotgun,95.0,107.37,1,1
2026-07-02,2026-07-02 19:01:18,2-jours,regular,,Pass 2 Jours,Shotgun,95.0,107.37,1,1
2026-07-02,2026-07-02 19:01:49,vendredi,regular,['vendredi'],Pass Vendredi,Shotgun,54.09,61.14,1,1
2026-07-02,2026-07-02 19:01:49,vendredi,regular,['vendredi'],Pass Vendredi,Shotgun,54.09,61.14,1,1
2026-07-02,2026-07-02 19:02:06,2-jours,regular,,Pass 2 Jours,Shotgun,95.0,107.37,1,1
2026-07-02,2026-07-02 19:02:17,vendredi,regular,['vendredi'],Pass Vendredi,Shotgun,54.09,61.14,1,1
2026-07-02,2026-07-02 19:02:21,2-jours,regular,,Pass 2 Jours,Shotgun,95.0,107.37,1,1
2026-07-02,2026-07-02 19:03:43,2-jours,regular,,Pass 2 Jours,Shotgun,95.0,107.37,1,1
2026-07-02,2026-07-02 19:03:43,2-jours,regular,,Pass 2 Jours,Shotgun,95.0,107.37,1,1
2026-07-02,2026-07-02 19:03:48,2-jours,regular,,Pass 2 Jours,Shotgun,95.0,107.37,1,1
2026-07-02,2026-07-02 19:03:52,samedi,regular,['samedi'],Pass Samedi,Shotgun,54.09,61.14,1,1
2026-07-02,2026-07-02 19:03:55,2-jours,regular,,Pass 2 Jours,Shotgun,95.0,107.37,1,1
2026-07-02,2026-07-02 19:03:57,vendredi,regular,['vendredi'],Pass Vendredi,Shotgun,54.09,61.14,1,1
2026-07-02,2026-07-02 19:04:00,2-jours,regular,,Pass 2 Jours,Shotgun,95.0,107.37,1,1
2026-07-02,2026-07-02 19:04:13,2-jours,regular,,Pass 2 Jours,Shotgun,95.0,107.37,1,1
2026-07-02,2026-07-02 19:04:13,2-jours,regular,,Pass 2 Jours,Shotgun,95.0,107.37,1,1
2026-07-02,2026-07-02 19:04:13,2-jours,regular,,Pass 2 Jours,Shotgun,95.0,107.37,1,1
2026-07-02,2026-07-02 19:05:26,vendredi,regular,['vendredi'],Pass Vendredi,Shotgun,54.09,61.14,1,1
2026-07-02,2026-07-02 19:05:50,2-jours,regular,,Pass 2 Jours,Shotgun,95.0,107.37,1,1
2026-07-02,2026-07-02 19:06:12,2-jours,regular,,Pass 2 Jours,Shotgun,95.0,107.37,1,1
2026-07-02,2026-07-02 19:06:21,2-jours,regular,,Pass 2 Jours,Shotgun,95.0,107.37,1,1
2026-07-02,2026-07-02 19:06:49,vendredi,regular,['vendredi'],Pass Vendredi,Shotgun,54.09,61.14,1,1
2026-07-02,2026-07-02 19:06:57,2-jours,regular,,Pass 2 Jours,Shotgun,95.0,107.37,1,1
2026-07-02,2026-07-02 19:06:57,2-jours,regular,,Pass 2 Jours,Shotgun,95.0,107.37,1,1
2026-07-02,2026-07-02 19:06:57,2-jours,regular,,Pass 2 Jours,Shotgun,95.0,107.37,1,1
2026-07-02,2026-07-02 19:07:02,vendredi,regular,['vendredi'],Pass Vendredi,Shotgun,54.09,61.14,1,1
2026-07-02,2026-07-02 19:07:02,vendredi,regular,['vendredi'],Pass Vendredi,Shotgun,54.09,61.14,1,1
2026-07-02,2026-07-02 19:07:11,2-jours,regular,,Pass 2 Jours,Shotgun,95.0,107.37,1,1
2026-07-02,2026-07-02 19:07:11,vendredi,regular,['vendredi'],Pass Vendredi,Shotgun,54.09,61.14,1,1
2026-07-02,2026-07-02 19:07:14,samedi,regular,['samedi'],Pass Samedi,Shotgun,54.09,61.14,1,1
2026-07-02,2026-07-02 19:07:14,samedi,regular,['samedi'],Pass Samedi,Shotgun,54.09,61.14,1,1
2026-07-02,2026-07-02 19:07:14,samedi,regular,['samedi'],Pass Samedi,Shotgun,54.09,61.14,1,1
2026-07-02,2026-07-02 19:07:14,samedi,regular,['samedi'],Pass Samedi,Shotgun,54.09,61.14,1,1
2026-07-02,2026-07-02 19:08:40,2-jours,regular,,Pass 2 Jours,Shotgun,95.0,107.37,1,1
2026-07-02,2026-07-02 19:08:47,2-jours,regular,,Pass 2 Jours,Shotgun,95.0,107.37,1,1
2026-07-02,2026-07-02 19:09:43,samedi,regular,['samedi'],Pass Samedi,Shotgun,54.09,61.14,1,1
2026-07-02,2026-07-02 19:09:58,2-jours,regular,,Pass 2 Jours,Shotgun,95.0,107.37,1,1
2026-07-02,2026-07-02 19:10:01,2-jours,regular,,Pass 2 Jours,Shotgun,95.0,107.37,1,1
2026-07-02,2026-07-02 19:10:07,vendredi,regular,['vendredi'],Pass Vendredi,Shotgun,54.09,61.14,1,1
2026-07-02,2026-07-02 19:10:16,vendredi,regular,['vendredi'],Pass Vendredi,Shotgun,54.09,61.14,1,1
2026-07-02,2026-07-02 19:11:02,samedi,regular,['samedi'],Pass Samedi,Shotgun,54.09,61.14,1,1
2026-07-02,2026-07-02 19:11:03,2-jours,regular,,Pass 2 Jours,Shotgun,95.0,107.37,1,1
2026-07-02,2026-07-02 19:11:19,vendredi,regular,['vendredi'],Pass Vendredi,Shotgun,54.09,61.14,1,1
2026-07-02,2026-07-02 19:11:22,2-jours,regular,,Pass 2 Jours,Shotgun,95.0,107.37,1,1
2026-07-02,2026-07-02 19:11:29,vendredi,regular,['vendredi'],Pass Vendredi,Shotgun,54.09,61.14,1,1
2026-07-02,2026-07-02 19:11:59,2-jours,regular,,Pass 2 Jours,Shotgun,95.0,107.37,1,1
2026-07-02,2026-07-02 19:12:02,samedi,regular,['samedi'],Pass Samedi,Shotgun,54.09,61.14,1,1
2026-07-02,2026-07-02 19:12:03,2-jours,regular,,Pass 2 Jours,Shotgun,95.0,107.37,1,1
2026-07-02,2026-07-02 19:12:07,2-jours,regular,,Pass 2 Jours,Shotgun,95.0,107.37,1,1
2026-07-02,2026-07-02 19:12:36,2-jours,regular,,Pass 2 Jours,Shotgun,95.0,107.37,1,1
2026-07-02,2026-07-02 19:13:28,samedi,regular,['samedi'],Pass Samedi,Shotgun,54.09,61.14,1,1
2026-07-02,2026-07-02 19:13:28,samedi,regular,['samedi'],Pass Samedi,Shotgun,54.09,61.14,1,1
2026-07-02,2026-07-02 19:13:28,samedi,regular,['samedi'],Pass Samedi,Shotgun,54.09,61.14,1,1
2026-07-02,2026-07-02 19:14:25,2-jours,regular,,Pass 2 Jours,Shotgun,95.0,107.37,1,1
2026-07-02,2026-07-02 19:14:33,2-jours,regular,,Pass 2 Jours,Shotgun,95.0,107.37,1,1
2026-07-02,2026-07-02 19:14:37,vendredi,regular,['vendredi'],Pass Vendredi,Shotgun,54.09,61.14,1,1
2026-07-02,2026-07-02 19:15:28,2-jours,regular,,Pass 2 Jours,Shotgun,95.0,107.37,1,1
2026-07-02,2026-07-02 19:15:28,2-jours,regular,,Pass 2 Jours,Shotgun,95.0,107.37,1,1
2026-07-02,2026-07-02 19:15:40,2-jours,regular,,Pass 2 Jours,Shotgun,95.0,107.37,1,1
2026-07-02,2026-07-02 19:15:40,2-jours,regular,,Pass 2 Jours,Shotgun,95.0,107.37,1,1
2026-07-02,2026-07-02 19:15:51,vendredi,regular,['vendredi'],Pass Vendredi,Shotgun,54.09,61.14,1,1
2026-07-02,2026-07-02 19:15:54,2-jours,regular,,Pass 2 Jours,Shotgun,95.0,107.37,1,1
2026-07-02,2026-07-02 19:16:00,vendredi,regular,['vendredi'],Pass Vendredi,Shotgun,54.09,61.14,1,1
2026-07-02,2026-07-02 19:16:04,2-jours,vip,"['vendredi', 'samedi']",Pass Acces Scene,Shotgun,220.0,248.66,1,1
2026-07-02,2026-07-02 19:16:31,2-jours,regular,,Pass 2 Jours,Shotgun,95.0,107.37,1,1
2026-07-02,2026-07-02 19:17:14,vendredi,regular,['vendredi'],Pass Vendredi,Shotgun,54.09,61.14,1,1
2026-07-02,2026-07-02 19:17:14,vendredi,regular,['vendredi'],Pass Vendredi,Shotgun,54.09,61.14,1,1
2026-07-02,2026-07-02 19:17:35,vendredi,regular,['vendredi'],Pass Vendredi,Shotgun,54.09,61.14,1,1
2026-07-02,2026-07-02 19:17:35,samedi,regular,['samedi'],Pass Samedi,Shotgun,54.09,61.14,1,1
2026-07-02,2026-07-02 19:17:35,samedi,regular,['samedi'],Pass Samedi,Shotgun,54.09,61.14,1,1
2026-07-02,2026-07-02 19:17:36,samedi,regular,['samedi'],Pass Samedi,Shotgun,54.09,61.14,1,1
2026-07-02,2026-07-02 19:17:41,2-jours,regular,,Pass 2 Jours,Shotgun,95.0,107.37,1,1
2026-07-02,2026-07-02 19:17:53,2-jours,regular,,Pass 2 Jours,Shotgun,95.0,107.37,1,1
2026-07-02,2026-07-02 19:19:12,2-jours,regular,,Pass 2 Jours,Shotgun,95.0,107.37,1,1
2026-07-02,2026-07-02 19:19:20,2-jours,regular,,Pass 2 Jours,Shotgun,95.0,107.37,1,1
2026-07-02,2026-07-02 19:19:38,vendredi,regular,['vendredi'],Pass Vendredi,Shotgun,54.09,61.14,1,1
2026-07-02,2026-07-02 19:20:02,2-jours,regular,,Pass 2 Jours,Shotgun,95.0,107.37,1,1
2026-07-02,2026-07-02 19:20:02,2-jours,regular,,Pass 2 Jours,Shotgun,95.0,107.37,1,1
2026-07-02,2026-07-02 19:20:04,vendredi,regular,['vendredi'],Pass Vendredi,Shotgun,54.09,61.14,1,1
2026-07-02,2026-07-02 19:20:09,samedi,regular,['samedi'],Pass Samedi,Shotgun,54.09,61.14,1,1
2026-07-02,2026-07-02 19:20:09,vendredi,regular,['vendredi'],Pass Vendredi,Shotgun,54.09,61.14,1,1
2026-07-02,2026-07-02 19:20:12,vendredi,regular,['vendredi'],Pass Vendredi,Shotgun,54.09,61.14,1,1
2026-07-02,2026-07-02 19:20:29,vendredi,regular,['vendredi'],Pass Vendredi,Shotgun,54.09,61.14,1,1
2026-07-02,2026-07-02 19:20:33,2-jours,regular,,Pass 2 Jours,Shotgun,95.0,107.37,1,1
2026-07-02,2026-07-02 19:20:34,2-jours,regular,,Pass 2 Jours,Shotgun,95.0,107.37,1,1
2026-07-02,2026-07-02 19:20:34,2-jours,regular,,Pass 2 Jours,Shotgun,95.0,107.37,1,1
2026-07-02,2026-07-02 19:20:34,2-jours,regular,,Pass 2 Jours,Shotgun,95.0,107.37,1,1
2026-07-02,2026-07-02 19:21:18,2-jours,regular,,Pass 2 Jours,Shotgun,95.0,107.37,1,1
2026-07-02,2026-07-02 19:21:39,vendredi,regular,['vendredi'],Pass Vendredi,Shotgun,60.0,67.82,1,1
2026-07-02,2026-07-02 19:21:39,2-jours,regular,,Pass 2 Jours,Shotgun,95.0,107.37,1,1
2026-07-02,2026-07-02 19:22:37,samedi,regular,['samedi'],Pass Samedi,Shotgun,54.09,61.14,1,1
2026-07-02,2026-07-02 19:22:37,samedi,regular,['samedi'],Pass Samedi,Shotgun,54.09,61.14,1,1
2026-07-02,2026-07-02 19:22:38,2-jours,regular,,Pass 2 Jours,Shotgun,95.0,107.37,1,1
2026-07-02,2026-07-02 19:23:02,2-jours,regular,,Pass 2 Jours,Shotgun,95.0,107.37,1,1
2026-07-02,2026-07-02 19:23:51,vendredi,regular,['vendredi'],Pass Vendredi,Shotgun,54.09,61.14,1,1
2026-07-02,2026-07-02 19:23:52,2-jours,regular,,Pass 2 Jours,Shotgun,95.0,107.37,1,1
2026-07-02,2026-07-02 19:24:24,2-jours,regular,,Pass 2 Jours,Shotgun,95.0,107.37,1,1
2026-07-02,2026-07-02 19:26:11,2-jours,regular,,Pass 2 Jours,Shotgun,95.0,107.37,1,1
2026-07-02,2026-07-02 19:26:30,vendredi,regular,['vendredi'],Pass Vendredi,Shotgun,54.09,61.14,1,1
2026-07-02,2026-07-02 19:26:30,vendredi,regular,['vendredi'],Pass Vendredi,Shotgun,54.09,61.14,1,1
2026-07-02,2026-07-02 19:27:00,2-jours,regular,,Pass 2 Jours,Shotgun,95.0,107.37,1,1
2026-07-02,2026-07-02 19:27:00,2-jours,regular,,Pass 2 Jours,Shotgun,95.0,107.37,1,1
2026-07-02,2026-07-02 19:27:19,2-jours,regular,,Pass 2 Jours,Shotgun,95.0,107.37,1,1
2026-07-02,2026-07-02 19:28:09,samedi,regular,['samedi'],Pass Samedi,Shotgun,54.09,61.14,1,1
2026-07-02,2026-07-02 19:28:09,samedi,regular,['samedi'],Pass Samedi,Shotgun,54.09,61.14,1,1
2026-07-02,2026-07-02 19:28:17,vendredi,regular,['vendredi'],Pass Vendredi,Shotgun,54.09,61.14,1,1
2026-07-02,2026-07-02 19:29:13,2-jours,regular,,Pass 2 Jours,Shotgun,95.0,107.37,1,1
2026-07-02,2026-07-02 19:29:22,samedi,regular,['samedi'],Pass Samedi,Shotgun,54.09,61.14,1,1
2026-07-02,2026-07-02 19:29:22,samedi,regular,['samedi'],Pass Samedi,Shotgun,54.09,61.14,1,1
2026-07-02,2026-07-02 19:29:47,2-jours,regular,,Pass 2 Jours,Shotgun,95.0,107.37,1,1
2026-07-02,2026-07-02 19:29:56,2-jours,regular,,Pass 2 Jours,Shotgun,95.0,107.37,1,1
2026-07-02,2026-07-02 19:30:03,2-jours,regular,,Pass 2 Jours,Shotgun,95.0,107.37,1,1
2026-07-02,2026-07-02 19:30:13,2-jours,regular,,Pass 2 Jours,Shotgun,95.0,107.37,1,1
2026-07-02,2026-07-02 19:30:13,2-jours,regular,,Pass 2 Jours,Shotgun,95.0,107.37,1,1
2026-07-02,2026-07-02 19:30:26,vendredi,regular,['vendredi'],Pass Vendredi,Shotgun,54.09,61.14,1,1
2026-07-02,2026-07-02 19:32:09,vendredi,regular,['vendredi'],Pass Vendredi,Shotgun,54.09,61.14,1,1
2026-07-02,2026-07-02 19:32:09,vendredi,regular,['vendredi'],Pass Vendredi,Shotgun,54.09,61.14,1,1
2026-07-02,2026-07-02 19:32:26,2-jours,regular,,Pass 2 Jours,Shotgun,95.0,107.37,1,1
2026-07-02,2026-07-02 19:32:50,2-jours,regular,,Pass 2 Jours,Shotgun,95.0,107.37,1,1
2026-07-02,2026-07-02 19:33:08,2-jours,regular,,Pass 2 Jours,Shotgun,95.0,107.37,1,1
2026-07-02,2026-07-02 19:33:15,2-jours,vip,"['vendredi', 'samedi']",Pass Acces Scene,Shotgun,220.0,248.66,1,1
2026-07-02,2026-07-02 19:33:20,vendredi,regular,['vendredi'],Pass Vendredi,Shotgun,54.09,61.14,1,1
2026-07-02,2026-07-02 19:33:22,2-jours,regular,,Pass 2 Jours,Shotgun,95.0,107.37,1,1
2026-07-02,2026-07-02 19:34:31,2-jours,regular,,Pass 2 Jours,Shotgun,95.0,107.37,1,1
2026-07-02,2026-07-02 19:35:46,2-jours,regular,,Pass 2 Jours,Shotgun,95.0,107.37,1,1
2026-07-02,2026-07-02 19:36:09,2-jours,vip,"['vendredi', 'samedi']",Pass Acces Scene,Shotgun,220.0,248.66,1,1
2026-07-02,2026-07-02 19:36:29,2-jours,regular,,Pass 2 Jours,Shotgun,95.0,107.37,1,1
2026-07-02,2026-07-02 19:37:11,2-jours,regular,,Pass 2 Jours,Shotgun,95.0,107.37,1,1
2026-07-02,2026-07-02 19:37:27,2-jours,regular,,Pass 2 Jours,Shotgun,95.0,107.37,1,1
2026-07-02,2026-07-02 19:37:29,2-jours,regular,,Pass 2 Jours,Shotgun,95.0,107.37,1,1
2026-07-02,2026-07-02 19:37:29,2-jours,regular,,Pass 2 Jours,Shotgun,95.0,107.37,1,1
2026-07-02,2026-07-02 19:37:37,2-jours,regular,,Pass 2 Jours,Shotgun,95.0,107.37,1,1
2026-07-02,2026-07-02 19:37:37,2-jours,regular,,Pass 2 Jours,Shotgun,95.0,107.37,1,1
2026-07-02,2026-07-02 19:38:10,2-jours,regular,,Pass 2 Jours,Shotgun,95.0,107.37,1,1
2026-07-02,2026-07-02 19:38:10,2-jours,regular,,Pass 2 Jours,Shotgun,95.0,107.37,1,1
2026-07-02,2026-07-02 19:39:29,vendredi,regular,['vendredi'],Pass Vendredi,Shotgun,54.09,61.14,1,1
2026-07-02,2026-07-02 19:39:58,vendredi,regular,['vendredi'],Pass Vendredi,Shotgun,54.09,61.14,1,1
2026-07-02,2026-07-02 19:40:34,2-jours,regular,,Pass 2 Jours,Shotgun,95.0,107.37,1,1
2026-07-02,2026-07-02 19:40:48,2-jours,regular,,Pass 2 Jours,Shotgun,95.0,107.37,1,1
2026-07-02,2026-07-02 19:40:54,vendredi,regular,['vendredi'],Pass Vendredi,Shotgun,54.09,61.14,1,1
2026-07-02,2026-07-02 19:41:10,samedi,regular,['samedi'],Pass Samedi,Shotgun,54.09,61.14,1,1
2026-07-02,2026-07-02 19:41:23,vendredi,regular,['vendredi'],Pass Vendredi,Shotgun,54.09,61.14,1,1
2026-07-02,2026-07-02 19:41:23,vendredi,regular,['vendredi'],Pass Vendredi,Shotgun,54.09,61.14,1,1
2026-07-02,2026-07-02 19:41:34,2-jours,regular,,Pass 2 Jours,Shotgun,95.0,107.37,1,1
2026-07-02,2026-07-02 19:41:44,2-jours,regular,,Pass 2 Jours,Shotgun,95.0,107.37,1,1
2026-07-02,2026-07-02 19:41:47,2-jours,regular,,Pass 2 Jours,Shotgun,95.0,107.37,1,1
2026-07-02,2026-07-02 19:43:25,2-jours,regular,,Pass 2 Jours,Shotgun,95.0,107.37,1,1
2026-07-02,2026-07-02 19:43:49,samedi,regular,['samedi'],Pass Samedi,Shotgun,54.09,61.14,1,1
2026-07-02,2026-07-02 19:44:28,2-jours,regular,,Pass 2 Jours,Shotgun,95.0,107.37,1,1
2026-07-02,2026-07-02 19:44:53,samedi,regular,['samedi'],Pass Samedi,Shotgun,54.09,61.14,1,1
2026-07-02,2026-07-02 19:45:26,2-jours,regular,,Pass 2 Jours,Shotgun,95.0,107.37,1,1
2026-07-02,2026-07-02 19:45:26,2-jours,regular,,Pass 2 Jours,Shotgun,95.0,107.37,1,1
2026-07-02,2026-07-02 19:46:51,2-jours,regular,,Pass 2 Jours,Shotgun,95.0,107.37,1,1
2026-07-02,2026-07-02 19:47:05,vendredi,regular,['vendredi'],Pass Vendredi,Shotgun,54.09,61.14,1,1
2026-07-02,2026-07-02 19:47:29,2-jours,regular,,Pass 2 Jours,Shotgun,95.0,107.37,1,1
2026-07-02,2026-07-02 19:47:29,2-jours,regular,,Pass 2 Jours,Shotgun,95.0,107.37,1,1
2026-07-02,2026-07-02 19:47:29,2-jours,regular,,Pass 2 Jours,Shotgun,95.0,107.37,1,1
2026-07-02,2026-07-02 19:48:14,2-jours,regular,,Pass 2 Jours,Shotgun,95.0,107.37,1,1
2026-07-02,2026-07-02 19:48:16,samedi,regular,['samedi'],Pass Samedi,Shotgun,54.09,61.14,1,1
2026-07-02,2026-07-02 19:49:04,vendredi,regular,['vendredi'],Pass Vendredi,Shotgun,54.09,61.14,1,1
2026-07-02,2026-07-02 19:49:09,samedi,regular,['samedi'],Pass Samedi,Shotgun,54.09,61.14,1,1
2026-07-02,2026-07-02 19:49:26,2-jours,regular,,Pass 2 Jours,Shotgun,95.0,107.37,1,1
2026-07-02,2026-07-02 19:49:34,vendredi,regular,['vendredi'],Pass Vendredi,Shotgun,54.09,61.14,1,1
2026-07-02,2026-07-02 19:49:41,2-jours,regular,,Pass 2 Jours,Shotgun,95.0,107.37,1,1
2026-07-02,2026-07-02 19:49:46,2-jours,regular,,Pass 2 Jours,Shotgun,95.0,107.37,1,1
2026-07-02,2026-07-02 19:50:13,samedi,regular,['samedi'],Pass Samedi,Shotgun,54.09,61.14,1,1
2026-07-02,2026-07-02 19:50:20,vendredi,regular,['vendredi'],Pass Vendredi,Shotgun,54.09,61.14,1,1
2026-07-02,2026-07-02 19:50:27,2-jours,regular,,Pass 2 Jours,Shotgun,95.0,107.37,1,1
2026-07-02,2026-07-02 19:50:38,2-jours,regular,,Pass 2 Jours,Shotgun,95.0,107.37,1,1
2026-07-02,2026-07-02 19:51:21,samedi,regular,['samedi'],Pass Samedi,Shotgun,54.09,61.14,1,1
2026-07-02,2026-07-02 19:51:21,2-jours,regular,,Pass 2 Jours,Shotgun,95.0,107.37,1,1
2026-07-02,2026-07-02 19:51:40,2-jours,regular,,Pass 2 Jours,Shotgun,95.0,107.37,1,1
2026-07-02,2026-07-02 19:51:42,2-jours,regular,,Pass 2 Jours,Shotgun,95.0,107.37,1,1
2026-07-02,2026-07-02 19:52:23,vendredi,regular,['vendredi'],Pass Vendredi,Shotgun,54.09,61.14,1,1
2026-07-02,2026-07-02 19:53:51,2-jours,regular,,Pass 2 Jours,Shotgun,95.0,107.37,1,1
2026-07-02,2026-07-02 19:53:58,2-jours,regular,,Pass 2 Jours,Shotgun,95.0,107.37,1,1
2026-07-02,2026-07-02 19:54:42,samedi,regular,['samedi'],Pass Samedi,Shotgun,54.09,61.14,1,1
2026-07-02,2026-07-02 19:54:45,samedi,regular,['samedi'],Pass Samedi,Shotgun,54.09,61.14,1,1
2026-07-02,2026-07-02 19:55:14,2-jours,regular,,Pass 2 Jours,Shotgun,95.0,107.37,1,1
2026-07-02,2026-07-02 19:55:54,vendredi,regular,['vendredi'],Pass Vendredi,Shotgun,54.09,61.14,1,1
2026-07-02,2026-07-02 19:55:59,vendredi,regular,['vendredi'],Pass Vendredi,Shotgun,54.09,61.14,1,1
2026-07-02,2026-07-02 19:56:01,2-jours,regular,,Pass 2 Jours,Shotgun,95.0,107.37,1,1
2026-07-02,2026-07-02 19:56:13,samedi,regular,['samedi'],Pass Samedi,Shotgun,54.09,61.14,1,1
2026-07-02,2026-07-02 19:56:13,samedi,regular,['samedi'],Pass Samedi,Shotgun,54.09,61.14,1,1
2026-07-02,2026-07-02 19:57:46,2-jours,regular,,Pass 2 Jours,Shotgun,95.0,107.37,1,1
2026-07-02,2026-07-02 19:57:48,2-jours,regular,,Pass 2 Jours,Shotgun,95.0,107.37,1,1
2026-07-02,2026-07-02 19:57:55,2-jours,regular,,Pass 2 Jours,Shotgun,95.0,107.37,1,1
2026-07-02,2026-07-02 19:58:29,2-jours,regular,,Pass 2 Jours,Shotgun,95.0,107.37,1,1
2026-07-02,2026-07-02 19:58:50,2-jours,vip,"['vendredi', 'samedi']",Pass Acces Scene,Shotgun,220.0,248.66,1,1
2026-07-02,2026-07-02 19:59:02,vendredi,vip,['vendredi'],Pass Acces Scene,Shotgun,120.0,135.63,1,1
2026-07-02,2026-07-02 19:59:02,vendredi,vip,['vendredi'],Pass Acces Scene,Shotgun,120.0,135.63,1,1
2026-07-02,2026-07-02 19:59:50,2-jours,regular,,Pass 2 Jours,Shotgun,95.0,107.37,1,1
2026-07-02,2026-07-02 20:00:36,2-jours,regular,,Pass 2 Jours,Shotgun,95.0,107.37,1,1
2026-07-02,2026-07-02 20:00:46,vendredi,regular,['vendredi'],Pass Vendredi,Shotgun,54.09,61.14,1,1
2026-07-02,2026-07-02 20:00:46,vendredi,regular,['vendredi'],Pass Vendredi,Shotgun,54.09,61.14,1,1
2026-07-02,2026-07-02 20:00:51,2-jours,regular,,Pass 2 Jours,Shotgun,95.0,107.37,1,1
2026-07-02,2026-07-02 20:02:18,2-jours,regular,,Pass 2 Jours,Shotgun,95.0,107.37,1,1
2026-07-02,2026-07-02 20:02:31,samedi,regular,['samedi'],Pass Samedi,Shotgun,54.09,61.14,1,1
2026-07-02,2026-07-02 20:03:05,2-jours,regular,,Pass 2 Jours,Shotgun,95.0,107.37,1,1
2026-07-02,2026-07-02 20:03:05,2-jours,regular,,Pass 2 Jours,Shotgun,95.0,107.37,1,1
2026-07-02,2026-07-02 20:03:10,2-jours,regular,,Pass 2 Jours,Shotgun,95.0,107.37,1,1
2026-07-02,2026-07-02 20:04:07,2-jours,regular,,Pass 2 Jours,Shotgun,95.0,107.37,1,1
2026-07-02,2026-07-02 20:04:08,vendredi,regular,['vendredi'],Pass Vendredi,Shotgun,54.09,61.14,1,1
2026-07-02,2026-07-02 20:04:08,vendredi,regular,['vendredi'],Pass Vendredi,Shotgun,54.09,61.14,1,1
2026-07-02,2026-07-02 20:04:08,samedi,regular,['samedi'],Pass Samedi,Shotgun,54.09,61.14,1,1
2026-07-02,2026-07-02 20:04:15,2-jours,regular,,Pass 2 Jours,Shotgun,95.0,107.37,1,1
2026-07-02,2026-07-02 20:04:31,2-jours,regular,,Pass 2 Jours,Shotgun,95.0,107.37,1,1
2026-07-02,2026-07-02 20:04:40,2-jours,regular,,Pass 2 Jours,Shotgun,95.0,107.37,1,1
2026-07-02,2026-07-02 20:04:54,2-jours,regular,,Pass 2 Jours,Shotgun,95.0,107.37,1,1
2026-07-02,2026-07-02 20:05:06,2-jours,regular,,Pass 2 Jours,Shotgun,95.0,107.37,1,1
2026-07-02,2026-07-02 20:05:25,samedi,regular,['samedi'],Pass Samedi,Shotgun,54.09,61.14,1,1
2026-07-02,2026-07-02 20:05:41,vendredi,regular,['vendredi'],Pass Vendredi,Shotgun,54.09,61.14,1,1
2026-07-02,2026-07-02 20:06:26,samedi,regular,['samedi'],Pass Samedi,Shotgun,54.09,61.14,1,1
2026-07-02,2026-07-02 20:06:39,2-jours,regular,,Pass 2 Jours,Shotgun,95.0,107.37,1,1
2026-07-02,2026-07-02 20:06:49,vendredi,regular,['vendredi'],Pass Vendredi,Shotgun,54.09,61.14,1,1
2026-07-02,2026-07-02 20:07:21,2-jours,regular,,Pass 2 Jours,Shotgun,95.0,107.37,1,1
2026-07-02,2026-07-02 20:07:49,2-jours,regular,,Pass 2 Jours,Shotgun,95.0,107.37,1,1
2026-07-02,2026-07-02 20:11:19,vendredi,regular,['vendredi'],Pass Vendredi,Shotgun,54.09,61.14,1,1
2026-07-02,2026-07-02 20:11:42,vendredi,regular,['vendredi'],Pass Vendredi,Shotgun,54.09,61.14,1,1
2026-07-02,2026-07-02 20:11:56,vendredi,regular,['vendredi'],Pass Vendredi,Shotgun,54.09,61.14,1,1
2026-07-02,2026-07-02 20:11:56,vendredi,regular,['vendredi'],Pass Vendredi,Shotgun,54.09,61.14,1,1
2026-07-02,2026-07-02 20:13:03,samedi,regular,['samedi'],Pass Samedi,Shotgun,54.09,61.14,1,1
2026-07-02,2026-07-02 20:13:03,samedi,regular,['samedi'],Pass Samedi,Shotgun,54.09,61.14,1,1
2026-07-02,2026-07-02 20:13:16,2-jours,regular,,Pass 2 Jours,Shotgun,95.0,107.37,1,1
2026-07-02,2026-07-02 20:14:26,2-jours,regular,,Pass 2 Jours,Shotgun,95.0,107.37,1,1
2026-07-02,2026-07-02 20:14:39,2-jours,regular,,Pass 2 Jours,Shotgun,95.0,107.37,1,1
2026-07-02,2026-07-02 20:15:34,2-jours,regular,,Pass 2 Jours,Shotgun,95.0,107.37,1,1
2026-07-02,2026-07-02 20:15:41,samedi,regular,['samedi'],Pass Samedi,Shotgun,54.09,61.14,1,1
2026-07-02,2026-07-02 20:15:41,samedi,regular,['samedi'],Pass Samedi,Shotgun,54.09,61.14,1,1
2026-07-02,2026-07-02 20:16:25,2-jours,regular,,Pass 2 Jours,Shotgun,95.0,107.37,1,1
2026-07-02,2026-07-02 20:16:33,2-jours,regular,,Pass 2 Jours,Shotgun,95.0,107.37,1,1
2026-07-02,2026-07-02 20:16:49,vendredi,regular,['vendredi'],Pass Vendredi,Shotgun,54.09,61.14,1,1
2026-07-02,2026-07-02 20:16:49,vendredi,regular,['vendredi'],Pass Vendredi,Shotgun,54.09,61.14,1,1
2026-07-02,2026-07-02 20:18:31,2-jours,regular,,Pass 2 Jours,Shotgun,95.0,107.37,1,1
2026-07-02,2026-07-02 20:18:39,2-jours,regular,,Pass 2 Jours,Shotgun,95.0,107.37,1,1
2026-07-02,2026-07-02 20:19:07,2-jours,regular,,Pass 2 Jours,Shotgun,95.0,107.37,1,1
2026-07-02,2026-07-02 20:19:35,2-jours,regular,,Pass 2 Jours,Shotgun,95.0,107.37,1,1
2026-07-02,2026-07-02 20:20:00,2-jours,regular,,Pass 2 Jours,Shotgun,95.0,107.37,1,1
2026-07-02,2026-07-02 20:20:08,samedi,regular,['samedi'],Pass Samedi,Shotgun,54.09,61.14,1,1
2026-07-02,2026-07-02 20:20:30,2-jours,regular,,Pass 2 Jours,Shotgun,95.0,107.37,1,1
2026-07-02,2026-07-02 20:21:10,samedi,regular,['samedi'],Pass Samedi,Shotgun,54.09,61.14,1,1
2026-07-02,2026-07-02 20:21:11,vendredi,regular,['vendredi'],Pass Vendredi,Shotgun,54.09,61.14,1,1
2026-07-02,2026-07-02 20:21:36,2-jours,regular,,Pass 2 Jours,Shotgun,95.0,107.37,1,1
2026-07-02,2026-07-02 20:21:37,vendredi,regular,['vendredi'],Pass Vendredi,Shotgun,54.09,61.14,1,1
2026-07-02,2026-07-02 20:22:25,samedi,regular,['samedi'],Pass Samedi,Shotgun,54.09,61.14,1,1
2026-07-02,2026-07-02 20:22:25,samedi,regular,['samedi'],Pass Samedi,Shotgun,54.09,61.14,1,1
2026-07-02,2026-07-02 20:22:25,samedi,regular,['samedi'],Pass Samedi,Shotgun,54.09,61.14,1,1
2026-07-02,2026-07-02 20:22:52,samedi,regular,['samedi'],Pass Samedi,Shotgun,54.09,61.14,1,1
2026-07-02,2026-07-02 20:23:08,2-jours,regular,,Pass 2 Jours,Shotgun,95.0,107.37,1,1
2026-07-02,2026-07-02 20:23:08,2-jours,regular,,Pass 2 Jours,Shotgun,95.0,107.37,1,1
2026-07-02,2026-07-02 20:23:23,samedi,regular,['samedi'],Pass Samedi,Shotgun,54.09,61.14,1,1
2026-07-02,2026-07-02 20:23:23,samedi,regular,['samedi'],Pass Samedi,Shotgun,54.09,61.14,1,1
2026-07-02,2026-07-02 20:23:44,2-jours,regular,,Pass 2 Jours,Shotgun,95.0,107.37,1,1
2026-07-02,2026-07-02 20:24:13,vendredi,regular,['vendredi'],Pass Vendredi,Shotgun,54.09,61.14,1,1
2026-07-02,2026-07-02 20:24:13,samedi,vip,['samedi'],Pass Acces Scene,Shotgun,120.0,135.63,1,1
2026-07-02,2026-07-02 20:24:13,vendredi,regular,['vendredi'],Pass Vendredi,Shotgun,54.09,61.14,1,1
2026-07-02,2026-07-02 20:24:39,2-jours,regular,,Pass 2 Jours,Shotgun,95.0,107.37,1,1
2026-07-02,2026-07-02 20:27:11,2-jours,regular,,Pass 2 Jours,Shotgun,95.0,107.37,1,1
2026-07-02,2026-07-02 20:27:40,2-jours,regular,,Pass 2 Jours,Shotgun,95.0,107.37,1,1
2026-07-02,2026-07-02 20:27:47,2-jours,regular,,Pass 2 Jours,Shotgun,95.0,107.37,1,1
2026-07-02,2026-07-02 20:29:26,2-jours,regular,,Pass 2 Jours,Shotgun,95.0,107.37,1,1
2026-07-02,2026-07-02 20:29:28,vendredi,regular,['vendredi'],Pass Vendredi,Shotgun,54.09,61.14,1,1
2026-07-02,2026-07-02 20:29:28,vendredi,regular,['vendredi'],Pass Vendredi,Shotgun,54.09,61.14,1,1
2026-07-02,2026-07-02 20:29:34,2-jours,regular,,Pass 2 Jours,Shotgun,95.0,107.37,1,1
2026-07-02,2026-07-02 20:29:54,2-jours,regular,,Pass 2 Jours,Shotgun,95.0,107.37,1,1
2026-07-02,2026-07-02 20:30:59,samedi,regular,['samedi'],Pass Samedi,Shotgun,54.09,61.14,1,1
2026-07-02,2026-07-02 20:30:59,samedi,regular,['samedi'],Pass Samedi,Shotgun,54.09,61.14,1,1
2026-07-02,2026-07-02 20:31:35,2-jours,regular,,Pass 2 Jours,Shotgun,95.0,107.37,1,1
2026-07-02,2026-07-02 20:31:39,samedi,regular,['samedi'],Pass Samedi,Shotgun,54.09,61.14,1,1
2026-07-02,2026-07-02 20:31:39,samedi,regular,['samedi'],Pass Samedi,Shotgun,54.09,61.14,1,1
2026-07-02,2026-07-02 20:31:40,2-jours,regular,,Pass 2 Jours,Shotgun,95.0,107.37,1,1
2026-07-02,2026-07-02 20:31:56,2-jours,regular,,Pass 2 Jours,Shotgun,95.0,107.37,1,1
2026-07-02,2026-07-02 20:32:23,2-jours,regular,,Pass 2 Jours,Shotgun,95.0,107.37,1,1
2026-07-02,2026-07-02 20:33:54,samedi,regular,['samedi'],Pass Samedi,Shotgun,54.09,61.14,1,1
2026-07-02,2026-07-02 20:34:02,2-jours,regular,,Pass 2 Jours,Shotgun,95.0,107.37,1,1
2026-07-02,2026-07-02 20:34:08,2-jours,regular,,Pass 2 Jours,Shotgun,95.0,107.37,1,1
2026-07-02,2026-07-02 20:34:28,2-jours,regular,,Pass 2 Jours,Shotgun,95.0,107.37,1,1
2026-07-02,2026-07-02 20:34:28,2-jours,regular,,Pass 2 Jours,Shotgun,95.0,107.37,1,1
2026-07-02,2026-07-02 20:34:28,2-jours,regular,,Pass 2 Jours,Shotgun,95.0,107.37,1,1
2026-07-02,2026-07-02 20:34:33,2-jours,regular,,Pass 2 Jours,Shotgun,95.0,107.37,1,1
2026-07-02,2026-07-02 20:35:08,2-jours,regular,,Pass 2 Jours,Shotgun,95.0,107.37,1,1
2026-07-02,2026-07-02 20:35:20,2-jours,regular,,Pass 2 Jours,Shotgun,95.0,107.37,1,1
2026-07-02,2026-07-02 20:35:20,2-jours,regular,,Pass 2 Jours,Shotgun,95.0,107.37,1,1
2026-07-02,2026-07-02 20:35:29,samedi,regular,['samedi'],Pass Samedi,Shotgun,54.09,61.14,1,1
2026-07-02,2026-07-02 20:36:30,samedi,regular,['samedi'],Pass Samedi,Shotgun,54.09,61.14,1,1
2026-07-02,2026-07-02 20:36:30,2-jours,regular,,Pass 2 Jours,Shotgun,95.0,107.37,1,1
2026-07-02,2026-07-02 20:37:13,2-jours,regular,,Pass 2 Jours,Shotgun,95.0,107.37,1,1
2026-07-02,2026-07-02 20:37:45,2-jours,regular,,Pass 2 Jours,Shotgun,95.0,107.37,1,1
2026-07-02,2026-07-02 20:37:45,2-jours,regular,,Pass 2 Jours,Shotgun,95.0,107.37,1,1
2026-07-02,2026-07-02 20:37:49,vendredi,regular,['vendredi'],Pass Vendredi,Shotgun,54.09,61.14,1,1
2026-07-02,2026-07-02 20:37:49,vendredi,regular,['vendredi'],Pass Vendredi,Shotgun,54.09,61.14,1,1
2026-07-02,2026-07-02 20:38:54,2-jours,regular,,Pass 2 Jours,Shotgun,95.0,107.37,1,1
2026-07-02,2026-07-02 20:39:36,vendredi,regular,['vendredi'],Pass Vendredi,Shotgun,54.09,61.14,1,1
2026-07-02,2026-07-02 20:42:41,vendredi,regular,['vendredi'],Pass Vendredi,Shotgun,54.09,61.14,1,1
2026-07-02,2026-07-02 20:42:41,vendredi,regular,['vendredi'],Pass Vendredi,Shotgun,54.09,61.14,1,1
2026-07-02,2026-07-02 20:42:41,vendredi,regular,['vendredi'],Pass Vendredi,Shotgun,54.09,61.14,1,1
2026-07-02,2026-07-02 20:42:54,vendredi,regular,['vendredi'],Pass Vendredi,Shotgun,54.09,61.14,1,1
2026-07-02,2026-07-02 20:43:35,2-jours,regular,,Pass 2 Jours,Shotgun,95.0,107.37,1,1
2026-07-02,2026-07-02 20:43:41,2-jours,regular,,Pass 2 Jours,Shotgun,95.0,107.37,1,1
2026-07-02,2026-07-02 20:43:43,2-jours,regular,,Pass 2 Jours,Shotgun,95.0,107.37,1,1
2026-07-02,2026-07-02 20:44:55,samedi,regular,['samedi'],Pass Samedi,Shotgun,54.09,61.14,1,1
2026-07-02,2026-07-02 20:45:21,vendredi,regular,['vendredi'],Pass Vendredi,Shotgun,54.09,61.14,1,1
2026-07-02,2026-07-02 20:45:21,vendredi,regular,['vendredi'],Pass Vendredi,Shotgun,54.09,61.14,1,1
2026-07-02,2026-07-02 20:45:34,vendredi,regular,['vendredi'],Pass Vendredi,Shotgun,54.09,61.14,1,1
2026-07-02,2026-07-02 20:46:53,2-jours,regular,,Pass 2 Jours,Shotgun,95.0,107.37,1,1
2026-07-02,2026-07-02 20:47:36,2-jours,regular,,Pass 2 Jours,Shotgun,95.0,107.37,1,1
2026-07-02,2026-07-02 20:47:38,2-jours,regular,,Pass 2 Jours,Shotgun,95.0,107.37,1,1
2026-07-02,2026-07-02 20:47:48,2-jours,regular,,Pass 2 Jours,Shotgun,95.0,107.37,1,1
2026-07-02,2026-07-02 20:49:52,vendredi,regular,['vendredi'],Pass Vendredi,Shotgun,54.09,61.14,1,1
2026-07-02,2026-07-02 20:52:25,2-jours,regular,,Pass 2 Jours,Shotgun,95.0,107.37,1,1
2026-07-02,2026-07-02 20:52:30,vendredi,regular,['vendredi'],Pass Vendredi,Shotgun,54.09,61.14,1,1
2026-07-02,2026-07-02 20:52:54,samedi,regular,['samedi'],Pass Samedi,Shotgun,54.09,61.14,1,1
2026-07-02,2026-07-02 20:52:58,vendredi,regular,['vendredi'],Pass Vendredi,Shotgun,54.09,61.14,1,1
2026-07-02,2026-07-02 20:53:31,vendredi,regular,['vendredi'],Pass Vendredi,Shotgun,54.09,61.14,1,1
2026-07-02,2026-07-02 20:53:31,vendredi,regular,['vendredi'],Pass Vendredi,Shotgun,54.09,61.14,1,1
2026-07-02,2026-07-02 20:56:32,2-jours,regular,,Pass 2 Jours,Shotgun,95.0,107.37,1,1
2026-07-02,2026-07-02 20:56:51,samedi,regular,['samedi'],Pass Samedi,Shotgun,54.09,61.14,1,1
2026-07-02,2026-07-02 20:57:05,samedi,regular,['samedi'],Pass Samedi,Shotgun,54.09,61.14,1,1
2026-07-02,2026-07-02 20:57:10,vendredi,regular,['vendredi'],Pass Vendredi,Shotgun,54.09,61.14,1,1
2026-07-02,2026-07-02 20:57:47,2-jours,regular,,Pass 2 Jours,Shotgun,95.0,107.37,1,1
2026-07-02,2026-07-02 20:59:30,samedi,regular,['samedi'],Pass Samedi,Shotgun,54.09,61.14,1,1
2026-07-02,2026-07-02 21:02:12,2-jours,regular,,Pass 2 Jours,Shotgun,95.0,107.37,1,1
2026-07-02,2026-07-02 21:05:17,samedi,regular,['samedi'],Pass Samedi,Shotgun,54.09,61.14,1,1
2026-07-02,2026-07-02 21:06:07,2-jours,regular,,Pass 2 Jours,Shotgun,95.0,107.37,1,1
2026-07-02,2026-07-02 21:07:20,samedi,regular,['samedi'],Pass Samedi,Shotgun,54.09,61.14,1,1
2026-07-02,2026-07-02 21:07:53,samedi,regular,['samedi'],Pass Samedi,Shotgun,54.09,61.14,1,1
2026-07-02,2026-07-02 21:07:59,samedi,regular,['samedi'],Pass Samedi,Shotgun,54.09,61.14,1,1
2026-07-02,2026-07-02 21:08:22,2-jours,regular,,Pass 2 Jours,Shotgun,95.0,107.37,1,1
2026-07-02,2026-07-02 21:08:25,2-jours,regular,,Pass 2 Jours,Shotgun,95.0,107.37,1,1
2026-07-02,2026-07-02 21:10:20,2-jours,regular,,Pass 2 Jours,Shotgun,95.0,107.37,1,1
2026-07-02,2026-07-02 21:10:35,2-jours,regular,,Pass 2 Jours,Shotgun,95.0,107.37,1,1
2026-07-02,2026-07-02 21:11:56,2-jours,regular,,Pass 2 Jours,Shotgun,95.0,107.37,1,1
2026-07-02,2026-07-02 21:12:32,vendredi,regular,['vendredi'],Pass Vendredi,Shotgun,54.09,61.14,1,1
2026-07-02,2026-07-02 21:14:39,2-jours,regular,,Pass 2 Jours,Shotgun,95.0,107.37,1,1
2026-07-02,2026-07-02 21:16:25,2-jours,regular,,Pass 2 Jours,Shotgun,95.0,107.37,1,1
2026-07-02,2026-07-02 21:16:26,2-jours,regular,,Pass 2 Jours,Shotgun,95.0,107.37,1,1
2026-07-02,2026-07-02 21:16:27,2-jours,regular,,Pass 2 Jours,Shotgun,95.0,107.37,1,1
2026-07-02,2026-07-02 21:16:55,vendredi,regular,['vendredi'],Pass Vendredi,Shotgun,54.09,61.14,1,1
2026-07-02,2026-07-02 21:17:34,2-jours,regular,,Pass 2 Jours,Shotgun,95.0,107.37,1,1
2026-07-02,2026-07-02 21:18:48,2-jours,regular,,Pass 2 Jours,Shotgun,95.0,107.37,1,1
2026-07-02,2026-07-02 21:18:50,samedi,regular,['samedi'],Pass Samedi,Shotgun,54.09,61.14,1,1
2026-07-02,2026-07-02 21:19:10,samedi,regular,['samedi'],Pass Samedi,Shotgun,54.09,61.14,1,1
2026-07-02,2026-07-02 21:21:08,vendredi,regular,['vendredi'],Pass Vendredi,Shotgun,54.09,61.14,1,1
2026-07-02,2026-07-02 21:21:08,samedi,vip,['samedi'],Pass Acces Scene,Shotgun,120.0,135.63,1,1
2026-07-02,2026-07-02 21:21:11,samedi,regular,['samedi'],Pass Samedi,Shotgun,54.09,61.14,1,1
2026-07-02,2026-07-02 21:21:52,samedi,regular,['samedi'],Pass Samedi,Shotgun,54.09,61.14,1,1
2026-07-02,2026-07-02 21:21:53,2-jours,regular,,Pass 2 Jours,Shotgun,95.0,107.37,1,1
2026-07-02,2026-07-02 21:22:10,samedi,regular,['samedi'],Pass Samedi,Shotgun,54.09,61.14,1,1
2026-07-02,2026-07-02 21:22:10,samedi,regular,['samedi'],Pass Samedi,Shotgun,54.09,61.14,1,1
2026-07-02,2026-07-02 21:22:17,2-jours,regular,,Pass 2 Jours,Shotgun,95.0,107.37,1,1
2026-07-02,2026-07-02 21:22:42,2-jours,regular,,Pass 2 Jours,Shotgun,95.0,107.37,1,1
2026-07-02,2026-07-02 21:22:50,samedi,regular,['samedi'],Pass Samedi,Shotgun,54.09,61.14,1,1
2026-07-02,2026-07-02 21:24:01,vendredi,regular,['vendredi'],Pass Vendredi,Shotgun,54.09,61.14,1,1
2026-07-02,2026-07-02 21:24:01,samedi,vip,['samedi'],Pass Acces Scene,Shotgun,120.0,135.63,1,1
2026-07-02,2026-07-02 21:24:50,2-jours,regular,,Pass 2 Jours,Shotgun,95.0,107.37,1,1
2026-07-02,2026-07-02 21:25:35,2-jours,regular,,Pass 2 Jours,Shotgun,95.0,107.37,1,1
2026-07-02,2026-07-02 21:26:39,2-jours,regular,,Pass 2 Jours,Shotgun,95.0,107.37,1,1
2026-07-02,2026-07-02 21:27:51,vendredi,regular,['vendredi'],Pass Vendredi,Shotgun,54.09,61.14,1,1
2026-07-02,2026-07-02 21:28:59,vendredi,regular,['vendredi'],Pass Vendredi,Shotgun,54.09,61.14,1,1
2026-07-02,2026-07-02 21:29:02,vendredi,regular,['vendredi'],Pass Vendredi,Shotgun,54.09,61.14,1,1
2026-07-02,2026-07-02 21:29:24,samedi,regular,['samedi'],Pass Samedi,Shotgun,54.09,61.14,1,1
2026-07-02,2026-07-02 21:30:05,2-jours,regular,,Pass 2 Jours,Shotgun,95.0,107.37,1,1
2026-07-02,2026-07-02 21:30:05,2-jours,regular,,Pass 2 Jours,Shotgun,95.0,107.37,1,1
2026-07-02,2026-07-02 21:30:13,samedi,regular,['samedi'],Pass Samedi,Shotgun,54.09,61.14,1,1
2026-07-02,2026-07-02 21:30:24,2-jours,regular,,Pass 2 Jours,Shotgun,95.0,107.37,1,1
2026-07-02,2026-07-02 21:32:07,2-jours,regular,,Pass 2 Jours,Shotgun,95.0,107.37,1,1
2026-07-02,2026-07-02 21:33:13,samedi,regular,['samedi'],Pass Samedi,Shotgun,54.09,61.14,1,1
2026-07-02,2026-07-02 21:33:16,vendredi,regular,['vendredi'],Pass Vendredi,Shotgun,54.09,61.14,1,1
2026-07-02,2026-07-02 21:34:08,2-jours,regular,,Pass 2 Jours,Shotgun,95.0,107.37,1,1
2026-07-02,2026-07-02 21:34:31,samedi,regular,['samedi'],Pass Samedi,Shotgun,54.09,61.14,1,1
2026-07-02,2026-07-02 21:36:08,2-jours,regular,,Pass 2 Jours,Shotgun,95.0,107.37,1,1
2026-07-02,2026-07-02 21:36:46,2-jours,regular,,Pass 2 Jours,Shotgun,95.0,107.37,1,1
2026-07-02,2026-07-02 21:36:46,2-jours,regular,,Pass 2 Jours,Shotgun,95.0,107.37,1,1
2026-07-02,2026-07-02 21:36:51,2-jours,regular,,Pass 2 Jours,Shotgun,95.0,107.37,1,1
2026-07-02,2026-07-02 21:37:31,2-jours,regular,,Pass 2 Jours,Shotgun,95.0,107.37,1,1
2026-07-02,2026-07-02 21:37:31,2-jours,regular,,Pass 2 Jours,Shotgun,95.0,107.37,1,1
2026-07-02,2026-07-02 21:39:29,2-jours,regular,,Pass 2 Jours,Shotgun,95.0,107.37,1,1
2026-07-02,2026-07-02 21:40:20,2-jours,regular,,Pass 2 Jours,Shotgun,95.0,107.37,1,1
2026-07-02,2026-07-02 21:40:54,samedi,regular,['samedi'],Pass Samedi,Shotgun,54.09,61.14,1,1
2026-07-02,2026-07-02 21:41:14,2-jours,regular,,Pass 2 Jours,Shotgun,95.0,107.37,1,1
2026-07-02,2026-07-02 21:42:03,2-jours,regular,,Pass 2 Jours,Shotgun,95.0,107.37,1,1
2026-07-02,2026-07-02 21:42:27,2-jours,regular,,Pass 2 Jours,Shotgun,95.0,107.37,1,1
2026-07-02,2026-07-02 21:42:27,2-jours,regular,,Pass 2 Jours,Shotgun,95.0,107.37,1,1
2026-07-02,2026-07-02 21:43:28,vendredi,regular,['vendredi'],Pass Vendredi,Shotgun,54.09,61.14,1,1
2026-07-02,2026-07-02 21:43:43,2-jours,regular,,Pass 2 Jours,Shotgun,95.0,107.37,1,1
2026-07-02,2026-07-02 21:44:22,2-jours,regular,,Pass 2 Jours,Shotgun,95.0,107.37,1,1
2026-07-02,2026-07-02 21:44:22,2-jours,regular,,Pass 2 Jours,Shotgun,95.0,107.37,1,1
2026-07-02,2026-07-02 21:45:10,vendredi,regular,['vendredi'],Pass Vendredi,Shotgun,54.09,61.14,1,1
2026-07-02,2026-07-02 21:45:10,vendredi,regular,['vendredi'],Pass Vendredi,Shotgun,54.09,61.14,1,1
2026-07-02,2026-07-02 21:45:50,2-jours,regular,,Pass 2 Jours,Shotgun,95.0,107.37,1,1
2026-07-02,2026-07-02 21:46:40,vendredi,regular,['vendredi'],Pass Vendredi,Shotgun,54.09,61.14,1,1
2026-07-02,2026-07-02 21:46:40,vendredi,regular,['vendredi'],Pass Vendredi,Shotgun,54.09,61.14,1,1
2026-07-02,2026-07-02 21:47:45,vendredi,regular,['vendredi'],Pass Vendredi,Shotgun,54.09,61.14,1,1
2026-07-02,2026-07-02 21:50:03,2-jours,regular,,Pass 2 Jours,Shotgun,95.0,107.37,1,1
2026-07-02,2026-07-02 21:52:35,2-jours,regular,,Pass 2 Jours,Shotgun,95.0,107.37,1,1
2026-07-02,2026-07-02 21:53:52,vendredi,regular,['vendredi'],Pass Vendredi,Shotgun,54.09,61.14,1,1
2026-07-02,2026-07-02 21:57:38,2-jours,vip,"['vendredi', 'samedi']",Pass Acces Scene,Shotgun,220.0,248.66,1,1
2026-07-02,2026-07-02 21:57:59,2-jours,regular,,Pass 2 Jours,Shotgun,95.0,107.37,1,1
2026-07-02,2026-07-02 21:58:37,vendredi,regular,['vendredi'],Pass Vendredi,Shotgun,54.09,61.14,1,1
2026-07-02,2026-07-02 21:58:37,vendredi,regular,['vendredi'],Pass Vendredi,Shotgun,54.09,61.14,1,1
2026-07-02,2026-07-02 21:59:57,2-jours,regular,,Pass 2 Jours,Shotgun,95.0,107.37,1,1
2026-07-02,2026-07-02 22:03:50,2-jours,regular,,Pass 2 Jours,Shotgun,95.0,107.37,1,1
2026-07-02,2026-07-02 22:03:50,2-jours,regular,,Pass 2 Jours,Shotgun,95.0,107.37,1,1
2026-07-02,2026-07-02 22:06:34,2-jours,regular,,Pass 2 Jours,Shotgun,95.0,107.37,1,1
2026-07-02,2026-07-02 22:06:40,samedi,regular,['samedi'],Pass Samedi,Shotgun,54.09,61.14,1,1
2026-07-02,2026-07-02 22:07:24,2-jours,regular,,Pass 2 Jours,Shotgun,95.0,107.37,1,1
2026-07-02,2026-07-02 22:08:34,vendredi,regular,['vendredi'],Pass Vendredi,Shotgun,54.09,61.14,1,1
2026-07-02,2026-07-02 22:10:01,2-jours,vip,"['vendredi', 'samedi']",Pass Acces Scene,Shotgun,220.0,248.66,1,1
2026-07-02,2026-07-02 22:12:23,vendredi,regular,['vendredi'],Pass Vendredi,Shotgun,54.09,61.14,1,1
2026-07-02,2026-07-02 22:13:17,samedi,regular,['samedi'],Pass Samedi,Shotgun,54.09,61.14,1,1
2026-07-02,2026-07-02 22:14:33,2-jours,regular,,Pass 2 Jours,Shotgun,95.0,107.37,1,1
2026-07-02,2026-07-02 22:15:26,2-jours,regular,,Pass 2 Jours,Shotgun,95.0,107.37,1,1
2026-07-02,2026-07-02 22:19:01,2-jours,regular,,Pass 2 Jours,Shotgun,95.0,107.37,1,1
2026-07-02,2026-07-02 22:20:28,2-jours,regular,,Pass 2 Jours,Shotgun,95.0,107.37,1,1
2026-07-02,2026-07-02 22:20:47,2-jours,regular,,Pass 2 Jours,Shotgun,95.0,107.37,1,1
2026-07-02,2026-07-02 22:22:51,2-jours,regular,,Pass 2 Jours,Shotgun,95.0,107.37,1,1
2026-07-02,2026-07-02 22:25:21,vendredi,regular,['vendredi'],Pass Vendredi,Shotgun,54.09,61.14,1,1
2026-07-02,2026-07-02 22:27:37,2-jours,regular,,Pass 2 Jours,Shotgun,95.0,107.37,1,1
2026-07-02,2026-07-02 22:28:28,vendredi,regular,['vendredi'],Pass Vendredi,Shotgun,54.09,61.14,1,1
2026-07-02,2026-07-02 22:32:37,2-jours,regular,,Pass 2 Jours,Shotgun,95.0,107.37,1,1
2026-07-02,2026-07-02 22:35:21,vendredi,regular,['vendredi'],Pass Vendredi,Shotgun,54.09,61.14,1,1
2026-07-02,2026-07-02 22:36:25,2-jours,regular,,Pass 2 Jours,Shotgun,95.0,107.37,1,1
2026-07-02,2026-07-02 22:39:01,2-jours,regular,,Pass 2 Jours,Shotgun,95.0,107.37,1,1
2026-07-02,2026-07-02 22:41:14,vendredi,regular,['vendredi'],Pass Vendredi,Shotgun,54.09,61.14,1,1
2026-07-02,2026-07-02 22:44:21,2-jours,regular,,Pass 2 Jours,Shotgun,95.0,107.37,1,1
2026-07-02,2026-07-02 22:44:21,vendredi,regular,['vendredi'],Pass Vendredi,Shotgun,54.09,61.14,1,1
2026-07-02,2026-07-02 22:45:49,vendredi,regular,['vendredi'],Pass Vendredi,Shotgun,54.09,61.14,1,1
2026-07-02,2026-07-02 22:45:49,vendredi,regular,['vendredi'],Pass Vendredi,Shotgun,54.09,61.14,1,1
2026-07-02,2026-07-02 22:45:49,vendredi,regular,['vendredi'],Pass Vendredi,Shotgun,54.09,61.14,1,1
2026-07-02,2026-07-02 22:45:54,vendredi,regular,['vendredi'],Pass Vendredi,Shotgun,54.09,61.14,1,1
2026-07-02,2026-07-02 22:46:40,2-jours,regular,,Pass 2 Jours,Shotgun,95.0,107.37,1,1
2026-07-02,2026-07-02 22:50:46,vendredi,regular,['vendredi'],Pass Vendredi,Shotgun,54.09,61.14,1,1
2026-07-02,2026-07-02 22:52:11,2-jours,regular,,Pass 2 Jours,Shotgun,95.0,107.37,1,1
2026-07-02,2026-07-02 22:52:11,2-jours,regular,,Pass 2 Jours,Shotgun,95.0,107.37,1,1
2026-07-02,2026-07-02 22:55:05,vendredi,regular,['vendredi'],Pass Vendredi,Shotgun,54.09,61.14,1,1
2026-07-02,2026-07-02 22:59:22,vendredi,regular,['vendredi'],Pass Vendredi,Shotgun,54.09,61.14,1,1
2026-07-02,2026-07-02 22:59:31,2-jours,regular,,Pass 2 Jours,Shotgun,95.0,107.37,1,1
2026-07-02,2026-07-02 23:11:44,vendredi,regular,['vendredi'],Pass Vendredi,Shotgun,54.09,61.14,1,1
2026-07-02,2026-07-02 23:32:55,2-jours,regular,,Pass 2 Jours,Shotgun,95.0,107.37,1,1
2026-07-02,2026-07-02 23:42:54,2-jours,regular,,Pass 2 Jours,Shotgun,95.0,107.37,1,1
2026-07-03,2026-07-03 00:11:29,2-jours,regular,,Pass 2 Jours,Shotgun,95.0,107.37,1,1
2026-07-03,2026-07-03 00:37:40,vendredi,regular,['vendredi'],Pass Vendredi,Shotgun,54.09,61.14,1,1
2026-07-03,2026-07-03 00:43:28,2-jours,regular,,Pass 2 Jours,Shotgun,95.0,107.37,1,1
2026-07-03,2026-07-03 00:46:33,2-jours,regular,,Pass 2 Jours,Shotgun,95.0,107.37,1,1
2026-07-03,2026-07-03 00:47:47,samedi,regular,['samedi'],Pass Samedi,Shotgun,54.09,61.14,1,1
2026-07-03,2026-07-03 00:47:47,samedi,regular,['samedi'],Pass Samedi,Shotgun,54.09,61.14,1,1
2026-07-03,2026-07-03 00:47:47,samedi,regular,['samedi'],Pass Samedi,Shotgun,54.09,61.14,1,1
2026-07-03,2026-07-03 01:48:44,2-jours,regular,,Pass 2 Jours,Shotgun,95.0,107.37,1,1
2026-07-03,2026-07-03 02:50:18,2-jours,regular,,Pass 2 Jours,Shotgun,95.0,107.37,1,1
2026-07-03,2026-07-03 03:58:01,2-jours,regular,,Pass 2 Jours,Shotgun,95.0,107.37,1,1
2026-07-03,2026-07-03 03:58:01,2-jours,regular,,Pass 2 Jours,Shotgun,95.0,107.37,1,1
2026-07-03,2026-07-03 04:09:25,samedi,regular,['samedi'],Pass Samedi,Shotgun,54.09,61.14,1,1
2026-07-03,2026-07-03 04:12:35,2-jours,regular,,Pass 2 Jours,Shotgun,95.0,107.37,1,1
2026-07-03,2026-07-03 04:12:37,vendredi,regular,['vendredi'],Pass Vendredi,Shotgun,54.09,61.14,1,1
2026-07-03,2026-07-03 04:32:12,vendredi,regular,['vendredi'],Pass Vendredi,Shotgun,54.09,61.14,1,1
2026-07-03,2026-07-03 04:47:49,vendredi,regular,['vendredi'],Pass Vendredi,Shotgun,54.09,61.14,1,1
2026-07-03,2026-07-03 04:47:49,vendredi,regular,['vendredi'],Pass Vendredi,Shotgun,54.09,61.14,1,1
2026-07-03,2026-07-03 04:52:33,2-jours,regular,,Pass 2 Jours,Shotgun,95.0,107.37,1,1
2026-07-03,2026-07-03 05:24:21,2-jours,regular,,Pass 2 Jours,Shotgun,95.0,107.37,1,1
2026-07-03,2026-07-03 05:25:21,2-jours,regular,,Pass 2 Jours,Shotgun,95.0,107.37,1,1
2026-07-03,2026-07-03 05:34:29,2-jours,regular,,Pass 2 Jours,Shotgun,95.0,107.37,1,1
2026-07-03,2026-07-03 05:35:12,vendredi,regular,['vendredi'],Pass Vendredi,Shotgun,54.09,61.14,1,1
2026-07-03,2026-07-03 05:47:24,2-jours,regular,,Pass 2 Jours,Shotgun,95.0,107.37,1,1
2026-07-03,2026-07-03 05:54:42,vendredi,regular,['vendredi'],Pass Vendredi,Shotgun,54.09,61.14,1,1
2026-07-03,2026-07-03 05:59:45,samedi,regular,['samedi'],Pass Samedi,Shotgun,54.09,61.14,1,1
2026-07-03,2026-07-03 06:02:57,2-jours,regular,,Pass 2 Jours,Shotgun,95.0,107.37,1,1
2026-07-03,2026-07-03 06:03:57,2-jours,regular,,Pass 2 Jours,Shotgun,95.0,107.37,1,1
2026-07-03,2026-07-03 06:09:08,samedi,regular,['samedi'],Pass Samedi,Shotgun,54.09,61.14,1,1
2026-07-03,2026-07-03 06:11:54,vendredi,regular,['vendredi'],Pass Vendredi,Shotgun,54.09,61.14,1,1
2026-07-03,2026-07-03 06:14:00,2-jours,regular,,Pass 2 Jours,Shotgun,95.0,107.37,1,1
2026-07-03,2026-07-03 06:14:00,2-jours,regular,,Pass 2 Jours,Shotgun,95.0,107.37,1,1
2026-07-03,2026-07-03 06:16:28,2-jours,regular,,Pass 2 Jours,Shotgun,95.0,107.37,1,1
2026-07-03,2026-07-03 06:23:34,samedi,regular,['samedi'],Pass Samedi,Shotgun,54.09,61.14,1,1
2026-07-03,2026-07-03 06:29:50,vendredi,regular,['vendredi'],Pass Vendredi,Shotgun,54.09,61.14,1,1
2026-07-03,2026-07-03 06:29:50,vendredi,regular,['vendredi'],Pass Vendredi,Shotgun,54.09,61.14,1,1
2026-07-03,2026-07-03 06:29:50,vendredi,regular,['vendredi'],Pass Vendredi,Shotgun,54.09,61.14,1,1
2026-07-03,2026-07-03 06:29:54,2-jours,regular,,Pass 2 Jours,Shotgun,95.0,107.37,1,1
2026-07-03,2026-07-03 06:31:06,2-jours,regular,,Pass 2 Jours,Shotgun,95.0,107.37,1,1
2026-07-03,2026-07-03 06:31:06,2-jours,regular,,Pass 2 Jours,Shotgun,95.0,107.37,1,1
2026-07-03,2026-07-03 06:37:54,2-jours,regular,,Pass 2 Jours,Shotgun,95.0,107.37,1,1
2026-07-03,2026-07-03 06:40:29,vendredi,regular,['vendredi'],Pass Vendredi,Shotgun,54.09,61.14,1,1
2026-07-03,2026-07-03 06:41:00,2-jours,regular,,Pass 2 Jours,Shotgun,95.0,107.37,1,1
2026-07-03,2026-07-03 06:41:03,vendredi,regular,['vendredi'],Pass Vendredi,Shotgun,54.09,61.14,1,1
2026-07-03,2026-07-03 06:44:28,2-jours,regular,,Pass 2 Jours,Shotgun,95.0,107.37,1,1
2026-07-03,2026-07-03 06:49:20,vendredi,regular,['vendredi'],Pass Vendredi,Shotgun,54.09,61.14,1,1
2026-07-03,2026-07-03 06:51:58,samedi,regular,['samedi'],Pass Samedi,Shotgun,54.09,61.14,1,1
2026-07-03,2026-07-03 06:51:58,samedi,regular,['samedi'],Pass Samedi,Shotgun,54.09,61.14,1,1
2026-07-03,2026-07-03 07:02:56,2-jours,regular,,Pass 2 Jours,Shotgun,95.0,107.37,1,1
2026-07-03,2026-07-03 07:08:49,2-jours,regular,,Pass 2 Jours,Shotgun,95.0,107.37,1,1
2026-07-03,2026-07-03 07:09:04,samedi,regular,['samedi'],Pass Samedi,Shotgun,54.09,61.14,1,1
2026-07-03,2026-07-03 07:09:04,samedi,regular,['samedi'],Pass Samedi,Shotgun,54.09,61.14,1,1
2026-07-03,2026-07-03 07:09:04,samedi,regular,['samedi'],Pass Samedi,Shotgun,54.09,61.14,1,1
2026-07-03,2026-07-03 07:09:04,samedi,regular,['samedi'],Pass Samedi,Shotgun,54.09,61.14,1,1
2026-07-03,2026-07-03 07:09:04,samedi,regular,['samedi'],Pass Samedi,Shotgun,54.09,61.14,1,1
2026-07-03,2026-07-03 07:10:31,2-jours,regular,,Pass 2 Jours,Shotgun,95.0,107.37,1,1
2026-07-03,2026-07-03 07:11:21,vendredi,regular,['vendredi'],Pass Vendredi,Shotgun,54.09,61.14,1,1
2026-07-03,2026-07-03 07:11:33,vendredi,regular,['vendredi'],Pass Vendredi,Shotgun,54.09,61.14,1,1
2026-07-03,2026-07-03 07:11:33,vendredi,regular,['vendredi'],Pass Vendredi,Shotgun,54.09,61.14,1,1
2026-07-03,2026-07-03 07:12:17,vendredi,regular,['vendredi'],Pass Vendredi,Shotgun,54.09,61.14,1,1
2026-07-03,2026-07-03 07:21:36,samedi,regular,['samedi'],Pass Samedi,Shotgun,54.09,61.14,1,1
2026-07-03,2026-07-03 07:22:25,2-jours,regular,,Pass 2 Jours,Shotgun,95.0,107.37,1,1
2026-07-03,2026-07-03 07:23:22,vendredi,regular,['vendredi'],Pass Vendredi,Shotgun,54.09,61.14,1,1
2026-07-03,2026-07-03 07:24:23,2-jours,regular,,Pass 2 Jours,Shotgun,95.0,107.37,1,1
2026-07-03,2026-07-03 07:25:06,samedi,regular,['samedi'],Pass Samedi,Shotgun,54.09,61.14,1,1
2026-07-03,2026-07-03 07:25:39,2-jours,regular,,Pass 2 Jours,Shotgun,95.0,107.37,1,1
2026-07-03,2026-07-03 07:25:41,2-jours,regular,,Pass 2 Jours,Shotgun,95.0,107.37,1,1
2026-07-03,2026-07-03 07:32:24,samedi,regular,['samedi'],Pass Samedi,Shotgun,54.09,61.14,1,1
2026-07-03,2026-07-03 07:32:24,samedi,regular,['samedi'],Pass Samedi,Shotgun,54.09,61.14,1,1
2026-07-03,2026-07-03 07:32:33,vendredi,regular,['vendredi'],Pass Vendredi,Shotgun,54.09,61.14,1,1
2026-07-03,2026-07-03 07:33:36,vendredi,regular,['vendredi'],Pass Vendredi,Shotgun,54.09,61.14,1,1
2026-07-03,2026-07-03 07:33:36,vendredi,regular,['vendredi'],Pass Vendredi,Shotgun,54.09,61.14,1,1
2026-07-03,2026-07-03 07:34:09,samedi,regular,['samedi'],Pass Samedi,Shotgun,54.09,61.14,1,1
2026-07-03,2026-07-03 07:34:09,samedi,regular,['samedi'],Pass Samedi,Shotgun,54.09,61.14,1,1
2026-07-03,2026-07-03 07:34:28,samedi,regular,['samedi'],Pass Samedi,Shotgun,54.09,61.14,1,1
2026-07-03,2026-07-03 07:35:21,samedi,regular,['samedi'],Pass Samedi,Shotgun,54.09,61.14,1,1
2026-07-03,2026-07-03 07:36:21,samedi,regular,['samedi'],Pass Samedi,Shotgun,54.09,61.14,1,1
2026-07-03,2026-07-03 07:37:32,vendredi,regular,['vendredi'],Pass Vendredi,Shotgun,54.09,61.14,1,1
2026-07-03,2026-07-03 07:41:26,2-jours,regular,,Pass 2 Jours,Shotgun,95.0,107.37,1,1
2026-07-03,2026-07-03 07:41:32,samedi,regular,['samedi'],Pass Samedi,Shotgun,54.09,61.14,1,1
2026-07-03,2026-07-03 07:47:34,2-jours,regular,,Pass 2 Jours,Shotgun,95.0,107.37,1,1
2026-07-03,2026-07-03 07:52:22,2-jours,regular,,Pass 2 Jours,Shotgun,95.0,107.37,1,1
2026-07-03,2026-07-03 07:57:22,vendredi,regular,['vendredi'],Pass Vendredi,Shotgun,54.09,61.14,1,1
2026-07-03,2026-07-03 08:01:16,2-jours,regular,,Pass 2 Jours,Shotgun,95.0,107.37,1,1
2026-07-03,2026-07-03 08:01:30,samedi,regular,['samedi'],Pass Samedi,Shotgun,54.09,61.14,1,1
2026-07-03,2026-07-03 08:01:30,samedi,regular,['samedi'],Pass Samedi,Shotgun,54.09,61.14,1,1
2026-07-03,2026-07-03 08:03:30,2-jours,regular,,Pass 2 Jours,Shotgun,95.0,107.37,1,1
2026-07-03,2026-07-03 08:08:50,samedi,regular,['samedi'],Pass Samedi,Shotgun,54.09,61.14,1,1
2026-07-03,2026-07-03 08:15:06,2-jours,regular,,Pass 2 Jours,Shotgun,95.0,107.37,1,1
2026-07-03,2026-07-03 08:16:00,vendredi,regular,['vendredi'],Pass Vendredi,Shotgun,54.09,61.14,1,1
2026-07-03,2026-07-03 08:17:01,2-jours,regular,,Pass 2 Jours,Shotgun,95.0,107.37,1,1
2026-07-03,2026-07-03 08:17:01,2-jours,regular,,Pass 2 Jours,Shotgun,95.0,107.37,1,1
2026-07-03,2026-07-03 08:18:24,samedi,regular,['samedi'],Pass Samedi,Shotgun,54.09,61.14,1,1
2026-07-03,2026-07-03 08:19:45,samedi,regular,['samedi'],Pass Samedi,Shotgun,54.09,61.14,1,1
2026-07-03,2026-07-03 08:19:45,samedi,regular,['samedi'],Pass Samedi,Shotgun,54.09,61.14,1,1
2026-07-03,2026-07-03 08:20:19,2-jours,regular,,Pass 2 Jours,Shotgun,95.0,107.37,1,1
2026-07-03,2026-07-03 08:21:44,2-jours,regular,,Pass 2 Jours,Shotgun,95.0,107.37,1,1
2026-07-03,2026-07-03 08:23:02,2-jours,regular,,Pass 2 Jours,Shotgun,95.0,107.37,1,1
2026-07-03,2026-07-03 08:23:02,2-jours,regular,,Pass 2 Jours,Shotgun,95.0,107.37,1,1
2026-07-03,2026-07-03 08:26:19,2-jours,vip,"['vendredi', 'samedi']",Pass Acces Scene,Shotgun,220.0,248.66,1,1
2026-07-03,2026-07-03 08:27:33,2-jours,regular,,Pass 2 Jours,Shotgun,95.0,107.37,1,1
2026-07-03,2026-07-03 08:30:04,2-jours,regular,,Pass 2 Jours,Shotgun,95.0,107.37,1,1
2026-07-03,2026-07-03 08:30:04,2-jours,regular,,Pass 2 Jours,Shotgun,95.0,107.37,1,1
2026-07-03,2026-07-03 08:30:45,2-jours,regular,,Pass 2 Jours,Shotgun,95.0,107.37,1,1
2026-07-03,2026-07-03 08:30:45,2-jours,regular,,Pass 2 Jours,Shotgun,95.0,107.37,1,1
2026-07-03,2026-07-03 08:31:39,vendredi,regular,['vendredi'],Pass Vendredi,Shotgun,54.09,61.14,1,1
2026-07-03,2026-07-03 08:33:43,vendredi,regular,['vendredi'],Pass Vendredi,Shotgun,54.09,61.14,1,1
2026-07-03,2026-07-03 08:37:24,vendredi,regular,['vendredi'],Pass Vendredi,Shotgun,54.09,61.14,1,1
2026-07-03,2026-07-03 08:37:26,samedi,regular,['samedi'],Pass Samedi,Shotgun,54.09,61.14,1,1
2026-07-03,2026-07-03 08:37:26,samedi,regular,['samedi'],Pass Samedi,Shotgun,54.09,61.14,1,1
2026-07-03,2026-07-03 08:38:10,samedi,regular,['samedi'],Pass Samedi,Shotgun,54.09,61.14,1,1
2026-07-03,2026-07-03 08:38:13,samedi,regular,['samedi'],Pass Samedi,Shotgun,54.09,61.14,1,1
2026-07-03,2026-07-03 08:46:14,2-jours,regular,,Pass 2 Jours,Shotgun,95.0,107.37,1,1
2026-07-03,2026-07-03 08:48:25,2-jours,regular,,Pass 2 Jours,Shotgun,95.0,107.37,1,1
2026-07-03,2026-07-03 08:50:06,samedi,regular,['samedi'],Pass Samedi,Shotgun,54.09,61.14,1,1
2026-07-03,2026-07-03 08:50:06,samedi,regular,['samedi'],Pass Samedi,Shotgun,54.09,61.14,1,1
2026-07-03,2026-07-03 08:51:28,vendredi,regular,['vendredi'],Pass Vendredi,Shotgun,54.09,61.14,1,1
2026-07-03,2026-07-03 08:55:29,2-jours,regular,,Pass 2 Jours,Shotgun,95.0,107.37,1,1
2026-07-03,2026-07-03 08:55:34,2-jours,regular,,Pass 2 Jours,Shotgun,95.0,107.37,1,1
2026-07-03,2026-07-03 08:56:42,2-jours,regular,,Pass 2 Jours,Shotgun,95.0,107.37,1,1
2026-07-03,2026-07-03 09:06:27,samedi,regular,['samedi'],Pass Samedi,Shotgun,54.09,61.14,1,1
2026-07-03,2026-07-03 09:09:13,2-jours,regular,,Pass 2 Jours,Shotgun,95.0,107.37,1,1
2026-07-03,2026-07-03 09:11:21,2-jours,regular,,Pass 2 Jours,Shotgun,95.0,107.37,1,1
2026-07-03,2026-07-03 09:12:01,2-jours,regular,,Pass 2 Jours,Shotgun,95.0,107.37,1,1
2026-07-03,2026-07-03 09:13:41,vendredi,regular,['vendredi'],Pass Vendredi,Shotgun,54.09,61.14,1,1
2026-07-03,2026-07-03 09:14:20,vendredi,regular,['vendredi'],Pass Vendredi,Shotgun,54.09,61.14,1,1
2026-07-03,2026-07-03 09:14:20,vendredi,regular,['vendredi'],Pass Vendredi,Shotgun,54.09,61.14,1,1
2026-07-03,2026-07-03 09:14:20,vendredi,regular,['vendredi'],Pass Vendredi,Shotgun,54.09,61.14,1,1
2026-07-03,2026-07-03 09:14:20,vendredi,regular,['vendredi'],Pass Vendredi,Shotgun,54.09,61.14,1,1
2026-07-03,2026-07-03 09:25:31,samedi,regular,['samedi'],Pass Samedi,Shotgun,54.09,61.14,1,1
2026-07-03,2026-07-03 09:25:42,2-jours,regular,,Pass 2 Jours,Shotgun,95.0,107.37,1,1
2026-07-03,2026-07-03 09:26:13,2-jours,regular,,Pass 2 Jours,Shotgun,95.0,107.37,1,1
2026-07-03,2026-07-03 09:31:55,vendredi,regular,['vendredi'],Pass Vendredi,Shotgun,54.09,61.14,1,1
2026-07-03,2026-07-03 09:35:12,2-jours,regular,,Pass 2 Jours,Shotgun,95.0,107.37,1,1
2026-07-03,2026-07-03 09:40:39,2-jours,regular,,Pass 2 Jours,Shotgun,95.0,107.37,1,1
2026-07-03,2026-07-03 09:48:00,2-jours,regular,,Pass 2 Jours,Shotgun,95.0,107.37,1,1
2026-07-03,2026-07-03 09:51:41,vendredi,regular,['vendredi'],Pass Vendredi,Shotgun,54.09,61.14,1,1
2026-07-03,2026-07-03 09:53:27,2-jours,regular,,Pass 2 Jours,Shotgun,95.0,107.37,1,1
2026-07-03,2026-07-03 09:53:28,samedi,regular,['samedi'],Pass Samedi,Shotgun,54.09,61.14,1,1
2026-07-03,2026-07-03 09:53:28,samedi,regular,['samedi'],Pass Samedi,Shotgun,54.09,61.14,1,1
2026-07-03,2026-07-03 09:54:44,2-jours,regular,,Pass 2 Jours,Shotgun,95.0,107.37,1,1
2026-07-03,2026-07-03 09:57:02,2-jours,regular,,Pass 2 Jours,Shotgun,95.0,107.37,1,1
2026-07-03,2026-07-03 09:59:18,2-jours,regular,,Pass 2 Jours,Shotgun,95.0,107.37,1,1
2026-07-03,2026-07-03 10:00:12,vendredi,regular,['vendredi'],Pass Vendredi,Shotgun,54.09,61.14,1,1
2026-07-03,2026-07-03 10:00:12,vendredi,regular,['vendredi'],Pass Vendredi,Shotgun,54.09,61.14,1,1
2026-07-03,2026-07-03 10:04:28,samedi,regular,['samedi'],Pass Samedi,Shotgun,54.09,61.14,1,1
2026-07-03,2026-07-03 10:11:11,2-jours,regular,,Pass 2 Jours,Shotgun,95.0,107.37,1,1
2026-07-03,2026-07-03 10:16:43,2-jours,regular,,Pass 2 Jours,Shotgun,95.0,107.37,1,1
2026-07-03,2026-07-03 10:18:37,2-jours,regular,,Pass 2 Jours,Shotgun,95.0,107.37,1,1
2026-07-03,2026-07-03 10:20:57,2-jours,regular,,Pass 2 Jours,Shotgun,95.0,107.37,1,1
2026-07-03,2026-07-03 10:22:34,2-jours,regular,,Pass 2 Jours,Shotgun,95.0,107.37,1,1
2026-07-03,2026-07-03 10:23:23,2-jours,regular,,Pass 2 Jours,Shotgun,95.0,107.37,1,1
2026-07-03,2026-07-03 10:23:36,vendredi,regular,['vendredi'],Pass Vendredi,Shotgun,54.09,61.14,1,1
2026-07-03,2026-07-03 10:29:30,2-jours,regular,,Pass 2 Jours,Shotgun,95.0,107.37,1,1
2026-07-03,2026-07-03 10:38:18,vendredi,regular,['vendredi'],Pass Vendredi,Shotgun,54.09,61.14,1,1
2026-07-03,2026-07-03 10:38:31,2-jours,regular,,Pass 2 Jours,Shotgun,95.0,107.37,1,1
2026-07-03,2026-07-03 10:39:59,samedi,regular,['samedi'],Pass Samedi,Shotgun,54.09,61.14,1,1
2026-07-03,2026-07-03 10:40:17,vendredi,regular,['vendredi'],Pass Vendredi,Shotgun,54.09,61.14,1,1
2026-07-03,2026-07-03 10:43:56,samedi,regular,['samedi'],Pass Samedi,Shotgun,54.09,61.14,1,1
2026-07-03,2026-07-03 10:45:03,vendredi,regular,['vendredi'],Pass Vendredi,Shotgun,54.09,61.14,1,1
2026-07-03,2026-07-03 10:45:56,vendredi,regular,['vendredi'],Pass Vendredi,Shotgun,54.09,61.14,1,1
2026-07-03,2026-07-03 10:45:59,vendredi,regular,['vendredi'],Pass Vendredi,Shotgun,54.09,61.14,1,1
2026-07-03,2026-07-03 10:51:22,vendredi,regular,['vendredi'],Pass Vendredi,Shotgun,54.09,61.14,1,1
2026-07-03,2026-07-03 10:55:03,2-jours,regular,,Pass 2 Jours,Shotgun,95.0,107.37,1,1
2026-07-03,2026-07-03 10:58:36,2-jours,regular,,Pass 2 Jours,Shotgun,95.0,107.37,1,1
2026-07-03,2026-07-03 10:59:19,2-jours,regular,,Pass 2 Jours,Shotgun,95.0,107.37,1,1
2026-07-03,2026-07-03 11:01:14,2-jours,regular,,Pass 2 Jours,Shotgun,95.0,107.37,1,1
2026-07-03,2026-07-03 11:10:48,2-jours,regular,,Pass 2 Jours,Shotgun,95.0,107.37,1,1
2026-07-03,2026-07-03 11:10:48,2-jours,regular,,Pass 2 Jours,Shotgun,95.0,107.37,1,1
2026-07-03,2026-07-03 11:11:25,vendredi,regular,['vendredi'],Pass Vendredi,Shotgun,54.09,61.14,1,1
2026-07-03,2026-07-03 11:13:32,2-jours,regular,,Pass 2 Jours,Shotgun,95.0,107.37,1,1
2026-07-03,2026-07-03 11:15:25,vendredi,regular,['vendredi'],Pass Vendredi,Shotgun,54.09,61.14,1,1
2026-07-03,2026-07-03 11:24:05,2-jours,regular,,Pass 2 Jours,Shotgun,95.0,107.37,1,1
2026-07-03,2026-07-03 11:26:56,vendredi,regular,['vendredi'],Pass Vendredi,Shotgun,54.09,61.14,1,1
2026-07-03,2026-07-03 11:29:53,samedi,regular,['samedi'],Pass Samedi,Shotgun,54.09,61.14,1,1
2026-07-03,2026-07-03 11:31:40,vendredi,regular,['vendredi'],Pass Vendredi,Shotgun,54.09,61.14,1,1
2026-07-03,2026-07-03 11:32:27,vendredi,regular,['vendredi'],Pass Vendredi,Shotgun,54.09,61.14,1,1
2026-07-03,2026-07-03 11:32:27,vendredi,regular,['vendredi'],Pass Vendredi,Shotgun,54.09,61.14,1,1
2026-07-03,2026-07-03 11:33:17,vendredi,regular,['vendredi'],Pass Vendredi,Shotgun,54.09,61.14,1,1
2026-07-03,2026-07-03 11:33:17,vendredi,regular,['vendredi'],Pass Vendredi,Shotgun,54.09,61.14,1,1
2026-07-03,2026-07-03 11:35:25,vendredi,regular,['vendredi'],Pass Vendredi,Shotgun,54.09,61.14,1,1
2026-07-03,2026-07-03 11:39:40,vendredi,regular,['vendredi'],Pass Vendredi,Shotgun,54.09,61.14,1,1
2026-07-03,2026-07-03 11:39:40,vendredi,regular,['vendredi'],Pass Vendredi,Shotgun,54.09,61.14,1,1
2026-07-03,2026-07-03 11:39:52,vendredi,regular,['vendredi'],Pass Vendredi,Shotgun,54.09,61.14,1,1
2026-07-03,2026-07-03 11:41:18,samedi,regular,['samedi'],Pass Samedi,Shotgun,54.09,61.14,1,1
2026-07-03,2026-07-03 11:43:13,2-jours,regular,,Pass 2 Jours,Shotgun,95.0,107.37,1,1
2026-07-03,2026-07-03 11:43:21,vendredi,regular,['vendredi'],Pass Vendredi,Shotgun,54.09,61.14,1,1
2026-07-03,2026-07-03 11:43:44,2-jours,regular,,Pass 2 Jours,Shotgun,95.0,107.37,1,1
2026-07-03,2026-07-03 11:43:44,2-jours,regular,,Pass 2 Jours,Shotgun,95.0,107.37,1,1
2026-07-03,2026-07-03 11:45:39,2-jours,regular,,Pass 2 Jours,Shotgun,95.0,107.37,1,1
2026-07-03,2026-07-03 11:45:39,2-jours,regular,,Pass 2 Jours,Shotgun,95.0,107.37,1,1
2026-07-03,2026-07-03 11:46:19,vendredi,regular,['vendredi'],Pass Vendredi,Shotgun,54.09,61.14,1,1
2026-07-03,2026-07-03 11:46:34,samedi,regular,['samedi'],Pass Samedi,Shotgun,54.09,61.14,1,1
2026-07-03,2026-07-03 11:46:34,samedi,regular,['samedi'],Pass Samedi,Shotgun,54.09,61.14,1,1
2026-07-03,2026-07-03 11:47:00,vendredi,regular,['vendredi'],Pass Vendredi,Shotgun,54.09,61.14,1,1
2026-07-03,2026-07-03 11:51:04,2-jours,regular,,Pass 2 Jours,Shotgun,95.0,107.37,1,1
2026-07-03,2026-07-03 11:51:04,2-jours,regular,,Pass 2 Jours,Shotgun,95.0,107.37,1,1
2026-07-03,2026-07-03 11:54:41,2-jours,regular,,Pass 2 Jours,Shotgun,95.0,107.37,1,1
2026-07-03,2026-07-03 11:54:44,samedi,regular,['samedi'],Pass Samedi,Shotgun,54.09,61.14,1,1
2026-07-03,2026-07-03 11:54:44,samedi,regular,['samedi'],Pass Samedi,Shotgun,54.09,61.14,1,1
2026-07-03,2026-07-03 11:55:01,vendredi,regular,['vendredi'],Pass Vendredi,Shotgun,54.09,61.14,1,1
2026-07-03,2026-07-03 11:56:54,samedi,regular,['samedi'],Pass Samedi,Shotgun,54.09,61.14,1,1
2026-07-03,2026-07-03 11:59:38,2-jours,vip,"['vendredi', 'samedi']",Pass Acces Scene,Shotgun,220.0,248.66,1,1
2026-07-03,2026-07-03 12:02:04,2-jours,regular,,Pass 2 Jours,Shotgun,95.0,107.37,1,1
2026-07-03,2026-07-03 12:09:53,samedi,regular,['samedi'],Pass Samedi,Shotgun,54.09,61.14,1,1
2026-07-03,2026-07-03 12:10:03,vendredi,regular,['vendredi'],Pass Vendredi,Shotgun,54.09,61.14,1,1
2026-07-03,2026-07-03 12:10:03,vendredi,regular,['vendredi'],Pass Vendredi,Shotgun,54.09,61.14,1,1
2026-07-03,2026-07-03 12:17:24,vendredi,regular,['vendredi'],Pass Vendredi,Shotgun,54.09,61.14,1,1
2026-07-03,2026-07-03 12:17:24,vendredi,regular,['vendredi'],Pass Vendredi,Shotgun,54.09,61.14,1,1
2026-07-03,2026-07-03 12:18:18,samedi,regular,['samedi'],Pass Samedi,Shotgun,54.09,61.14,1,1
2026-07-03,2026-07-03 12:18:18,samedi,regular,['samedi'],Pass Samedi,Shotgun,54.09,61.14,1,1
2026-07-03,2026-07-03 12:22:10,2-jours,regular,,Pass 2 Jours,Shotgun,95.0,107.37,1,1
2026-07-03,2026-07-03 12:25:38,samedi,regular,['samedi'],Pass Samedi,Shotgun,54.09,61.14,1,1
2026-07-03,2026-07-03 12:29:55,samedi,regular,['samedi'],Pass Samedi,Shotgun,54.09,61.14,1,1
2026-07-03,2026-07-03 12:31:22,2-jours,regular,,Pass 2 Jours,Shotgun,95.0,107.37,1,1
2026-07-03,2026-07-03 12:31:52,2-jours,regular,,Pass 2 Jours,Shotgun,95.0,107.37,1,1
2026-07-03,2026-07-03 12:36:40,2-jours,regular,,Pass 2 Jours,Shotgun,95.0,107.37,1,1
2026-07-03,2026-07-03 12:36:41,2-jours,regular,,Pass 2 Jours,Shotgun,95.0,107.37,1,1
2026-07-03,2026-07-03 12:42:31,2-jours,regular,,Pass 2 Jours,Shotgun,95.0,107.37,1,1
2026-07-03,2026-07-03 12:44:10,2-jours,regular,,Pass 2 Jours,Shotgun,95.0,107.37,1,1
2026-07-03,2026-07-03 12:46:14,2-jours,regular,,Pass 2 Jours,Shotgun,95.0,107.37,1,1
2026-07-03,2026-07-03 12:51:09,vendredi,regular,['vendredi'],Pass Vendredi,Shotgun,54.09,61.14,1,1
2026-07-03,2026-07-03 12:51:32,vendredi,regular,['vendredi'],Pass Vendredi,Shotgun,54.09,61.14,1,1
2026-07-03,2026-07-03 12:57:10,samedi,regular,['samedi'],Pass Samedi,Shotgun,54.09,61.14,1,1
2026-07-03,2026-07-03 12:57:13,2-jours,regular,,Pass 2 Jours,Shotgun,95.0,95.5,1,1
2026-07-03,2026-07-03 13:00:40,2-jours,regular,,Pass 2 Jours,Shotgun,95.0,107.37,1,1
2026-07-03,2026-07-03 13:03:16,samedi,regular,['samedi'],Pass Samedi,Shotgun,54.09,61.14,1,1
2026-07-03,2026-07-03 13:11:29,2-jours,regular,,Pass 2 Jours,Shotgun,95.0,107.37,1,1
2026-07-03,2026-07-03 13:13:13,2-jours,regular,,Pass 2 Jours,Shotgun,95.0,107.37,1,1
2026-07-03,2026-07-03 13:14:55,samedi,regular,['samedi'],Pass Samedi,Shotgun,54.09,61.14,1,1
2026-07-03,2026-07-03 13:14:55,samedi,regular,['samedi'],Pass Samedi,Shotgun,54.09,61.14,1,1
2026-07-03,2026-07-03 13:14:55,samedi,regular,['samedi'],Pass Samedi,Shotgun,54.09,61.14,1,1
2026-07-03,2026-07-03 13:14:55,samedi,regular,['samedi'],Pass Samedi,Shotgun,54.09,61.14,1,1
2026-07-03,2026-07-03 13:17:59,2-jours,regular,,Pass 2 Jours,Shotgun,95.0,107.37,1,1
2026-07-03,2026-07-03 13:18:00,2-jours,regular,,Pass 2 Jours,Shotgun,95.0,107.37,1,1
2026-07-03,2026-07-03 13:18:09,2-jours,regular,,Pass 2 Jours,Shotgun,95.0,107.37,1,1
2026-07-03,2026-07-03 13:20:55,2-jours,regular,,Pass 2 Jours,Shotgun,95.0,107.37,1,1
2026-07-03,2026-07-03 13:23:24,vendredi,regular,['vendredi'],Pass Vendredi,Shotgun,54.09,61.14,1,1
2026-07-03,2026-07-03 13:24:31,samedi,regular,['samedi'],Pass Samedi,Shotgun,54.09,61.14,1,1
2026-07-03,2026-07-03 13:25:52,vendredi,regular,['vendredi'],Pass Vendredi,Shotgun,54.09,61.14,1,1
2026-07-03,2026-07-03 13:25:55,vendredi,regular,['vendredi'],Pass Vendredi,Shotgun,54.09,61.14,1,1
2026-07-03,2026-07-03 13:30:22,2-jours,regular,,Pass 2 Jours,Shotgun,95.0,107.37,1,1
2026-07-03,2026-07-03 13:31:41,vendredi,regular,['vendredi'],Pass Vendredi,Shotgun,54.09,61.14,1,1
2026-07-03,2026-07-03 13:39:44,vendredi,regular,['vendredi'],Pass Vendredi,Shotgun,54.09,61.14,1,1
2026-07-03,2026-07-03 13:42:52,2-jours,regular,,Pass 2 Jours,Shotgun,95.0,107.37,1,1
2026-07-03,2026-07-03 13:50:44,vendredi,regular,['vendredi'],Pass Vendredi,Shotgun,55.0,55.5,1,1
2026-07-03,2026-07-03 13:54:01,vendredi,regular,['vendredi'],Pass Vendredi,Shotgun,54.09,61.14,1,1
2026-07-03,2026-07-03 13:54:01,samedi,regular,['samedi'],Pass Samedi,Shotgun,54.09,61.14,1,1
2026-07-03,2026-07-03 13:55:11,2-jours,regular,,Pass 2 Jours,Shotgun,95.0,107.37,1,1
2026-07-03,2026-07-03 14:00:50,2-jours,regular,,Pass 2 Jours,Shotgun,95.0,107.37,1,1
2026-07-03,2026-07-03 14:05:39,samedi,regular,['samedi'],Pass Samedi,Shotgun,54.09,61.14,1,1
2026-07-03,2026-07-03 14:05:39,samedi,regular,['samedi'],Pass Samedi,Shotgun,54.09,61.14,1,1
2026-07-03,2026-07-03 14:17:03,2-jours,regular,,Pass 2 Jours,Shotgun,95.0,107.37,1,1
2026-07-03,2026-07-03 14:22:56,2-jours,regular,,Pass 2 Jours,Shotgun,95.0,107.37,1,1
2026-07-03,2026-07-03 14:22:56,2-jours,regular,,Pass 2 Jours,Shotgun,95.0,107.37,1,1
2026-07-03,2026-07-03 14:22:56,2-jours,regular,,Pass 2 Jours,Shotgun,95.0,107.37,1,1
2026-07-03,2026-07-03 14:30:36,2-jours,regular,,Pass 2 Jours,Shotgun,95.0,107.37,1,1
2026-07-03,2026-07-03 14:32:52,samedi,regular,['samedi'],Pass Samedi,Shotgun,54.09,61.14,1,1
2026-07-03,2026-07-03 14:32:52,samedi,regular,['samedi'],Pass Samedi,Shotgun,54.09,61.14,1,1
2026-07-03,2026-07-03 14:42:31,samedi,regular,['samedi'],Pass Samedi,Shotgun,54.09,61.14,1,1
2026-07-03,2026-07-03 14:48:12,2-jours,regular,,Pass 2 Jours,Shotgun,95.0,107.37,1,1
2026-07-03,2026-07-03 14:51:40,vendredi,regular,['vendredi'],Pass Vendredi,Shotgun,54.09,61.14,1,1
2026-07-03,2026-07-03 14:52:09,vendredi,regular,['vendredi'],Pass Vendredi,Shotgun,54.09,61.14,1,1
2026-07-03,2026-07-03 14:52:13,vendredi,regular,['vendredi'],Pass Vendredi,Shotgun,54.09,61.14,1,1
2026-07-03,2026-07-03 15:00:59,samedi,regular,['samedi'],Pass Samedi,Shotgun,54.09,61.14,1,1
2026-07-03,2026-07-03 15:06:39,vendredi,vip,['vendredi'],Pass Acces Scene,Shotgun,120.0,135.63,1,1
2026-07-03,2026-07-03 15:06:39,vendredi,vip,['vendredi'],Pass Acces Scene,Shotgun,120.0,135.63,1,1
2026-07-03,2026-07-03 15:10:18,vendredi,regular,['vendredi'],Pass Vendredi,Shotgun,55.0,55.5,1,1
2026-07-03,2026-07-03 15:10:18,vendredi,regular,['vendredi'],Pass Vendredi,Shotgun,55.0,55.5,1,1
2026-07-03,2026-07-03 15:19:06,samedi,regular,['samedi'],Pass Samedi,Shotgun,54.09,61.14,1,1
2026-07-03,2026-07-03 15:26:27,2-jours,regular,,Pass 2 Jours,Shotgun,95.0,107.37,1,1
2026-07-03,2026-07-03 15:26:27,2-jours,regular,,Pass 2 Jours,Shotgun,95.0,107.37,1,1
2026-07-03,2026-07-03 15:31:33,vendredi,regular,['vendredi'],Pass Vendredi,Shotgun,54.09,61.14,1,1
2026-07-03,2026-07-03 15:33:59,2-jours,regular,,Pass 2 Jours,Shotgun,95.0,107.37,1,1
2026-07-03,2026-07-03 15:36:22,2-jours,regular,,Pass 2 Jours,Shotgun,95.0,107.37,1,1
2026-07-03,2026-07-03 15:37:51,samedi,regular,['samedi'],Pass Samedi,Shotgun,54.09,61.14,1,1
2026-07-03,2026-07-03 15:41:23,2-jours,regular,,Pass 2 Jours,Shotgun,95.0,107.37,1,1
2026-07-03,2026-07-03 15:42:18,samedi,regular,['samedi'],Pass Samedi,Shotgun,54.09,61.14,1,1
2026-07-03,2026-07-03 15:42:18,samedi,regular,['samedi'],Pass Samedi,Shotgun,54.09,61.14,1,1
2026-07-03,2026-07-03 15:43:14,vendredi,regular,['vendredi'],Pass Vendredi,Shotgun,54.09,61.14,1,1
2026-07-03,2026-07-03 15:43:23,vendredi,regular,['vendredi'],Pass Vendredi,Shotgun,54.09,61.14,1,1
2026-07-03,2026-07-03 15:44:52,2-jours,regular,,Pass 2 Jours,Shotgun,95.0,107.37,1,1
2026-07-03,2026-07-03 15:45:15,2-jours,regular,,Pass 2 Jours,Shotgun,95.0,107.37,1,1
2026-07-03,2026-07-03 15:47:40,vendredi,regular,['vendredi'],Pass Vendredi,Shotgun,54.09,61.14,1,1
2026-07-03,2026-07-03 15:47:40,vendredi,regular,['vendredi'],Pass Vendredi,Shotgun,54.09,61.14,1,1
2026-07-03,2026-07-03 15:59:36,2-jours,regular,,Pass 2 Jours,Shotgun,95.0,107.37,1,1
2026-07-03,2026-07-03 16:01:06,2-jours,regular,,Pass 2 Jours,Shotgun,95.0,107.37,1,1
2026-07-03,2026-07-03 16:02:42,vendredi,regular,['vendredi'],Pass Vendredi,Shotgun,54.09,61.14,1,1
2026-07-03,2026-07-03 16:03:53,2-jours,regular,,Pass 2 Jours,Shotgun,95.0,107.37,1,1
2026-07-03,2026-07-03 16:04:05,2-jours,regular,,Pass 2 Jours,Shotgun,95.0,107.37,1,1
2026-07-03,2026-07-03 16:07:51,vendredi,regular,['vendredi'],Pass Vendredi,Shotgun,54.09,61.14,1,1
2026-07-03,2026-07-03 16:07:51,vendredi,regular,['vendredi'],Pass Vendredi,Shotgun,54.09,61.14,1,1
2026-07-03,2026-07-03 16:10:04,2-jours,regular,,Pass 2 Jours,Shotgun,95.0,107.37,1,1
2026-07-03,2026-07-03 16:11:08,2-jours,regular,,Pass 2 Jours,Shotgun,95.0,107.37,1,1
2026-07-03,2026-07-03 16:23:25,vendredi,regular,['vendredi'],Pass Vendredi,Shotgun,54.09,61.14,1,1
2026-07-03,2026-07-03 16:23:25,vendredi,regular,['vendredi'],Pass Vendredi,Shotgun,54.09,61.14,1,1
2026-07-03,2026-07-03 16:24:32,2-jours,regular,,Pass 2 Jours,Shotgun,95.0,107.37,1,1
2026-07-03,2026-07-03 16:29:37,samedi,regular,['samedi'],Pass Samedi,Shotgun,54.09,61.14,1,1
2026-07-03,2026-07-03 16:33:34,2-jours,regular,,Pass 2 Jours,Shotgun,95.0,107.37,1,1
2026-07-03,2026-07-03 16:36:16,2-jours,regular,,Pass 2 Jours,Shotgun,95.0,107.37,1,1
2026-07-03,2026-07-03 16:36:16,2-jours,regular,,Pass 2 Jours,Shotgun,95.0,107.37,1,1
2026-07-03,2026-07-03 16:39:27,2-jours,regular,,Pass 2 Jours,Shotgun,95.0,107.37,1,1
2026-07-03,2026-07-03 16:41:36,2-jours,regular,,Pass 2 Jours,Shotgun,95.0,107.37,1,1
2026-07-03,2026-07-03 16:43:07,2-jours,regular,,Pass 2 Jours,Shotgun,95.0,107.37,1,1
2026-07-03,2026-07-03 16:43:07,2-jours,regular,,Pass 2 Jours,Shotgun,95.0,107.37,1,1
2026-07-03,2026-07-03 16:44:58,2-jours,regular,,Pass 2 Jours,Shotgun,95.0,107.37,1,1
2026-07-03,2026-07-03 16:45:18,vendredi,regular,['vendredi'],Pass Vendredi,Shotgun,54.09,61.14,1,1
2026-07-03,2026-07-03 16:46:53,samedi,regular,['samedi'],Pass Samedi,Shotgun,54.09,61.14,1,1
2026-07-03,2026-07-03 16:46:53,samedi,regular,['samedi'],Pass Samedi,Shotgun,54.09,61.14,1,1
2026-07-03,2026-07-03 16:47:00,2-jours,vip,"['vendredi', 'samedi']",Pass Acces Scene,Shotgun,220.0,248.66,1,1
2026-07-03,2026-07-03 16:47:40,samedi,regular,['samedi'],Pass Samedi,Shotgun,54.09,61.14,1,1
2026-07-03,2026-07-03 16:54:46,vendredi,regular,['vendredi'],Pass Vendredi,Shotgun,54.09,61.14,1,1
2026-07-03,2026-07-03 16:55:14,2-jours,regular,,Pass 2 Jours,Shotgun,95.0,107.37,1,1
2026-07-03,2026-07-03 16:55:14,2-jours,regular,,Pass 2 Jours,Shotgun,95.0,107.37,1,1
2026-07-03,2026-07-03 16:56:57,samedi,regular,['samedi'],Pass Samedi,Shotgun,54.09,61.14,1,1
2026-07-03,2026-07-03 16:57:55,vendredi,regular,['vendredi'],Pass Vendredi,Shotgun,54.09,61.14,1,1
2026-07-03,2026-07-03 16:58:04,2-jours,regular,,Pass 2 Jours,Shotgun,95.0,107.37,1,1
2026-07-03,2026-07-03 16:59:22,vendredi,regular,['vendredi'],Pass Vendredi,Shotgun,54.09,61.14,1,1
2026-07-03,2026-07-03 17:00:17,2-jours,regular,,Pass 2 Jours,Shotgun,95.0,107.37,1,1
2026-07-03,2026-07-03 17:00:17,2-jours,regular,,Pass 2 Jours,Shotgun,95.0,107.37,1,1
2026-07-03,2026-07-03 17:00:48,2-jours,regular,,Pass 2 Jours,Shotgun,95.0,107.37,1,1
2026-07-03,2026-07-03 17:00:52,2-jours,regular,,Pass 2 Jours,Shotgun,95.0,107.37,1,1
2026-07-03,2026-07-03 17:01:10,2-jours,vip,"['vendredi', 'samedi']",Pass Acces Scene,Shotgun,220.0,248.66,1,1
2026-07-03,2026-07-03 17:01:59,samedi,regular,['samedi'],Pass Samedi,Shotgun,54.09,61.14,1,1
2026-07-03,2026-07-03 17:02:15,2-jours,regular,,Pass 2 Jours,Shotgun,95.0,107.37,1,1
2026-07-03,2026-07-03 17:03:20,vendredi,regular,['vendredi'],Pass Vendredi,Shotgun,54.09,61.14,1,1
2026-07-03,2026-07-03 17:03:20,vendredi,regular,['vendredi'],Pass Vendredi,Shotgun,54.09,61.14,1,1
2026-07-03,2026-07-03 17:04:03,vendredi,regular,['vendredi'],Pass Vendredi,Shotgun,54.09,61.14,1,1
2026-07-03,2026-07-03 17:05:30,samedi,regular,['samedi'],Pass Samedi,Shotgun,54.09,61.14,1,1
2026-07-03,2026-07-03 17:05:30,samedi,regular,['samedi'],Pass Samedi,Shotgun,54.09,61.14,1,1
2026-07-03,2026-07-03 17:09:47,2-jours,regular,,Pass 2 Jours,Shotgun,95.0,107.37,1,1
2026-07-03,2026-07-03 17:10:49,2-jours,regular,,Pass 2 Jours,Shotgun,95.0,107.37,1,1
2026-07-03,2026-07-03 17:12:26,2-jours,regular,,Pass 2 Jours,Shotgun,95.0,107.37,1,1
2026-07-03,2026-07-03 17:12:52,vendredi,regular,['vendredi'],Pass Vendredi,Shotgun,54.09,61.14,1,1
2026-07-03,2026-07-03 17:12:52,vendredi,regular,['vendredi'],Pass Vendredi,Shotgun,54.09,61.14,1,1
2026-07-03,2026-07-03 17:12:52,vendredi,regular,['vendredi'],Pass Vendredi,Shotgun,54.09,61.14,1,1
2026-07-03,2026-07-03 17:12:52,vendredi,regular,['vendredi'],Pass Vendredi,Shotgun,54.09,61.14,1,1
2026-07-03,2026-07-03 17:13:23,samedi,regular,['samedi'],Pass Samedi,Shotgun,54.09,61.14,1,1
2026-07-03,2026-07-03 17:19:05,2-jours,regular,,Pass 2 Jours,Shotgun,95.0,107.37,1,1
2026-07-03,2026-07-03 17:19:13,vendredi,regular,['vendredi'],Pass Vendredi,Shotgun,54.09,61.14,1,1
2026-07-03,2026-07-03 17:19:13,vendredi,regular,['vendredi'],Pass Vendredi,Shotgun,54.09,61.14,1,1
2026-07-03,2026-07-03 17:19:13,vendredi,regular,['vendredi'],Pass Vendredi,Shotgun,54.09,61.14,1,1
2026-07-03,2026-07-03 17:19:16,2-jours,regular,,Pass 2 Jours,Shotgun,95.0,107.37,1,1
2026-07-03,2026-07-03 17:19:16,2-jours,regular,,Pass 2 Jours,Shotgun,95.0,107.37,1,1
2026-07-03,2026-07-03 17:19:42,2-jours,regular,,Pass 2 Jours,Shotgun,95.0,107.37,1,1
2026-07-03,2026-07-03 17:20:18,2-jours,regular,,Pass 2 Jours,Shotgun,95.0,107.37,1,1
2026-07-03,2026-07-03 17:20:34,vendredi,regular,['vendredi'],Pass Vendredi,Shotgun,54.09,61.14,1,1
2026-07-03,2026-07-03 17:22:34,2-jours,regular,,Pass 2 Jours,Shotgun,95.0,107.37,1,1
2026-07-03,2026-07-03 17:26:20,2-jours,regular,,Pass 2 Jours,Shotgun,95.0,107.37,1,1
2026-07-03,2026-07-03 17:26:20,2-jours,regular,,Pass 2 Jours,Shotgun,95.0,107.37,1,1
2026-07-03,2026-07-03 17:27:15,samedi,regular,['samedi'],Pass Samedi,Shotgun,54.09,61.14,1,1
2026-07-03,2026-07-03 17:27:20,2-jours,regular,,Pass 2 Jours,Shotgun,95.0,107.37,1,1
2026-07-03,2026-07-03 17:27:20,2-jours,regular,,Pass 2 Jours,Shotgun,95.0,107.37,1,1
2026-07-03,2026-07-03 17:27:41,2-jours,regular,,Pass 2 Jours,Shotgun,95.0,107.37,1,1
2026-07-03,2026-07-03 17:29:46,2-jours,regular,,Pass 2 Jours,Shotgun,95.0,107.37,1,1
2026-07-03,2026-07-03 17:31:18,vendredi,regular,['vendredi'],Pass Vendredi,Shotgun,54.09,61.14,1,1
2026-07-03,2026-07-03 17:36:25,2-jours,regular,,Pass 2 Jours,Shotgun,95.0,107.37,1,1
2026-07-03,2026-07-03 17:36:37,2-jours,regular,,Pass 2 Jours,Shotgun,95.0,107.37,1,1
2026-07-03,2026-07-03 17:37:24,2-jours,regular,,Pass 2 Jours,Shotgun,95.0,107.37,1,1
2026-07-03,2026-07-03 17:37:24,2-jours,regular,,Pass 2 Jours,Shotgun,95.0,107.37,1,1
2026-07-03,2026-07-03 17:38:24,2-jours,regular,,Pass 2 Jours,Shotgun,95.0,107.37,1,1
2026-07-03,2026-07-03 17:38:33,vendredi,regular,['vendredi'],Pass Vendredi,Shotgun,54.09,61.14,1,1
2026-07-03,2026-07-03 17:39:44,2-jours,regular,,Pass 2 Jours,Shotgun,95.0,107.37,1,1
2026-07-03,2026-07-03 17:39:44,2-jours,regular,,Pass 2 Jours,Shotgun,95.0,107.37,1,1
2026-07-03,2026-07-03 17:40:40,vendredi,regular,['vendredi'],Pass Vendredi,Shotgun,54.09,61.14,1,1
2026-07-03,2026-07-03 17:40:46,vendredi,regular,['vendredi'],Pass Vendredi,Shotgun,54.09,61.14,1,1
2026-07-03,2026-07-03 17:41:09,vendredi,regular,['vendredi'],Pass Vendredi,Shotgun,54.09,61.14,1,1
2026-07-03,2026-07-03 17:42:37,vendredi,regular,['vendredi'],Pass Vendredi,Shotgun,54.09,61.14,1,1
2026-07-03,2026-07-03 17:42:37,vendredi,regular,['vendredi'],Pass Vendredi,Shotgun,54.09,61.14,1,1
2026-07-03,2026-07-03 17:42:37,vendredi,regular,['vendredi'],Pass Vendredi,Shotgun,54.09,61.14,1,1
2026-07-03,2026-07-03 17:42:44,samedi,regular,['samedi'],Pass Samedi,Shotgun,54.09,61.14,1,1
2026-07-03,2026-07-03 17:44:59,vendredi,regular,['vendredi'],Pass Vendredi,Shotgun,54.09,61.14,1,1
2026-07-03,2026-07-03 17:45:21,samedi,regular,['samedi'],Pass Samedi,Shotgun,54.09,61.14,1,1
2026-07-03,2026-07-03 17:45:21,samedi,regular,['samedi'],Pass Samedi,Shotgun,54.09,61.14,1,1
2026-07-03,2026-07-03 17:45:35,vendredi,regular,['vendredi'],Pass Vendredi,Shotgun,54.09,61.14,1,1
2026-07-03,2026-07-03 17:49:23,2-jours,regular,,Pass 2 Jours,Shotgun,95.0,107.37,1,1
2026-07-03,2026-07-03 17:49:51,vendredi,regular,['vendredi'],Pass Vendredi,Shotgun,54.09,61.14,1,1
2026-07-03,2026-07-03 17:51:09,vendredi,regular,['vendredi'],Pass Vendredi,Shotgun,54.09,61.14,1,1
2026-07-03,2026-07-03 17:51:39,2-jours,regular,,Pass 2 Jours,Shotgun,95.0,107.37,1,1
2026-07-03,2026-07-03 17:53:12,vendredi,regular,['vendredi'],Pass Vendredi,Shotgun,54.09,61.14,1,1
2026-07-03,2026-07-03 17:54:08,2-jours,regular,,Pass 2 Jours,Shotgun,95.0,107.37,1,1
2026-07-03,2026-07-03 17:55:26,2-jours,regular,,Pass 2 Jours,Shotgun,95.0,107.37,1,1
2026-07-03,2026-07-03 18:01:23,samedi,regular,['samedi'],Pass Samedi,Shotgun,54.09,61.14,1,1
2026-07-03,2026-07-03 18:02:11,2-jours,regular,,Pass 2 Jours,Shotgun,95.0,107.37,1,1
2026-07-03,2026-07-03 18:03:17,2-jours,regular,,Pass 2 Jours,Shotgun,95.0,107.37,1,1
2026-07-03,2026-07-03 18:09:25,2-jours,regular,,Pass 2 Jours,Shotgun,95.0,107.37,1,1
2026-07-03,2026-07-03 18:09:35,vendredi,regular,['vendredi'],Pass Vendredi,Shotgun,54.09,61.14,1,1
2026-07-03,2026-07-03 18:11:18,samedi,regular,['samedi'],Pass Samedi,Shotgun,54.09,61.14,1,1
2026-07-03,2026-07-03 18:12:05,2-jours,regular,,Pass 2 Jours,Shotgun,95.0,107.37,1,1
2026-07-03,2026-07-03 18:12:30,samedi,regular,['samedi'],Pass Samedi,Shotgun,54.09,61.14,1,1
2026-07-03,2026-07-03 18:13:06,vendredi,regular,['vendredi'],Pass Vendredi,Shotgun,54.09,61.14,1,1
2026-07-03,2026-07-03 18:15:52,samedi,regular,['samedi'],Pass Samedi,Shotgun,54.09,61.14,1,1
2026-07-03,2026-07-03 18:17:16,vendredi,regular,['vendredi'],Pass Vendredi,Shotgun,54.09,61.14,1,1
2026-07-03,2026-07-03 18:17:41,2-jours,regular,,Pass 2 Jours,Shotgun,95.0,107.37,1,1
2026-07-03,2026-07-03 18:23:09,2-jours,regular,,Pass 2 Jours,Shotgun,95.0,107.37,1,1
2026-07-03,2026-07-03 18:25:59,vendredi,regular,['vendredi'],Pass Vendredi,Shotgun,54.09,61.14,1,1
2026-07-03,2026-07-03 18:28:11,2-jours,regular,,Pass 2 Jours,Shotgun,95.0,107.37,1,1
2026-07-03,2026-07-03 18:28:14,samedi,regular,['samedi'],Pass Samedi,Shotgun,54.09,61.14,1,1
2026-07-03,2026-07-03 18:28:14,samedi,regular,['samedi'],Pass Samedi,Shotgun,54.09,61.14,1,1
2026-07-03,2026-07-03 18:28:32,samedi,regular,['samedi'],Pass Samedi,Shotgun,54.09,61.14,1,1
2026-07-03,2026-07-03 18:28:46,2-jours,regular,,Pass 2 Jours,Shotgun,95.0,107.37,1,1
2026-07-03,2026-07-03 18:30:28,2-jours,regular,,Pass 2 Jours,Shotgun,95.0,107.37,1,1
2026-07-03,2026-07-03 18:32:10,2-jours,regular,,Pass 2 Jours,Shotgun,95.0,107.37,1,1
2026-07-03,2026-07-03 18:32:40,vendredi,regular,['vendredi'],Pass Vendredi,Shotgun,54.09,61.14,1,1
2026-07-03,2026-07-03 18:32:49,2-jours,regular,,Pass 2 Jours,Shotgun,95.0,107.37,1,1
2026-07-03,2026-07-03 18:36:29,vendredi,regular,['vendredi'],Pass Vendredi,Shotgun,54.09,61.14,1,1
2026-07-03,2026-07-03 18:36:29,samedi,regular,['samedi'],Pass Samedi,Shotgun,54.09,61.14,1,1
2026-07-03,2026-07-03 18:37:37,2-jours,regular,,Pass 2 Jours,Shotgun,95.0,107.37,1,1
2026-07-03,2026-07-03 18:38:19,vendredi,regular,['vendredi'],Pass Vendredi,Shotgun,54.09,61.14,1,1
2026-07-03,2026-07-03 18:38:42,samedi,regular,['samedi'],Pass Samedi,Shotgun,54.09,61.14,1,1
2026-07-03,2026-07-03 18:38:42,vendredi,regular,['vendredi'],Pass Vendredi,Shotgun,54.09,61.14,1,1
2026-07-03,2026-07-03 18:40:11,2-jours,regular,,Pass 2 Jours,Shotgun,95.0,95.5,1,1
2026-07-03,2026-07-03 18:47:30,vendredi,regular,['vendredi'],Pass Vendredi,Shotgun,54.09,61.14,1,1
2026-07-03,2026-07-03 18:49:09,vendredi,regular,['vendredi'],Pass Vendredi,Shotgun,54.09,61.14,1,1
2026-07-03,2026-07-03 18:49:09,vendredi,regular,['vendredi'],Pass Vendredi,Shotgun,54.09,61.14,1,1
2026-07-03,2026-07-03 18:49:29,vendredi,regular,['vendredi'],Pass Vendredi,Shotgun,54.09,61.14,1,1
2026-07-03,2026-07-03 18:51:49,vendredi,regular,['vendredi'],Pass Vendredi,Shotgun,54.09,61.14,1,1
2026-07-03,2026-07-03 18:52:05,vendredi,regular,['vendredi'],Pass Vendredi,Shotgun,54.09,61.14,1,1
2026-07-03,2026-07-03 18:52:15,vendredi,regular,['vendredi'],Pass Vendredi,Shotgun,54.09,61.14,1,1
2026-07-03,2026-07-03 18:52:45,vendredi,regular,['vendredi'],Pass Vendredi,Shotgun,54.09,61.14,1,1
2026-07-03,2026-07-03 18:52:45,vendredi,regular,['vendredi'],Pass Vendredi,Shotgun,54.09,61.14,1,1
2026-07-03,2026-07-03 18:53:57,2-jours,regular,,Pass 2 Jours,Shotgun,95.0,107.37,1,1
2026-07-03,2026-07-03 18:54:17,samedi,regular,['samedi'],Pass Samedi,Shotgun,54.09,61.14,1,1
2026-07-03,2026-07-03 18:55:39,vendredi,regular,['vendredi'],Pass Vendredi,Shotgun,54.09,61.14,1,1
2026-07-03,2026-07-03 18:55:39,vendredi,regular,['vendredi'],Pass Vendredi,Shotgun,54.09,61.14,1,1
2026-07-03,2026-07-03 18:57:38,2-jours,regular,,Pass 2 Jours,Shotgun,95.0,107.37,1,1
2026-07-03,2026-07-03 18:58:00,2-jours,regular,,Pass 2 Jours,Shotgun,95.0,107.37,1,1
2026-07-03,2026-07-03 19:01:03,samedi,regular,['samedi'],Pass Samedi,Shotgun,54.09,61.14,1,1
2026-07-03,2026-07-03 19:01:03,vendredi,regular,['vendredi'],Pass Vendredi,Shotgun,54.09,61.14,1,1
2026-07-03,2026-07-03 19:01:31,2-jours,regular,,Pass 2 Jours,Shotgun,95.0,107.37,1,1
2026-07-03,2026-07-03 19:03:07,samedi,regular,['samedi'],Pass Samedi,Shotgun,54.09,61.14,1,1
2026-07-03,2026-07-03 19:04:45,2-jours,regular,,Pass 2 Jours,Shotgun,95.0,107.37,1,1
2026-07-03,2026-07-03 19:05:08,vendredi,regular,['vendredi'],Pass Vendredi,Shotgun,54.09,61.14,1,1
2026-07-03,2026-07-03 19:06:04,2-jours,regular,,Pass 2 Jours,Shotgun,95.0,107.37,1,1
2026-07-03,2026-07-03 19:06:07,2-jours,regular,,Pass 2 Jours,Shotgun,95.0,107.37,1,1
2026-07-03,2026-07-03 19:06:22,2-jours,regular,,Pass 2 Jours,Shotgun,95.0,107.37,1,1
2026-07-03,2026-07-03 19:07:37,samedi,regular,['samedi'],Pass Samedi,Shotgun,54.09,61.14,1,1
2026-07-03,2026-07-03 19:07:37,samedi,regular,['samedi'],Pass Samedi,Shotgun,54.09,61.14,1,1
2026-07-03,2026-07-03 19:10:25,samedi,regular,['samedi'],Pass Samedi,Shotgun,54.09,61.14,1,1
2026-07-03,2026-07-03 19:10:39,2-jours,regular,,Pass 2 Jours,Shotgun,95.0,107.37,1,1
2026-07-03,2026-07-03 19:16:14,samedi,regular,['samedi'],Pass Samedi,Shotgun,54.09,61.14,1,1
2026-07-03,2026-07-03 19:20:35,vendredi,regular,['vendredi'],Pass Vendredi,Shotgun,54.09,61.14,1,1
2026-07-03,2026-07-03 19:20:35,vendredi,regular,['vendredi'],Pass Vendredi,Shotgun,54.09,61.14,1,1
2026-07-03,2026-07-03 19:21:22,samedi,regular,['samedi'],Pass Samedi,Shotgun,54.09,61.14,1,1
2026-07-03,2026-07-03 19:23:56,2-jours,regular,,Pass 2 Jours,Shotgun,95.0,107.37,1,1
2026-07-03,2026-07-03 19:25:29,samedi,regular,['samedi'],Pass Samedi,Shotgun,54.09,61.14,1,1
2026-07-03,2026-07-03 19:26:40,vendredi,regular,['vendredi'],Pass Vendredi,Shotgun,54.09,61.14,1,1
2026-07-03,2026-07-03 19:28:05,samedi,regular,['samedi'],Pass Samedi,Shotgun,54.09,61.14,1,1
2026-07-03,2026-07-03 19:33:10,vendredi,regular,['vendredi'],Pass Vendredi,Shotgun,54.09,61.14,1,1
2026-07-03,2026-07-03 19:33:16,vendredi,regular,['vendredi'],Pass Vendredi,Shotgun,54.09,61.14,1,1
2026-07-03,2026-07-03 19:33:41,2-jours,regular,,Pass 2 Jours,Shotgun,95.0,107.37,1,1
2026-07-03,2026-07-03 19:33:58,2-jours,regular,,Pass 2 Jours,Shotgun,95.0,107.37,1,1
2026-07-03,2026-07-03 19:39:03,2-jours,regular,,Pass 2 Jours,Shotgun,95.0,107.37,1,1
2026-07-03,2026-07-03 19:46:18,2-jours,regular,,Pass 2 Jours,Shotgun,95.0,107.37,1,1
2026-07-03,2026-07-03 19:49:09,vendredi,regular,['vendredi'],Pass Vendredi,Shotgun,54.09,61.14,1,1
2026-07-03,2026-07-03 19:49:32,2-jours,regular,,Pass 2 Jours,Shotgun,95.0,107.37,1,1
2026-07-03,2026-07-03 19:50:16,vendredi,regular,['vendredi'],Pass Vendredi,Shotgun,54.09,61.14,1,1
2026-07-03,2026-07-03 19:58:28,samedi,vip,['samedi'],Pass Acces Scene,Shotgun,120.0,135.63,1,1
2026-07-03,2026-07-03 19:58:28,samedi,vip,['samedi'],Pass Acces Scene,Shotgun,120.0,135.63,1,1
2026-07-03,2026-07-03 19:59:18,2-jours,regular,,Pass 2 Jours,Shotgun,95.0,107.37,1,1
2026-07-03,2026-07-03 20:02:37,samedi,vip,['samedi'],Pass Acces Scene,Shotgun,120.0,135.63,1,1
2026-07-03,2026-07-03 20:03:26,vendredi,regular,['vendredi'],Pass Vendredi,Shotgun,54.09,61.14,1,1
2026-07-03,2026-07-03 20:06:19,samedi,regular,['samedi'],Pass Samedi,Shotgun,54.09,61.14,1,1
2026-07-03,2026-07-03 20:07:53,samedi,regular,['samedi'],Pass Samedi,Shotgun,54.09,61.14,1,1
2026-07-03,2026-07-03 20:08:29,2-jours,regular,,Pass 2 Jours,Shotgun,95.0,107.37,1,1
2026-07-03,2026-07-03 20:11:24,2-jours,regular,,Pass 2 Jours,Shotgun,95.0,107.37,1,1
2026-07-03,2026-07-03 20:12:24,2-jours,regular,,Pass 2 Jours,Shotgun,95.0,107.37,1,1
2026-07-03,2026-07-03 20:12:29,samedi,regular,['samedi'],Pass Samedi,Shotgun,54.09,61.14,1,1
2026-07-03,2026-07-03 20:12:29,samedi,regular,['samedi'],Pass Samedi,Shotgun,54.09,61.14,1,1
2026-07-03,2026-07-03 20:24:48,vendredi,regular,['vendredi'],Pass Vendredi,Shotgun,54.09,61.14,1,1
2026-07-03,2026-07-03 20:25:16,samedi,regular,['samedi'],Pass Samedi,Shotgun,55.0,55.5,1,1
2026-07-03,2026-07-03 20:28:03,2-jours,regular,,Pass 2 Jours,Shotgun,95.0,107.37,1,1
2026-07-03,2026-07-03 20:30:17,2-jours,regular,,Pass 2 Jours,Shotgun,95.0,107.37,1,1
2026-07-03,2026-07-03 20:34:22,2-jours,regular,,Pass 2 Jours,Shotgun,95.0,107.37,1,1
2026-07-03,2026-07-03 20:34:22,2-jours,regular,,Pass 2 Jours,Shotgun,95.0,107.37,1,1
2026-07-03,2026-07-03 20:34:59,vendredi,regular,['vendredi'],Pass Vendredi,Shotgun,54.09,61.14,1,1
2026-07-03,2026-07-03 20:36:51,vendredi,regular,['vendredi'],Pass Vendredi,Shotgun,54.09,61.14,1,1
2026-07-03,2026-07-03 20:38:38,2-jours,regular,,Pass 2 Jours,Shotgun,95.0,107.37,1,1
2026-07-03,2026-07-03 20:40:35,vendredi,regular,['vendredi'],Pass Vendredi,Shotgun,54.09,61.14,1,1
2026-07-03,2026-07-03 20:40:35,vendredi,regular,['vendredi'],Pass Vendredi,Shotgun,54.09,61.14,1,1
2026-07-03,2026-07-03 20:40:35,vendredi,regular,['vendredi'],Pass Vendredi,Shotgun,54.09,61.14,1,1
2026-07-03,2026-07-03 20:41:39,vendredi,regular,['vendredi'],Pass Vendredi,Shotgun,54.09,61.14,1,1
2026-07-03,2026-07-03 20:43:34,2-jours,regular,,Pass 2 Jours,Shotgun,95.0,107.37,1,1
2026-07-03,2026-07-03 20:45:07,2-jours,regular,,Pass 2 Jours,Shotgun,95.0,107.37,1,1
2026-07-03,2026-07-03 20:51:19,vendredi,regular,['vendredi'],Pass Vendredi,Shotgun,54.09,61.14,1,1
2026-07-03,2026-07-03 20:54:31,vendredi,regular,['vendredi'],Pass Vendredi,Shotgun,54.09,61.14,1,1
2026-07-03,2026-07-03 20:54:31,vendredi,regular,['vendredi'],Pass Vendredi,Shotgun,54.09,61.14,1,1
2026-07-03,2026-07-03 20:56:34,samedi,regular,['samedi'],Pass Samedi,Shotgun,54.09,61.14,1,1
2026-07-03,2026-07-03 20:57:14,2-jours,regular,,Pass 2 Jours,Shotgun,95.0,107.37,1,1
2026-07-03,2026-07-03 20:57:43,2-jours,regular,,Pass 2 Jours,Shotgun,95.0,107.37,1,1
2026-07-03,2026-07-03 21:00:08,2-jours,regular,,Pass 2 Jours,Shotgun,95.0,107.37,1,1
2026-07-03,2026-07-03 21:00:14,2-jours,regular,,Pass 2 Jours,Shotgun,95.0,107.37,1,1
2026-07-03,2026-07-03 21:00:14,2-jours,regular,,Pass 2 Jours,Shotgun,95.0,107.37,1,1
2026-07-03,2026-07-03 21:01:43,2-jours,regular,,Pass 2 Jours,Shotgun,95.0,107.37,1,1
2026-07-03,2026-07-03 21:11:14,2-jours,regular,,Pass 2 Jours,Shotgun,95.0,107.37,1,1
2026-07-03,2026-07-03 21:12:12,vendredi,regular,['vendredi'],Pass Vendredi,Shotgun,54.09,61.14,1,1
2026-07-03,2026-07-03 21:12:12,vendredi,regular,['vendredi'],Pass Vendredi,Shotgun,54.09,61.14,1,1
2026-07-03,2026-07-03 21:12:35,samedi,regular,['samedi'],Pass Samedi,Shotgun,54.09,61.14,1,1
2026-07-03,2026-07-03 21:14:09,2-jours,regular,,Pass 2 Jours,Shotgun,95.0,107.37,1,1
2026-07-03,2026-07-03 21:14:42,2-jours,regular,,Pass 2 Jours,Shotgun,95.0,107.37,1,1
2026-07-03,2026-07-03 21:15:20,samedi,regular,['samedi'],Pass Samedi,Shotgun,54.09,61.14,1,1
2026-07-03,2026-07-03 21:15:20,samedi,regular,['samedi'],Pass Samedi,Shotgun,54.09,61.14,1,1
2026-07-03,2026-07-03 21:15:20,samedi,regular,['samedi'],Pass Samedi,Shotgun,54.09,61.14,1,1
2026-07-03,2026-07-03 21:20:40,2-jours,regular,,Pass 2 Jours,Shotgun,95.0,107.37,1,1
2026-07-03,2026-07-03 21:21:49,samedi,regular,['samedi'],Pass Samedi,Shotgun,54.09,61.14,1,1
2026-07-03,2026-07-03 21:21:49,samedi,regular,['samedi'],Pass Samedi,Shotgun,54.09,61.14,1,1
2026-07-03,2026-07-03 21:22:51,2-jours,vip,"['vendredi', 'samedi']",Pass Acces Scene,Shotgun,220.0,248.66,1,1
2026-07-03,2026-07-03 21:25:13,2-jours,regular,,Pass 2 Jours,Shotgun,95.0,107.37,1,1
2026-07-03,2026-07-03 21:27:32,2-jours,regular,,Pass 2 Jours,Shotgun,95.0,107.37,1,1
2026-07-03,2026-07-03 21:28:55,vendredi,regular,['vendredi'],Pass Vendredi,Shotgun,54.09,61.14,1,1
2026-07-03,2026-07-03 21:28:59,vendredi,regular,['vendredi'],Pass Vendredi,Shotgun,54.09,61.14,1,1
2026-07-03,2026-07-03 21:29:15,vendredi,regular,['vendredi'],Pass Vendredi,Shotgun,54.09,61.14,1,1
2026-07-03,2026-07-03 21:30:07,2-jours,regular,,Pass 2 Jours,Shotgun,95.0,107.37,1,1
2026-07-03,2026-07-03 21:30:09,samedi,vip,['samedi'],Pass Acces Scene,Shotgun,120.0,135.63,1,1
2026-07-03,2026-07-03 21:32:12,samedi,regular,['samedi'],Pass Samedi,Shotgun,54.09,61.14,1,1
2026-07-03,2026-07-03 21:32:12,samedi,regular,['samedi'],Pass Samedi,Shotgun,54.09,61.14,1,1
2026-07-03,2026-07-03 21:32:58,2-jours,regular,,Pass 2 Jours,Shotgun,95.0,107.37,1,1
2026-07-03,2026-07-03 21:35:51,vendredi,regular,['vendredi'],Pass Vendredi,Shotgun,54.09,61.14,1,1
2026-07-03,2026-07-03 21:35:51,vendredi,regular,['vendredi'],Pass Vendredi,Shotgun,54.09,61.14,1,1
2026-07-03,2026-07-03 21:36:44,vendredi,regular,['vendredi'],Pass Vendredi,Shotgun,54.09,61.14,1,1
2026-07-03,2026-07-03 21:39:40,2-jours,regular,,Pass 2 Jours,Shotgun,95.0,107.37,1,1
2026-07-03,2026-07-03 21:46:46,vendredi,regular,['vendredi'],Pass Vendredi,Shotgun,54.09,61.14,1,1
2026-07-03,2026-07-03 21:46:46,vendredi,regular,['vendredi'],Pass Vendredi,Shotgun,54.09,61.14,1,1
2026-07-03,2026-07-03 21:48:12,2-jours,regular,,Pass 2 Jours,Shotgun,95.0,107.37,1,1
2026-07-03,2026-07-03 21:51:56,2-jours,regular,,Pass 2 Jours,Shotgun,95.0,107.37,1,1
2026-07-03,2026-07-03 21:52:36,vendredi,regular,['vendredi'],Pass Vendredi,Shotgun,54.09,61.14,1,1
2026-07-03,2026-07-03 21:53:59,vendredi,regular,['vendredi'],Pass Vendredi,Shotgun,54.09,61.14,1,1
2026-07-03,2026-07-03 21:59:15,2-jours,regular,,Pass 2 Jours,Shotgun,95.0,107.37,1,1
2026-07-03,2026-07-03 22:03:56,2-jours,regular,,Pass 2 Jours,Shotgun,95.0,107.37,1,1
2026-07-03,2026-07-03 22:09:39,vendredi,vip,['vendredi'],Pass Acces Scene,Shotgun,120.0,135.63,1,1
2026-07-03,2026-07-03 22:09:39,vendredi,vip,['vendredi'],Pass Acces Scene,Shotgun,120.0,135.63,1,1
2026-07-03,2026-07-03 22:10:11,vendredi,regular,['vendredi'],Pass Vendredi,Shotgun,54.09,61.14,1,1
2026-07-03,2026-07-03 22:10:23,2-jours,regular,,Pass 2 Jours,Shotgun,95.0,107.37,1,1
2026-07-03,2026-07-03 22:11:30,vendredi,regular,['vendredi'],Pass Vendredi,Shotgun,54.09,61.14,1,1
2026-07-03,2026-07-03 22:15:26,samedi,regular,['samedi'],Pass Samedi,Shotgun,54.09,61.14,1,1
2026-07-03,2026-07-03 22:20:40,2-jours,regular,,Pass 2 Jours,Shotgun,95.0,107.37,1,1
2026-07-03,2026-07-03 22:24:42,2-jours,regular,,Pass 2 Jours,Shotgun,95.0,107.37,1,1
2026-07-03,2026-07-03 22:24:42,2-jours,regular,,Pass 2 Jours,Shotgun,95.0,107.37,1,1
2026-07-03,2026-07-03 22:27:40,2-jours,regular,,Pass 2 Jours,Shotgun,95.0,107.37,1,1
2026-07-03,2026-07-03 22:28:35,vendredi,regular,['vendredi'],Pass Vendredi,Shotgun,54.09,61.14,1,1
2026-07-03,2026-07-03 22:37:29,2-jours,regular,,Pass 2 Jours,Shotgun,95.0,107.37,1,1
2026-07-03,2026-07-03 22:38:00,2-jours,regular,,Pass 2 Jours,Shotgun,95.0,107.37,1,1
2026-07-03,2026-07-03 22:38:00,2-jours,regular,,Pass 2 Jours,Shotgun,95.0,107.37,1,1
2026-07-03,2026-07-03 22:42:56,2-jours,regular,,Pass 2 Jours,Shotgun,95.0,107.37,1,1
2026-07-03,2026-07-03 22:42:56,2-jours,regular,,Pass 2 Jours,Shotgun,95.0,107.37,1,1
2026-07-03,2026-07-03 22:45:23,samedi,regular,['samedi'],Pass Samedi,Shotgun,54.09,61.14,1,1
2026-07-03,2026-07-03 22:45:58,2-jours,regular,,Pass 2 Jours,Shotgun,95.0,107.37,1,1
2026-07-03,2026-07-03 22:45:58,2-jours,regular,,Pass 2 Jours,Shotgun,95.0,107.37,1,1
2026-07-03,2026-07-03 22:50:16,vendredi,vip,['vendredi'],Pass Acces Scene,Shotgun,120.0,135.63,1,1
2026-07-03,2026-07-03 22:50:16,vendredi,vip,['vendredi'],Pass Acces Scene,Shotgun,120.0,135.63,1,1
2026-07-03,2026-07-03 23:08:02,2-jours,regular,,Pass 2 Jours,Shotgun,95.0,107.37,1,1
2026-07-03,2026-07-03 23:12:17,vendredi,regular,['vendredi'],Pass Vendredi,Shotgun,54.09,61.14,1,1
2026-07-03,2026-07-03 23:17:50,vendredi,regular,['vendredi'],Pass Vendredi,Shotgun,54.09,61.14,1,1
2026-07-03,2026-07-03 23:17:50,vendredi,regular,['vendredi'],Pass Vendredi,Shotgun,54.09,61.14,1,1
2026-07-03,2026-07-03 23:41:35,samedi,regular,['samedi'],Pass Samedi,Shotgun,54.09,61.14,1,1
2026-07-03,2026-07-03 23:41:35,samedi,regular,['samedi'],Pass Samedi,Shotgun,54.09,61.14,1,1
2026-07-03,2026-07-03 23:43:08,vendredi,regular,['vendredi'],Pass Vendredi,Shotgun,54.09,61.14,1,1
2026-07-03,2026-07-03 23:43:58,2-jours,regular,,Pass 2 Jours,Shotgun,95.0,107.37,1,1
2026-07-03,2026-07-03 23:43:58,2-jours,regular,,Pass 2 Jours,Shotgun,95.0,107.37,1,1
2026-07-03,2026-07-03 23:55:27,2-jours,regular,,Pass 2 Jours,Shotgun,95.0,107.37,1,1
2026-07-04,2026-07-04 00:01:50,2-jours,regular,,Pass 2 Jours,Shotgun,95.0,107.37,1,1
2026-07-04,2026-07-04 00:22:04,vendredi,regular,['vendredi'],Pass Vendredi,Shotgun,54.09,61.14,1,1
2026-07-04,2026-07-04 00:25:13,vendredi,regular,['vendredi'],Pass Vendredi,Shotgun,54.09,61.14,1,1
2026-07-04,2026-07-04 00:25:13,vendredi,regular,['vendredi'],Pass Vendredi,Shotgun,54.09,61.14,1,1
2026-07-04,2026-07-04 00:34:56,vendredi,regular,['vendredi'],Pass Vendredi,Shotgun,54.09,61.14,1,1
2026-07-04,2026-07-04 00:48:54,2-jours,regular,,Pass 2 Jours,Shotgun,95.0,107.37,1,1
2026-07-04,2026-07-04 01:22:42,samedi,regular,['samedi'],Pass Samedi,Shotgun,54.09,61.14,1,1
2026-07-04,2026-07-04 01:26:51,vendredi,regular,['vendredi'],Pass Vendredi,Shotgun,55.0,55.5,1,1
2026-07-04,2026-07-04 01:52:25,samedi,regular,['samedi'],Pass Samedi,Shotgun,54.09,61.14,1,1
2026-07-04,2026-07-04 03:08:32,2-jours,regular,,Pass 2 Jours,Shotgun,95.0,107.37,1,1
2026-07-04,2026-07-04 03:17:40,samedi,regular,['samedi'],Pass Samedi,Shotgun,54.09,61.14,1,1
2026-07-04,2026-07-04 03:23:07,2-jours,regular,,Pass 2 Jours,Shotgun,95.0,107.37,1,1
2026-07-04,2026-07-04 03:23:07,2-jours,regular,,Pass 2 Jours,Shotgun,95.0,107.37,1,1
2026-07-04,2026-07-04 03:30:01,2-jours,regular,,Pass 2 Jours,Shotgun,95.0,107.37,1,1
2026-07-04,2026-07-04 04:09:11,vendredi,regular,['vendredi'],Pass Vendredi,Shotgun,54.09,61.14,1,1
2026-07-04,2026-07-04 05:13:58,samedi,regular,['samedi'],Pass Samedi,Shotgun,54.09,61.14,1,1
2026-07-04,2026-07-04 05:23:53,2-jours,regular,,Pass 2 Jours,Shotgun,95.0,107.37,1,1
2026-07-04,2026-07-04 06:13:27,vendredi,regular,['vendredi'],Pass Vendredi,Shotgun,54.09,61.14,1,1
2026-07-04,2026-07-04 06:16:30,2-jours,regular,,Pass 2 Jours,Shotgun,95.0,107.37,1,1
2026-07-04,2026-07-04 06:43:24,vendredi,regular,['vendredi'],Pass Vendredi,Shotgun,54.09,61.14,1,1
2026-07-04,2026-07-04 06:43:24,vendredi,regular,['vendredi'],Pass Vendredi,Shotgun,54.09,61.14,1,1
2026-07-04,2026-07-04 06:43:33,2-jours,regular,,Pass 2 Jours,Shotgun,95.0,107.37,1,1
2026-07-04,2026-07-04 06:54:10,samedi,regular,['samedi'],Pass Samedi,Shotgun,54.09,61.14,1,1
2026-07-04,2026-07-04 06:54:59,samedi,regular,['samedi'],Pass Samedi,Shotgun,54.09,61.14,1,1
2026-07-04,2026-07-04 06:55:48,2-jours,regular,,Pass 2 Jours,Shotgun,95.0,107.37,1,1
2026-07-04,2026-07-04 07:11:59,samedi,regular,['samedi'],Pass Samedi,Shotgun,54.09,61.14,1,1
2026-07-04,2026-07-04 07:12:35,vendredi,regular,['vendredi'],Pass Vendredi,Shotgun,54.09,61.14,1,1
2026-07-04,2026-07-04 07:14:01,vendredi,regular,['vendredi'],Pass Vendredi,Shotgun,54.09,61.14,1,1
2026-07-04,2026-07-04 07:14:01,vendredi,regular,['vendredi'],Pass Vendredi,Shotgun,54.09,61.14,1,1
2026-07-04,2026-07-04 07:23:28,samedi,regular,['samedi'],Pass Samedi,Shotgun,54.09,61.14,1,1
2026-07-04,2026-07-04 07:23:28,samedi,regular,['samedi'],Pass Samedi,Shotgun,54.09,61.14,1,1
2026-07-04,2026-07-04 07:35:13,2-jours,regular,,Pass 2 Jours,Shotgun,95.0,107.37,1,1
2026-07-04,2026-07-04 07:48:09,2-jours,regular,,Pass 2 Jours,Shotgun,95.0,107.37,1,1
2026-07-04,2026-07-04 07:51:53,samedi,regular,['samedi'],Pass Samedi,Shotgun,54.09,61.14,1,1
2026-07-04,2026-07-04 07:51:53,samedi,regular,['samedi'],Pass Samedi,Shotgun,54.09,61.14,1,1
2026-07-04,2026-07-04 07:58:40,vendredi,regular,['vendredi'],Pass Vendredi,Shotgun,54.09,61.14,1,1
2026-07-04,2026-07-04 08:03:01,vendredi,vip,['vendredi'],Pass Acces Scene,Shotgun,120.0,135.63,1,1
2026-07-04,2026-07-04 08:07:59,2-jours,regular,,Pass 2 Jours,Shotgun,95.0,107.37,1,1
2026-07-04,2026-07-04 08:07:59,2-jours,regular,,Pass 2 Jours,Shotgun,95.0,107.37,1,1
2026-07-04,2026-07-04 08:09:52,vendredi,regular,['vendredi'],Pass Vendredi,Shotgun,54.09,61.14,1,1
2026-07-04,2026-07-04 08:29:34,samedi,regular,['samedi'],Pass Samedi,Shotgun,54.09,61.14,1,1
2026-07-04,2026-07-04 08:29:34,samedi,regular,['samedi'],Pass Samedi,Shotgun,54.09,61.14,1,1
2026-07-04,2026-07-04 08:36:17,vendredi,regular,['vendredi'],Pass Vendredi,Shotgun,54.09,61.14,1,1
2026-07-04,2026-07-04 08:41:04,vendredi,regular,['vendredi'],Pass Vendredi,Shotgun,54.09,61.14,1,1
2026-07-04,2026-07-04 08:41:04,vendredi,regular,['vendredi'],Pass Vendredi,Shotgun,54.09,61.14,1,1
2026-07-04,2026-07-04 08:46:01,2-jours,regular,,Pass 2 Jours,Shotgun,95.0,107.37,1,1
2026-07-04,2026-07-04 08:47:25,2-jours,regular,,Pass 2 Jours,Shotgun,95.0,107.37,1,1
2026-07-04,2026-07-04 08:53:01,2-jours,regular,,Pass 2 Jours,Shotgun,95.0,107.37,1,1
2026-07-04,2026-07-04 08:54:41,vendredi,regular,['vendredi'],Pass Vendredi,Shotgun,54.09,61.14,1,1
2026-07-04,2026-07-04 08:55:56,2-jours,regular,,Pass 2 Jours,Shotgun,95.0,107.37,1,1
2026-07-04,2026-07-04 09:00:04,2-jours,regular,,Pass 2 Jours,Shotgun,95.0,107.37,1,1
2026-07-04,2026-07-04 09:01:33,samedi,regular,['samedi'],Pass Samedi,Shotgun,54.09,61.14,1,1
2026-07-04,2026-07-04 09:04:19,samedi,regular,['samedi'],Pass Samedi,Shotgun,54.09,61.14,1,1
2026-07-04,2026-07-04 09:17:34,samedi,regular,['samedi'],Pass Samedi,Shotgun,54.09,61.14,1,1
2026-07-04,2026-07-04 09:31:56,2-jours,regular,,Pass 2 Jours,Shotgun,95.0,107.37,1,1
2026-07-04,2026-07-04 09:32:54,2-jours,regular,,Pass 2 Jours,Shotgun,95.0,107.37,1,1
2026-07-04,2026-07-04 09:33:52,2-jours,regular,,Pass 2 Jours,Shotgun,95.0,107.37,1,1
2026-07-04,2026-07-04 09:51:11,2-jours,regular,,Pass 2 Jours,Shotgun,95.0,107.37,1,1
2026-07-04,2026-07-04 09:51:11,2-jours,regular,,Pass 2 Jours,Shotgun,95.0,107.37,1,1
2026-07-04,2026-07-04 09:53:32,vendredi,regular,['vendredi'],Pass Vendredi,Shotgun,54.09,61.14,1,1
2026-07-04,2026-07-04 09:56:20,samedi,regular,['samedi'],Pass Samedi,Shotgun,54.09,61.14,1,1
2026-07-04,2026-07-04 10:02:11,2-jours,regular,,Pass 2 Jours,Shotgun,95.0,107.37,1,1
2026-07-04,2026-07-04 10:02:11,2-jours,regular,,Pass 2 Jours,Shotgun,95.0,107.37,1,1
2026-07-04,2026-07-04 10:09:07,samedi,regular,['samedi'],Pass Samedi,Shotgun,54.09,61.14,1,1
2026-07-04,2026-07-04 10:13:32,2-jours,regular,,Pass 2 Jours,Shotgun,95.0,107.37,1,1
2026-07-04,2026-07-04 10:22:08,samedi,regular,['samedi'],Pass Samedi,Shotgun,54.09,61.14,1,1
2026-07-04,2026-07-04 10:25:27,samedi,regular,['samedi'],Pass Samedi,Shotgun,54.09,61.14,1,1
2026-07-04,2026-07-04 10:30:31,vendredi,regular,['vendredi'],Pass Vendredi,Shotgun,54.09,61.14,1,1
2026-07-04,2026-07-04 10:35:27,2-jours,regular,,Pass 2 Jours,Shotgun,95.0,107.37,1,1
2026-07-04,2026-07-04 10:36:47,vendredi,regular,['vendredi'],Pass Vendredi,Shotgun,55.0,55.5,1,1
2026-07-04,2026-07-04 10:39:46,2-jours,regular,,Pass 2 Jours,Shotgun,95.0,107.37,1,1
2026-07-04,2026-07-04 10:44:35,2-jours,regular,,Pass 2 Jours,Shotgun,95.0,107.37,1,1
2026-07-04,2026-07-04 10:45:36,2-jours,regular,,Pass 2 Jours,Shotgun,95.0,107.37,1,1
2026-07-04,2026-07-04 11:09:02,samedi,regular,['samedi'],Pass Samedi,Shotgun,54.09,61.14,1,1
2026-07-04,2026-07-04 11:11:07,samedi,regular,['samedi'],Pass Samedi,Shotgun,54.09,61.14,1,1
2026-07-04,2026-07-04 11:13:13,2-jours,regular,,Pass 2 Jours,Shotgun,95.0,107.37,1,1
2026-07-04,2026-07-04 11:19:31,samedi,regular,['samedi'],Pass Samedi,Shotgun,54.09,61.14,1,1
2026-07-04,2026-07-04 11:19:31,samedi,regular,['samedi'],Pass Samedi,Shotgun,54.09,61.14,1,1
2026-07-04,2026-07-04 11:25:16,vendredi,regular,['vendredi'],Pass Vendredi,Shotgun,54.09,61.14,1,1
2026-07-04,2026-07-04 11:30:31,vendredi,regular,['vendredi'],Pass Vendredi,Shotgun,54.09,61.14,1,1
2026-07-04,2026-07-04 11:34:09,samedi,regular,['samedi'],Pass Samedi,Shotgun,54.09,61.14,1,1
2026-07-04,2026-07-04 11:38:23,2-jours,regular,,Pass 2 Jours,Shotgun,95.0,107.37,1,1
2026-07-04,2026-07-04 11:43:12,samedi,regular,['samedi'],Pass Samedi,Shotgun,54.09,61.14,1,1
2026-07-04,2026-07-04 11:43:12,samedi,regular,['samedi'],Pass Samedi,Shotgun,54.09,61.14,1,1
2026-07-04,2026-07-04 11:43:47,vendredi,regular,['vendredi'],Pass Vendredi,Shotgun,54.09,61.14,1,1
2026-07-04,2026-07-04 11:45:14,2-jours,vip,"['vendredi', 'samedi']",Pass Acces Scene,Shotgun,220.0,248.66,1,1
2026-07-04,2026-07-04 11:45:14,2-jours,vip,"['vendredi', 'samedi']",Pass Acces Scene,Shotgun,220.0,248.66,1,1
2026-07-04,2026-07-04 11:59:04,2-jours,regular,,Pass 2 Jours,Shotgun,95.0,107.37,1,1
2026-07-04,2026-07-04 12:00:50,vendredi,regular,['vendredi'],Pass Vendredi,Shotgun,54.09,61.14,1,1
2026-07-04,2026-07-04 12:10:40,vendredi,regular,['vendredi'],Pass Vendredi,Shotgun,54.09,61.14,1,1
2026-07-04,2026-07-04 12:11:17,2-jours,regular,,Pass 2 Jours,Shotgun,95.0,107.37,1,1
2026-07-04,2026-07-04 12:11:17,2-jours,regular,,Pass 2 Jours,Shotgun,95.0,107.37,1,1
2026-07-04,2026-07-04 12:13:12,2-jours,regular,,Pass 2 Jours,Shotgun,95.0,107.37,1,1
2026-07-04,2026-07-04 12:13:12,2-jours,regular,,Pass 2 Jours,Shotgun,95.0,107.37,1,1
2026-07-04,2026-07-04 12:14:06,vendredi,regular,['vendredi'],Pass Vendredi,Shotgun,54.09,61.14,1,1
2026-07-04,2026-07-04 12:14:39,2-jours,regular,,Pass 2 Jours,Shotgun,95.0,107.37,1,1
2026-07-04,2026-07-04 12:14:39,2-jours,regular,,Pass 2 Jours,Shotgun,95.0,107.37,1,1
2026-07-04,2026-07-04 12:19:39,vendredi,regular,['vendredi'],Pass Vendredi,Shotgun,54.09,61.14,1,1
2026-07-04,2026-07-04 12:26:56,vendredi,regular,['vendredi'],Pass Vendredi,Shotgun,54.09,61.14,1,1
2026-07-04,2026-07-04 12:30:18,2-jours,regular,,Pass 2 Jours,Shotgun,95.0,107.37,1,1
2026-07-04,2026-07-04 12:30:33,2-jours,regular,,Pass 2 Jours,Shotgun,95.0,107.37,1,1
2026-07-04,2026-07-04 12:31:12,vendredi,regular,['vendredi'],Pass Vendredi,Shotgun,54.09,61.14,1,1
2026-07-04,2026-07-04 12:31:27,vendredi,regular,['vendredi'],Pass Vendredi,Shotgun,54.09,61.14,1,1
2026-07-04,2026-07-04 12:39:28,2-jours,regular,,Pass 2 Jours,Shotgun,95.0,107.37,1,1
2026-07-04,2026-07-04 12:39:58,2-jours,regular,,Pass 2 Jours,Shotgun,95.0,107.37,1,1
2026-07-04,2026-07-04 12:40:27,2-jours,regular,,Pass 2 Jours,Shotgun,95.0,107.37,1,1
2026-07-04,2026-07-04 12:43:27,2-jours,regular,,Pass 2 Jours,Shotgun,95.0,107.37,1,1
2026-07-04,2026-07-04 12:43:27,2-jours,regular,,Pass 2 Jours,Shotgun,95.0,107.37,1,1
2026-07-04,2026-07-04 12:45:28,2-jours,regular,,Pass 2 Jours,Shotgun,95.0,107.37,1,1
2026-07-04,2026-07-04 12:47:41,2-jours,regular,,Pass 2 Jours,Shotgun,95.0,107.37,1,1
2026-07-04,2026-07-04 12:55:14,vendredi,regular,['vendredi'],Pass Vendredi,Shotgun,54.09,61.14,1,1
2026-07-04,2026-07-04 13:04:50,2-jours,regular,,Pass 2 Jours,Shotgun,95.0,107.37,1,1
2026-07-04,2026-07-04 13:09:12,samedi,regular,['samedi'],Pass Samedi,Shotgun,54.09,61.14,1,1
2026-07-04,2026-07-04 13:10:17,2-jours,regular,,Pass 2 Jours,Shotgun,95.0,107.37,1,1
2026-07-04,2026-07-04 13:10:38,vendredi,regular,['vendredi'],Pass Vendredi,Shotgun,54.09,61.14,1,1
2026-07-04,2026-07-04 13:29:29,2-jours,regular,,Pass 2 Jours,Shotgun,95.0,107.37,1,1
2026-07-04,2026-07-04 13:29:29,2-jours,regular,,Pass 2 Jours,Shotgun,95.0,107.37,1,1
2026-07-04,2026-07-04 13:30:50,2-jours,regular,,Pass 2 Jours,Shotgun,95.0,107.37,1,1
2026-07-04,2026-07-04 13:41:52,2-jours,regular,,Pass 2 Jours,Shotgun,95.0,107.37,1,1
2026-07-04,2026-07-04 13:42:36,vendredi,regular,['vendredi'],Pass Vendredi,Shotgun,54.09,61.14,1,1
2026-07-04,2026-07-04 13:42:36,vendredi,regular,['vendredi'],Pass Vendredi,Shotgun,54.09,61.14,1,1
2026-07-04,2026-07-04 14:11:11,2-jours,regular,,Pass 2 Jours,Shotgun,95.0,107.37,1,1
2026-07-04,2026-07-04 14:11:56,2-jours,regular,,Pass 2 Jours,Shotgun,95.0,107.37,1,1
2026-07-04,2026-07-04 14:25:56,samedi,regular,['samedi'],Pass Samedi,Shotgun,54.09,61.14,1,1
2026-07-04,2026-07-04 14:30:15,2-jours,regular,,Pass 2 Jours,Shotgun,95.0,107.37,1,1
2026-07-04,2026-07-04 14:30:15,2-jours,regular,,Pass 2 Jours,Shotgun,95.0,107.37,1,1
2026-07-04,2026-07-04 14:33:57,2-jours,regular,,Pass 2 Jours,Shotgun,95.0,107.37,1,1
2026-07-04,2026-07-04 14:39:28,vendredi,vip,['vendredi'],Pass Acces Scene,Shotgun,120.0,135.63,1,1
2026-07-04,2026-07-04 14:59:41,samedi,regular,['samedi'],Pass Samedi,Shotgun,54.09,61.14,1,1
2026-07-04,2026-07-04 15:02:40,2-jours,regular,,Pass 2 Jours,Shotgun,95.0,107.37,1,1
2026-07-04,2026-07-04 15:03:29,samedi,regular,['samedi'],Pass Samedi,Shotgun,54.09,61.14,1,1
2026-07-04,2026-07-04 15:07:14,samedi,regular,['samedi'],Pass Samedi,Shotgun,54.09,61.14,1,1
2026-07-04,2026-07-04 15:08:08,2-jours,regular,,Pass 2 Jours,Shotgun,95.0,107.37,1,1
2026-07-04,2026-07-04 15:33:47,vendredi,regular,['vendredi'],Pass Vendredi,Shotgun,54.09,61.14,1,1
2026-07-04,2026-07-04 15:50:04,samedi,regular,['samedi'],Pass Samedi,Shotgun,54.09,61.14,1,1
2026-07-04,2026-07-04 15:50:04,samedi,regular,['samedi'],Pass Samedi,Shotgun,54.09,61.14,1,1
2026-07-04,2026-07-04 15:50:04,samedi,regular,['samedi'],Pass Samedi,Shotgun,54.09,61.14,1,1
2026-07-04,2026-07-04 15:50:04,samedi,regular,['samedi'],Pass Samedi,Shotgun,54.09,61.14,1,1
2026-07-04,2026-07-04 16:00:00,2-jours,regular,,Pass 2 Jours,Shotgun,95.0,107.37,1,1
2026-07-04,2026-07-04 16:05:00,2-jours,regular,,Pass 2 Jours,Shotgun,95.0,107.37,1,1
2026-07-04,2026-07-04 16:05:00,2-jours,regular,,Pass 2 Jours,Shotgun,95.0,107.37,1,1
2026-07-04,2026-07-04 16:13:13,samedi,regular,['samedi'],Pass Samedi,Shotgun,54.09,61.14,1,1
2026-07-04,2026-07-04 16:14:13,vendredi,regular,['vendredi'],Pass Vendredi,Shotgun,55.0,55.5,1,1
2026-07-04,2026-07-04 16:27:02,2-jours,regular,,Pass 2 Jours,Shotgun,95.0,107.37,1,1
2026-07-04,2026-07-04 16:41:26,2-jours,regular,,Pass 2 Jours,Shotgun,95.0,107.37,1,1
2026-07-04,2026-07-04 16:42:38,samedi,regular,['samedi'],Pass Samedi,Shotgun,54.09,61.14,1,1
2026-07-04,2026-07-04 16:42:58,2-jours,regular,,Pass 2 Jours,Shotgun,95.0,107.37,1,1
2026-07-04,2026-07-04 16:47:36,2-jours,regular,,Pass 2 Jours,Shotgun,95.0,107.37,1,1
2026-07-04,2026-07-04 16:47:36,2-jours,regular,,Pass 2 Jours,Shotgun,95.0,107.37,1,1
2026-07-04,2026-07-04 17:00:36,2-jours,regular,,Pass 2 Jours,Shotgun,95.0,107.37,1,1
2026-07-04,2026-07-04 17:01:57,samedi,regular,['samedi'],Pass Samedi,Shotgun,54.09,61.14,1,1
2026-07-04,2026-07-04 17:02:51,vendredi,regular,['vendredi'],Pass Vendredi,Shotgun,54.09,61.14,1,1
2026-07-04,2026-07-04 17:03:01,2-jours,regular,,Pass 2 Jours,Shotgun,95.0,107.37,1,1
2026-07-04,2026-07-04 17:04:00,2-jours,regular,,Pass 2 Jours,Shotgun,95.0,107.37,1,1
2026-07-04,2026-07-04 17:08:34,2-jours,regular,,Pass 2 Jours,Shotgun,95.0,107.37,1,1
2026-07-04,2026-07-04 17:11:54,vendredi,regular,['vendredi'],Pass Vendredi,Shotgun,54.09,61.14,1,1
2026-07-04,2026-07-04 17:17:13,2-jours,regular,,Pass 2 Jours,Shotgun,95.0,107.37,1,1
2026-07-04,2026-07-04 17:30:19,vendredi,regular,['vendredi'],Pass Vendredi,Shotgun,54.09,61.14,1,1
2026-07-04,2026-07-04 17:33:35,2-jours,regular,,Pass 2 Jours,Shotgun,95.0,107.37,1,1
2026-07-04,2026-07-04 17:43:54,samedi,regular,['samedi'],Pass Samedi,Shotgun,54.09,61.14,1,1
2026-07-04,2026-07-04 17:48:18,samedi,vip,['samedi'],Pass Acces Scene,Shotgun,120.0,135.63,1,1
2026-07-04,2026-07-04 17:48:18,samedi,vip,['samedi'],Pass Acces Scene,Shotgun,120.0,135.63,1,1
2026-07-04,2026-07-04 17:49:16,vendredi,regular,['vendredi'],Pass Vendredi,Shotgun,54.09,61.14,1,1
2026-07-04,2026-07-04 17:51:37,samedi,regular,['samedi'],Pass Samedi,Shotgun,54.09,61.14,1,1
2026-07-04,2026-07-04 17:52:20,2-jours,regular,,Pass 2 Jours,Shotgun,95.0,107.37,1,1
2026-07-04,2026-07-04 17:53:57,samedi,regular,['samedi'],Pass Samedi,Shotgun,54.09,61.14,1,1
2026-07-04,2026-07-04 17:53:57,samedi,regular,['samedi'],Pass Samedi,Shotgun,54.09,61.14,1,1
2026-07-04,2026-07-04 17:53:57,samedi,regular,['samedi'],Pass Samedi,Shotgun,54.09,61.14,1,1
2026-07-04,2026-07-04 18:01:09,samedi,regular,['samedi'],Pass Samedi,Shotgun,54.09,61.14,1,1
2026-07-04,2026-07-04 18:09:53,2-jours,regular,,Pass 2 Jours,Shotgun,95.0,107.37,1,1
2026-07-04,2026-07-04 18:10:40,samedi,regular,['samedi'],Pass Samedi,Shotgun,54.09,61.14,1,1
2026-07-04,2026-07-04 18:10:40,samedi,regular,['samedi'],Pass Samedi,Shotgun,54.09,61.14,1,1
2026-07-04,2026-07-04 18:21:15,2-jours,regular,,Pass 2 Jours,Shotgun,95.0,107.37,1,1
2026-07-04,2026-07-04 18:21:15,2-jours,regular,,Pass 2 Jours,Shotgun,95.0,107.37,1,1
2026-07-04,2026-07-04 18:26:34,vendredi,regular,['vendredi'],Pass Vendredi,Shotgun,54.09,61.14,1,1
2026-07-04,2026-07-04 18:29:38,vendredi,regular,['vendredi'],Pass Vendredi,Shotgun,54.09,61.14,1,1
2026-07-04,2026-07-04 18:31:42,vendredi,regular,['vendredi'],Pass Vendredi,Shotgun,54.09,61.14,1,1
2026-07-04,2026-07-04 18:34:51,samedi,regular,['samedi'],Pass Samedi,Shotgun,54.09,61.14,1,1
2026-07-04,2026-07-04 18:35:45,2-jours,regular,,Pass 2 Jours,Shotgun,95.0,107.37,1,1
2026-07-04,2026-07-04 18:36:24,samedi,regular,['samedi'],Pass Samedi,Shotgun,54.09,61.14,1,1
2026-07-04,2026-07-04 18:47:19,samedi,regular,['samedi'],Pass Samedi,Shotgun,54.09,61.14,1,1
2026-07-04,2026-07-04 18:51:15,samedi,regular,['samedi'],Pass Samedi,Shotgun,54.09,61.14,1,1
2026-07-04,2026-07-04 18:51:42,2-jours,regular,,Pass 2 Jours,Shotgun,95.0,107.37,1,1
2026-07-04,2026-07-04 18:53:06,2-jours,regular,,Pass 2 Jours,Shotgun,95.0,107.37,1,1
2026-07-04,2026-07-04 18:54:36,vendredi,regular,['vendredi'],Pass Vendredi,Shotgun,54.09,61.14,1,1
2026-07-04,2026-07-04 19:08:58,samedi,regular,['samedi'],Pass Samedi,Shotgun,55.0,55.5,1,1
2026-07-04,2026-07-04 19:08:58,samedi,regular,['samedi'],Pass Samedi,Shotgun,55.0,55.5,1,1
2026-07-04,2026-07-04 19:23:38,2-jours,regular,,Pass 2 Jours,Shotgun,95.0,107.37,1,1
2026-07-04,2026-07-04 19:26:10,2-jours,regular,,Pass 2 Jours,Shotgun,95.0,107.37,1,1
2026-07-04,2026-07-04 19:32:25,2-jours,regular,,Pass 2 Jours,Shotgun,95.0,107.37,1,1
2026-07-04,2026-07-04 19:50:10,vendredi,regular,['vendredi'],Pass Vendredi,Shotgun,54.09,61.14,1,1
2026-07-04,2026-07-04 20:01:28,2-jours,regular,,Pass 2 Jours,Shotgun,95.0,107.37,1,1
2026-07-04,2026-07-04 20:16:19,2-jours,regular,,Pass 2 Jours,Shotgun,95.0,107.37,1,1
2026-07-04,2026-07-04 20:16:57,samedi,regular,['samedi'],Pass Samedi,Shotgun,54.09,61.14,1,1
2026-07-04,2026-07-04 20:16:57,samedi,regular,['samedi'],Pass Samedi,Shotgun,54.09,61.14,1,1
2026-07-04,2026-07-04 20:17:13,samedi,regular,['samedi'],Pass Samedi,Shotgun,54.09,61.14,1,1
2026-07-04,2026-07-04 20:17:28,vendredi,regular,['vendredi'],Pass Vendredi,Shotgun,55.0,55.5,1,1
2026-07-04,2026-07-04 20:18:02,vendredi,regular,['vendredi'],Pass Vendredi,Shotgun,55.0,55.5,1,1
2026-07-04,2026-07-04 20:18:14,vendredi,regular,['vendredi'],Pass Vendredi,Shotgun,54.09,61.14,1,1
2026-07-04,2026-07-04 20:20:04,samedi,regular,['samedi'],Pass Samedi,Shotgun,54.09,61.14,1,1
2026-07-04,2026-07-04 20:20:04,samedi,regular,['samedi'],Pass Samedi,Shotgun,54.09,61.14,1,1
2026-07-04,2026-07-04 20:22:51,vendredi,regular,['vendredi'],Pass Vendredi,Shotgun,54.09,61.14,1,1
2026-07-04,2026-07-04 20:22:56,samedi,regular,['samedi'],Pass Samedi,Shotgun,54.09,61.14,1,1
2026-07-04,2026-07-04 20:25:07,vendredi,regular,['vendredi'],Pass Vendredi,Shotgun,54.09,61.14,1,1
2026-07-04,2026-07-04 20:33:34,vendredi,regular,['vendredi'],Pass Vendredi,Shotgun,54.09,61.14,1,1
2026-07-04,2026-07-04 20:35:03,2-jours,regular,,Pass 2 Jours,Shotgun,95.0,107.37,1,1
2026-07-04,2026-07-04 20:35:03,2-jours,regular,,Pass 2 Jours,Shotgun,95.0,107.37,1,1
2026-07-04,2026-07-04 20:35:03,2-jours,regular,,Pass 2 Jours,Shotgun,95.0,107.37,1,1
2026-07-04,2026-07-04 21:23:18,vendredi,regular,['vendredi'],Pass Vendredi,Shotgun,55.0,55.5,1,1
2026-07-04,2026-07-04 21:23:18,vendredi,regular,['vendredi'],Pass Vendredi,Shotgun,55.0,55.5,1,1
2026-07-04,2026-07-04 21:27:50,samedi,regular,['samedi'],Pass Samedi,Shotgun,54.09,61.14,1,1
2026-07-04,2026-07-04 21:29:37,samedi,regular,['samedi'],Pass Samedi,Shotgun,54.09,61.14,1,1
2026-07-04,2026-07-04 21:35:54,vendredi,regular,['vendredi'],Pass Vendredi,Shotgun,54.09,61.14,1,1
2026-07-04,2026-07-04 21:45:51,vendredi,regular,['vendredi'],Pass Vendredi,Shotgun,54.09,61.14,1,1
2026-07-04,2026-07-04 21:58:21,2-jours,regular,,Pass 2 Jours,Shotgun,95.0,107.37,1,1
2026-07-04,2026-07-04 22:02:57,2-jours,regular,,Pass 2 Jours,Shotgun,95.0,107.37,1,1
2026-07-04,2026-07-04 22:29:05,2-jours,regular,,Pass 2 Jours,Shotgun,95.0,107.37,1,1
2026-07-04,2026-07-04 22:29:05,2-jours,regular,,Pass 2 Jours,Shotgun,95.0,107.37,1,1
2026-07-04,2026-07-04 22:42:09,vendredi,regular,['vendredi'],Pass Vendredi,Shotgun,54.09,61.14,1,1
2026-07-04,2026-07-04 22:45:32,samedi,regular,['samedi'],Pass Samedi,Shotgun,54.09,61.14,1,1
2026-07-04,2026-07-04 22:47:53,2-jours,regular,,Pass 2 Jours,Shotgun,95.0,107.37,1,1
2026-07-04,2026-07-04 22:48:17,2-jours,regular,,Pass 2 Jours,Shotgun,95.0,107.37,1,1
2026-07-04,2026-07-04 22:59:53,2-jours,regular,,Pass 2 Jours,Shotgun,95.0,107.37,1,1
2026-07-04,2026-07-04 23:20:23,2-jours,regular,,Pass 2 Jours,Shotgun,95.0,107.37,1,1
2026-07-04,2026-07-04 23:20:23,2-jours,regular,,Pass 2 Jours,Shotgun,95.0,107.37,1,1
2026-07-04,2026-07-04 23:23:16,2-jours,regular,,Pass 2 Jours,Shotgun,95.0,107.37,1,1
2026-07-04,2026-07-04 23:35:40,2-jours,regular,,Pass 2 Jours,Shotgun,95.0,107.37,1,1
2026-07-04,2026-07-04 23:41:26,2-jours,regular,,Pass 2 Jours,Shotgun,95.0,107.37,1,1
2026-07-04,2026-07-04 23:48:06,2-jours,regular,,Pass 2 Jours,Shotgun,95.0,107.37,1,1
2026-07-04,2026-07-04 23:53:48,2-jours,regular,,Pass 2 Jours,Shotgun,95.0,107.37,1,1
2026-07-05,2026-07-05 02:58:22,samedi,regular,['samedi'],Pass Samedi,Shotgun,54.09,61.14,1,1
2026-07-05,2026-07-05 04:59:31,2-jours,regular,,Pass 2 Jours,Shotgun,95.0,107.37,1,1
2026-07-05,2026-07-05 05:56:26,samedi,regular,['samedi'],Pass Samedi,Shotgun,54.09,61.14,1,1
2026-07-05,2026-07-05 06:30:07,samedi,regular,['samedi'],Pass Samedi,Shotgun,54.09,61.14,1,1
2026-07-05,2026-07-05 07:38:51,vendredi,regular,['vendredi'],Pass Vendredi,Shotgun,54.09,61.14,1,1
2026-07-05,2026-07-05 07:38:51,vendredi,regular,['vendredi'],Pass Vendredi,Shotgun,54.09,61.14,1,1
2026-07-05,2026-07-05 07:38:51,vendredi,regular,['vendredi'],Pass Vendredi,Shotgun,54.09,61.14,1,1
2026-07-05,2026-07-05 08:11:29,vendredi,regular,['vendredi'],Pass Vendredi,Shotgun,54.09,61.14,1,1
2026-07-05,2026-07-05 08:16:46,2-jours,regular,,Pass 2 Jours,Shotgun,95.0,107.37,1,1
2026-07-05,2026-07-05 08:21:34,2-jours,regular,,Pass 2 Jours,Shotgun,95.0,107.37,1,1
2026-07-05,2026-07-05 09:21:32,vendredi,regular,['vendredi'],Pass Vendredi,Shotgun,54.09,61.14,1,1
2026-07-05,2026-07-05 09:31:12,samedi,regular,['samedi'],Pass Samedi,Shotgun,54.09,61.14,1,1
2026-07-05,2026-07-05 09:31:12,samedi,regular,['samedi'],Pass Samedi,Shotgun,54.09,61.14,1,1
2026-07-05,2026-07-05 09:39:19,vendredi,regular,['vendredi'],Pass Vendredi,Shotgun,54.09,61.14,1,1
2026-07-05,2026-07-05 09:40:30,vendredi,regular,['vendredi'],Pass Vendredi,Shotgun,54.09,61.14,1,1
2026-07-05,2026-07-05 09:58:41,samedi,regular,['samedi'],Pass Samedi,Shotgun,54.09,61.14,1,1
2026-07-05,2026-07-05 09:59:40,samedi,regular,['samedi'],Pass Samedi,Shotgun,54.09,61.14,1,1
2026-07-05,2026-07-05 10:13:24,samedi,regular,['samedi'],Pass Samedi,Shotgun,54.09,61.14,1,1
2026-07-05,2026-07-05 10:13:24,samedi,regular,['samedi'],Pass Samedi,Shotgun,54.09,61.14,1,1
2026-07-05,2026-07-05 10:19:36,2-jours,vip,"['vendredi', 'samedi']",Pass Acces Scene,Shotgun,220.0,248.66,1,1
2026-07-05,2026-07-05 10:49:11,2-jours,regular,,Pass 2 Jours,Shotgun,95.0,107.37,1,1
2026-07-05,2026-07-05 11:23:25,2-jours,regular,,Pass 2 Jours,Shotgun,95.0,107.37,1,1
2026-07-05,2026-07-05 11:24:26,vendredi,regular,['vendredi'],Pass Vendredi,Shotgun,54.09,61.14,1,1
2026-07-05,2026-07-05 11:27:25,samedi,regular,['samedi'],Pass Samedi,Shotgun,54.09,61.14,1,1
2026-07-05,2026-07-05 11:32:17,2-jours,regular,,Pass 2 Jours,Shotgun,95.0,107.37,1,1
2026-07-05,2026-07-05 11:53:42,samedi,regular,['samedi'],Pass Samedi,Shotgun,54.09,61.14,1,1
2026-07-05,2026-07-05 11:55:39,vendredi,regular,['vendredi'],Pass Vendredi,Shotgun,55.0,55.5,1,1
2026-07-05,2026-07-05 11:55:39,vendredi,regular,['vendredi'],Pass Vendredi,Shotgun,55.0,55.5,1,1
2026-07-05,2026-07-05 12:01:43,vendredi,regular,['vendredi'],Pass Vendredi,Shotgun,54.09,61.14,1,1
2026-07-05,2026-07-05 12:01:43,vendredi,regular,['vendredi'],Pass Vendredi,Shotgun,54.09,61.14,1,1
2026-07-05,2026-07-05 12:03:13,vendredi,regular,['vendredi'],Pass Vendredi,Shotgun,54.09,61.14,1,1
2026-07-05,2026-07-05 12:03:13,vendredi,regular,['vendredi'],Pass Vendredi,Shotgun,54.09,61.14,1,1
2026-07-05,2026-07-05 12:06:56,2-jours,regular,,Pass 2 Jours,Shotgun,95.0,107.37,1,1
2026-07-05,2026-07-05 12:11:36,2-jours,regular,,Pass 2 Jours,Shotgun,95.0,107.37,1,1
2026-07-05,2026-07-05 12:31:21,vendredi,regular,['vendredi'],Pass Vendredi,Shotgun,54.09,61.14,1,1
2026-07-05,2026-07-05 12:33:22,2-jours,regular,,Pass 2 Jours,Shotgun,95.0,107.37,1,1
2026-07-05,2026-07-05 12:50:29,2-jours,regular,,Pass 2 Jours,Shotgun,95.0,107.37,1,1
2026-07-05,2026-07-05 13:03:33,samedi,regular,['samedi'],Pass Samedi,Shotgun,54.09,61.14,1,1
2026-07-05,2026-07-05 13:03:44,2-jours,regular,,Pass 2 Jours,Shotgun,95.0,107.37,1,1
2026-07-05,2026-07-05 13:30:41,samedi,regular,['samedi'],Pass Samedi,Shotgun,54.09,61.14,1,1
2026-07-05,2026-07-05 13:31:43,vendredi,regular,['vendredi'],Pass Vendredi,Shotgun,54.09,61.14,1,1
2026-07-05,2026-07-05 13:40:37,samedi,regular,['samedi'],Pass Samedi,Shotgun,54.09,61.14,1,1
2026-07-05,2026-07-05 14:01:44,samedi,regular,['samedi'],Pass Samedi,Shotgun,54.09,61.14,1,1
2026-07-05,2026-07-05 14:02:14,vendredi,regular,['vendredi'],Pass Vendredi,Shotgun,54.09,61.14,1,1
2026-07-05,2026-07-05 14:19:30,2-jours,regular,,Pass 2 Jours,Shotgun,95.0,107.37,1,1
2026-07-05,2026-07-05 14:31:34,samedi,regular,['samedi'],Pass Samedi,Shotgun,54.09,61.14,1,1
2026-07-05,2026-07-05 14:34:58,vendredi,regular,['vendredi'],Pass Vendredi,Shotgun,54.09,61.14,1,1
2026-07-05,2026-07-05 14:34:58,vendredi,regular,['vendredi'],Pass Vendredi,Shotgun,54.09,61.14,1,1
2026-07-05,2026-07-05 14:40:09,vendredi,regular,['vendredi'],Pass Vendredi,Shotgun,54.09,61.14,1,1
2026-07-05,2026-07-05 14:43:40,2-jours,regular,,Pass 2 Jours,Shotgun,95.0,107.37,1,1
2026-07-05,2026-07-05 15:01:05,vendredi,regular,['vendredi'],Pass Vendredi,Shotgun,54.09,61.14,1,1
2026-07-05,2026-07-05 15:01:05,vendredi,regular,['vendredi'],Pass Vendredi,Shotgun,54.09,61.14,1,1
2026-07-05,2026-07-05 15:01:05,vendredi,regular,['vendredi'],Pass Vendredi,Shotgun,54.09,61.14,1,1
2026-07-05,2026-07-05 15:01:05,vendredi,regular,['vendredi'],Pass Vendredi,Shotgun,54.09,61.14,1,1
2026-07-05,2026-07-05 15:07:44,2-jours,regular,,Pass 2 Jours,Shotgun,95.0,107.37,1,1
2026-07-05,2026-07-05 15:16:39,2-jours,regular,,Pass 2 Jours,Shotgun,95.0,107.37,1,1
2026-07-05,2026-07-05 15:18:50,vendredi,regular,['vendredi'],Pass Vendredi,Shotgun,55.0,55.5,1,1
2026-07-05,2026-07-05 15:18:50,vendredi,regular,['vendredi'],Pass Vendredi,Shotgun,55.0,55.5,1,1
2026-07-05,2026-07-05 16:23:02,samedi,regular,['samedi'],Pass Samedi,Shotgun,54.09,61.14,1,1
2026-07-05,2026-07-05 16:23:02,samedi,regular,['samedi'],Pass Samedi,Shotgun,54.09,61.14,1,1
2026-07-05,2026-07-05 16:23:58,samedi,regular,['samedi'],Pass Samedi,Shotgun,54.09,61.14,1,1
2026-07-05,2026-07-05 16:29:56,samedi,regular,['samedi'],Pass Samedi,Shotgun,54.09,61.14,1,1
2026-07-05,2026-07-05 16:38:25,vendredi,regular,['vendredi'],Pass Vendredi,Shotgun,54.09,61.14,1,1
2026-07-05,2026-07-05 16:41:10,2-jours,regular,,Pass 2 Jours,Shotgun,95.0,107.37,1,1
2026-07-05,2026-07-05 16:44:59,2-jours,regular,,Pass 2 Jours,Shotgun,95.0,107.37,1,1
2026-07-05,2026-07-05 17:04:08,2-jours,regular,,Pass 2 Jours,Shotgun,95.0,107.37,1,1
2026-07-05,2026-07-05 17:04:08,2-jours,regular,,Pass 2 Jours,Shotgun,95.0,107.37,1,1
2026-07-05,2026-07-05 17:17:23,samedi,regular,['samedi'],Pass Samedi,Shotgun,54.09,61.14,1,1
2026-07-05,2026-07-05 17:38:55,samedi,regular,['samedi'],Pass Samedi,Shotgun,54.09,61.14,1,1
2026-07-05,2026-07-05 17:38:55,samedi,regular,['samedi'],Pass Samedi,Shotgun,54.09,61.14,1,1
2026-07-05,2026-07-05 17:39:11,vendredi,regular,['vendredi'],Pass Vendredi,Shotgun,54.09,61.14,1,1
2026-07-05,2026-07-05 17:44:49,2-jours,regular,,Pass 2 Jours,Shotgun,95.0,107.37,1,1
2026-07-05,2026-07-05 17:48:23,2-jours,regular,,Pass 2 Jours,Shotgun,95.0,107.37,1,1
2026-07-05,2026-07-05 18:01:55,vendredi,regular,['vendredi'],Pass Vendredi,Shotgun,54.09,61.14,1,1
2026-07-05,2026-07-05 18:15:37,samedi,regular,['samedi'],Pass Samedi,Shotgun,54.09,61.14,1,1
2026-07-05,2026-07-05 18:20:18,vendredi,regular,['vendredi'],Pass Vendredi,Shotgun,54.09,61.14,1,1
2026-07-05,2026-07-05 18:25:51,2-jours,regular,,Pass 2 Jours,Shotgun,95.0,107.37,1,1
2026-07-05,2026-07-05 18:31:53,2-jours,regular,,Pass 2 Jours,Shotgun,95.0,107.37,1,1
2026-07-05,2026-07-05 18:44:32,vendredi,regular,['vendredi'],Pass Vendredi,Shotgun,54.09,61.14,1,1
2026-07-05,2026-07-05 18:46:34,2-jours,regular,,Pass 2 Jours,Shotgun,95.0,107.37,1,1
2026-07-05,2026-07-05 18:52:14,2-jours,regular,,Pass 2 Jours,Shotgun,95.0,107.37,1,1
2026-07-05,2026-07-05 19:02:49,2-jours,regular,,Pass 2 Jours,Shotgun,95.0,107.37,1,1
2026-07-05,2026-07-05 19:09:12,samedi,regular,['samedi'],Pass Samedi,Shotgun,54.09,61.14,1,1
2026-07-05,2026-07-05 19:16:29,2-jours,regular,,Pass 2 Jours,Shotgun,95.0,107.37,1,1
2026-07-05,2026-07-05 19:42:24,vendredi,regular,['vendredi'],Pass Vendredi,Shotgun,54.09,61.14,1,1
2026-07-05,2026-07-05 20:04:19,2-jours,regular,,Pass 2 Jours,Shotgun,95.0,107.37,1,1
2026-07-05,2026-07-05 20:29:57,2-jours,regular,,Pass 2 Jours,Shotgun,95.0,107.37,1,1
2026-07-05,2026-07-05 20:33:07,vendredi,regular,['vendredi'],Pass Vendredi,Shotgun,54.09,61.14,1,1
2026-07-05,2026-07-05 21:01:04,2-jours,regular,,Pass 2 Jours,Shotgun,95.0,107.37,1,1
2026-07-05,2026-07-05 21:01:51,vendredi,regular,['vendredi'],Pass Vendredi,Shotgun,54.09,61.14,1,1
2026-07-05,2026-07-05 21:06:17,vendredi,regular,['vendredi'],Pass Vendredi,Shotgun,54.09,61.14,1,1
2026-07-05,2026-07-05 21:09:41,2-jours,regular,,Pass 2 Jours,Shotgun,95.0,107.37,1,1
2026-07-05,2026-07-05 21:27:06,2-jours,regular,,Pass 2 Jours,Shotgun,95.0,107.37,1,1
2026-07-05,2026-07-05 21:39:05,vendredi,regular,['vendredi'],Pass Vendredi,Shotgun,54.09,61.14,1,1
2026-07-05,2026-07-05 21:39:05,vendredi,regular,['vendredi'],Pass Vendredi,Shotgun,54.09,61.14,1,1
2026-07-05,2026-07-05 22:40:57,2-jours,regular,,Pass 2 Jours,Shotgun,95.0,107.37,1,1
2026-07-05,2026-07-05 22:50:03,2-jours,regular,,Pass 2 Jours,Shotgun,95.0,107.37,1,1
2026-07-05,2026-07-05 23:40:28,vendredi,regular,['vendredi'],Pass Vendredi,Shotgun,54.09,61.14,1,1
2026-07-06,2026-07-06 00:02:54,vendredi,regular,['vendredi'],Pass Vendredi,Shotgun,54.09,61.14,1,1
2026-07-06,2026-07-06 01:16:16,samedi,vip,['samedi'],Pass Acces Scene,Shotgun,120.0,135.63,1,1
2026-07-06,2026-07-06 03:37:46,2-jours,regular,,Pass 2 Jours,Shotgun,95.0,107.37,1,1
2026-07-06,2026-07-06 05:19:44,2-jours,regular,,Pass 2 Jours,Shotgun,95.0,107.37,1,1
2026-07-06,2026-07-06 05:26:24,2-jours,regular,,Pass 2 Jours,Shotgun,95.0,107.37,1,1
2026-07-06,2026-07-06 06:24:35,samedi,regular,['samedi'],Pass Samedi,Shotgun,54.09,61.14,1,1
2026-07-06,2026-07-06 06:25:30,vendredi,regular,['vendredi'],Pass Vendredi,Shotgun,54.09,61.14,1,1
2026-07-06,2026-07-06 06:25:55,samedi,regular,['samedi'],Pass Samedi,Shotgun,54.09,61.14,1,1
2026-07-06,2026-07-06 07:26:46,2-jours,regular,,Pass 2 Jours,Shotgun,95.0,107.37,1,1
2026-07-06,2026-07-06 07:37:36,vendredi,regular,['vendredi'],Pass Vendredi,Shotgun,54.09,61.14,1,1
2026-07-06,2026-07-06 08:23:19,2-jours,regular,,Pass 2 Jours,Shotgun,95.0,107.37,1,1
2026-07-06,2026-07-06 08:58:19,2-jours,regular,,Pass 2 Jours,Shotgun,95.0,107.37,1,1
2026-07-06,2026-07-06 09:25:02,samedi,regular,['samedi'],Pass Samedi,Shotgun,54.09,61.14,1,1
2026-07-06,2026-07-06 09:25:02,samedi,regular,['samedi'],Pass Samedi,Shotgun,54.09,61.14,1,1
2026-07-06,2026-07-06 09:49:59,2-jours,regular,,Pass 2 Jours,Shotgun,95.0,107.37,1,1
2026-07-06,2026-07-06 10:08:25,2-jours,regular,,Pass 2 Jours,Shotgun,95.0,107.37,1,1
2026-07-06,2026-07-06 10:17:29,2-jours,regular,,Pass 2 Jours,Shotgun,95.0,107.37,1,1
2026-07-06,2026-07-06 10:41:49,vendredi,regular,['vendredi'],Pass Vendredi,Shotgun,54.09,61.14,1,1
2026-07-06,2026-07-06 10:49:44,vendredi,regular,['vendredi'],Pass Vendredi,Shotgun,54.09,61.14,1,1
2026-07-06,2026-07-06 11:27:23,samedi,regular,['samedi'],Pass Samedi,Shotgun,55.0,55.5,1,1
2026-07-06,2026-07-06 11:27:23,samedi,regular,['samedi'],Pass Samedi,Shotgun,55.0,55.5,1,1
2026-07-06,2026-07-06 11:54:24,vendredi,regular,['vendredi'],Pass Vendredi,Shotgun,54.09,61.14,1,1
2026-07-06,2026-07-06 12:01:52,2-jours,regular,,Pass 2 Jours,Shotgun,95.0,107.37,1,1
2026-07-06,2026-07-06 12:06:34,2-jours,regular,,Pass 2 Jours,Shotgun,95.0,107.37,1,1
2026-07-06,2026-07-06 12:12:26,vendredi,regular,['vendredi'],Pass Vendredi,Shotgun,54.09,61.14,1,1
2026-07-06,2026-07-06 12:15:15,vendredi,regular,['vendredi'],Pass Vendredi,Shotgun,54.09,61.14,1,1
2026-07-06,2026-07-06 12:15:15,vendredi,regular,['vendredi'],Pass Vendredi,Shotgun,54.09,61.14,1,1
2026-07-06,2026-07-06 12:53:16,samedi,regular,['samedi'],Pass Samedi,Shotgun,54.09,61.14,1,1
2026-07-06,2026-07-06 12:53:40,vendredi,regular,['vendredi'],Pass Vendredi,Shotgun,54.09,61.14,1,1
2026-07-06,2026-07-06 13:03:08,vendredi,regular,['vendredi'],Pass Vendredi,Shotgun,54.09,61.14,1,1
2026-07-06,2026-07-06 13:05:12,samedi,regular,['samedi'],Pass Samedi,Shotgun,54.09,61.14,1,1
2026-07-06,2026-07-06 13:16:35,samedi,regular,['samedi'],Pass Samedi,Shotgun,54.09,61.14,1,1
2026-07-06,2026-07-06 13:16:35,samedi,regular,['samedi'],Pass Samedi,Shotgun,54.09,61.14,1,1
2026-07-06,2026-07-06 13:29:56,samedi,regular,['samedi'],Pass Samedi,Shotgun,54.09,61.14,1,1
2026-07-06,2026-07-06 13:41:22,samedi,regular,['samedi'],Pass Samedi,Shotgun,54.09,61.14,1,1
2026-07-06,2026-07-06 13:47:00,vendredi,regular,['vendredi'],Pass Vendredi,Shotgun,54.09,61.14,1,1
2026-07-06,2026-07-06 14:03:13,2-jours,regular,,Pass 2 Jours,Shotgun,95.0,107.37,1,1
2026-07-06,2026-07-06 14:12:48,2-jours,regular,,Pass 2 Jours,Shotgun,95.0,107.37,1,1
2026-07-06,2026-07-06 14:12:48,2-jours,regular,,Pass 2 Jours,Shotgun,95.0,107.37,1,1
2026-07-06,2026-07-06 15:06:33,samedi,regular,['samedi'],Pass Samedi,Shotgun,54.09,61.14,1,1
2026-07-06,2026-07-06 15:06:33,samedi,regular,['samedi'],Pass Samedi,Shotgun,54.09,61.14,1,1
2026-07-06,2026-07-06 15:31:31,2-jours,regular,,Pass 2 Jours,Shotgun,95.0,107.37,1,1
2026-07-06,2026-07-06 15:46:07,2-jours,regular,,Pass 2 Jours,Shotgun,95.0,107.37,1,1
2026-07-06,2026-07-06 15:50:53,2-jours,regular,,Pass 2 Jours,Shotgun,95.0,107.37,1,1
2026-07-06,2026-07-06 15:50:53,2-jours,regular,,Pass 2 Jours,Shotgun,95.0,107.37,1,1
2026-07-06,2026-07-06 16:11:37,2-jours,regular,,Pass 2 Jours,Shotgun,95.0,107.37,1,1
2026-07-06,2026-07-06 16:57:23,vendredi,regular,['vendredi'],Pass Vendredi,Shotgun,54.09,61.14,1,1
2026-07-06,2026-07-06 17:00:54,samedi,regular,['samedi'],Pass Samedi,Shotgun,54.09,61.14,1,1
2026-07-06,2026-07-06 17:02:09,vendredi,vip,['vendredi'],Pass Acces Scene,Shotgun,120.0,135.63,1,1
2026-07-06,2026-07-06 17:02:27,samedi,regular,['samedi'],Pass Samedi,Shotgun,54.09,61.14,1,1
2026-07-06,2026-07-06 17:02:27,samedi,regular,['samedi'],Pass Samedi,Shotgun,54.09,61.14,1,1
2026-07-06,2026-07-06 17:05:42,samedi,regular,['samedi'],Pass Samedi,Shotgun,54.09,61.14,1,1
2026-07-06,2026-07-06 17:32:45,2-jours,regular,,Pass 2 Jours,Shotgun,95.0,107.37,1,1
2026-07-06,2026-07-06 17:52:26,2-jours,regular,,Pass 2 Jours,Shotgun,95.0,107.37,1,1
2026-07-06,2026-07-06 17:55:06,vendredi,regular,['vendredi'],Pass Vendredi,Shotgun,54.09,61.14,1,1
2026-07-06,2026-07-06 17:55:49,2-jours,regular,,Pass 2 Jours,Shotgun,95.0,107.37,1,1
2026-07-06,2026-07-06 18:10:55,2-jours,regular,,Pass 2 Jours,Shotgun,95.0,107.37,1,1
2026-07-06,2026-07-06 18:14:21,vendredi,regular,['vendredi'],Pass Vendredi,Shotgun,54.09,61.14,1,1
2026-07-06,2026-07-06 18:15:03,2-jours,regular,,Pass 2 Jours,Shotgun,95.0,107.37,1,1
2026-07-06,2026-07-06 18:46:18,vendredi,regular,['vendredi'],Pass Vendredi,Shotgun,54.09,61.14,1,1
2026-07-06,2026-07-06 18:50:51,vendredi,regular,['vendredi'],Pass Vendredi,Shotgun,54.09,61.14,1,1
2026-07-06,2026-07-06 18:50:51,vendredi,regular,['vendredi'],Pass Vendredi,Shotgun,54.09,61.14,1,1
2026-07-06,2026-07-06 19:01:14,2-jours,regular,,Pass 2 Jours,Shotgun,95.0,107.37,1,1
2026-07-06,2026-07-06 19:05:19,samedi,regular,['samedi'],Pass Samedi,Shotgun,54.09,61.14,1,1
2026-07-06,2026-07-06 19:10:37,vendredi,regular,['vendredi'],Pass Vendredi,Shotgun,54.09,61.14,1,1
2026-07-06,2026-07-06 19:29:54,2-jours,regular,,Pass 2 Jours,Shotgun,95.0,107.37,1,1
2026-07-06,2026-07-06 19:56:12,2-jours,regular,,Pass 2 Jours,Shotgun,95.0,107.37,1,1
2026-07-06,2026-07-06 20:50:43,vendredi,regular,['vendredi'],Pass Vendredi,Shotgun,54.09,61.14,1,1
2026-07-06,2026-07-06 20:50:43,vendredi,regular,['vendredi'],Pass Vendredi,Shotgun,54.09,61.14,1,1
2026-07-06,2026-07-06 21:25:39,2-jours,regular,,Pass 2 Jours,Shotgun,95.0,107.37,1,1
2026-07-06,2026-07-06 21:35:05,vendredi,regular,['vendredi'],Pass Vendredi,Shotgun,54.09,61.14,1,1
2026-07-06,2026-07-06 21:39:09,2-jours,regular,,Pass 2 Jours,Shotgun,95.0,107.37,1,1
2026-07-06,2026-07-06 22:03:55,2-jours,regular,,Pass 2 Jours,Shotgun,95.0,107.37,1,1
2026-07-06,2026-07-06 23:36:09,2-jours,regular,,Pass 2 Jours,Shotgun,95.0,107.37,1,1
2026-07-07,2026-07-07 01:59:13,vendredi,regular,['vendredi'],Pass Vendredi,Shotgun,54.09,61.14,1,1
2026-07-07,2026-07-07 02:00:32,vendredi,regular,['vendredi'],Pass Vendredi,Shotgun,54.09,61.14,1,1
2026-07-07,2026-07-07 02:21:55,samedi,regular,['samedi'],Pass Samedi,Shotgun,54.09,61.14,1,1
2026-07-07,2026-07-07 02:21:55,samedi,regular,['samedi'],Pass Samedi,Shotgun,54.09,61.14,1,1
2026-07-07,2026-07-07 05:25:03,samedi,regular,['samedi'],Pass Samedi,Shotgun,54.09,61.14,1,1
2026-07-07,2026-07-07 05:26:22,2-jours,regular,,Pass 2 Jours,Shotgun,95.0,107.37,1,1
2026-07-07,2026-07-07 06:01:47,2-jours,regular,,Pass 2 Jours,Shotgun,95.0,107.37,1,1
2026-07-07,2026-07-07 06:55:25,samedi,regular,['samedi'],Pass Samedi,Shotgun,54.09,61.14,1,1
2026-07-07,2026-07-07 06:55:25,samedi,regular,['samedi'],Pass Samedi,Shotgun,54.09,61.14,1,1
2026-07-07,2026-07-07 07:04:04,2-jours,regular,,Pass 2 Jours,Shotgun,95.0,107.37,1,1
2026-07-07,2026-07-07 09:13:55,samedi,regular,['samedi'],Pass Samedi,Shotgun,54.09,61.14,1,1
2026-07-07,2026-07-07 10:28:31,2-jours,regular,,Pass 2 Jours,Shotgun,95.0,95.5,1,1
2026-07-07,2026-07-07 10:29:13,2-jours,regular,,Pass 2 Jours,Shotgun,95.0,107.37,1,1
2026-07-07,2026-07-07 10:45:41,samedi,regular,['samedi'],Pass Samedi,Shotgun,54.09,61.14,1,1
2026-07-07,2026-07-07 11:04:44,2-jours,regular,,Pass 2 Jours,Shotgun,95.0,107.37,1,1
2026-07-07,2026-07-07 12:29:27,vendredi,regular,['vendredi'],Pass Vendredi,Shotgun,55.0,55.5,1,1
2026-07-07,2026-07-07 12:30:23,samedi,regular,['samedi'],Pass Samedi,Shotgun,54.09,61.14,1,1
2026-07-07,2026-07-07 13:13:49,samedi,regular,['samedi'],Pass Samedi,Shotgun,54.09,61.14,1,1
2026-07-07,2026-07-07 13:13:49,samedi,regular,['samedi'],Pass Samedi,Shotgun,54.09,61.14,1,1
2026-07-07,2026-07-07 13:17:04,2-jours,regular,,Pass 2 Jours,Shotgun,95.0,107.37,1,1
2026-07-07,2026-07-07 13:19:05,2-jours,regular,,Pass 2 Jours,Shotgun,95.0,107.37,1,1
2026-07-07,2026-07-07 13:43:49,samedi,regular,['samedi'],Pass Samedi,Shotgun,54.09,61.14,1,1
2026-07-07,2026-07-07 14:21:37,2-jours,regular,,Pass 2 Jours,Shotgun,95.0,107.37,1,1
2026-07-07,2026-07-07 14:33:38,samedi,regular,['samedi'],Pass Samedi,Shotgun,54.09,61.14,1,1
2026-07-07,2026-07-07 15:04:06,vendredi,regular,['vendredi'],Pass Vendredi,Shotgun,54.09,61.14,1,1
2026-07-07,2026-07-07 15:11:21,2-jours,regular,,Pass 2 Jours,Shotgun,95.0,107.37,1,1
2026-07-07,2026-07-07 15:11:21,2-jours,regular,,Pass 2 Jours,Shotgun,95.0,107.37,1,1
2026-07-07,2026-07-07 15:24:03,vendredi,regular,['vendredi'],Pass Vendredi,Shotgun,54.09,61.14,1,1
2026-07-07,2026-07-07 15:48:21,vendredi,regular,['vendredi'],Pass Vendredi,Shotgun,54.09,61.14,1,1
2026-07-07,2026-07-07 15:50:42,samedi,regular,['samedi'],Pass Samedi,Shotgun,54.09,61.14,1,1
2026-07-07,2026-07-07 15:50:42,samedi,regular,['samedi'],Pass Samedi,Shotgun,54.09,61.14,1,1
2026-07-07,2026-07-07 16:29:21,samedi,regular,['samedi'],Pass Samedi,Shotgun,54.09,61.14,1,1
2026-07-07,2026-07-07 16:31:39,2-jours,regular,,Pass 2 Jours,Shotgun,95.0,107.37,1,1
2026-07-07,2026-07-07 16:32:50,2-jours,regular,,Pass 2 Jours,Shotgun,95.0,107.37,1,1
2026-07-07,2026-07-07 16:36:44,samedi,regular,['samedi'],Pass Samedi,Shotgun,54.09,61.14,1,1
2026-07-07,2026-07-07 16:36:44,samedi,regular,['samedi'],Pass Samedi,Shotgun,54.09,61.14,1,1
2026-07-07,2026-07-07 16:43:49,2-jours,regular,,Pass 2 Jours,Shotgun,95.0,107.37,1,1
2026-07-07,2026-07-07 16:43:58,2-jours,regular,,Pass 2 Jours,Shotgun,95.0,107.37,1,1
2026-07-07,2026-07-07 16:52:57,samedi,regular,['samedi'],Pass Samedi,Shotgun,54.09,61.14,1,1
2026-07-07,2026-07-07 16:58:00,2-jours,regular,,Pass 2 Jours,Shotgun,95.0,107.37,1,1
2026-07-07,2026-07-07 17:17:20,vendredi,regular,['vendredi'],Pass Vendredi,Shotgun,54.09,61.14,1,1
2026-07-07,2026-07-07 17:41:52,2-jours,regular,,Pass 2 Jours,Shotgun,95.0,107.37,1,1
2026-07-07,2026-07-07 18:15:01,2-jours,regular,,Pass 2 Jours,Shotgun,95.0,107.37,1,1
2026-07-07,2026-07-07 18:30:37,2-jours,regular,,Pass 2 Jours,Shotgun,95.0,107.37,1,1
2026-07-07,2026-07-07 18:32:01,2-jours,regular,,Pass 2 Jours,Shotgun,95.0,107.37,1,1
2026-07-07,2026-07-07 18:32:46,2-jours,regular,,Pass 2 Jours,Shotgun,95.0,107.37,1,1
2026-07-07,2026-07-07 18:32:46,2-jours,regular,,Pass 2 Jours,Shotgun,95.0,107.37,1,1
2026-07-07,2026-07-07 18:38:37,vendredi,regular,['vendredi'],Pass Vendredi,Shotgun,54.09,61.14,1,1
2026-07-07,2026-07-07 18:56:23,2-jours,regular,,Pass 2 Jours,Shotgun,95.0,107.37,1,1
2026-07-07,2026-07-07 19:01:43,2-jours,regular,,Pass 2 Jours,Shotgun,95.0,107.37,1,1
2026-07-07,2026-07-07 19:10:21,2-jours,vip,"['vendredi', 'samedi']",Pass Acces Scene,Shotgun,220.0,248.66,1,1
2026-07-07,2026-07-07 19:13:28,2-jours,regular,,Pass 2 Jours,Shotgun,95.0,107.37,1,1
2026-07-07,2026-07-07 19:14:12,2-jours,regular,,Pass 2 Jours,Shotgun,95.0,107.37,1,1
2026-07-07,2026-07-07 19:21:11,vendredi,regular,['vendredi'],Pass Vendredi,Shotgun,54.09,61.14,1,1
2026-07-07,2026-07-07 19:34:45,2-jours,regular,,Pass 2 Jours,Shotgun,95.0,107.37,1,1
2026-07-07,2026-07-07 19:39:38,vendredi,regular,['vendredi'],Pass Vendredi,Shotgun,54.09,61.14,1,1
2026-07-07,2026-07-07 19:52:29,2-jours,regular,,Pass 2 Jours,Shotgun,95.0,107.37,1,1
2026-07-07,2026-07-07 20:00:53,2-jours,vip,"['vendredi', 'samedi']",Pass Acces Scene,Shotgun,220.0,248.66,1,1
2026-07-07,2026-07-07 20:01:17,2-jours,regular,,Pass 2 Jours,Shotgun,95.0,107.37,1,1
2026-07-07,2026-07-07 20:03:48,samedi,regular,['samedi'],Pass Samedi,Shotgun,54.09,61.14,1,1
2026-07-07,2026-07-07 20:09:36,2-jours,regular,,Pass 2 Jours,Shotgun,95.0,107.37,1,1
2026-07-07,2026-07-07 20:26:12,2-jours,regular,,Pass 2 Jours,Shotgun,95.0,107.37,1,1
2026-07-07,2026-07-07 20:37:09,2-jours,regular,,Pass 2 Jours,Shotgun,95.0,107.37,1,1
2026-07-07,2026-07-07 21:01:04,vendredi,regular,['vendredi'],Pass Vendredi,Shotgun,54.09,61.14,1,1
2026-07-07,2026-07-07 21:04:44,vendredi,regular,['vendredi'],Pass Vendredi,Shotgun,54.09,61.14,1,1
2026-07-07,2026-07-07 21:04:44,vendredi,regular,['vendredi'],Pass Vendredi,Shotgun,54.09,61.14,1,1
2026-07-07,2026-07-07 21:17:17,2-jours,regular,,Pass 2 Jours,Shotgun,95.0,107.37,1,1
2026-07-07,2026-07-07 21:17:56,2-jours,regular,,Pass 2 Jours,Shotgun,95.0,107.37,1,1
2026-07-07,2026-07-07 21:26:02,vendredi,regular,['vendredi'],Pass Vendredi,Shotgun,54.09,61.14,1,1
2026-07-07,2026-07-07 21:26:02,vendredi,regular,['vendredi'],Pass Vendredi,Shotgun,54.09,61.14,1,1
2026-07-07,2026-07-07 22:24:12,samedi,regular,['samedi'],Pass Samedi,Shotgun,54.09,61.14,1,1
2026-07-07,2026-07-07 22:32:39,2-jours,regular,,Pass 2 Jours,Shotgun,95.0,107.37,1,1
2026-07-08,2026-07-08 03:43:06,samedi,regular,['samedi'],Pass Samedi,Shotgun,54.09,61.14,1,1
2026-07-08,2026-07-08 05:49:57,vendredi,regular,['vendredi'],Pass Vendredi,Shotgun,54.09,61.14,1,1
2026-07-08,2026-07-08 09:00:02,vendredi,regular,['vendredi'],Pass Vendredi,Shotgun,54.09,61.14,1,1
2026-07-08,2026-07-08 09:02:35,vendredi,regular,['vendredi'],Pass Vendredi,Shotgun,54.09,61.14,1,1
2026-07-08,2026-07-08 09:15:07,samedi,regular,['samedi'],Pass Samedi,Shotgun,54.09,61.14,1,1
2026-07-08,2026-07-08 09:15:07,samedi,regular,['samedi'],Pass Samedi,Shotgun,54.09,61.14,1,1
2026-07-08,2026-07-08 09:19:54,2-jours,regular,,Pass 2 Jours,Shotgun,95.0,107.37,1,1
2026-07-08,2026-07-08 10:03:11,vendredi,regular,['vendredi'],Pass Vendredi,Shotgun,55.0,55.5,1,1
2026-07-08,2026-07-08 10:03:11,vendredi,regular,['vendredi'],Pass Vendredi,Shotgun,55.0,55.5,1,1
2026-07-08,2026-07-08 10:19:44,2-jours,regular,,Pass 2 Jours,Shotgun,95.0,107.37,1,1
2026-07-08,2026-07-08 10:37:45,samedi,regular,['samedi'],Pass Samedi,Shotgun,54.09,61.14,1,1
2026-07-08,2026-07-08 10:59:52,2-jours,regular,,Pass 2 Jours,Shotgun,95.0,107.37,1,1
2026-07-08,2026-07-08 11:00:12,samedi,regular,['samedi'],Pass Samedi,Shotgun,54.09,61.14,1,1
2026-07-08,2026-07-08 11:00:52,vendredi,regular,['vendredi'],Pass Vendredi,Shotgun,54.09,61.14,1,1
2026-07-08,2026-07-08 11:00:52,vendredi,regular,['vendredi'],Pass Vendredi,Shotgun,54.09,61.14,1,1
2026-07-08,2026-07-08 11:00:52,vendredi,regular,['vendredi'],Pass Vendredi,Shotgun,54.09,61.14,1,1
2026-07-08,2026-07-08 11:02:03,samedi,regular,['samedi'],Pass Samedi,Shotgun,54.09,61.14,1,1
2026-07-08,2026-07-08 11:13:40,vendredi,regular,['vendredi'],Pass Vendredi,Shotgun,54.09,61.14,1,1
2026-07-08,2026-07-08 11:16:34,2-jours,regular,,Pass 2 Jours,Shotgun,95.0,107.37,1,1
2026-07-08,2026-07-08 11:45:34,vendredi,regular,['vendredi'],Pass Vendredi,Shotgun,54.09,61.14,1,1
2026-07-08,2026-07-08 12:02:59,vendredi,regular,['vendredi'],Pass Vendredi,Shotgun,54.09,61.14,1,1
2026-07-08,2026-07-08 12:23:38,vendredi,regular,['vendredi'],Pass Vendredi,Shotgun,54.09,61.14,1,1
2026-07-08,2026-07-08 12:23:38,vendredi,regular,['vendredi'],Pass Vendredi,Shotgun,54.09,61.14,1,1
2026-07-08,2026-07-08 12:23:38,vendredi,regular,['vendredi'],Pass Vendredi,Shotgun,54.09,61.14,1,1
2026-07-08,2026-07-08 12:23:38,vendredi,regular,['vendredi'],Pass Vendredi,Shotgun,54.09,61.14,1,1
2026-07-08,2026-07-08 12:45:21,2-jours,regular,,Pass 2 Jours,Shotgun,95.0,107.37,1,1
2026-07-08,2026-07-08 12:55:10,2-jours,regular,,Pass 2 Jours,Shotgun,95.0,107.37,1,1
2026-07-08,2026-07-08 12:55:10,2-jours,regular,,Pass 2 Jours,Shotgun,95.0,107.37,1,1
2026-07-08,2026-07-08 13:01:18,2-jours,regular,,Pass 2 Jours,Shotgun,95.0,107.37,1,1
2026-07-08,2026-07-08 13:56:19,vendredi,regular,['vendredi'],Pass Vendredi,Shotgun,54.09,61.14,1,1
2026-07-08,2026-07-08 16:42:22,vendredi,regular,['vendredi'],Pass Vendredi,Shotgun,54.09,61.14,1,1
2026-07-08,2026-07-08 16:49:09,2-jours,regular,,Pass 2 Jours,Shotgun,95.0,107.37,1,1
2026-07-08,2026-07-08 16:49:09,2-jours,regular,,Pass 2 Jours,Shotgun,95.0,107.37,1,1
2026-07-08,2026-07-08 17:05:31,vendredi,regular,['vendredi'],Pass Vendredi,Shotgun,54.09,61.14,1,1
2026-07-08,2026-07-08 17:21:44,vendredi,regular,['vendredi'],Pass Vendredi,Shotgun,54.09,61.14,1,1
2026-07-08,2026-07-08 17:24:58,2-jours,regular,,Pass 2 Jours,Shotgun,95.0,107.37,1,1
2026-07-08,2026-07-08 17:45:00,2-jours,regular,,Pass 2 Jours,Shotgun,95.0,107.37,1,1
2026-07-08,2026-07-08 17:48:03,2-jours,regular,,Pass 2 Jours,Shotgun,95.0,107.37,1,1
2026-07-08,2026-07-08 17:52:13,2-jours,regular,,Pass 2 Jours,Shotgun,95.0,107.37,1,1
2026-07-08,2026-07-08 17:53:31,vendredi,regular,['vendredi'],Pass Vendredi,Shotgun,54.09,61.14,1,1
2026-07-08,2026-07-08 18:09:40,2-jours,regular,,Pass 2 Jours,Shotgun,95.0,107.37,1,1
2026-07-08,2026-07-08 18:25:56,2-jours,regular,,Pass 2 Jours,Shotgun,95.0,107.37,1,1
2026-07-08,2026-07-08 18:49:46,vendredi,regular,['vendredi'],Pass Vendredi,Shotgun,54.09,61.14,1,1
2026-07-08,2026-07-08 18:55:49,samedi,regular,['samedi'],Pass Samedi,Shotgun,54.09,61.14,1,1
2026-07-08,2026-07-08 19:13:27,samedi,regular,['samedi'],Pass Samedi,Shotgun,54.09,61.14,1,1
2026-07-08,2026-07-08 20:12:21,2-jours,regular,,Pass 2 Jours,Shotgun,95.0,107.37,1,1
2026-07-08,2026-07-08 20:17:00,vendredi,regular,['vendredi'],Pass Vendredi,Shotgun,54.09,61.14,1,1
2026-07-08,2026-07-08 20:23:31,2-jours,regular,,Pass 2 Jours,Shotgun,95.0,107.37,1,1
2026-07-08,2026-07-08 20:25:38,samedi,regular,['samedi'],Pass Samedi,Shotgun,54.09,61.14,1,1
2026-07-08,2026-07-08 20:28:22,vendredi,regular,['vendredi'],Pass Vendredi,Shotgun,54.09,61.14,1,1
2026-07-08,2026-07-08 20:29:01,samedi,regular,['samedi'],Pass Samedi,Shotgun,54.09,61.14,1,1
2026-07-08,2026-07-08 20:29:01,samedi,regular,['samedi'],Pass Samedi,Shotgun,54.09,61.14,1,1
2026-07-08,2026-07-08 20:38:47,2-jours,regular,,Pass 2 Jours,Shotgun,95.0,107.37,1,1
2026-07-08,2026-07-08 20:44:06,vendredi,regular,['vendredi'],Pass Vendredi,Shotgun,54.09,61.14,1,1
2026-07-08,2026-07-08 20:52:32,samedi,regular,['samedi'],Pass Samedi,Shotgun,54.09,61.14,1,1
2026-07-08,2026-07-08 21:04:15,vendredi,vip,['vendredi'],Pass Acces Scene,Shotgun,120.0,135.63,1,1
2026-07-08,2026-07-08 21:21:19,samedi,regular,['samedi'],Pass Samedi,Shotgun,54.09,61.14,1,1
2026-07-08,2026-07-08 21:58:24,samedi,regular,['samedi'],Pass Samedi,Shotgun,54.09,61.14,1,1
2026-07-08,2026-07-08 22:04:36,2-jours,regular,,Pass 2 Jours,Shotgun,95.0,95.5,1,1
2026-07-08,2026-07-08 22:04:56,2-jours,regular,,Pass 2 Jours,Shotgun,95.0,95.5,1,1
2026-07-08,2026-07-08 22:12:00,vendredi,regular,['vendredi'],Pass Vendredi,Shotgun,54.09,61.14,1,1
2026-07-08,2026-07-08 22:12:00,vendredi,regular,['vendredi'],Pass Vendredi,Shotgun,54.09,61.14,1,1
2026-07-08,2026-07-08 22:38:58,2-jours,regular,,Pass 2 Jours,Shotgun,95.0,95.5,1,1
2026-07-08,2026-07-08 23:08:04,vendredi,regular,['vendredi'],Pass Vendredi,Shotgun,54.09,61.14,1,1
2026-07-09,2026-07-09 00:45:48,2-jours,regular,,Pass 2 Jours,Shotgun,95.0,107.37,1,1
2026-07-09,2026-07-09 03:48:48,samedi,regular,['samedi'],Pass Samedi,Shotgun,54.09,61.14,1,1
2026-07-09,2026-07-09 03:48:48,samedi,regular,['samedi'],Pass Samedi,Shotgun,54.09,61.14,1,1
2026-07-09,2026-07-09 03:48:48,samedi,regular,['samedi'],Pass Samedi,Shotgun,54.09,61.14,1,1
2026-07-09,2026-07-09 05:27:41,samedi,regular,['samedi'],Pass Samedi,Shotgun,54.09,61.14,1,1
2026-07-09,2026-07-09 05:33:31,samedi,regular,['samedi'],Pass Samedi,Shotgun,54.09,61.14,1,1
2026-07-09,2026-07-09 06:53:40,2-jours,regular,,Pass 2 Jours,Shotgun,95.0,107.37,1,1
2026-07-09,2026-07-09 08:19:12,samedi,regular,['samedi'],Pass Samedi,Shotgun,54.09,61.14,1,1
2026-07-09,2026-07-09 08:19:12,samedi,regular,['samedi'],Pass Samedi,Shotgun,54.09,61.14,1,1
2026-07-09,2026-07-09 08:34:57,vendredi,regular,['vendredi'],Pass Vendredi,Shotgun,54.09,61.14,1,1
2026-07-09,2026-07-09 08:34:57,vendredi,regular,['vendredi'],Pass Vendredi,Shotgun,54.09,61.14,1,1
2026-07-09,2026-07-09 08:53:20,vendredi,regular,['vendredi'],Pass Vendredi,Shotgun,54.09,61.14,1,1
2026-07-09,2026-07-09 09:44:17,samedi,regular,['samedi'],Pass Samedi,Shotgun,54.09,61.14,1,1
2026-07-09,2026-07-09 10:13:28,2-jours,regular,,Pass 2 Jours,Shotgun,95.0,107.37,1,1
2026-07-09,2026-07-09 10:13:42,2-jours,regular,,Pass 2 Jours,Shotgun,95.0,107.37,1,1
2026-07-09,2026-07-09 10:34:12,samedi,regular,['samedi'],Pass Samedi,Shotgun,54.09,61.14,1,1
2026-07-09,2026-07-09 10:34:12,samedi,regular,['samedi'],Pass Samedi,Shotgun,54.09,61.14,1,1
2026-07-09,2026-07-09 10:42:32,2-jours,regular,,Pass 2 Jours,Shotgun,95.0,107.37,1,1
2026-07-09,2026-07-09 10:58:39,2-jours,regular,,Pass 2 Jours,Shotgun,95.0,107.37,1,1
2026-07-09,2026-07-09 11:34:51,samedi,regular,['samedi'],Pass Samedi,Shotgun,54.09,61.14,1,1
2026-07-09,2026-07-09 11:45:24,vendredi,regular,['vendredi'],Pass Vendredi,Shotgun,54.09,61.14,1,1
2026-07-09,2026-07-09 11:53:16,vendredi,regular,['vendredi'],Pass Vendredi,Shotgun,54.09,61.14,1,1
2026-07-09,2026-07-09 11:56:07,vendredi,regular,['vendredi'],Pass Vendredi,Shotgun,54.09,61.14,1,1
2026-07-09,2026-07-09 11:56:07,vendredi,regular,['vendredi'],Pass Vendredi,Shotgun,54.09,61.14,1,1
2026-07-09,2026-07-09 11:57:06,2-jours,regular,,Pass 2 Jours,Shotgun,95.0,107.37,1,1
2026-07-09,2026-07-09 11:59:20,2-jours,regular,,Pass 2 Jours,Shotgun,95.0,107.37,1,1
2026-07-09,2026-07-09 12:00:45,2-jours,regular,,Pass 2 Jours,Shotgun,95.0,107.37,1,1
2026-07-09,2026-07-09 12:03:44,2-jours,regular,,Pass 2 Jours,Shotgun,95.0,107.37,1,1
2026-07-09,2026-07-09 12:03:46,2-jours,regular,,Pass 2 Jours,Shotgun,95.0,107.37,1,1
2026-07-09,2026-07-09 12:05:19,2-jours,regular,,Pass 2 Jours,Shotgun,95.0,107.37,1,1
2026-07-09,2026-07-09 12:08:18,2-jours,regular,,Pass 2 Jours,Shotgun,95.0,107.37,1,1
2026-07-09,2026-07-09 12:08:18,2-jours,regular,,Pass 2 Jours,Shotgun,95.0,107.37,1,1
2026-07-09,2026-07-09 12:10:50,samedi,regular,['samedi'],Pass Samedi,Shotgun,54.09,61.14,1,1
2026-07-09,2026-07-09 12:11:40,2-jours,regular,,Pass 2 Jours,Shotgun,95.0,107.37,1,1
2026-07-09,2026-07-09 12:11:49,2-jours,regular,,Pass 2 Jours,Shotgun,95.0,107.37,1,1
2026-07-09,2026-07-09 12:14:28,samedi,regular,['samedi'],Pass Samedi,Shotgun,54.09,61.14,1,1
2026-07-09,2026-07-09 12:19:09,samedi,regular,['samedi'],Pass Samedi,Shotgun,54.09,61.14,1,1
2026-07-09,2026-07-09 12:22:27,2-jours,regular,,Pass 2 Jours,Shotgun,95.0,107.37,1,1
2026-07-09,2026-07-09 12:23:02,2-jours,regular,,Pass 2 Jours,Shotgun,95.0,107.37,1,1
2026-07-09,2026-07-09 12:24:23,2-jours,regular,,Pass 2 Jours,Shotgun,95.0,107.37,1,1
2026-07-09,2026-07-09 12:24:58,samedi,regular,['samedi'],Pass Samedi,Shotgun,54.09,61.14,1,1
2026-07-09,2026-07-09 12:28:45,samedi,regular,['samedi'],Pass Samedi,Shotgun,54.09,61.14,1,1
2026-07-09,2026-07-09 12:30:40,2-jours,regular,,Pass 2 Jours,Shotgun,95.0,107.37,1,1
2026-07-09,2026-07-09 12:36:56,samedi,regular,['samedi'],Pass Samedi,Shotgun,54.09,61.14,1,1
2026-07-09,2026-07-09 12:37:49,samedi,regular,['samedi'],Pass Samedi,Shotgun,54.09,61.14,1,1
2026-07-09,2026-07-09 12:48:28,2-jours,regular,,Pass 2 Jours,Shotgun,95.0,107.37,1,1
2026-07-09,2026-07-09 12:48:30,vendredi,regular,['vendredi'],Pass Vendredi,Shotgun,54.09,61.14,1,1
2026-07-09,2026-07-09 12:50:52,samedi,regular,['samedi'],Pass Samedi,Shotgun,54.09,61.14,1,1
2026-07-09,2026-07-09 12:52:33,2-jours,regular,,Pass 2 Jours,Shotgun,95.0,107.37,1,1
2026-07-09,2026-07-09 12:52:41,vendredi,regular,['vendredi'],Pass Vendredi,Shotgun,54.09,61.14,1,1
2026-07-09,2026-07-09 12:53:12,2-jours,regular,,Pass 2 Jours,Shotgun,95.0,107.37,1,1
2026-07-09,2026-07-09 13:01:32,2-jours,regular,,Pass 2 Jours,Shotgun,95.0,107.37,1,1
2026-07-09,2026-07-09 13:03:39,2-jours,regular,,Pass 2 Jours,Shotgun,95.0,107.37,1,1
2026-07-09,2026-07-09 13:04:30,vendredi,regular,['vendredi'],Pass Vendredi,Shotgun,54.09,61.14,1,1
2026-07-09,2026-07-09 13:10:05,vendredi,regular,['vendredi'],Pass Vendredi,Shotgun,54.09,61.14,1,1
2026-07-09,2026-07-09 13:18:59,vendredi,regular,['vendredi'],Pass Vendredi,Shotgun,54.09,61.14,1,1
2026-07-09,2026-07-09 13:23:44,vendredi,regular,['vendredi'],Pass Vendredi,Shotgun,54.09,61.14,1,1
2026-07-09,2026-07-09 13:23:44,samedi,regular,['samedi'],Pass Samedi,Shotgun,54.09,61.14,1,1
2026-07-09,2026-07-09 13:24:49,vendredi,regular,['vendredi'],Pass Vendredi,Shotgun,54.09,61.14,1,1
2026-07-09,2026-07-09 13:27:22,2-jours,regular,,Pass 2 Jours,Shotgun,95.0,107.37,1,1
2026-07-09,2026-07-09 13:30:51,vendredi,regular,['vendredi'],Pass Vendredi,Shotgun,54.09,61.14,1,1
2026-07-09,2026-07-09 13:30:51,vendredi,regular,['vendredi'],Pass Vendredi,Shotgun,54.09,61.14,1,1
2026-07-09,2026-07-09 13:31:04,2-jours,regular,,Pass 2 Jours,Shotgun,95.0,107.37,1,1
2026-07-09,2026-07-09 13:31:30,2-jours,regular,,Pass 2 Jours,Shotgun,95.0,107.37,1,1
2026-07-09,2026-07-09 13:33:08,samedi,regular,['samedi'],Pass Samedi,Shotgun,54.09,61.14,1,1
2026-07-09,2026-07-09 13:37:32,samedi,regular,['samedi'],Pass Samedi,Shotgun,54.09,61.14,1,1
2026-07-09,2026-07-09 13:39:34,vendredi,regular,['vendredi'],Pass Vendredi,Shotgun,54.09,61.14,1,1
2026-07-09,2026-07-09 13:49:32,2-jours,regular,,Pass 2 Jours,Shotgun,95.0,107.37,1,1
2026-07-09,2026-07-09 13:50:21,2-jours,regular,,Pass 2 Jours,Shotgun,95.0,107.37,1,1
2026-07-09,2026-07-09 14:01:00,2-jours,regular,,Pass 2 Jours,Shotgun,95.0,107.37,1,1
2026-07-09,2026-07-09 14:05:30,samedi,regular,['samedi'],Pass Samedi,Shotgun,54.09,61.14,1,1
2026-07-09,2026-07-09 14:18:00,2-jours,regular,,Pass 2 Jours,Shotgun,95.0,107.37,1,1
2026-07-09,2026-07-09 14:20:48,samedi,regular,['samedi'],Pass Samedi,Shotgun,54.09,61.14,1,1
2026-07-09,2026-07-09 14:21:15,vendredi,regular,['vendredi'],Pass Vendredi,Shotgun,54.09,61.14,1,1
2026-07-09,2026-07-09 14:21:15,vendredi,regular,['vendredi'],Pass Vendredi,Shotgun,54.09,61.14,1,1
2026-07-09,2026-07-09 14:21:45,samedi,regular,['samedi'],Pass Samedi,Shotgun,54.09,61.14,1,1
2026-07-09,2026-07-09 14:22:22,2-jours,regular,,Pass 2 Jours,Shotgun,95.0,107.37,1,1
2026-07-09,2026-07-09 14:23:13,samedi,regular,['samedi'],Pass Samedi,Shotgun,54.09,61.14,1,1
2026-07-09,2026-07-09 14:24:05,2-jours,regular,,Pass 2 Jours,Shotgun,95.0,107.37,1,1
2026-07-09,2026-07-09 14:27:43,2-jours,regular,,Pass 2 Jours,Shotgun,95.0,107.37,1,1
2026-07-09,2026-07-09 14:32:29,2-jours,regular,,Pass 2 Jours,Shotgun,95.0,107.37,1,1
2026-07-09,2026-07-09 15:03:21,samedi,regular,['samedi'],Pass Samedi,Shotgun,54.09,61.14,1,1
2026-07-09,2026-07-09 15:04:50,vendredi,regular,['vendredi'],Pass Vendredi,Shotgun,54.09,61.14,1,1
2026-07-09,2026-07-09 15:05:15,vendredi,regular,['vendredi'],Pass Vendredi,Shotgun,54.09,61.14,1,1
2026-07-09,2026-07-09 15:10:03,2-jours,regular,,Pass 2 Jours,Shotgun,95.0,107.37,1,1
2026-07-09,2026-07-09 15:11:01,2-jours,regular,,Pass 2 Jours,Shotgun,95.0,107.37,1,1
2026-07-09,2026-07-09 15:14:15,vendredi,regular,['vendredi'],Pass Vendredi,Shotgun,55.0,55.5,1,1
2026-07-09,2026-07-09 15:14:15,vendredi,regular,['vendredi'],Pass Vendredi,Shotgun,55.0,55.5,1,1
2026-07-09,2026-07-09 15:22:20,2-jours,regular,,Pass 2 Jours,Shotgun,95.0,107.37,1,1
2026-07-09,2026-07-09 15:25:39,vendredi,regular,['vendredi'],Pass Vendredi,Shotgun,54.09,61.14,1,1
2026-07-09,2026-07-09 15:33:32,2-jours,regular,,Pass 2 Jours,Shotgun,100.0,113.03,1,1
2026-07-09,2026-07-09 15:34:04,2-jours,regular,,Pass 2 Jours,Shotgun,95.0,107.37,1,1
2026-07-09,2026-07-09 15:34:33,vendredi,regular,['vendredi'],Pass Vendredi,Shotgun,54.09,61.14,1,1
2026-07-09,2026-07-09 15:37:00,vendredi,regular,['vendredi'],Pass Vendredi,Shotgun,54.09,61.14,1,1
2026-07-09,2026-07-09 15:37:00,vendredi,regular,['vendredi'],Pass Vendredi,Shotgun,54.09,61.14,1,1
2026-07-09,2026-07-09 15:40:39,2-jours,regular,,Pass 2 Jours,Shotgun,95.0,107.37,1,1
2026-07-09,2026-07-09 15:43:19,vendredi,regular,['vendredi'],Pass Vendredi,Shotgun,54.09,61.14,1,1
2026-07-09,2026-07-09 15:46:31,2-jours,regular,,Pass 2 Jours,Shotgun,95.0,107.37,1,1
2026-07-09,2026-07-09 15:47:28,2-jours,regular,,Pass 2 Jours,Shotgun,95.0,107.37,1,1
2026-07-09,2026-07-09 16:01:05,samedi,regular,['samedi'],Pass Samedi,Shotgun,54.09,61.14,1,1
2026-07-09,2026-07-09 16:01:46,vendredi,regular,['vendredi'],Pass Vendredi,Shotgun,54.09,61.14,1,1
2026-07-09,2026-07-09 16:02:04,samedi,regular,['samedi'],Pass Samedi,Shotgun,54.09,61.14,1,1
2026-07-09,2026-07-09 16:03:33,vendredi,regular,['vendredi'],Pass Vendredi,Shotgun,54.09,61.14,1,1
2026-07-09,2026-07-09 16:04:16,vendredi,regular,['vendredi'],Pass Vendredi,Shotgun,54.09,61.14,1,1
2026-07-09,2026-07-09 16:05:08,samedi,regular,['samedi'],Pass Samedi,Shotgun,54.09,61.14,1,1
2026-07-09,2026-07-09 16:11:53,2-jours,regular,,Pass 2 Jours,Shotgun,95.0,107.37,1,1
2026-07-09,2026-07-09 16:16:41,2-jours,regular,,Pass 2 Jours,Shotgun,95.0,107.37,1,1
2026-07-09,2026-07-09 16:20:19,samedi,regular,['samedi'],Pass Samedi,Shotgun,54.09,61.14,1,1
2026-07-09,2026-07-09 16:21:46,samedi,regular,['samedi'],Pass Samedi,Shotgun,54.09,61.14,1,1
2026-07-09,2026-07-09 16:29:02,2-jours,regular,,Pass 2 Jours,Shotgun,95.0,107.37,1,1
2026-07-09,2026-07-09 16:32:25,samedi,regular,['samedi'],Pass Samedi,Shotgun,54.09,61.14,1,1
2026-07-09,2026-07-09 16:32:25,samedi,regular,['samedi'],Pass Samedi,Shotgun,54.09,61.14,1,1
2026-07-09,2026-07-09 16:32:27,samedi,regular,['samedi'],Pass Samedi,Shotgun,54.09,61.14,1,1
2026-07-09,2026-07-09 16:35:45,2-jours,regular,,Pass 2 Jours,Shotgun,95.0,107.37,1,1
2026-07-09,2026-07-09 16:36:17,samedi,regular,['samedi'],Pass Samedi,Shotgun,54.09,61.14,1,1
2026-07-09,2026-07-09 16:36:17,samedi,regular,['samedi'],Pass Samedi,Shotgun,54.09,61.14,1,1
2026-07-09,2026-07-09 16:44:16,2-jours,regular,,Pass 2 Jours,Shotgun,95.0,107.37,1,1
2026-07-09,2026-07-09 16:46:47,2-jours,regular,,Pass 2 Jours,Shotgun,95.0,107.37,1,1
2026-07-09,2026-07-09 16:53:46,vendredi,regular,['vendredi'],Pass Vendredi,Shotgun,54.09,61.14,1,1
2026-07-09,2026-07-09 16:53:46,vendredi,regular,['vendredi'],Pass Vendredi,Shotgun,54.09,61.14,1,1
2026-07-09,2026-07-09 16:55:05,2-jours,regular,,Pass 2 Jours,Shotgun,95.0,107.37,1,1
2026-07-09,2026-07-09 16:59:37,2-jours,regular,,Pass 2 Jours,Shotgun,95.0,107.37,1,1
2026-07-09,2026-07-09 17:21:51,samedi,regular,['samedi'],Pass Samedi,Shotgun,54.09,61.14,1,1
2026-07-09,2026-07-09 17:25:30,2-jours,regular,,Pass 2 Jours,Shotgun,95.0,107.37,1,1
2026-07-09,2026-07-09 17:33:05,2-jours,regular,,Pass 2 Jours,Shotgun,95.0,107.37,1,1
2026-07-09,2026-07-09 17:35:03,vendredi,regular,['vendredi'],Pass Vendredi,Shotgun,54.09,61.14,1,1
2026-07-09,2026-07-09 17:35:25,vendredi,regular,['vendredi'],Pass Vendredi,Shotgun,54.09,61.14,1,1
2026-07-09,2026-07-09 17:36:33,vendredi,regular,['vendredi'],Pass Vendredi,Shotgun,54.09,61.14,1,1
2026-07-09,2026-07-09 17:37:48,2-jours,regular,,Pass 2 Jours,Shotgun,95.0,107.37,1,1
2026-07-09,2026-07-09 17:39:09,vendredi,regular,['vendredi'],Pass Vendredi,Shotgun,54.09,61.14,1,1
2026-07-09,2026-07-09 17:41:27,vendredi,regular,['vendredi'],Pass Vendredi,Shotgun,54.09,61.14,1,1
2026-07-09,2026-07-09 17:44:38,vendredi,regular,['vendredi'],Pass Vendredi,Shotgun,54.09,61.14,1,1
2026-07-09,2026-07-09 17:47:05,2-jours,regular,,Pass 2 Jours,Shotgun,95.0,107.37,1,1
2026-07-09,2026-07-09 17:48:08,2-jours,regular,,Pass 2 Jours,Shotgun,95.0,107.37,1,1
2026-07-09,2026-07-09 17:51:04,vendredi,regular,['vendredi'],Pass Vendredi,Shotgun,54.09,61.14,1,1
2026-07-09,2026-07-09 17:51:44,samedi,regular,['samedi'],Pass Samedi,Shotgun,54.09,61.14,1,1
2026-07-09,2026-07-09 17:51:44,samedi,regular,['samedi'],Pass Samedi,Shotgun,54.09,61.14,1,1
2026-07-09,2026-07-09 18:09:33,samedi,regular,['samedi'],Pass Samedi,Shotgun,54.09,61.14,1,1
2026-07-09,2026-07-09 18:09:33,samedi,regular,['samedi'],Pass Samedi,Shotgun,54.09,61.14,1,1
2026-07-09,2026-07-09 18:14:47,2-jours,regular,,Pass 2 Jours,Shotgun,95.0,107.37,1,1
2026-07-09,2026-07-09 18:14:47,2-jours,regular,,Pass 2 Jours,Shotgun,95.0,107.37,1,1
2026-07-09,2026-07-09 18:17:50,vendredi,regular,['vendredi'],Pass Vendredi,Shotgun,54.09,61.14,1,1
2026-07-09,2026-07-09 18:17:50,vendredi,regular,['vendredi'],Pass Vendredi,Shotgun,54.09,61.14,1,1
2026-07-09,2026-07-09 18:18:26,vendredi,regular,['vendredi'],Pass Vendredi,Shotgun,54.09,61.14,1,1
2026-07-09,2026-07-09 18:18:26,vendredi,regular,['vendredi'],Pass Vendredi,Shotgun,54.09,61.14,1,1
2026-07-09,2026-07-09 18:21:07,samedi,regular,['samedi'],Pass Samedi,Shotgun,54.09,61.14,1,1
2026-07-09,2026-07-09 18:21:07,samedi,regular,['samedi'],Pass Samedi,Shotgun,54.09,61.14,1,1
2026-07-09,2026-07-09 18:21:32,2-jours,regular,,Pass 2 Jours,Shotgun,95.0,107.37,1,1
2026-07-09,2026-07-09 18:22:34,samedi,regular,['samedi'],Pass Samedi,Shotgun,54.09,61.14,1,1
2026-07-09,2026-07-09 18:22:42,samedi,regular,['samedi'],Pass Samedi,Shotgun,54.09,61.14,1,1
2026-07-09,2026-07-09 18:23:32,2-jours,regular,,Pass 2 Jours,Shotgun,95.0,107.37,1,1
2026-07-09,2026-07-09 18:30:19,vendredi,regular,['vendredi'],Pass Vendredi,Shotgun,54.09,61.14,1,1
2026-07-09,2026-07-09 18:31:13,2-jours,regular,,Pass 2 Jours,Shotgun,95.0,107.37,1,1
2026-07-09,2026-07-09 18:38:13,vendredi,regular,['vendredi'],Pass Vendredi,Shotgun,54.09,61.14,1,1
2026-07-09,2026-07-09 18:38:58,samedi,regular,['samedi'],Pass Samedi,Shotgun,54.09,61.14,1,1
2026-07-09,2026-07-09 18:59:24,vendredi,regular,['vendredi'],Pass Vendredi,Shotgun,54.09,61.14,1,1
2026-07-09,2026-07-09 19:02:15,vendredi,regular,['vendredi'],Pass Vendredi,Shotgun,54.09,61.14,1,1
2026-07-09,2026-07-09 19:12:18,2-jours,regular,,Pass 2 Jours,Shotgun,95.0,107.37,1,1
2026-07-09,2026-07-09 19:12:18,2-jours,regular,,Pass 2 Jours,Shotgun,95.0,107.37,1,1
2026-07-09,2026-07-09 19:15:56,samedi,regular,['samedi'],Pass Samedi,Shotgun,54.09,61.14,1,1
2026-07-09,2026-07-09 19:16:34,vendredi,regular,['vendredi'],Pass Vendredi,Shotgun,54.09,61.14,1,1
2026-07-09,2026-07-09 19:16:51,2-jours,regular,,Pass 2 Jours,Shotgun,95.0,107.37,1,1
2026-07-09,2026-07-09 19:17:23,2-jours,regular,,Pass 2 Jours,Shotgun,95.0,107.37,1,1
2026-07-09,2026-07-09 19:36:01,2-jours,regular,,Pass 2 Jours,Shotgun,95.0,107.37,1,1
2026-07-09,2026-07-09 19:37:28,2-jours,regular,,Pass 2 Jours,Shotgun,95.0,107.37,1,1
2026-07-09,2026-07-09 19:38:09,vendredi,regular,['vendredi'],Pass Vendredi,Shotgun,54.09,61.14,1,1
2026-07-09,2026-07-09 19:38:23,2-jours,regular,,Pass 2 Jours,Shotgun,95.0,107.37,1,1
2026-07-09,2026-07-09 19:45:52,samedi,regular,['samedi'],Pass Samedi,Shotgun,54.09,61.14,1,1
2026-07-09,2026-07-09 19:47:47,vendredi,regular,['vendredi'],Pass Vendredi,Shotgun,54.09,61.14,1,1
2026-07-09,2026-07-09 19:48:30,samedi,regular,['samedi'],Pass Samedi,Shotgun,54.09,61.14,1,1
2026-07-09,2026-07-09 19:48:47,vendredi,regular,['vendredi'],Pass Vendredi,Shotgun,54.09,61.14,1,1
2026-07-09,2026-07-09 19:58:04,samedi,regular,['samedi'],Pass Samedi,Shotgun,54.09,61.14,1,1
2026-07-09,2026-07-09 20:08:16,samedi,regular,['samedi'],Pass Samedi,Shotgun,54.09,61.14,1,1
2026-07-09,2026-07-09 20:08:16,samedi,regular,['samedi'],Pass Samedi,Shotgun,54.09,61.14,1,1
2026-07-09,2026-07-09 20:11:41,2-jours,regular,,Pass 2 Jours,Shotgun,95.0,107.37,1,1
2026-07-09,2026-07-09 20:14:33,2-jours,regular,,Pass 2 Jours,Shotgun,95.0,107.37,1,1
2026-07-09,2026-07-09 20:15:29,vendredi,regular,['vendredi'],Pass Vendredi,Shotgun,54.09,61.14,1,1
2026-07-09,2026-07-09 20:22:36,vendredi,regular,['vendredi'],Pass Vendredi,Shotgun,54.09,61.14,1,1
2026-07-09,2026-07-09 20:24:04,2-jours,regular,,Pass 2 Jours,Shotgun,95.0,107.37,1,1
2026-07-09,2026-07-09 20:24:04,2-jours,regular,,Pass 2 Jours,Shotgun,95.0,107.37,1,1
2026-07-09,2026-07-09 20:24:04,vendredi,regular,['vendredi'],Pass Vendredi,Shotgun,54.09,61.14,1,1
2026-07-09,2026-07-09 20:29:33,vendredi,regular,['vendredi'],Pass Vendredi,Shotgun,54.09,61.14,1,1
2026-07-09,2026-07-09 20:34:07,2-jours,regular,,Pass 2 Jours,Shotgun,95.0,107.37,1,1
2026-07-09,2026-07-09 20:34:27,2-jours,regular,,Pass 2 Jours,Shotgun,95.0,107.37,1,1
2026-07-09,2026-07-09 20:35:01,vendredi,regular,['vendredi'],Pass Vendredi,Shotgun,54.09,61.14,1,1
2026-07-09,2026-07-09 20:38:24,vendredi,regular,['vendredi'],Pass Vendredi,Shotgun,54.09,61.14,1,1
2026-07-09,2026-07-09 20:39:21,samedi,regular,['samedi'],Pass Samedi,Shotgun,54.09,61.14,1,1
2026-07-09,2026-07-09 20:40:23,vendredi,regular,['vendredi'],Pass Vendredi,Shotgun,54.09,61.14,1,1
2026-07-09,2026-07-09 20:56:51,2-jours,regular,,Pass 2 Jours,Shotgun,95.0,107.37,1,1
2026-07-09,2026-07-09 20:56:51,2-jours,regular,,Pass 2 Jours,Shotgun,95.0,107.37,1,1
2026-07-09,2026-07-09 20:58:39,2-jours,vip,"['vendredi', 'samedi']",Pass Acces Scene,Shotgun,220.0,248.66,1,1
2026-07-09,2026-07-09 21:00:23,samedi,regular,['samedi'],Pass Samedi,Shotgun,54.09,61.14,1,1
2026-07-09,2026-07-09 21:03:10,samedi,regular,['samedi'],Pass Samedi,Shotgun,54.09,61.14,1,1
2026-07-09,2026-07-09 21:05:05,vendredi,regular,['vendredi'],Pass Vendredi,Shotgun,54.09,61.14,1,1
2026-07-09,2026-07-09 21:07:30,samedi,regular,['samedi'],Pass Samedi,Shotgun,54.09,61.14,1,1
2026-07-09,2026-07-09 21:07:30,samedi,regular,['samedi'],Pass Samedi,Shotgun,54.09,61.14,1,1
2026-07-09,2026-07-09 21:07:31,samedi,regular,['samedi'],Pass Samedi,Shotgun,54.09,61.14,1,1
2026-07-09,2026-07-09 21:08:40,2-jours,regular,,Pass 2 Jours,Shotgun,95.0,107.37,1,1
2026-07-09,2026-07-09 21:08:56,samedi,regular,['samedi'],Pass Samedi,Shotgun,54.09,61.14,1,1
2026-07-09,2026-07-09 21:11:38,2-jours,regular,,Pass 2 Jours,Shotgun,95.0,107.37,1,1
2026-07-09,2026-07-09 21:11:38,2-jours,regular,,Pass 2 Jours,Shotgun,95.0,107.37,1,1
2026-07-09,2026-07-09 21:13:51,vendredi,regular,['vendredi'],Pass Vendredi,Shotgun,54.09,61.14,1,1
2026-07-09,2026-07-09 21:21:28,vendredi,regular,['vendredi'],Pass Vendredi,Shotgun,54.09,61.14,1,1
2026-07-09,2026-07-09 21:21:28,vendredi,regular,['vendredi'],Pass Vendredi,Shotgun,54.09,61.14,1,1
2026-07-09,2026-07-09 21:21:28,vendredi,regular,['vendredi'],Pass Vendredi,Shotgun,54.09,61.14,1,1
2026-07-09,2026-07-09 21:22:13,vendredi,regular,['vendredi'],Pass Vendredi,Shotgun,54.09,61.14,1,1
2026-07-09,2026-07-09 21:23:45,2-jours,regular,,Pass 2 Jours,Shotgun,95.0,107.37,1,1
2026-07-09,2026-07-09 21:23:45,2-jours,regular,,Pass 2 Jours,Shotgun,95.0,107.37,1,1
2026-07-09,2026-07-09 21:25:31,2-jours,regular,,Pass 2 Jours,Shotgun,95.0,107.37,1,1
2026-07-09,2026-07-09 21:25:31,2-jours,regular,,Pass 2 Jours,Shotgun,95.0,107.37,1,1
2026-07-09,2026-07-09 21:34:49,2-jours,regular,,Pass 2 Jours,Shotgun,95.0,107.37,1,1
2026-07-09,2026-07-09 21:46:34,2-jours,regular,,Pass 2 Jours,Shotgun,95.0,107.37,1,1
2026-07-09,2026-07-09 22:02:46,2-jours,regular,,Pass 2 Jours,Shotgun,95.0,107.37,1,1
2026-07-09,2026-07-09 22:17:45,2-jours,regular,,Pass 2 Jours,Shotgun,95.0,107.37,1,1
2026-07-09,2026-07-09 22:25:28,vendredi,regular,['vendredi'],Pass Vendredi,Shotgun,54.09,61.14,1,1
2026-07-09,2026-07-09 22:25:28,vendredi,regular,['vendredi'],Pass Vendredi,Shotgun,54.09,61.14,1,1
2026-07-09,2026-07-09 22:59:05,vendredi,regular,['vendredi'],Pass Vendredi,Shotgun,54.09,61.14,1,1
2026-07-09,2026-07-09 23:06:07,vendredi,regular,['vendredi'],Pass Vendredi,Shotgun,54.09,61.14,1,1
2026-07-09,2026-07-09 23:07:37,samedi,regular,['samedi'],Pass Samedi,Shotgun,60.0,67.82,1,1
2026-07-09,2026-07-09 23:27:57,2-jours,regular,,Pass 2 Jours,Shotgun,95.0,107.37,1,1
2026-07-09,2026-07-09 23:28:14,2-jours,regular,,Pass 2 Jours,Shotgun,95.0,107.37,1,1
2026-07-09,2026-07-09 23:39:36,2-jours,regular,,Pass 2 Jours,Shotgun,95.0,107.37,1,1
2026-07-09,2026-07-09 23:40:44,vendredi,regular,['vendredi'],Pass Vendredi,Shotgun,54.09,61.14,1,1
2026-07-10,2026-07-10 00:05:09,vendredi,regular,['vendredi'],Pass Vendredi,Shotgun,54.09,61.14,1,1
2026-07-10,2026-07-10 00:15:37,2-jours,regular,,Pass 2 Jours,Shotgun,95.0,107.37,1,1
2026-07-10,2026-07-10 00:18:24,2-jours,regular,,Pass 2 Jours,Shotgun,95.0,107.37,1,1
2026-07-10,2026-07-10 00:18:24,2-jours,regular,,Pass 2 Jours,Shotgun,95.0,107.37,1,1
2026-07-10,2026-07-10 00:34:41,vendredi,regular,['vendredi'],Pass Vendredi,Shotgun,54.09,61.14,1,1
2026-07-10,2026-07-10 00:34:41,vendredi,regular,['vendredi'],Pass Vendredi,Shotgun,54.09,61.14,1,1
2026-07-10,2026-07-10 02:07:47,2-jours,regular,,Pass 2 Jours,Shotgun,95.0,107.37,1,1
2026-07-10,2026-07-10 04:13:39,2-jours,regular,,Pass 2 Jours,Shotgun,95.0,107.37,1,1
2026-07-10,2026-07-10 05:49:51,2-jours,regular,,Pass 2 Jours,Shotgun,95.0,107.37,1,1
2026-07-10,2026-07-10 05:55:16,vendredi,vip,['vendredi'],Pass Acces Scene,Shotgun,120.0,135.63,1,1
2026-07-10,2026-07-10 06:14:23,2-jours,regular,,Pass 2 Jours,Shotgun,95.0,107.37,1,1
2026-07-10,2026-07-10 06:55:05,2-jours,regular,,Pass 2 Jours,Shotgun,95.0,107.37,1,1
2026-07-10,2026-07-10 07:38:05,samedi,regular,['samedi'],Pass Samedi,Shotgun,54.09,61.14,1,1
2026-07-10,2026-07-10 07:44:02,samedi,regular,['samedi'],Pass Samedi,Shotgun,54.09,61.14,1,1
2026-07-10,2026-07-10 07:44:02,samedi,regular,['samedi'],Pass Samedi,Shotgun,54.09,61.14,1,1
2026-07-10,2026-07-10 07:48:50,vendredi,regular,['vendredi'],Pass Vendredi,Shotgun,54.09,61.14,1,1
2026-07-10,2026-07-10 08:02:12,samedi,regular,['samedi'],Pass Samedi,Shotgun,54.09,61.14,1,1
2026-07-10,2026-07-10 08:03:30,vendredi,regular,['vendredi'],Pass Vendredi,Shotgun,54.09,61.14,1,1
2026-07-10,2026-07-10 08:03:50,2-jours,regular,,Pass 2 Jours,Shotgun,95.0,107.37,1,1
2026-07-10,2026-07-10 08:03:50,2-jours,regular,,Pass 2 Jours,Shotgun,95.0,107.37,1,1
2026-07-10,2026-07-10 08:04:35,vendredi,regular,['vendredi'],Pass Vendredi,Shotgun,54.09,61.14,1,1
2026-07-10,2026-07-10 08:05:28,samedi,regular,['samedi'],Pass Samedi,Shotgun,54.09,61.14,1,1
2026-07-10,2026-07-10 08:07:16,2-jours,regular,,Pass 2 Jours,Shotgun,95.0,107.37,1,1
2026-07-10,2026-07-10 08:08:41,2-jours,regular,,Pass 2 Jours,Shotgun,95.0,107.37,1,1
2026-07-10,2026-07-10 08:09:11,2-jours,regular,,Pass 2 Jours,Shotgun,95.0,107.37,1,1
2026-07-10,2026-07-10 08:11:02,samedi,regular,['samedi'],Pass Samedi,Shotgun,54.09,61.14,1,1
2026-07-10,2026-07-10 08:13:03,samedi,regular,['samedi'],Pass Samedi,Shotgun,54.09,61.14,1,1
2026-07-10,2026-07-10 08:17:07,2-jours,regular,,Pass 2 Jours,Shotgun,95.0,107.37,1,1
2026-07-10,2026-07-10 08:52:48,vendredi,regular,['vendredi'],Pass Vendredi,Shotgun,54.09,61.14,1,1
2026-07-10,2026-07-10 08:52:48,vendredi,regular,['vendredi'],Pass Vendredi,Shotgun,54.09,61.14,1,1
2026-07-10,2026-07-10 08:53:04,2-jours,regular,,Pass 2 Jours,Shotgun,95.0,107.37,1,1
2026-07-10,2026-07-10 09:01:21,2-jours,regular,,Pass 2 Jours,Shotgun,95.0,107.37,1,1
2026-07-10,2026-07-10 09:07:09,vendredi,regular,['vendredi'],Pass Vendredi,Shotgun,54.09,61.14,1,1
2026-07-10,2026-07-10 09:07:09,vendredi,regular,['vendredi'],Pass Vendredi,Shotgun,54.09,61.14,1,1
2026-07-10,2026-07-10 09:19:00,samedi,regular,['samedi'],Pass Samedi,Shotgun,54.09,61.14,1,1
2026-07-10,2026-07-10 09:29:32,vendredi,regular,['vendredi'],Pass Vendredi,Shotgun,54.09,61.14,1,1
2026-07-10,2026-07-10 09:43:37,samedi,regular,['samedi'],Pass Samedi,Shotgun,54.09,61.14,1,1
2026-07-10,2026-07-10 09:49:34,2-jours,regular,,Pass 2 Jours,Shotgun,95.0,107.37,1,1
2026-07-10,2026-07-10 10:03:25,vendredi,regular,['vendredi'],Pass Vendredi,Shotgun,54.09,61.14,1,1
2026-07-10,2026-07-10 10:05:05,vendredi,regular,['vendredi'],Pass Vendredi,Shotgun,54.09,61.14,1,1
2026-07-10,2026-07-10 10:16:22,2-jours,regular,,Pass 2 Jours,Shotgun,95.0,107.37,1,1
2026-07-10,2026-07-10 10:30:14,2-jours,regular,,Pass 2 Jours,Shotgun,95.0,107.37,1,1
2026-07-10,2026-07-10 10:30:41,2-jours,regular,,Pass 2 Jours,Shotgun,95.0,107.37,1,1
2026-07-10,2026-07-10 10:35:37,2-jours,regular,,Pass 2 Jours,Shotgun,95.0,107.37,1,1
2026-07-10,2026-07-10 10:39:29,samedi,regular,['samedi'],Pass Samedi,Shotgun,54.09,61.14,1,1
2026-07-10,2026-07-10 10:41:51,samedi,regular,['samedi'],Pass Samedi,Shotgun,54.09,61.14,1,1
2026-07-10,2026-07-10 10:49:40,2-jours,regular,,Pass 2 Jours,Shotgun,95.0,107.37,1,1
2026-07-10,2026-07-10 10:52:05,vendredi,regular,['vendredi'],Pass Vendredi,Shotgun,54.09,61.14,1,1
2026-07-10,2026-07-10 11:03:15,2-jours,regular,,Pass 2 Jours,Shotgun,95.0,107.37,1,1
2026-07-10,2026-07-10 11:04:25,2-jours,regular,,Pass 2 Jours,Shotgun,95.0,107.37,1,1
2026-07-10,2026-07-10 11:05:14,2-jours,regular,,Pass 2 Jours,Shotgun,95.0,107.37,1,1
2026-07-10,2026-07-10 11:06:56,2-jours,regular,,Pass 2 Jours,Shotgun,95.0,107.37,1,1
2026-07-10,2026-07-10 11:09:08,2-jours,regular,,Pass 2 Jours,Shotgun,95.0,107.37,1,1
2026-07-10,2026-07-10 11:16:49,2-jours,regular,,Pass 2 Jours,Shotgun,95.0,107.37,1,1
2026-07-10,2026-07-10 11:19:37,vendredi,regular,['vendredi'],Pass Vendredi,Shotgun,54.09,61.14,1,1
2026-07-10,2026-07-10 11:19:58,vendredi,regular,['vendredi'],Pass Vendredi,Shotgun,54.09,61.14,1,1
2026-07-10,2026-07-10 11:21:33,2-jours,regular,,Pass 2 Jours,Shotgun,95.0,107.37,1,1
2026-07-10,2026-07-10 11:30:43,vendredi,regular,['vendredi'],Pass Vendredi,Shotgun,54.09,61.14,1,1
2026-07-10,2026-07-10 11:30:53,vendredi,regular,['vendredi'],Pass Vendredi,Shotgun,54.09,61.14,1,1
2026-07-10,2026-07-10 11:31:31,vendredi,regular,['vendredi'],Pass Vendredi,Shotgun,54.09,61.14,1,1
2026-07-10,2026-07-10 11:33:24,vendredi,regular,['vendredi'],Pass Vendredi,Shotgun,54.09,61.14,1,1
2026-07-10,2026-07-10 11:35:13,2-jours,regular,,Pass 2 Jours,Shotgun,95.0,107.37,1,1
2026-07-10,2026-07-10 11:35:49,vendredi,regular,['vendredi'],Pass Vendredi,Shotgun,54.09,61.14,1,1
2026-07-10,2026-07-10 11:36:25,vendredi,regular,['vendredi'],Pass Vendredi,Shotgun,54.09,61.14,1,1
2026-07-10,2026-07-10 11:40:08,vendredi,regular,['vendredi'],Pass Vendredi,Shotgun,54.09,61.14,1,1
2026-07-10,2026-07-10 11:43:54,vendredi,regular,['vendredi'],Pass Vendredi,Shotgun,54.09,61.14,1,1
2026-07-10,2026-07-10 11:51:40,vendredi,regular,['vendredi'],Pass Vendredi,Shotgun,54.09,61.14,1,1
2026-07-10,2026-07-10 11:51:40,vendredi,regular,['vendredi'],Pass Vendredi,Shotgun,54.09,61.14,1,1
2026-07-10,2026-07-10 11:51:40,vendredi,regular,['vendredi'],Pass Vendredi,Shotgun,54.09,61.14,1,1
2026-07-10,2026-07-10 11:52:55,2-jours,regular,,Pass 2 Jours,Shotgun,95.0,107.37,1,1
2026-07-10,2026-07-10 12:04:25,vendredi,regular,['vendredi'],Pass Vendredi,Shotgun,54.09,61.14,1,1
2026-07-10,2026-07-10 12:05:14,vendredi,regular,['vendredi'],Pass Vendredi,Shotgun,54.09,61.14,1,1
2026-07-10,2026-07-10 12:21:59,vendredi,regular,['vendredi'],Pass Vendredi,Shotgun,54.09,61.14,1,1
2026-07-10,2026-07-10 12:22:07,samedi,regular,['samedi'],Pass Samedi,Shotgun,54.09,61.14,1,1
2026-07-10,2026-07-10 12:22:07,samedi,regular,['samedi'],Pass Samedi,Shotgun,54.09,61.14,1,1
2026-07-10,2026-07-10 12:23:10,vendredi,regular,['vendredi'],Pass Vendredi,Shotgun,54.09,61.14,1,1
2026-07-10,2026-07-10 12:32:04,samedi,regular,['samedi'],Pass Samedi,Shotgun,54.09,61.14,1,1
2026-07-10,2026-07-10 12:32:04,vendredi,regular,['vendredi'],Pass Vendredi,Shotgun,54.09,61.14,1,1
2026-07-10,2026-07-10 12:33:34,2-jours,regular,,Pass 2 Jours,Shotgun,95.0,107.37,1,1
2026-07-10,2026-07-10 12:36:59,vendredi,regular,['vendredi'],Pass Vendredi,Shotgun,54.09,61.14,1,1
2026-07-10,2026-07-10 12:37:49,2-jours,regular,,Pass 2 Jours,Shotgun,95.0,107.37,1,1
2026-07-10,2026-07-10 12:42:54,vendredi,regular,['vendredi'],Pass Vendredi,Shotgun,54.09,61.14,1,1
2026-07-10,2026-07-10 12:42:54,vendredi,regular,['vendredi'],Pass Vendredi,Shotgun,54.09,61.14,1,1
2026-07-10,2026-07-10 12:43:41,vendredi,regular,['vendredi'],Pass Vendredi,Shotgun,55.0,55.5,1,1
2026-07-10,2026-07-10 12:47:44,2-jours,regular,,Pass 2 Jours,Shotgun,95.0,107.37,1,1
2026-07-10,2026-07-10 12:47:44,2-jours,regular,,Pass 2 Jours,Shotgun,95.0,107.37,1,1
2026-07-10,2026-07-10 12:54:26,2-jours,regular,,Pass 2 Jours,Shotgun,95.0,107.37,1,1
2026-07-10,2026-07-10 12:56:09,2-jours,regular,,Pass 2 Jours,Shotgun,95.0,107.37,1,1
2026-07-10,2026-07-10 12:56:21,samedi,regular,['samedi'],Pass Samedi,Shotgun,54.09,61.14,1,1
2026-07-10,2026-07-10 12:59:15,2-jours,regular,,Pass 2 Jours,Shotgun,95.0,107.37,1,1
2026-07-10,2026-07-10 13:05:35,samedi,regular,['samedi'],Pass Samedi,Shotgun,54.09,61.14,1,1
2026-07-10,2026-07-10 13:20:50,vendredi,regular,['vendredi'],Pass Vendredi,Shotgun,54.09,61.14,1,1
2026-07-10,2026-07-10 13:31:50,samedi,regular,['samedi'],Pass Samedi,Shotgun,54.09,61.14,1,1
2026-07-10,2026-07-10 13:31:50,samedi,regular,['samedi'],Pass Samedi,Shotgun,54.09,61.14,1,1
2026-07-10,2026-07-10 13:39:14,vendredi,regular,['vendredi'],Pass Vendredi,Shotgun,54.09,61.14,1,1
2026-07-10,2026-07-10 13:39:14,vendredi,regular,['vendredi'],Pass Vendredi,Shotgun,54.09,61.14,1,1
2026-07-10,2026-07-10 13:47:08,2-jours,regular,,Pass 2 Jours,Shotgun,95.0,107.37,1,1
2026-07-10,2026-07-10 13:47:08,2-jours,regular,,Pass 2 Jours,Shotgun,95.0,107.37,1,1
2026-07-10,2026-07-10 13:52:44,2-jours,regular,,Pass 2 Jours,Shotgun,95.0,107.37,1,1
2026-07-10,2026-07-10 13:52:44,2-jours,regular,,Pass 2 Jours,Shotgun,95.0,107.37,1,1
2026-07-10,2026-07-10 14:00:20,samedi,regular,['samedi'],Pass Samedi,Shotgun,54.09,61.14,1,1
2026-07-10,2026-07-10 14:00:37,2-jours,regular,,Pass 2 Jours,Shotgun,95.0,107.37,1,1
2026-07-10,2026-07-10 14:09:01,vendredi,regular,['vendredi'],Pass Vendredi,Shotgun,54.09,61.14,1,1
2026-07-10,2026-07-10 14:09:01,vendredi,regular,['vendredi'],Pass Vendredi,Shotgun,54.09,61.14,1,1
2026-07-10,2026-07-10 14:09:01,vendredi,regular,['vendredi'],Pass Vendredi,Shotgun,54.09,61.14,1,1
2026-07-10,2026-07-10 14:13:12,2-jours,regular,,Pass 2 Jours,Shotgun,95.0,107.37,1,1
2026-07-10,2026-07-10 14:14:46,vendredi,regular,['vendredi'],Pass Vendredi,Shotgun,55.0,55.5,1,1
2026-07-10,2026-07-10 14:14:46,vendredi,regular,['vendredi'],Pass Vendredi,Shotgun,55.0,55.5,1,1
2026-07-10,2026-07-10 14:14:47,2-jours,regular,,Pass 2 Jours,Shotgun,95.0,107.37,1,1
2026-07-10,2026-07-10 14:20:37,vendredi,regular,['vendredi'],Pass Vendredi,Shotgun,54.09,61.14,1,1
2026-07-10,2026-07-10 14:22:15,vendredi,regular,['vendredi'],Pass Vendredi,Shotgun,54.09,61.14,1,1
2026-07-10,2026-07-10 14:26:32,samedi,regular,['samedi'],Pass Samedi,Shotgun,54.09,61.14,1,1
2026-07-10,2026-07-10 14:31:44,vendredi,regular,['vendredi'],Pass Vendredi,Shotgun,54.09,61.14,1,1
2026-07-10,2026-07-10 14:41:07,vendredi,regular,['vendredi'],Pass Vendredi,Shotgun,54.09,61.14,1,1
2026-07-10,2026-07-10 15:03:03,2-jours,regular,,Pass 2 Jours,Shotgun,95.0,107.37,1,1
2026-07-10,2026-07-10 15:13:05,samedi,regular,['samedi'],Pass Samedi,Shotgun,54.09,61.14,1,1
2026-07-10,2026-07-10 15:13:05,samedi,regular,['samedi'],Pass Samedi,Shotgun,54.09,61.14,1,1
2026-07-10,2026-07-10 15:16:05,samedi,regular,['samedi'],Pass Samedi,Shotgun,54.09,61.14,1,1
2026-07-10,2026-07-10 15:16:05,samedi,regular,['samedi'],Pass Samedi,Shotgun,54.09,61.14,1,1
2026-07-10,2026-07-10 15:19:27,vendredi,regular,['vendredi'],Pass Vendredi,Shotgun,54.09,61.14,1,1
2026-07-10,2026-07-10 15:19:27,vendredi,regular,['vendredi'],Pass Vendredi,Shotgun,54.09,61.14,1,1
2026-07-10,2026-07-10 15:31:29,vendredi,regular,['vendredi'],Pass Vendredi,Shotgun,54.09,61.14,1,1
2026-07-10,2026-07-10 15:56:52,2-jours,regular,,Pass 2 Jours,Shotgun,95.0,107.37,1,1
2026-07-10,2026-07-10 15:57:04,2-jours,regular,,Pass 2 Jours,Shotgun,95.0,107.37,1,1
2026-07-10,2026-07-10 16:00:49,2-jours,regular,,Pass 2 Jours,Shotgun,95.0,107.37,1,1
2026-07-10,2026-07-10 16:05:03,vendredi,regular,['vendredi'],Pass Vendredi,Shotgun,54.09,61.14,1,1
2026-07-10,2026-07-10 16:05:03,vendredi,regular,['vendredi'],Pass Vendredi,Shotgun,54.09,61.14,1,1
2026-07-10,2026-07-10 16:05:03,vendredi,regular,['vendredi'],Pass Vendredi,Shotgun,54.09,61.14,1,1
2026-07-10,2026-07-10 16:05:36,vendredi,regular,['vendredi'],Pass Vendredi,Shotgun,54.09,61.14,1,1
2026-07-10,2026-07-10 16:17:10,samedi,regular,['samedi'],Pass Samedi,Shotgun,54.09,61.14,1,1
2026-07-10,2026-07-10 16:17:10,samedi,regular,['samedi'],Pass Samedi,Shotgun,54.09,61.14,1,1
2026-07-10,2026-07-10 16:17:10,samedi,regular,['samedi'],Pass Samedi,Shotgun,54.09,61.14,1,1
2026-07-10,2026-07-10 16:29:25,2-jours,regular,,Pass 2 Jours,Shotgun,95.0,107.37,1,1
2026-07-10,2026-07-10 16:35:26,vendredi,regular,['vendredi'],Pass Vendredi,Shotgun,54.09,61.14,1,1
2026-07-10,2026-07-10 16:37:23,samedi,regular,['samedi'],Pass Samedi,Shotgun,54.09,61.14,1,1
2026-07-10,2026-07-10 17:13:20,2-jours,regular,,Pass 2 Jours,Shotgun,95.0,107.37,1,1
2026-07-10,2026-07-10 17:18:35,vendredi,regular,['vendredi'],Pass Vendredi,Shotgun,54.09,61.14,1,1
2026-07-10,2026-07-10 17:25:47,2-jours,regular,,Pass 2 Jours,Shotgun,95.0,107.37,1,1
2026-07-10,2026-07-10 17:29:38,vendredi,regular,['vendredi'],Pass Vendredi,Shotgun,54.09,61.14,1,1
2026-07-10,2026-07-10 17:29:38,vendredi,regular,['vendredi'],Pass Vendredi,Shotgun,54.09,61.14,1,1
2026-07-10,2026-07-10 17:29:52,2-jours,regular,,Pass 2 Jours,Shotgun,95.0,107.37,1,1
2026-07-10,2026-07-10 17:35:11,2-jours,regular,,Pass 2 Jours,Shotgun,95.0,107.37,1,1
2026-07-10,2026-07-10 17:48:36,2-jours,regular,,Pass 2 Jours,Shotgun,95.0,107.37,1,1
2026-07-10,2026-07-10 17:48:36,2-jours,regular,,Pass 2 Jours,Shotgun,95.0,107.37,1,1
2026-07-10,2026-07-10 17:48:36,2-jours,regular,,Pass 2 Jours,Shotgun,95.0,107.37,1,1
2026-07-10,2026-07-10 17:50:30,2-jours,regular,,Pass 2 Jours,Shotgun,95.0,107.37,1,1
2026-07-10,2026-07-10 18:08:05,2-jours,regular,,Pass 2 Jours,Shotgun,95.0,107.37,1,1
2026-07-10,2026-07-10 18:10:34,vendredi,regular,['vendredi'],Pass Vendredi,Shotgun,54.09,61.14,1,1
2026-07-10,2026-07-10 18:12:27,vendredi,regular,['vendredi'],Pass Vendredi,Shotgun,54.09,61.14,1,1
2026-07-10,2026-07-10 18:12:27,vendredi,regular,['vendredi'],Pass Vendredi,Shotgun,54.09,61.14,1,1
2026-07-10,2026-07-10 18:14:26,vendredi,regular,['vendredi'],Pass Vendredi,Shotgun,54.09,61.14,1,1
2026-07-10,2026-07-10 18:22:39,samedi,regular,['samedi'],Pass Samedi,Shotgun,54.09,61.14,1,1
2026-07-10,2026-07-10 18:22:53,2-jours,regular,,Pass 2 Jours,Shotgun,95.0,107.37,1,1
2026-07-10,2026-07-10 18:40:47,samedi,regular,['samedi'],Pass Samedi,Shotgun,54.09,61.14,1,1
2026-07-10,2026-07-10 18:41:32,2-jours,regular,,Pass 2 Jours,Shotgun,95.0,107.37,1,1
2026-07-10,2026-07-10 18:41:32,2-jours,regular,,Pass 2 Jours,Shotgun,95.0,107.37,1,1
2026-07-10,2026-07-10 18:46:33,2-jours,regular,,Pass 2 Jours,Shotgun,95.0,107.37,1,1
2026-07-10,2026-07-10 18:59:06,2-jours,regular,,Pass 2 Jours,Shotgun,95.0,107.37,1,1
2026-07-10,2026-07-10 19:05:29,samedi,regular,['samedi'],Pass Samedi,Shotgun,54.09,61.14,1,1
2026-07-10,2026-07-10 19:21:08,vendredi,regular,['vendredi'],Pass Vendredi,Shotgun,54.09,61.14,1,1
2026-07-10,2026-07-10 19:50:19,vendredi,regular,['vendredi'],Pass Vendredi,Shotgun,54.09,61.14,1,1
2026-07-10,2026-07-10 19:53:43,samedi,regular,['samedi'],Pass Samedi,Shotgun,54.09,61.14,1,1
2026-07-10,2026-07-10 20:09:17,2-jours,regular,,Pass 2 Jours,Shotgun,95.0,107.37,1,1
2026-07-10,2026-07-10 20:22:44,2-jours,regular,,Pass 2 Jours,Shotgun,95.0,107.37,1,1
2026-07-10,2026-07-10 20:22:44,2-jours,regular,,Pass 2 Jours,Shotgun,95.0,107.37,1,1
2026-07-10,2026-07-10 20:22:44,vendredi,regular,['vendredi'],Pass Vendredi,Shotgun,54.09,61.14,1,1
2026-07-10,2026-07-10 20:32:03,2-jours,regular,,Pass 2 Jours,Shotgun,95.0,107.37,1,1
2026-07-10,2026-07-10 20:43:30,2-jours,regular,,Pass 2 Jours,Shotgun,95.0,107.37,1,1
2026-07-10,2026-07-10 20:53:35,2-jours,regular,,Pass 2 Jours,Shotgun,95.0,107.37,1,1
2026-07-10,2026-07-10 20:54:14,vendredi,regular,['vendredi'],Pass Vendredi,Shotgun,54.09,61.14,1,1
2026-07-10,2026-07-10 20:54:14,vendredi,regular,['vendredi'],Pass Vendredi,Shotgun,54.09,61.14,1,1
2026-07-10,2026-07-10 21:06:54,samedi,regular,['samedi'],Pass Samedi,Shotgun,54.09,61.14,1,1
2026-07-10,2026-07-10 21:06:54,samedi,regular,['samedi'],Pass Samedi,Shotgun,54.09,61.14,1,1
2026-07-10,2026-07-10 21:13:11,samedi,regular,['samedi'],Pass Samedi,Shotgun,54.09,61.14,1,1
2026-07-10,2026-07-10 21:24:06,samedi,regular,['samedi'],Pass Samedi,Shotgun,54.09,61.14,1,1
2026-07-10,2026-07-10 21:24:06,samedi,regular,['samedi'],Pass Samedi,Shotgun,54.09,61.14,1,1
2026-07-10,2026-07-10 21:24:06,samedi,regular,['samedi'],Pass Samedi,Shotgun,54.09,61.14,1,1
2026-07-10,2026-07-10 21:37:12,samedi,regular,['samedi'],Pass Samedi,Shotgun,54.09,61.14,1,1
2026-07-10,2026-07-10 21:46:47,2-jours,regular,,Pass 2 Jours,Shotgun,95.0,107.37,1,1
2026-07-10,2026-07-10 21:47:36,2-jours,regular,,Pass 2 Jours,Shotgun,95.0,107.37,1,1
2026-07-10,2026-07-10 21:50:48,vendredi,vip,['vendredi'],Pass Acces Scene,Shotgun,120.0,135.63,1,1
2026-07-10,2026-07-10 21:50:48,vendredi,vip,['vendredi'],Pass Acces Scene,Shotgun,120.0,135.63,1,1
2026-07-10,2026-07-10 21:58:34,2-jours,regular,,Pass 2 Jours,Shotgun,95.0,107.37,1,1
2026-07-10,2026-07-10 22:06:35,samedi,regular,['samedi'],Pass Samedi,Shotgun,54.09,61.14,1,1
2026-07-10,2026-07-10 22:41:33,samedi,regular,['samedi'],Pass Samedi,Shotgun,54.09,61.14,1,1
2026-07-10,2026-07-10 22:45:08,vendredi,regular,['vendredi'],Pass Vendredi,Shotgun,54.09,61.14,1,1
2026-07-10,2026-07-10 22:46:34,2-jours,regular,,Pass 2 Jours,Shotgun,95.0,107.37,1,1
2026-07-10,2026-07-10 22:48:14,samedi,regular,['samedi'],Pass Samedi,Shotgun,54.09,61.14,1,1
2026-07-10,2026-07-10 23:18:35,vendredi,regular,['vendredi'],Pass Vendredi,Shotgun,54.09,61.14,1,1
2026-07-10,2026-07-10 23:33:57,samedi,regular,['samedi'],Pass Samedi,Shotgun,54.09,61.14,1,1
2026-07-10,2026-07-10 23:47:45,2-jours,regular,,Pass 2 Jours,Shotgun,95.0,107.37,1,1
2026-07-11,2026-07-11 00:49:31,2-jours,regular,,Pass 2 Jours,Shotgun,95.0,107.37,1,1
2026-07-11,2026-07-11 05:53:11,vendredi,regular,['vendredi'],Pass Vendredi,Shotgun,54.09,61.14,1,1
2026-07-11,2026-07-11 06:09:06,vendredi,regular,['vendredi'],Pass Vendredi,Shotgun,54.09,61.14,1,1
2026-07-11,2026-07-11 06:59:30,2-jours,regular,,Pass 2 Jours,Shotgun,95.0,107.37,1,1
2026-07-11,2026-07-11 07:35:58,vendredi,regular,['vendredi'],Pass Vendredi,Shotgun,54.09,61.14,1,1
2026-07-11,2026-07-11 07:41:56,vendredi,regular,['vendredi'],Pass Vendredi,Shotgun,54.09,61.14,1,1
2026-07-11,2026-07-11 07:52:05,2-jours,regular,,Pass 2 Jours,Shotgun,95.0,107.37,1,1
2026-07-11,2026-07-11 08:28:13,2-jours,regular,,Pass 2 Jours,Shotgun,95.0,107.37,1,1
2026-07-11,2026-07-11 08:58:08,2-jours,regular,,Pass 2 Jours,Shotgun,95.0,107.37,1,1
2026-07-11,2026-07-11 08:58:08,2-jours,regular,,Pass 2 Jours,Shotgun,95.0,107.37,1,1
2026-07-11,2026-07-11 08:58:22,vendredi,regular,['vendredi'],Pass Vendredi,Shotgun,54.09,61.14,1,1
2026-07-11,2026-07-11 08:59:12,vendredi,regular,['vendredi'],Pass Vendredi,Shotgun,54.09,61.14,1,1
2026-07-11,2026-07-11 09:35:08,vendredi,regular,['vendredi'],Pass Vendredi,Shotgun,54.09,61.14,1,1
2026-07-11,2026-07-11 09:42:20,vendredi,regular,['vendredi'],Pass Vendredi,Shotgun,54.09,61.14,1,1
2026-07-11,2026-07-11 09:50:59,2-jours,regular,,Pass 2 Jours,Shotgun,95.0,107.37,1,1
2026-07-11,2026-07-11 09:50:59,2-jours,regular,,Pass 2 Jours,Shotgun,95.0,107.37,1,1
2026-07-11,2026-07-11 10:10:01,samedi,regular,['samedi'],Pass Samedi,Shotgun,54.09,61.14,1,1
2026-07-11,2026-07-11 10:10:21,vendredi,regular,['vendredi'],Pass Vendredi,Shotgun,54.09,61.14,1,1
2026-07-11,2026-07-11 10:53:11,2-jours,regular,,Pass 2 Jours,Shotgun,95.0,107.37,1,1
2026-07-11,2026-07-11 10:55:41,vendredi,regular,['vendredi'],Pass Vendredi,Shotgun,54.09,61.14,1,1
2026-07-11,2026-07-11 11:05:13,2-jours,regular,,Pass 2 Jours,Shotgun,95.0,107.37,1,1
2026-07-11,2026-07-11 11:50:02,vendredi,regular,['vendredi'],Pass Vendredi,Shotgun,54.09,61.14,1,1
2026-07-11,2026-07-11 13:45:55,2-jours,regular,,Pass 2 Jours,Shotgun,95.0,107.37,1,1
2026-07-11,2026-07-11 14:02:11,2-jours,regular,,Pass 2 Jours,Shotgun,95.0,107.37,1,1
2026-07-11,2026-07-11 14:02:11,2-jours,regular,,Pass 2 Jours,Shotgun,95.0,107.37,1,1
2026-07-11,2026-07-11 14:03:14,vendredi,regular,['vendredi'],Pass Vendredi,Shotgun,54.09,61.14,1,1
2026-07-11,2026-07-11 14:04:39,2-jours,regular,,Pass 2 Jours,Shotgun,95.0,107.37,1,1
2026-07-11,2026-07-11 14:06:45,2-jours,regular,,Pass 2 Jours,Shotgun,95.0,107.37,1,1
2026-07-11,2026-07-11 14:27:34,samedi,regular,['samedi'],Pass Samedi,Shotgun,54.09,61.14,1,1
2026-07-11,2026-07-11 14:33:15,2-jours,regular,,Pass 2 Jours,Shotgun,95.0,107.37,1,1
2026-07-11,2026-07-11 14:34:26,vendredi,regular,['vendredi'],Pass Vendredi,Shotgun,54.09,61.14,1,1
2026-07-11,2026-07-11 14:42:22,2-jours,regular,,Pass 2 Jours,Shotgun,95.0,107.37,1,1
2026-07-11,2026-07-11 14:42:22,2-jours,regular,,Pass 2 Jours,Shotgun,95.0,107.37,1,1
2026-07-11,2026-07-11 14:45:09,2-jours,regular,,Pass 2 Jours,Shotgun,95.0,107.37,1,1
2026-07-11,2026-07-11 15:06:10,vendredi,regular,['vendredi'],Pass Vendredi,Shotgun,54.09,61.14,1,1
2026-07-11,2026-07-11 15:10:54,vendredi,regular,['vendredi'],Pass Vendredi,Shotgun,54.09,61.14,1,1
2026-07-11,2026-07-11 15:37:14,samedi,regular,['samedi'],Pass Samedi,Shotgun,54.09,61.14,1,1
2026-07-11,2026-07-11 15:37:42,2-jours,regular,,Pass 2 Jours,Shotgun,95.0,107.37,1,1
2026-07-11,2026-07-11 15:47:17,2-jours,regular,,Pass 2 Jours,Shotgun,95.0,107.37,1,1
2026-07-11,2026-07-11 16:35:55,samedi,regular,['samedi'],Pass Samedi,Shotgun,54.09,61.14,1,1
2026-07-11,2026-07-11 16:35:55,samedi,regular,['samedi'],Pass Samedi,Shotgun,54.09,61.14,1,1
2026-07-11,2026-07-11 16:45:20,2-jours,regular,,Pass 2 Jours,Shotgun,95.0,107.37,1,1
2026-07-11,2026-07-11 16:45:46,vendredi,regular,['vendredi'],Pass Vendredi,Shotgun,54.09,61.14,1,1
2026-07-11,2026-07-11 16:45:46,vendredi,regular,['vendredi'],Pass Vendredi,Shotgun,54.09,61.14,1,1
2026-07-11,2026-07-11 16:51:18,vendredi,regular,['vendredi'],Pass Vendredi,Shotgun,54.09,61.14,1,1
2026-07-11,2026-07-11 16:54:12,2-jours,regular,,Pass 2 Jours,Shotgun,95.0,107.37,1,1
2026-07-11,2026-07-11 17:01:27,vendredi,regular,['vendredi'],Pass Vendredi,Shotgun,54.09,61.14,1,1
2026-07-11,2026-07-11 17:50:55,2-jours,regular,,Pass 2 Jours,Shotgun,95.0,107.37,1,1
2026-07-11,2026-07-11 18:21:30,2-jours,regular,,Pass 2 Jours,Shotgun,95.0,107.37,1,1
2026-07-11,2026-07-11 18:26:52,vendredi,regular,['vendredi'],Pass Vendredi,Shotgun,54.09,61.14,1,1
2026-07-11,2026-07-11 18:27:17,vendredi,regular,['vendredi'],Pass Vendredi,Shotgun,54.09,61.14,1,1
2026-07-11,2026-07-11 18:27:17,vendredi,regular,['vendredi'],Pass Vendredi,Shotgun,54.09,61.14,1,1
2026-07-11,2026-07-11 18:28:16,vendredi,regular,['vendredi'],Pass Vendredi,Shotgun,54.09,61.14,1,1
2026-07-11,2026-07-11 18:30:28,vendredi,regular,['vendredi'],Pass Vendredi,Shotgun,54.09,61.14,1,1
2026-07-11,2026-07-11 18:30:28,vendredi,regular,['vendredi'],Pass Vendredi,Shotgun,54.09,61.14,1,1
2026-07-11,2026-07-11 18:39:56,2-jours,regular,,Pass 2 Jours,Shotgun,95.0,107.37,1,1
2026-07-11,2026-07-11 18:41:56,vendredi,regular,['vendredi'],Pass Vendredi,Shotgun,54.09,61.14,1,1
2026-07-11,2026-07-11 18:57:40,2-jours,regular,,Pass 2 Jours,Shotgun,95.0,107.37,1,1
2026-07-11,2026-07-11 18:57:40,2-jours,regular,,Pass 2 Jours,Shotgun,95.0,107.37,1,1
2026-07-11,2026-07-11 18:57:40,2-jours,regular,,Pass 2 Jours,Shotgun,95.0,107.37,1,1
2026-07-11,2026-07-11 18:57:40,2-jours,regular,,Pass 2 Jours,Shotgun,95.0,107.37,1,1
2026-07-11,2026-07-11 18:58:23,2-jours,regular,,Pass 2 Jours,Shotgun,95.0,107.37,1,1
2026-07-11,2026-07-11 19:18:21,2-jours,regular,,Pass 2 Jours,Shotgun,95.0,107.37,1,1
2026-07-11,2026-07-11 19:43:41,2-jours,regular,,Pass 2 Jours,Shotgun,95.0,107.37,1,1
2026-07-11,2026-07-11 20:29:20,samedi,regular,['samedi'],Pass Samedi,Shotgun,54.09,61.14,1,1
2026-07-11,2026-07-11 20:29:20,samedi,regular,['samedi'],Pass Samedi,Shotgun,54.09,61.14,1,1
2026-07-11,2026-07-11 20:29:52,samedi,regular,['samedi'],Pass Samedi,Shotgun,54.09,61.14,1,1
2026-07-11,2026-07-11 20:29:52,samedi,regular,['samedi'],Pass Samedi,Shotgun,54.09,61.14,1,1
2026-07-11,2026-07-11 20:31:04,samedi,regular,['samedi'],Pass Samedi,Shotgun,54.09,61.14,1,1
2026-07-11,2026-07-11 20:31:04,samedi,regular,['samedi'],Pass Samedi,Shotgun,54.09,61.14,1,1
2026-07-11,2026-07-11 20:57:23,vendredi,regular,['vendredi'],Pass Vendredi,Shotgun,54.09,61.14,1,1
2026-07-11,2026-07-11 21:06:44,samedi,regular,['samedi'],Pass Samedi,Shotgun,54.09,61.14,1,1
2026-07-11,2026-07-11 21:13:05,samedi,regular,['samedi'],Pass Samedi,Shotgun,54.09,61.14,1,1
2026-07-11,2026-07-11 21:13:05,samedi,regular,['samedi'],Pass Samedi,Shotgun,54.09,61.14,1,1
2026-07-11,2026-07-11 21:16:43,2-jours,regular,,Pass 2 Jours,Shotgun,95.0,107.37,1,1
2026-07-11,2026-07-11 22:16:53,vendredi,regular,['vendredi'],Pass Vendredi,Shotgun,54.09,61.14,1,1
2026-07-11,2026-07-11 23:23:39,vendredi,regular,['vendredi'],Pass Vendredi,Shotgun,54.09,61.14,1,1
2026-07-11,2026-07-11 23:28:52,vendredi,regular,['vendredi'],Pass Vendredi,Shotgun,54.09,61.14,1,1
2026-07-11,2026-07-11 23:31:11,2-jours,regular,,Pass 2 Jours,Shotgun,95.0,107.37,1,1
2026-07-11,2026-07-11 23:31:35,2-jours,regular,,Pass 2 Jours,Shotgun,95.0,107.37,1,1
2026-07-11,2026-07-11 23:53:25,2-jours,regular,,Pass 2 Jours,Shotgun,95.0,107.37,1,1
2026-07-12,2026-07-12 00:16:21,2-jours,regular,,Pass 2 Jours,Shotgun,95.0,107.37,1,1
2026-07-12,2026-07-12 00:45:19,2-jours,regular,,Pass 2 Jours,Shotgun,95.0,107.37,1,1
2026-07-12,2026-07-12 01:31:52,2-jours,regular,,Pass 2 Jours,Shotgun,95.0,107.37,1,1
2026-07-12,2026-07-12 01:36:11,2-jours,regular,,Pass 2 Jours,Shotgun,95.0,107.37,1,1
2026-07-12,2026-07-12 07:19:05,samedi,regular,['samedi'],Pass Samedi,Shotgun,54.09,61.14,1,1
2026-07-12,2026-07-12 07:25:57,vendredi,regular,['vendredi'],Pass Vendredi,Shotgun,54.09,61.14,1,1
2026-07-12,2026-07-12 07:25:57,vendredi,regular,['vendredi'],Pass Vendredi,Shotgun,54.09,61.14,1,1
2026-07-12,2026-07-12 08:15:47,2-jours,regular,,Pass 2 Jours,Shotgun,95.0,107.37,1,1
2026-07-12,2026-07-12 08:35:47,vendredi,regular,['vendredi'],Pass Vendredi,Shotgun,54.09,61.14,1,1
2026-07-12,2026-07-12 08:40:26,2-jours,regular,,Pass 2 Jours,Shotgun,95.0,107.37,1,1
2026-07-12,2026-07-12 09:02:12,2-jours,regular,,Pass 2 Jours,Shotgun,95.0,107.37,1,1
2026-07-12,2026-07-12 09:02:31,2-jours,regular,,Pass 2 Jours,Shotgun,95.0,107.37,1,1
2026-07-12,2026-07-12 09:02:31,2-jours,regular,,Pass 2 Jours,Shotgun,95.0,107.37,1,1
2026-07-12,2026-07-12 09:21:40,vendredi,regular,['vendredi'],Pass Vendredi,Shotgun,54.09,61.14,1,1
2026-07-12,2026-07-12 09:23:25,vendredi,regular,['vendredi'],Pass Vendredi,Shotgun,54.09,61.14,1,1
2026-07-12,2026-07-12 09:29:54,2-jours,regular,,Pass 2 Jours,Shotgun,95.0,107.37,1,1
2026-07-12,2026-07-12 09:40:22,vendredi,regular,['vendredi'],Pass Vendredi,Shotgun,54.09,61.14,1,1
2026-07-12,2026-07-12 10:07:22,vendredi,regular,['vendredi'],Pass Vendredi,Shotgun,54.09,61.14,1,1
2026-07-12,2026-07-12 10:19:43,samedi,regular,['samedi'],Pass Samedi,Shotgun,54.09,61.14,1,1
2026-07-12,2026-07-12 10:39:36,samedi,regular,['samedi'],Pass Samedi,Shotgun,55.0,55.5,1,1
2026-07-12,2026-07-12 11:19:38,samedi,regular,['samedi'],Pass Samedi,Shotgun,54.09,61.14,1,1
2026-07-12,2026-07-12 12:03:04,vendredi,regular,['vendredi'],Pass Vendredi,Shotgun,54.09,61.14,1,1
2026-07-12,2026-07-12 12:15:49,2-jours,regular,,Pass 2 Jours,Shotgun,95.0,107.37,1,1
2026-07-12,2026-07-12 12:17:53,2-jours,regular,,Pass 2 Jours,Shotgun,95.0,107.37,1,1
2026-07-12,2026-07-12 13:24:22,2-jours,regular,,Pass 2 Jours,Shotgun,95.0,107.37,1,1
2026-07-12,2026-07-12 13:38:18,vendredi,regular,['vendredi'],Pass Vendredi,Shotgun,54.09,61.14,1,1
2026-07-12,2026-07-12 13:55:58,2-jours,regular,,Pass 2 Jours,Shotgun,95.0,107.37,1,1
2026-07-12,2026-07-12 13:55:58,2-jours,regular,,Pass 2 Jours,Shotgun,95.0,107.37,1,1
2026-07-12,2026-07-12 14:41:42,2-jours,regular,,Pass 2 Jours,Shotgun,95.0,107.37,1,1
2026-07-12,2026-07-12 14:47:41,samedi,regular,['samedi'],Pass Samedi,Shotgun,54.09,61.14,1,1
2026-07-12,2026-07-12 16:35:45,2-jours,regular,,Pass 2 Jours,Shotgun,95.0,107.37,1,1
2026-07-12,2026-07-12 16:56:32,2-jours,regular,,Pass 2 Jours,Shotgun,95.0,107.37,1,1
2026-07-12,2026-07-12 16:56:32,2-jours,regular,,Pass 2 Jours,Shotgun,95.0,107.37,1,1
2026-07-12,2026-07-12 17:13:10,vendredi,regular,['vendredi'],Pass Vendredi,Shotgun,54.09,61.14,1,1
2026-07-12,2026-07-12 17:24:56,2-jours,regular,,Pass 2 Jours,Shotgun,95.0,107.37,1,1
2026-07-12,2026-07-12 17:27:21,2-jours,regular,,Pass 2 Jours,Shotgun,95.0,107.37,1,1
2026-07-12,2026-07-12 17:27:21,2-jours,regular,,Pass 2 Jours,Shotgun,95.0,107.37,1,1
2026-07-12,2026-07-12 17:27:21,2-jours,regular,,Pass 2 Jours,Shotgun,95.0,107.37,1,1
2026-07-12,2026-07-12 17:33:51,2-jours,regular,,Pass 2 Jours,Shotgun,95.0,107.37,1,1
2026-07-12,2026-07-12 17:36:42,vendredi,regular,['vendredi'],Pass Vendredi,Shotgun,54.09,61.14,1,1
2026-07-12,2026-07-12 17:38:53,2-jours,regular,,Pass 2 Jours,Shotgun,95.0,107.37,1,1
2026-07-12,2026-07-12 17:38:53,2-jours,regular,,Pass 2 Jours,Shotgun,95.0,107.37,1,1
2026-07-12,2026-07-12 18:19:22,vendredi,vip,['vendredi'],Pass Acces Scene,Shotgun,120.0,135.63,1,1
2026-07-12,2026-07-12 18:39:37,samedi,regular,['samedi'],Pass Samedi,Shotgun,54.09,61.14,1,1
2026-07-12,2026-07-12 18:43:17,2-jours,regular,,Pass 2 Jours,Shotgun,95.0,107.37,1,1
2026-07-12,2026-07-12 19:51:51,vendredi,regular,['vendredi'],Pass Vendredi,Shotgun,54.09,61.14,1,1
2026-07-12,2026-07-12 19:54:08,samedi,regular,['samedi'],Pass Samedi,Shotgun,54.09,61.14,1,1
2026-07-12,2026-07-12 19:54:42,samedi,regular,['samedi'],Pass Samedi,Shotgun,54.09,61.14,1,1
2026-07-12,2026-07-12 20:06:10,2-jours,regular,,Pass 2 Jours,Shotgun,95.0,107.37,1,1
2026-07-12,2026-07-12 20:36:36,2-jours,regular,,Pass 2 Jours,Shotgun,95.0,95.5,1,1
2026-07-12,2026-07-12 21:07:08,vendredi,regular,['vendredi'],Pass Vendredi,Shotgun,54.09,61.14,1,1
2026-07-12,2026-07-12 21:08:30,vendredi,regular,['vendredi'],Pass Vendredi,Shotgun,54.09,61.14,1,1
2026-07-12,2026-07-12 21:25:10,2-jours,regular,,Pass 2 Jours,Shotgun,95.0,107.37,1,1
2026-07-12,2026-07-12 21:25:57,samedi,regular,['samedi'],Pass Samedi,Shotgun,54.09,61.14,1,1
2026-07-12,2026-07-12 21:27:32,2-jours,regular,,Pass 2 Jours,Shotgun,95.0,107.37,1,1
2026-07-12,2026-07-12 21:28:37,2-jours,regular,,Pass 2 Jours,Shotgun,95.0,107.37,1,1
2026-07-12,2026-07-12 21:53:06,2-jours,regular,,Pass 2 Jours,Shotgun,95.0,107.37,1,1
2026-07-12,2026-07-12 22:03:18,2-jours,regular,,Pass 2 Jours,Shotgun,95.0,107.37,1,1
2026-07-12,2026-07-12 22:13:12,samedi,regular,['samedi'],Pass Samedi,Shotgun,54.09,61.14,1,1
2026-07-12,2026-07-12 22:26:06,samedi,regular,['samedi'],Pass Samedi,Shotgun,54.09,61.14,1,1
2026-07-12,2026-07-12 22:27:54,2-jours,regular,,Pass 2 Jours,Shotgun,95.0,107.37,1,1
2026-07-12,2026-07-12 22:28:38,2-jours,regular,,Pass 2 Jours,Shotgun,95.0,107.37,1,1
2026-07-12,2026-07-12 22:28:59,2-jours,regular,,Pass 2 Jours,Shotgun,95.0,107.37,1,1
2026-07-12,2026-07-12 22:51:26,2-jours,regular,,Pass 2 Jours,Shotgun,95.0,107.37,1,1
2026-07-12,2026-07-12 23:00:19,vendredi,regular,['vendredi'],Pass Vendredi,Shotgun,54.09,61.14,1,1
2026-07-12,2026-07-12 23:20:44,samedi,regular,['samedi'],Pass Samedi,Shotgun,54.09,61.14,1,1
2026-07-13,2026-07-13 00:49:49,samedi,regular,['samedi'],Pass Samedi,Shotgun,54.09,61.14,1,1
2026-07-13,2026-07-13 00:49:49,samedi,regular,['samedi'],Pass Samedi,Shotgun,54.09,61.14,1,1
2026-07-13,2026-07-13 05:18:50,samedi,regular,['samedi'],Pass Samedi,Shotgun,54.09,61.14,1,1
2026-07-13,2026-07-13 08:29:04,vendredi,regular,['vendredi'],Pass Vendredi,Shotgun,54.09,61.14,1,1
2026-07-13,2026-07-13 09:27:50,samedi,regular,['samedi'],Pass Samedi,Shotgun,54.09,61.14,1,1
2026-07-13,2026-07-13 09:27:50,samedi,regular,['samedi'],Pass Samedi,Shotgun,54.09,61.14,1,1
2026-07-13,2026-07-13 09:54:29,samedi,regular,['samedi'],Pass Samedi,Shotgun,54.09,61.14,1,1
2026-07-13,2026-07-13 09:56:12,vendredi,regular,['vendredi'],Pass Vendredi,Shotgun,54.09,61.14,1,1
2026-07-13,2026-07-13 09:56:12,vendredi,regular,['vendredi'],Pass Vendredi,Shotgun,54.09,61.14,1,1
2026-07-13,2026-07-13 10:17:54,vendredi,regular,['vendredi'],Pass Vendredi,Shotgun,54.09,61.14,1,1
2026-07-13,2026-07-13 10:26:04,vendredi,regular,['vendredi'],Pass Vendredi,Shotgun,55.0,55.5,1,1
2026-07-13,2026-07-13 10:27:29,2-jours,regular,,Pass 2 Jours,Shotgun,95.0,107.37,1,1
2026-07-13,2026-07-13 10:46:48,2-jours,regular,,Pass 2 Jours,Shotgun,95.0,107.37,1,1
2026-07-13,2026-07-13 11:18:54,vendredi,regular,['vendredi'],Pass Vendredi,Shotgun,54.09,61.14,1,1
2026-07-13,2026-07-13 12:35:11,2-jours,regular,,Pass 2 Jours,Shotgun,95.0,107.37,1,1
2026-07-13,2026-07-13 12:35:57,2-jours,regular,,Pass 2 Jours,Shotgun,95.0,107.37,1,1
2026-07-13,2026-07-13 12:45:54,2-jours,regular,,Pass 2 Jours,Shotgun,95.0,107.37,1,1
2026-07-13,2026-07-13 12:48:31,2-jours,regular,,Pass 2 Jours,Shotgun,95.0,107.37,1,1
2026-07-13,2026-07-13 13:08:07,vendredi,regular,['vendredi'],Pass Vendredi,Shotgun,54.09,61.14,1,1
2026-07-13,2026-07-13 14:28:14,samedi,regular,['samedi'],Pass Samedi,Shotgun,54.09,61.14,1,1
2026-07-13,2026-07-13 14:30:28,vendredi,regular,['vendredi'],Pass Vendredi,Shotgun,54.09,61.14,1,1
2026-07-13,2026-07-13 14:30:43,vendredi,regular,['vendredi'],Pass Vendredi,Shotgun,54.09,61.14,1,1
2026-07-13,2026-07-13 14:49:16,samedi,regular,['samedi'],Pass Samedi,Shotgun,54.09,61.14,1,1
2026-07-13,2026-07-13 14:55:42,2-jours,regular,,Pass 2 Jours,Shotgun,95.0,107.37,1,1
2026-07-13,2026-07-13 15:20:37,samedi,regular,['samedi'],Pass Samedi,Shotgun,54.09,61.14,1,1
2026-07-13,2026-07-13 15:20:37,samedi,regular,['samedi'],Pass Samedi,Shotgun,54.09,61.14,1,1
2026-07-13,2026-07-13 15:38:24,samedi,regular,['samedi'],Pass Samedi,Shotgun,54.09,61.14,1,1
2026-07-13,2026-07-13 15:38:24,samedi,regular,['samedi'],Pass Samedi,Shotgun,54.09,61.14,1,1
2026-07-13,2026-07-13 15:52:29,vendredi,regular,['vendredi'],Pass Vendredi,Shotgun,54.09,61.14,1,1
2026-07-13,2026-07-13 15:52:29,vendredi,regular,['vendredi'],Pass Vendredi,Shotgun,54.09,61.14,1,1
2026-07-13,2026-07-13 16:23:24,samedi,regular,['samedi'],Pass Samedi,Shotgun,54.09,61.14,1,1
2026-07-13,2026-07-13 16:47:15,samedi,regular,['samedi'],Pass Samedi,Shotgun,54.09,61.14,1,1
2026-07-13,2026-07-13 17:09:24,2-jours,regular,,Pass 2 Jours,Shotgun,95.0,107.37,1,1
2026-07-13,2026-07-13 17:33:19,vendredi,regular,['vendredi'],Pass Vendredi,Shotgun,54.09,61.14,1,1
2026-07-13,2026-07-13 17:48:47,vendredi,regular,['vendredi'],Pass Vendredi,Shotgun,54.09,61.14,1,1
2026-07-13,2026-07-13 17:49:08,vendredi,regular,['vendredi'],Pass Vendredi,Shotgun,54.09,61.14,1,1
2026-07-13,2026-07-13 18:11:53,vendredi,regular,['vendredi'],Pass Vendredi,Shotgun,54.09,61.14,1,1
2026-07-13,2026-07-13 18:52:34,2-jours,regular,,Pass 2 Jours,Shotgun,95.0,107.37,1,1
2026-07-13,2026-07-13 19:05:20,vendredi,regular,['vendredi'],Pass Vendredi,Shotgun,54.09,61.14,1,1
2026-07-13,2026-07-13 19:05:20,vendredi,regular,['vendredi'],Pass Vendredi,Shotgun,54.09,61.14,1,1
2026-07-13,2026-07-13 19:28:10,vendredi,regular,['vendredi'],Pass Vendredi,Shotgun,54.09,61.14,1,1
2026-07-13,2026-07-13 19:28:10,vendredi,regular,['vendredi'],Pass Vendredi,Shotgun,54.09,61.14,1,1
2026-07-13,2026-07-13 19:37:37,2-jours,regular,,Pass 2 Jours,Shotgun,95.0,107.37,1,1
2026-07-13,2026-07-13 20:00:40,2-jours,regular,,Pass 2 Jours,Shotgun,95.0,107.37,1,1
2026-07-13,2026-07-13 20:06:16,vendredi,regular,['vendredi'],Pass Vendredi,Shotgun,54.09,61.14,1,1
2026-07-13,2026-07-13 20:40:10,2-jours,regular,,Pass 2 Jours,Shotgun,95.0,107.37,1,1
2026-07-13,2026-07-13 20:41:54,vendredi,regular,['vendredi'],Pass Vendredi,Shotgun,54.09,61.14,1,1
2026-07-13,2026-07-13 20:41:54,vendredi,regular,['vendredi'],Pass Vendredi,Shotgun,54.09,61.14,1,1
2026-07-13,2026-07-13 20:41:54,vendredi,regular,['vendredi'],Pass Vendredi,Shotgun,54.09,61.14,1,1
2026-07-13,2026-07-13 20:54:24,vendredi,regular,['vendredi'],Pass Vendredi,Shotgun,54.09,61.14,1,1
2026-07-13,2026-07-13 21:18:38,vendredi,regular,['vendredi'],Pass Vendredi,Shotgun,54.09,61.14,1,1
2026-07-13,2026-07-13 21:40:06,2-jours,regular,,Pass 2 Jours,Shotgun,95.0,107.37,1,1
2026-07-13,2026-07-13 21:51:28,2-jours,regular,,Pass 2 Jours,Shotgun,95.0,107.37,1,1
2026-07-13,2026-07-13 21:52:48,2-jours,regular,,Pass 2 Jours,Shotgun,95.0,107.37,1,1
2026-07-13,2026-07-13 21:52:48,2-jours,regular,,Pass 2 Jours,Shotgun,95.0,107.37,1,1
2026-07-13,2026-07-13 22:18:15,vendredi,regular,['vendredi'],Pass Vendredi,Shotgun,54.09,61.14,1,1
2026-07-14,2026-07-14 00:49:45,vendredi,regular,['vendredi'],Pass Vendredi,Shotgun,54.09,61.14,1,1
2026-07-14,2026-07-14 02:48:06,samedi,regular,['samedi'],Pass Samedi,Shotgun,54.09,61.14,1,1
2026-07-14,2026-07-14 02:48:06,samedi,regular,['samedi'],Pass Samedi,Shotgun,54.09,61.14,1,1
2026-07-14,2026-07-14 02:48:06,samedi,regular,['samedi'],Pass Samedi,Shotgun,54.09,61.14,1,1
2026-07-14,2026-07-14 07:32:27,2-jours,regular,,Pass 2 Jours,Shotgun,95.0,107.37,1,1
2026-07-14,2026-07-14 07:32:27,2-jours,regular,,Pass 2 Jours,Shotgun,95.0,107.37,1,1
2026-07-14,2026-07-14 07:32:27,2-jours,regular,,Pass 2 Jours,Shotgun,95.0,107.37,1,1
2026-07-14,2026-07-14 08:01:49,2-jours,regular,,Pass 2 Jours,Shotgun,95.0,107.37,1,1
2026-07-14,2026-07-14 08:16:37,vendredi,regular,['vendredi'],Pass Vendredi,Shotgun,54.09,61.14,1,1
2026-07-14,2026-07-14 08:21:29,vendredi,regular,['vendredi'],Pass Vendredi,Shotgun,54.09,61.14,1,1
2026-07-14,2026-07-14 08:21:29,vendredi,regular,['vendredi'],Pass Vendredi,Shotgun,54.09,61.14,1,1
2026-07-14,2026-07-14 08:42:56,vendredi,regular,['vendredi'],Pass Vendredi,Shotgun,54.09,61.14,1,1
2026-07-14,2026-07-14 08:52:33,samedi,regular,['samedi'],Pass Samedi,Shotgun,54.09,61.14,1,1
2026-07-14,2026-07-14 08:55:08,vendredi,regular,['vendredi'],Pass Vendredi,Shotgun,54.09,61.14,1,1
2026-07-14,2026-07-14 08:55:08,vendredi,regular,['vendredi'],Pass Vendredi,Shotgun,54.09,61.14,1,1
2026-07-14,2026-07-14 10:40:19,samedi,early_entry,['samedi'],Pass Samedi,Shotgun,50.0,56.51,1,1
2026-07-14,2026-07-14 10:47:34,samedi,early_entry,['samedi'],Pass Samedi,Shotgun,50.0,56.51,1,1
2026-07-14,2026-07-14 11:15:35,vendredi,regular,['vendredi'],Pass Vendredi,Shotgun,54.09,61.14,1,1
2026-07-14,2026-07-14 11:15:35,vendredi,regular,['vendredi'],Pass Vendredi,Shotgun,54.09,61.14,1,1
2026-07-14,2026-07-14 11:37:36,samedi,regular,['samedi'],Pass Samedi,Shotgun,54.09,61.14,1,1
2026-07-14,2026-07-14 11:44:02,samedi,regular,['samedi'],Pass Samedi,Shotgun,54.09,61.14,1,1
2026-07-14,2026-07-14 12:06:06,vendredi,regular,['vendredi'],Pass Vendredi,Shotgun,54.09,61.14,1,1
2026-07-14,2026-07-14 12:12:55,2-jours,regular,,Pass 2 Jours,Shotgun,95.0,107.37,1,1
2026-07-14,2026-07-14 12:12:55,2-jours,regular,,Pass 2 Jours,Shotgun,95.0,107.37,1,1
2026-07-14,2026-07-14 12:16:25,samedi,early_entry,['samedi'],Pass Samedi,Shotgun,50.0,56.51,1,1
2026-07-14,2026-07-14 12:53:15,vendredi,regular,['vendredi'],Pass Vendredi,Shotgun,54.09,61.14,1,1
2026-07-14,2026-07-14 12:54:10,vendredi,regular,['vendredi'],Pass Vendredi,Shotgun,54.09,61.14,1,1
2026-07-14,2026-07-14 12:55:04,vendredi,regular,['vendredi'],Pass Vendredi,Shotgun,54.09,61.14,1,1
2026-07-14,2026-07-14 13:04:51,vendredi,regular,['vendredi'],Pass Vendredi,Shotgun,54.09,61.14,1,1
2026-07-14,2026-07-14 13:31:20,2-jours,regular,,Pass 2 Jours,Shotgun,95.0,107.37,1,1
2026-07-14,2026-07-14 14:03:02,2-jours,regular,,Pass 2 Jours,Shotgun,95.0,107.37,1,1
2026-07-14,2026-07-14 14:22:15,2-jours,regular,,Pass 2 Jours,Shotgun,95.0,107.37,1,1
2026-07-14,2026-07-14 15:27:12,vendredi,regular,['vendredi'],Pass Vendredi,Shotgun,54.09,61.14,1,1
2026-07-14,2026-07-14 15:27:12,vendredi,regular,['vendredi'],Pass Vendredi,Shotgun,54.09,61.14,1,1
2026-07-14,2026-07-14 15:36:15,vendredi,regular,['vendredi'],Pass Vendredi,Shotgun,54.09,61.14,1,1
2026-07-14,2026-07-14 15:36:15,vendredi,regular,['vendredi'],Pass Vendredi,Shotgun,54.09,61.14,1,1
2026-07-14,2026-07-14 15:42:45,2-jours,regular,,Pass 2 Jours,Shotgun,95.0,95.5,1,1
2026-07-14,2026-07-14 16:00:14,vendredi,regular,['vendredi'],Pass Vendredi,Shotgun,54.09,61.14,1,1
2026-07-14,2026-07-14 16:18:42,2-jours,regular,,Pass 2 Jours,Shotgun,95.0,107.37,1,1
2026-07-14,2026-07-14 16:22:12,samedi,regular,['samedi'],Pass Samedi,Shotgun,54.09,61.14,1,1
2026-07-14,2026-07-14 16:24:24,2-jours,regular,,Pass 2 Jours,Shotgun,95.0,107.37,1,1
2026-07-14,2026-07-14 16:34:24,samedi,regular,['samedi'],Pass Samedi,Shotgun,54.09,61.14,1,1
2026-07-14,2026-07-14 16:37:41,vendredi,regular,['vendredi'],Pass Vendredi,Shotgun,54.09,61.14,1,1
2026-07-14,2026-07-14 16:40:16,vendredi,regular,['vendredi'],Pass Vendredi,Shotgun,54.09,61.14,1,1
2026-07-14,2026-07-14 17:01:38,2-jours,regular,,Pass 2 Jours,Shotgun,95.0,107.37,1,1
2026-07-14,2026-07-14 17:01:59,2-jours,regular,,Pass 2 Jours,Shotgun,95.0,107.37,1,1
2026-07-14,2026-07-14 17:03:59,samedi,early_entry,['samedi'],Pass Samedi,Shotgun,50.0,56.51,1,1
2026-07-14,2026-07-14 17:03:59,samedi,early_entry,['samedi'],Pass Samedi,Shotgun,50.0,56.51,1,1
2026-07-14,2026-07-14 17:14:35,samedi,regular,['samedi'],Pass Samedi,Shotgun,54.09,61.14,1,1
2026-07-14,2026-07-14 17:45:14,2-jours,regular,,Pass 2 Jours,Shotgun,95.0,107.37,1,1
2026-07-14,2026-07-14 17:45:14,2-jours,regular,,Pass 2 Jours,Shotgun,95.0,107.37,1,1
2026-07-14,2026-07-14 17:45:14,2-jours,regular,,Pass 2 Jours,Shotgun,95.0,107.37,1,1
2026-07-14,2026-07-14 17:45:14,2-jours,regular,,Pass 2 Jours,Shotgun,95.0,107.37,1,1
2026-07-14,2026-07-14 17:47:30,vendredi,regular,['vendredi'],Pass Vendredi,Shotgun,54.09,61.14,1,1
2026-07-14,2026-07-14 17:50:49,vendredi,regular,['vendredi'],Pass Vendredi,Shotgun,54.09,61.14,1,1
2026-07-14,2026-07-14 17:55:37,2-jours,regular,,Pass 2 Jours,Shotgun,95.0,107.37,1,1
2026-07-14,2026-07-14 17:55:56,2-jours,regular,,Pass 2 Jours,Shotgun,95.0,107.37,1,1
2026-07-14,2026-07-14 18:26:03,vendredi,regular,['vendredi'],Pass Vendredi,Shotgun,54.09,61.14,1,1
2026-07-14,2026-07-14 18:38:23,2-jours,regular,,Pass 2 Jours,Shotgun,95.0,107.37,1,1
2026-07-14,2026-07-14 18:42:03,vendredi,regular,['vendredi'],Pass Vendredi,Shotgun,54.09,61.14,1,1
2026-07-14,2026-07-14 18:42:03,vendredi,regular,['vendredi'],Pass Vendredi,Shotgun,54.09,61.14,1,1
2026-07-14,2026-07-14 20:01:53,samedi,early_entry,['samedi'],Pass Samedi,Shotgun,50.0,56.51,1,1
2026-07-14,2026-07-14 20:06:00,2-jours,regular,,Pass 2 Jours,Shotgun,95.0,107.37,1,1
2026-07-14,2026-07-14 20:10:26,samedi,regular,['samedi'],Pass Samedi,Shotgun,54.09,61.14,1,1
2026-07-14,2026-07-14 21:29:40,2-jours,regular,,Pass 2 Jours,Shotgun,95.0,107.37,1,1
2026-07-14,2026-07-14 21:30:26,2-jours,regular,,Pass 2 Jours,Shotgun,95.0,107.37,1,1
2026-07-14,2026-07-14 21:32:38,2-jours,regular,,Pass 2 Jours,Shotgun,95.0,107.37,1,1
2026-07-15,2026-07-15 03:19:28,vendredi,regular,['vendredi'],Pass Vendredi,Shotgun,54.09,61.14,1,1
2026-07-15,2026-07-15 03:19:28,vendredi,regular,['vendredi'],Pass Vendredi,Shotgun,54.09,61.14,1,1
2026-07-15,2026-07-15 03:19:28,vendredi,regular,['vendredi'],Pass Vendredi,Shotgun,54.09,61.14,1,1
2026-07-15,2026-07-15 05:28:26,samedi,regular,['samedi'],Pass Samedi,Shotgun,54.09,61.14,1,1
2026-07-15,2026-07-15 09:28:04,2-jours,regular,,Pass 2 Jours,Shotgun,95.0,107.37,1,1
2026-07-15,2026-07-15 11:27:16,vendredi,regular,['vendredi'],Pass Vendredi,Shotgun,54.09,61.14,1,1
2026-07-15,2026-07-15 13:27:23,2-jours,regular,,Pass 2 Jours,Shotgun,95.0,107.37,1,1
2026-07-15,2026-07-15 14:37:57,2-jours,regular,,Pass 2 Jours,Shotgun,95.0,107.37,1,1
2026-07-15,2026-07-15 14:49:22,2-jours,regular,,Pass 2 Jours,Shotgun,95.0,107.37,1,1
2026-07-15,2026-07-15 15:12:29,2-jours,regular,,Pass 2 Jours,Shotgun,95.0,107.37,1,1
2026-07-15,2026-07-15 15:16:54,2-jours,regular,,Pass 2 Jours,Shotgun,95.0,107.37,1,1
2026-07-15,2026-07-15 15:49:14,samedi,vip,['samedi'],Pass Acces Scene,Shotgun,120.0,135.63,1,1
2026-07-15,2026-07-15 16:00:33,vendredi,regular,['vendredi'],Pass Vendredi,Shotgun,54.09,61.14,1,1
2026-07-15,2026-07-15 16:22:28,vendredi,regular,['vendredi'],Pass Vendredi,Shotgun,54.09,61.14,1,1
2026-07-15,2026-07-15 16:22:28,vendredi,regular,['vendredi'],Pass Vendredi,Shotgun,54.09,61.14,1,1
2026-07-15,2026-07-15 16:37:47,samedi,regular,['samedi'],Pass Samedi,Shotgun,54.09,61.14,1,1
2026-07-15,2026-07-15 16:40:02,2-jours,regular,,Pass 2 Jours,Shotgun,95.0,107.37,1,1
2026-07-15,2026-07-15 16:58:44,2-jours,regular,,Pass 2 Jours,Shotgun,95.0,107.37,1,1
2026-07-15,2026-07-15 17:55:30,vendredi,regular,['vendredi'],Pass Vendredi,Shotgun,54.09,61.14,1,1
2026-07-15,2026-07-15 18:12:45,vendredi,early_entry,['vendredi'],Pass Vendredi,Shotgun,50.0,56.51,1,1
2026-07-15,2026-07-15 18:13:13,vendredi,early_entry,['vendredi'],Pass Vendredi,Shotgun,50.0,56.51,1,1
2026-07-15,2026-07-15 18:25:09,vendredi,regular,['vendredi'],Pass Vendredi,Shotgun,54.09,61.14,1,1
2026-07-15,2026-07-15 18:26:40,vendredi,regular,['vendredi'],Pass Vendredi,Shotgun,54.09,61.14,1,1
2026-07-15,2026-07-15 18:40:15,2-jours,regular,,Pass 2 Jours,Shotgun,95.0,107.37,1,1
2026-07-15,2026-07-15 18:40:15,2-jours,regular,,Pass 2 Jours,Shotgun,95.0,107.37,1,1
2026-07-15,2026-07-15 18:46:47,2-jours,regular,,Pass 2 Jours,Shotgun,95.0,107.37,1,1
2026-07-15,2026-07-15 18:50:39,2-jours,regular,,Pass 2 Jours,Shotgun,95.0,107.37,1,1
2026-07-15,2026-07-15 18:51:45,samedi,regular,['samedi'],Pass Samedi,Shotgun,54.09,61.14,1,1
2026-07-15,2026-07-15 19:06:52,2-jours,regular,,Pass 2 Jours,Shotgun,95.0,107.37,1,1
2026-07-15,2026-07-15 19:06:54,2-jours,regular,,Pass 2 Jours,Shotgun,95.0,107.37,1,1
2026-07-15,2026-07-15 19:25:58,vendredi,regular,['vendredi'],Pass Vendredi,Shotgun,54.09,61.14,1,1
2026-07-15,2026-07-15 19:54:32,2-jours,regular,,Pass 2 Jours,Shotgun,95.0,107.37,1,1
2026-07-15,2026-07-15 19:58:32,2-jours,regular,,Pass 2 Jours,Shotgun,95.0,107.37,1,1
2026-07-15,2026-07-15 19:58:52,vendredi,regular,['vendredi'],Pass Vendredi,Shotgun,54.09,61.14,1,1
2026-07-15,2026-07-15 19:59:31,2-jours,regular,,Pass 2 Jours,Shotgun,95.0,107.37,1,1
2026-07-15,2026-07-15 20:00:06,2-jours,regular,,Pass 2 Jours,Shotgun,95.0,107.37,1,1
2026-07-15,2026-07-15 20:40:24,samedi,regular,['samedi'],Pass Samedi,Shotgun,54.09,61.14,1,1
2026-07-15,2026-07-15 20:40:24,samedi,regular,['samedi'],Pass Samedi,Shotgun,54.09,61.14,1,1
2026-07-15,2026-07-15 20:42:13,vendredi,regular,['vendredi'],Pass Vendredi,Shotgun,54.09,61.14,1,1
2026-07-15,2026-07-15 20:42:36,samedi,regular,['samedi'],Pass Samedi,Shotgun,54.09,61.14,1,1
2026-07-15,2026-07-15 20:42:36,samedi,regular,['samedi'],Pass Samedi,Shotgun,54.09,61.14,1,1
2026-07-15,2026-07-15 20:59:17,samedi,regular,['samedi'],Pass Samedi,Shotgun,54.09,61.14,1,1
2026-07-15,2026-07-15 20:59:17,samedi,regular,['samedi'],Pass Samedi,Shotgun,54.09,61.14,1,1
2026-07-15,2026-07-15 21:09:45,2-jours,regular,,Pass 2 Jours,Shotgun,95.0,107.37,1,1
2026-07-16,2026-07-16 01:09:56,2-jours,regular,,Pass 2 Jours,Shotgun,95.0,107.37,1,1
2026-07-16,2026-07-16 06:53:27,2-jours,regular,,Pass 2 Jours,Shotgun,95.0,107.37,1,1
2026-07-16,2026-07-16 08:08:55,vendredi,regular,['vendredi'],Pass Vendredi,Shotgun,54.09,61.14,1,1
2026-07-16,2026-07-16 08:08:55,vendredi,regular,['vendredi'],Pass Vendredi,Shotgun,54.09,61.14,1,1
2026-07-16,2026-07-16 09:00:05,2-jours,regular,,Pass 2 Jours,Shotgun,95.0,107.37,1,1
2026-07-16,2026-07-16 10:31:14,vendredi,regular,['vendredi'],Pass Vendredi,Shotgun,54.09,61.14,1,1
2026-07-16,2026-07-16 10:31:14,vendredi,regular,['vendredi'],Pass Vendredi,Shotgun,54.09,61.14,1,1
2026-07-16,2026-07-16 10:53:56,2-jours,regular,,Pass 2 Jours,Shotgun,95.0,107.37,1,1
2026-07-16,2026-07-16 11:23:02,vendredi,early_entry,['vendredi'],Pass Vendredi,Shotgun,50.0,56.51,1,1
2026-07-16,2026-07-16 12:20:17,vendredi,regular,['vendredi'],Pass Vendredi,Shotgun,55.0,55.5,1,1
2026-07-16,2026-07-16 12:20:17,vendredi,regular,['vendredi'],Pass Vendredi,Shotgun,55.0,55.5,1,1
2026-07-16,2026-07-16 12:34:15,samedi,regular,['samedi'],Pass Samedi,Shotgun,54.09,61.14,1,1
2026-07-16,2026-07-16 12:58:56,2-jours,regular,,Pass 2 Jours,Shotgun,95.0,107.37,1,1
2026-07-16,2026-07-16 13:00:53,samedi,regular,['samedi'],Pass Samedi,Shotgun,54.09,61.14,1,1
2026-07-16,2026-07-16 15:27:07,samedi,regular,['samedi'],Pass Samedi,Shotgun,54.09,61.14,1,1
2026-07-16,2026-07-16 15:28:17,samedi,regular,['samedi'],Pass Samedi,Shotgun,54.09,61.14,1,1
2026-07-16,2026-07-16 15:55:48,vendredi,regular,['vendredi'],Pass Vendredi,Shotgun,54.09,61.14,1,1
2026-07-16,2026-07-16 16:23:43,2-jours,regular,,Pass 2 Jours,Shotgun,95.0,107.37,1,1
2026-07-16,2026-07-16 16:23:43,2-jours,regular,,Pass 2 Jours,Shotgun,95.0,107.37,1,1
2026-07-16,2026-07-16 16:57:03,2-jours,regular,,Pass 2 Jours,Shotgun,95.0,107.37,1,1
2026-07-16,2026-07-16 16:57:03,2-jours,regular,,Pass 2 Jours,Shotgun,95.0,107.37,1,1
2026-07-16,2026-07-16 17:04:23,2-jours,regular,,Pass 2 Jours,Shotgun,95.0,107.37,1,1
2026-07-16,2026-07-16 17:06:16,2-jours,regular,,Pass 2 Jours,Shotgun,95.0,107.37,1,1
2026-07-16,2026-07-16 17:49:48,2-jours,regular,,Pass 2 Jours,Shotgun,95.0,107.37,1,1
2026-07-16,2026-07-16 17:54:24,vendredi,regular,['vendredi'],Pass Vendredi,Shotgun,54.09,61.14,1,1
2026-07-16,2026-07-16 18:42:56,samedi,regular,['samedi'],Pass Samedi,Shotgun,54.09,61.14,1,1
2026-07-16,2026-07-16 18:44:08,samedi,regular,['samedi'],Pass Samedi,Shotgun,54.09,61.14,1,1
2026-07-16,2026-07-16 18:45:05,2-jours,regular,,Pass 2 Jours,Shotgun,95.0,107.37,1,1
2026-07-16,2026-07-16 18:51:53,samedi,regular,['samedi'],Pass Samedi,Shotgun,54.09,61.14,1,1
2026-07-16,2026-07-16 19:21:11,2-jours,regular,,Pass 2 Jours,Shotgun,95.0,107.37,1,1
2026-07-16,2026-07-16 19:34:52,vendredi,regular,['vendredi'],Pass Vendredi,Shotgun,54.09,61.14,1,1
2026-07-16,2026-07-16 19:36:06,vendredi,regular,['vendredi'],Pass Vendredi,Shotgun,54.09,61.14,1,1
2026-07-16,2026-07-16 19:38:20,vendredi,regular,['vendredi'],Pass Vendredi,Shotgun,54.09,61.14,1,1
2026-07-16,2026-07-16 19:49:41,vendredi,regular,['vendredi'],Pass Vendredi,Shotgun,54.09,61.14,1,1
2026-07-16,2026-07-16 19:50:52,samedi,regular,['samedi'],Pass Samedi,Shotgun,54.09,61.14,1,1
2026-07-16,2026-07-16 19:52:16,samedi,regular,['samedi'],Pass Samedi,Shotgun,54.09,61.14,1,1
2026-07-16,2026-07-16 19:52:16,samedi,regular,['samedi'],Pass Samedi,Shotgun,54.09,61.14,1,1
2026-07-16,2026-07-16 20:04:13,vendredi,regular,['vendredi'],Pass Vendredi,Shotgun,54.09,61.14,1,1
2026-07-16,2026-07-16 20:04:26,2-jours,regular,,Pass 2 Jours,Shotgun,95.0,107.37,1,1
2026-07-16,2026-07-16 20:04:26,2-jours,regular,,Pass 2 Jours,Shotgun,95.0,107.37,1,1
2026-07-16,2026-07-16 20:15:29,2-jours,regular,,Pass 2 Jours,Shotgun,95.0,107.37,1,1
2026-07-16,2026-07-16 20:32:30,2-jours,regular,,Pass 2 Jours,Shotgun,95.0,107.37,1,1
2026-07-16,2026-07-16 20:36:16,2-jours,regular,,Pass 2 Jours,Shotgun,95.0,107.37,1,1
2026-07-16,2026-07-16 21:10:56,2-jours,regular,,Pass 2 Jours,Shotgun,95.0,107.37,1,1
2026-07-16,2026-07-16 21:20:14,2-jours,regular,,Pass 2 Jours,Shotgun,95.0,107.37,1,1
2026-07-16,2026-07-16 21:36:46,2-jours,regular,,Pass 2 Jours,Shotgun,95.0,107.37,1,1
2026-07-16,2026-07-16 21:40:32,2-jours,regular,,Pass 2 Jours,Shotgun,95.0,107.37,1,1
2026-07-16,2026-07-16 22:39:05,2-jours,regular,,Pass 2 Jours,Shotgun,95.0,107.37,1,1
2026-07-16,2026-07-16 22:39:05,2-jours,regular,,Pass 2 Jours,Shotgun,95.0,107.37,1,1
2026-07-16,2026-07-16 22:40:09,2-jours,regular,,Pass 2 Jours,Shotgun,95.0,107.37,1,1
2026-07-17,2026-07-17 04:34:07,samedi,regular,['samedi'],Pass Samedi,Shotgun,54.09,61.14,1,1
2026-07-17,2026-07-17 06:32:55,vendredi,regular,['vendredi'],Pass Vendredi,Shotgun,54.09,61.14,1,1
2026-07-17,2026-07-17 06:44:17,vendredi,regular,['vendredi'],Pass Vendredi,Shotgun,54.09,61.14,1,1
2026-07-17,2026-07-17 07:29:44,vendredi,regular,['vendredi'],Pass Vendredi,Shotgun,54.09,61.14,1,1
2026-07-17,2026-07-17 08:30:14,2-jours,regular,,Pass 2 Jours,Shotgun,95.0,107.37,1,1
2026-07-17,2026-07-17 09:33:31,vendredi,regular,['vendredi'],Pass Vendredi,Shotgun,54.09,61.14,1,1
2026-07-17,2026-07-17 10:11:37,vendredi,regular,['vendredi'],Pass Vendredi,Shotgun,54.09,61.14,1,1
2026-07-17,2026-07-17 10:34:21,vendredi,regular,['vendredi'],Pass Vendredi,Shotgun,54.09,61.14,1,1
2026-07-17,2026-07-17 10:34:21,vendredi,regular,['vendredi'],Pass Vendredi,Shotgun,54.09,61.14,1,1
2026-07-17,2026-07-17 10:59:52,vendredi,regular,['vendredi'],Pass Vendredi,Shotgun,54.09,61.14,1,1
2026-07-17,2026-07-17 11:35:38,2-jours,regular,,Pass 2 Jours,Shotgun,95.0,107.37,1,1
2026-07-17,2026-07-17 11:36:02,samedi,regular,['samedi'],Pass Samedi,Shotgun,54.09,61.14,1,1
2026-07-17,2026-07-17 11:36:02,samedi,regular,['samedi'],Pass Samedi,Shotgun,54.09,61.14,1,1
2026-07-17,2026-07-17 12:23:43,vendredi,regular,['vendredi'],Pass Vendredi,Shotgun,54.09,61.14,1,1
2026-07-17,2026-07-17 12:35:22,samedi,regular,['samedi'],Pass Samedi,Shotgun,54.09,61.14,1,1
2026-07-17,2026-07-17 12:35:22,samedi,regular,['samedi'],Pass Samedi,Shotgun,54.09,61.14,1,1
2026-07-17,2026-07-17 12:35:22,samedi,regular,['samedi'],Pass Samedi,Shotgun,54.09,61.14,1,1
2026-07-17,2026-07-17 12:38:13,samedi,regular,['samedi'],Pass Samedi,Shotgun,54.09,61.14,1,1
2026-07-17,2026-07-17 12:38:13,samedi,regular,['samedi'],Pass Samedi,Shotgun,54.09,61.14,1,1
2026-07-17,2026-07-17 12:54:56,vendredi,regular,['vendredi'],Pass Vendredi,Shotgun,55.0,55.5,1,1
2026-07-17,2026-07-17 13:31:50,2-jours,regular,,Pass 2 Jours,Shotgun,95.0,107.37,1,1
2026-07-17,2026-07-17 13:50:11,2-jours,vip,"['vendredi', 'samedi']",Pass Acces Scene,Shotgun,220.0,248.66,1,1
2026-07-17,2026-07-17 13:51:01,samedi,regular,['samedi'],Pass Samedi,Shotgun,54.09,61.14,1,1
2026-07-17,2026-07-17 13:55:17,samedi,regular,['samedi'],Pass Samedi,Shotgun,54.09,61.14,1,1
2026-07-17,2026-07-17 14:26:20,vendredi,regular,['vendredi'],Pass Vendredi,Shotgun,54.09,61.14,1,1
2026-07-17,2026-07-17 15:20:50,vendredi,regular,['vendredi'],Pass Vendredi,Shotgun,54.09,61.14,1,1
2026-07-17,2026-07-17 15:58:09,vendredi,regular,['vendredi'],Pass Vendredi,Shotgun,54.09,61.14,1,1
2026-07-17,2026-07-17 15:58:09,vendredi,regular,['vendredi'],Pass Vendredi,Shotgun,54.09,61.14,1,1
2026-07-17,2026-07-17 16:07:35,2-jours,regular,,Pass 2 Jours,Shotgun,95.0,107.37,1,1
2026-07-17,2026-07-17 16:12:22,2-jours,regular,,Pass 2 Jours,Shotgun,95.0,107.37,1,1
2026-07-17,2026-07-17 16:13:28,2-jours,regular,,Pass 2 Jours,Shotgun,95.0,107.37,1,1
2026-07-17,2026-07-17 16:23:39,2-jours,regular,,Pass 2 Jours,Shotgun,95.0,107.37,1,1
2026-07-17,2026-07-17 16:32:29,vendredi,vip,['vendredi'],Pass Acces Scene,Shotgun,120.0,135.63,1,1
2026-07-17,2026-07-17 16:32:29,vendredi,vip,['vendredi'],Pass Acces Scene,Shotgun,120.0,135.63,1,1
2026-07-17,2026-07-17 16:32:29,vendredi,vip,['vendredi'],Pass Acces Scene,Shotgun,120.0,135.63,1,1
2026-07-17,2026-07-17 17:46:15,2-jours,regular,,Pass 2 Jours,Shotgun,95.0,107.37,1,1
2026-07-17,2026-07-17 17:46:15,2-jours,regular,,Pass 2 Jours,Shotgun,95.0,107.37,1,1
2026-07-17,2026-07-17 18:08:50,samedi,regular,['samedi'],Pass Samedi,Shotgun,54.09,61.14,1,1
2026-07-17,2026-07-17 18:08:50,samedi,regular,['samedi'],Pass Samedi,Shotgun,54.09,61.14,1,1
2026-07-17,2026-07-17 18:11:42,vendredi,regular,['vendredi'],Pass Vendredi,Shotgun,54.09,61.14,1,1
2026-07-17,2026-07-17 18:39:48,2-jours,regular,,Pass 2 Jours,Shotgun,95.0,107.37,1,1
2026-07-17,2026-07-17 18:40:09,vendredi,regular,['vendredi'],Pass Vendredi,Shotgun,54.09,61.14,1,1
2026-07-17,2026-07-17 18:54:38,2-jours,regular,,Pass 2 Jours,Shotgun,95.0,107.37,1,1
2026-07-17,2026-07-17 19:53:09,vendredi,regular,['vendredi'],Pass Vendredi,Shotgun,54.09,61.14,1,1
2026-07-17,2026-07-17 21:12:10,vendredi,early_entry,['vendredi'],Pass Vendredi,Shotgun,50.0,56.51,1,1
2026-07-17,2026-07-17 21:22:53,2-jours,regular,,Pass 2 Jours,Shotgun,95.0,107.37,1,1
2026-07-17,2026-07-17 23:15:05,samedi,regular,['samedi'],Pass Samedi,Shotgun,54.09,61.14,1,1
2026-07-18,2026-07-18 04:43:37,2-jours,regular,,Pass 2 Jours,Shotgun,95.0,107.37,1,1
2026-07-18,2026-07-18 10:28:59,2-jours,regular,,Pass 2 Jours,Shotgun,95.0,107.37,1,1
2026-07-18,2026-07-18 10:28:59,2-jours,regular,,Pass 2 Jours,Shotgun,95.0,107.37,1,1
2026-07-18,2026-07-18 10:49:52,samedi,regular,['samedi'],Pass Samedi,Shotgun,54.09,61.14,1,1
2026-07-18,2026-07-18 10:49:52,samedi,regular,['samedi'],Pass Samedi,Shotgun,54.09,61.14,1,1
2026-07-18,2026-07-18 10:49:52,samedi,regular,['samedi'],Pass Samedi,Shotgun,54.09,61.14,1,1
2026-07-18,2026-07-18 10:59:47,samedi,regular,['samedi'],Pass Samedi,Shotgun,54.09,61.14,1,1
2026-07-18,2026-07-18 11:18:02,2-jours,regular,,Pass 2 Jours,Shotgun,95.0,107.37,1,1
2026-07-18,2026-07-18 11:18:02,2-jours,regular,,Pass 2 Jours,Shotgun,95.0,107.37,1,1
2026-07-18,2026-07-18 11:55:32,2-jours,regular,,Pass 2 Jours,Shotgun,95.0,107.37,1,1
2026-07-18,2026-07-18 11:56:04,vendredi,regular,['vendredi'],Pass Vendredi,Shotgun,54.09,61.14,1,1
2026-07-18,2026-07-18 12:51:21,2-jours,regular,,Pass 2 Jours,Shotgun,95.0,107.37,1,1
2026-07-18,2026-07-18 13:05:35,samedi,regular,['samedi'],Pass Samedi,Shotgun,54.09,61.14,1,1
2026-07-18,2026-07-18 13:22:31,samedi,regular,['samedi'],Pass Samedi,Shotgun,54.09,61.14,1,1
2026-07-18,2026-07-18 13:32:26,samedi,regular,['samedi'],Pass Samedi,Shotgun,54.09,61.14,1,1
2026-07-18,2026-07-18 13:52:06,samedi,regular,['samedi'],Pass Samedi,Shotgun,54.09,61.14,1,1
2026-07-18,2026-07-18 14:06:03,samedi,regular,['samedi'],Pass Samedi,Shotgun,54.09,61.14,1,1
2026-07-18,2026-07-18 14:06:08,samedi,regular,['samedi'],Pass Samedi,Shotgun,54.09,61.14,1,1
2026-07-18,2026-07-18 15:14:11,vendredi,regular,['vendredi'],Pass Vendredi,Shotgun,54.09,61.14,1,1
2026-07-18,2026-07-18 15:16:56,2-jours,regular,,Pass 2 Jours,Shotgun,95.0,107.37,1,1
2026-07-18,2026-07-18 15:50:18,2-jours,regular,,Pass 2 Jours,Shotgun,95.0,107.37,1,1
2026-07-18,2026-07-18 15:50:18,2-jours,regular,,Pass 2 Jours,Shotgun,95.0,107.37,1,1
2026-07-18,2026-07-18 15:52:02,vendredi,regular,['vendredi'],Pass Vendredi,Shotgun,54.09,61.14,1,1
2026-07-18,2026-07-18 16:58:24,vendredi,regular,['vendredi'],Pass Vendredi,Shotgun,54.09,61.14,1,1
2026-07-18,2026-07-18 17:06:16,vendredi,early_entry,['vendredi'],Pass Vendredi,Shotgun,50.0,56.51,1,1
2026-07-18,2026-07-18 17:06:16,vendredi,early_entry,['vendredi'],Pass Vendredi,Shotgun,50.0,56.51,1,1
2026-07-18,2026-07-18 18:09:27,samedi,regular,['samedi'],Pass Samedi,Shotgun,54.09,61.14,1,1
2026-07-18,2026-07-18 18:52:10,2-jours,regular,,Pass 2 Jours,Shotgun,95.0,107.37,1,1
2026-07-18,2026-07-18 19:31:44,2-jours,regular,,Pass 2 Jours,Shotgun,95.0,107.37,1,1
2026-07-18,2026-07-18 19:31:44,2-jours,regular,,Pass 2 Jours,Shotgun,95.0,107.37,1,1
2026-07-18,2026-07-18 19:34:39,samedi,regular,['samedi'],Pass Samedi,Shotgun,54.09,61.14,1,1
2026-07-18,2026-07-18 19:52:07,vendredi,regular,['vendredi'],Pass Vendredi,Shotgun,54.09,61.14,1,1
2026-07-18,2026-07-18 19:54:11,vendredi,regular,['vendredi'],Pass Vendredi,Shotgun,54.09,61.14,1,1
2026-07-18,2026-07-18 19:55:48,vendredi,regular,['vendredi'],Pass Vendredi,Shotgun,54.09,61.14,1,1
2026-07-18,2026-07-18 19:58:08,samedi,regular,['samedi'],Pass Samedi,Shotgun,54.09,61.14,1,1
2026-07-18,2026-07-18 19:58:08,samedi,regular,['samedi'],Pass Samedi,Shotgun,54.09,61.14,1,1
2026-07-18,2026-07-18 19:59:21,samedi,regular,['samedi'],Pass Samedi,Shotgun,54.09,61.14,1,1
2026-07-18,2026-07-18 20:49:36,vendredi,regular,['vendredi'],Pass Vendredi,Shotgun,54.09,61.14,1,1
2026-07-18,2026-07-18 21:18:41,vendredi,regular,['vendredi'],Pass Vendredi,Shotgun,54.09,61.14,1,1
2026-07-18,2026-07-18 22:04:40,2-jours,regular,,Pass 2 Jours,Shotgun,95.0,107.37,1,1
2026-07-18,2026-07-18 22:23:03,2-jours,regular,,Pass 2 Jours,Shotgun,95.0,107.37,1,1
2026-07-18,2026-07-18 22:24:06,2-jours,regular,,Pass 2 Jours,Shotgun,95.0,107.37,1,1
2026-07-19,2026-07-19 08:36:54,vendredi,regular,['vendredi'],Pass Vendredi,Shotgun,54.09,61.14,1,1
2026-07-19,2026-07-19 08:36:54,vendredi,regular,['vendredi'],Pass Vendredi,Shotgun,54.09,61.14,1,1
2026-07-19,2026-07-19 09:16:00,vendredi,regular,['vendredi'],Pass Vendredi,Shotgun,54.09,61.14,1,1
2026-07-19,2026-07-19 09:29:57,samedi,regular,['samedi'],Pass Samedi,Shotgun,54.09,61.14,1,1
2026-07-19,2026-07-19 12:11:27,2-jours,regular,,Pass 2 Jours,Shotgun,95.0,107.37,1,1
2026-07-19,2026-07-19 12:27:49,samedi,regular,['samedi'],Pass Samedi,Shotgun,54.09,61.14,1,1
2026-07-19,2026-07-19 12:57:51,vendredi,regular,['vendredi'],Pass Vendredi,Shotgun,54.09,61.14,1,1
2026-07-19,2026-07-19 12:58:59,vendredi,regular,['vendredi'],Pass Vendredi,Shotgun,54.09,61.14,1,1
2026-07-19,2026-07-19 13:32:46,2-jours,regular,,Pass 2 Jours,Shotgun,95.0,107.37,1,1
2026-07-19,2026-07-19 15:07:18,2-jours,regular,,Pass 2 Jours,Shotgun,95.0,107.37,1,1
2026-07-19,2026-07-19 15:13:12,samedi,regular,['samedi'],Pass Samedi,Shotgun,54.09,61.14,1,1
2026-07-19,2026-07-19 15:15:50,samedi,regular,['samedi'],Pass Samedi,Shotgun,54.09,61.14,1,1
2026-07-19,2026-07-19 15:15:50,samedi,regular,['samedi'],Pass Samedi,Shotgun,54.09,61.14,1,1
2026-07-19,2026-07-19 19:07:14,samedi,regular,['samedi'],Pass Samedi,Shotgun,54.09,61.14,1,1
2026-07-19,2026-07-19 19:07:27,2-jours,regular,,Pass 2 Jours,Shotgun,95.0,107.37,1,1
2026-07-19,2026-07-19 19:07:27,2-jours,regular,,Pass 2 Jours,Shotgun,95.0,107.37,1,1
2026-07-19,2026-07-19 21:29:10,vendredi,regular,['vendredi'],Pass Vendredi,Shotgun,54.09,61.14,1,1
2026-07-19,2026-07-19 21:29:10,samedi,regular,['samedi'],Pass Samedi,Shotgun,54.09,61.14,1,1
2026-07-19,2026-07-19 22:28:55,samedi,regular,['samedi'],Pass Samedi,Shotgun,54.09,61.14,1,1
2026-07-20,2026-07-20 04:39:10,2-jours,regular,,Pass 2 Jours,Shotgun,95.0,95.5,1,1
2026-07-20,2026-07-20 09:30:21,vendredi,regular,['vendredi'],Pass Vendredi,Shotgun,54.09,61.14,1,1
2026-07-20,2026-07-20 11:11:29,2-jours,regular,,Pass 2 Jours,Shotgun,95.0,107.37,1,1
2026-07-20,2026-07-20 11:31:03,vendredi,regular,['vendredi'],Pass Vendredi,Shotgun,54.09,61.14,1,1
2026-07-20,2026-07-20 11:31:03,samedi,regular,['samedi'],Pass Samedi,Shotgun,54.09,61.14,1,1
2026-07-20,2026-07-20 11:46:25,2-jours,regular,,Pass 2 Jours,Shotgun,95.0,107.37,1,1
2026-07-20,2026-07-20 11:47:28,vendredi,regular,['vendredi'],Pass Vendredi,Shotgun,54.09,61.14,1,1
2026-07-20,2026-07-20 11:47:28,vendredi,regular,['vendredi'],Pass Vendredi,Shotgun,54.09,61.14,1,1
2026-07-20,2026-07-20 14:07:39,2-jours,regular,,Pass 2 Jours,Shotgun,95.0,95.5,1,1
2026-07-20,2026-07-20 14:19:16,vendredi,regular,['vendredi'],Pass Vendredi,Shotgun,54.09,61.14,1,1
2026-07-20,2026-07-20 14:19:26,vendredi,regular,['vendredi'],Pass Vendredi,Shotgun,54.09,61.14,1,1
2026-07-20,2026-07-20 14:24:00,2-jours,regular,,Pass 2 Jours,Shotgun,95.0,107.37,1,1
2026-07-20,2026-07-20 14:39:34,2-jours,regular,,Pass 2 Jours,Shotgun,95.0,107.37,1,1
2026-07-20,2026-07-20 14:40:04,vendredi,regular,['vendredi'],Pass Vendredi,Shotgun,54.09,61.14,1,1
2026-07-20,2026-07-20 14:54:21,samedi,regular,['samedi'],Pass Samedi,Shotgun,54.09,61.14,1,1
2026-07-20,2026-07-20 15:44:14,2-jours,regular,,Pass 2 Jours,Shotgun,95.0,107.37,1,1
2026-07-20,2026-07-20 16:06:01,2-jours,regular,,Pass 2 Jours,Shotgun,95.0,107.37,1,1
2026-07-20,2026-07-20 16:21:15,vendredi,vip,['vendredi'],Pass Acces Scene,Shotgun,120.0,135.63,1,1
2026-07-20,2026-07-20 16:21:15,samedi,regular,['samedi'],Pass Samedi,Shotgun,54.09,61.14,1,1
2026-07-20,2026-07-20 16:21:21,vendredi,vip,['vendredi'],Pass Acces Scene,Shotgun,120.0,135.63,1,1
2026-07-20,2026-07-20 16:21:21,samedi,regular,['samedi'],Pass Samedi,Shotgun,54.09,61.14,1,1
2026-07-20,2026-07-20 19:09:30,2-jours,regular,,Pass 2 Jours,Shotgun,95.0,107.37,1,1
2026-07-20,2026-07-20 19:18:52,vendredi,regular,['vendredi'],Pass Vendredi,Shotgun,54.09,61.14,1,1
2026-07-20,2026-07-20 19:25:07,2-jours,regular,,Pass 2 Jours,Shotgun,95.0,107.37,1,1
2026-07-20,2026-07-20 19:25:07,2-jours,regular,,Pass 2 Jours,Shotgun,95.0,107.37,1,1
2026-07-20,2026-07-20 20:57:03,vendredi,regular,['vendredi'],Pass Vendredi,Shotgun,55.0,55.5,1,1
2026-07-20,2026-07-20 21:09:41,2-jours,regular,,Pass 2 Jours,Shotgun,95.0,107.37,1,1
2026-07-20,2026-07-20 21:09:41,2-jours,regular,,Pass 2 Jours,Shotgun,95.0,107.37,1,1
2026-07-20,2026-07-20 21:40:59,vendredi,regular,['vendredi'],Pass Vendredi,Shotgun,54.09,61.14,1,1
2026-07-20,2026-07-20 21:40:59,samedi,regular,['samedi'],Pass Samedi,Shotgun,54.09,61.14,1,1
2026-07-20,2026-07-20 21:42:27,samedi,regular,['samedi'],Pass Samedi,Shotgun,54.09,61.14,1,1
2026-07-21,2026-07-21 02:06:01,samedi,regular,['samedi'],Pass Samedi,Shotgun,54.09,61.14,1,1
2026-07-21,2026-07-21 02:15:02,vendredi,regular,['vendredi'],Pass Vendredi,Shotgun,54.09,61.14,1,1
2026-07-21,2026-07-21 03:00:38,vendredi,regular,['vendredi'],Pass Vendredi,Shotgun,54.09,61.14,1,1
2026-07-21,2026-07-21 05:40:02,2-jours,regular,,Pass 2 Jours,Shotgun,95.0,107.37,1,1
2026-07-21,2026-07-21 05:40:02,2-jours,regular,,Pass 2 Jours,Shotgun,95.0,107.37,1,1
2026-07-21,2026-07-21 05:52:28,2-jours,regular,,Pass 2 Jours,Shotgun,95.0,107.37,1,1
2026-07-21,2026-07-21 08:24:38,vendredi,regular,['vendredi'],Pass Vendredi,Shotgun,54.09,61.14,1,1
2026-07-21,2026-07-21 09:33:46,2-jours,regular,,Pass 2 Jours,Shotgun,95.0,107.37,1,1
2026-07-21,2026-07-21 09:41:41,2-jours,regular,,Pass 2 Jours,Shotgun,95.0,107.37,1,1
2026-07-21,2026-07-21 09:41:41,2-jours,regular,,Pass 2 Jours,Shotgun,95.0,107.37,1,1
2026-07-21,2026-07-21 10:06:55,2-jours,regular,,Pass 2 Jours,Shotgun,95.0,107.37,1,1
2026-07-21,2026-07-21 10:06:55,2-jours,regular,,Pass 2 Jours,Shotgun,95.0,107.37,1,1
2026-07-21,2026-07-21 10:26:10,vendredi,regular,['vendredi'],Pass Vendredi,Shotgun,54.09,61.14,1,1
2026-07-21,2026-07-21 11:37:12,vendredi,regular,['vendredi'],Pass Vendredi,Shotgun,54.09,61.14,1,1
2026-07-21,2026-07-21 12:14:15,samedi,regular,['samedi'],Pass Samedi,Shotgun,54.09,61.14,1,1
2026-07-21,2026-07-21 13:13:07,samedi,regular,['samedi'],Pass Samedi,Shotgun,54.09,61.14,1,1
2026-07-21,2026-07-21 13:13:07,samedi,regular,['samedi'],Pass Samedi,Shotgun,54.09,61.14,1,1
2026-07-21,2026-07-21 15:21:03,2-jours,regular,,Pass 2 Jours,Shotgun,95.0,95.5,1,1
2026-07-21,2026-07-21 15:35:26,vendredi,regular,['vendredi'],Pass Vendredi,Shotgun,54.09,61.14,1,1
2026-07-21,2026-07-21 16:01:52,2-jours,regular,,Pass 2 Jours,Shotgun,95.0,107.37,1,1
2026-07-21,2026-07-21 16:12:39,samedi,regular,['samedi'],Pass Samedi,Shotgun,54.09,61.14,1,1
2026-07-21,2026-07-21 16:17:21,samedi,regular,['samedi'],Pass Samedi,Shotgun,54.09,61.14,1,1
2026-07-21,2026-07-21 16:27:33,samedi,regular,['samedi'],Pass Samedi,Shotgun,54.09,61.14,1,1
2026-07-21,2026-07-21 17:04:22,samedi,regular,['samedi'],Pass Samedi,Shotgun,54.09,61.14,1,1
2026-07-21,2026-07-21 17:22:02,2-jours,regular,,Pass 2 Jours,Shotgun,95.0,107.37,1,1
2026-07-21,2026-07-21 17:40:12,samedi,regular,['samedi'],Pass Samedi,Shotgun,54.09,61.14,1,1
2026-07-21,2026-07-21 17:57:48,2-jours,regular,,Pass 2 Jours,Shotgun,95.0,107.37,1,1
2026-07-21,2026-07-21 18:11:19,vendredi,regular,['vendredi'],Pass Vendredi,Shotgun,54.09,61.14,1,1
2026-07-21,2026-07-21 18:11:19,vendredi,regular,['vendredi'],Pass Vendredi,Shotgun,54.09,61.14,1,1
2026-07-21,2026-07-21 18:30:31,2-jours,regular,,Pass 2 Jours,Shotgun,95.0,107.37,1,1
2026-07-21,2026-07-21 20:03:16,2-jours,regular,,Pass 2 Jours,Shotgun,95.0,107.37,1,1
2026-07-21,2026-07-21 22:16:13,2-jours,regular,,Pass 2 Jours,Shotgun,95.0,107.37,1,1
2026-07-21,2026-07-21 23:03:13,2-jours,regular,,Pass 2 Jours,Shotgun,95.0,107.37,1,1
2026-07-22,2026-07-22 00:37:59,vendredi,regular,['vendredi'],Pass Vendredi,Shotgun,55.0,55.5,1,1
2026-07-22,2026-07-22 06:23:27,samedi,early_entry,['samedi'],Pass Samedi,Shotgun,50.0,56.51,1,1
2026-07-22,2026-07-22 06:23:27,samedi,early_entry,['samedi'],Pass Samedi,Shotgun,50.0,56.51,1,1
2026-07-22,2026-07-22 08:33:24,vendredi,regular,['vendredi'],Pass Vendredi,Shotgun,54.09,61.14,1,1
2026-07-22,2026-07-22 09:34:47,vendredi,regular,['vendredi'],Pass Vendredi,Shotgun,54.09,61.14,1,1
2026-07-22,2026-07-22 10:38:35,vendredi,regular,['vendredi'],Pass Vendredi,Shotgun,54.09,61.14,1,1
2026-07-22,2026-07-22 10:59:36,vendredi,regular,['vendredi'],Pass Vendredi,Shotgun,54.09,61.14,1,1
2026-07-22,2026-07-22 10:59:36,vendredi,regular,['vendredi'],Pass Vendredi,Shotgun,54.09,61.14,1,1
2026-07-22,2026-07-22 10:59:36,vendredi,regular,['vendredi'],Pass Vendredi,Shotgun,54.09,61.14,1,1
2026-07-22,2026-07-22 10:59:36,vendredi,regular,['vendredi'],Pass Vendredi,Shotgun,54.09,61.14,1,1
2026-07-22,2026-07-22 10:59:36,vendredi,regular,['vendredi'],Pass Vendredi,Shotgun,54.09,61.14,1,1
2026-07-22,2026-07-22 10:59:36,vendredi,regular,['vendredi'],Pass Vendredi,Shotgun,54.09,61.14,1,1
2026-07-22,2026-07-22 10:59:36,vendredi,regular,['vendredi'],Pass Vendredi,Shotgun,54.09,61.14,1,1
2026-07-22,2026-07-22 10:59:36,vendredi,regular,['vendredi'],Pass Vendredi,Shotgun,54.09,61.14,1,1
2026-07-22,2026-07-22 10:59:36,vendredi,regular,['vendredi'],Pass Vendredi,Shotgun,54.09,61.14,1,1
2026-07-22,2026-07-22 10:59:36,vendredi,regular,['vendredi'],Pass Vendredi,Shotgun,54.09,61.14,1,1
2026-07-22,2026-07-22 11:01:52,samedi,regular,['samedi'],Pass Samedi,Shotgun,54.09,61.14,1,1
2026-07-22,2026-07-22 11:01:52,samedi,regular,['samedi'],Pass Samedi,Shotgun,54.09,61.14,1,1
2026-07-22,2026-07-22 11:01:52,samedi,regular,['samedi'],Pass Samedi,Shotgun,54.09,61.14,1,1
2026-07-22,2026-07-22 11:01:52,samedi,regular,['samedi'],Pass Samedi,Shotgun,54.09,61.14,1,1
2026-07-22,2026-07-22 11:01:52,samedi,regular,['samedi'],Pass Samedi,Shotgun,54.09,61.14,1,1
2026-07-22,2026-07-22 11:01:52,samedi,regular,['samedi'],Pass Samedi,Shotgun,54.09,61.14,1,1
2026-07-22,2026-07-22 11:01:52,samedi,regular,['samedi'],Pass Samedi,Shotgun,54.09,61.14,1,1
2026-07-22,2026-07-22 11:01:52,samedi,regular,['samedi'],Pass Samedi,Shotgun,54.09,61.14,1,1
2026-07-22,2026-07-22 11:01:52,samedi,regular,['samedi'],Pass Samedi,Shotgun,54.09,61.14,1,1
2026-07-22,2026-07-22 11:01:52,samedi,regular,['samedi'],Pass Samedi,Shotgun,54.09,61.14,1,1
2026-07-22,2026-07-22 11:14:26,vendredi,regular,['vendredi'],Pass Vendredi,Shotgun,54.09,61.14,1,1
2026-07-22,2026-07-22 11:27:01,samedi,regular,['samedi'],Pass Samedi,Shotgun,54.09,61.14,1,1
2026-07-22,2026-07-22 11:36:34,vendredi,regular,['vendredi'],Pass Vendredi,Shotgun,54.09,61.14,1,1
2026-07-22,2026-07-22 11:46:38,2-jours,regular,,Pass 2 Jours,Shotgun,95.0,107.37,1,1
2026-07-22,2026-07-22 12:12:38,samedi,regular,['samedi'],Pass Samedi,Shotgun,54.09,61.14,1,1
2026-07-22,2026-07-22 14:02:50,2-jours,regular,,Pass 2 Jours,Shotgun,95.0,107.37,1,1
2026-07-22,2026-07-22 15:18:05,samedi,regular,['samedi'],Pass Samedi,Shotgun,54.09,61.14,1,1
2026-07-22,2026-07-22 15:34:28,samedi,regular,['samedi'],Pass Samedi,Shotgun,54.09,61.14,1,1
2026-07-22,2026-07-22 15:42:27,2-jours,regular,,Pass 2 Jours,Shotgun,95.0,107.37,1,1
2026-07-22,2026-07-22 16:05:22,vendredi,regular,['vendredi'],Pass Vendredi,Shotgun,54.09,61.14,1,1
2026-07-22,2026-07-22 16:47:34,vendredi,regular,['vendredi'],Pass Vendredi,Shotgun,54.09,61.14,1,1
2026-07-22,2026-07-22 16:47:34,vendredi,regular,['vendredi'],Pass Vendredi,Shotgun,54.09,61.14,1,1
2026-07-22,2026-07-22 17:10:37,2-jours,regular,,Pass 2 Jours,Shotgun,95.0,107.37,1,1
2026-07-22,2026-07-22 17:10:37,2-jours,regular,,Pass 2 Jours,Shotgun,95.0,107.37,1,1
2026-07-22,2026-07-22 18:10:45,vendredi,regular,['vendredi'],Pass Vendredi,Shotgun,54.09,61.14,1,1
2026-07-22,2026-07-22 18:11:57,vendredi,regular,['vendredi'],Pass Vendredi,Shotgun,54.09,61.14,1,1
2026-07-22,2026-07-22 18:38:05,samedi,regular,['samedi'],Pass Samedi,Shotgun,54.09,61.14,1,1
2026-07-22,2026-07-22 18:55:00,2-jours,regular,,Pass 2 Jours,Shotgun,95.0,107.37,1,1
2026-07-22,2026-07-22 18:57:26,vendredi,regular,['vendredi'],Pass Vendredi,Shotgun,54.09,61.14,1,1
2026-07-22,2026-07-22 18:58:38,vendredi,regular,['vendredi'],Pass Vendredi,Shotgun,54.09,61.14,1,1
2026-07-22,2026-07-22 18:59:44,samedi,regular,['samedi'],Pass Samedi,Shotgun,54.09,61.14,1,1
2026-07-22,2026-07-22 19:13:22,2-jours,regular,,Pass 2 Jours,Shotgun,95.0,107.37,1,1
2026-07-22,2026-07-22 20:03:34,vendredi,regular,['vendredi'],Pass Vendredi,Shotgun,54.09,61.14,1,1
2026-07-22,2026-07-22 20:23:33,vendredi,regular,['vendredi'],Pass Vendredi,Shotgun,54.09,61.14,1,1
2026-07-22,2026-07-22 21:06:45,2-jours,regular,,Pass 2 Jours,Shotgun,95.0,107.37,1,1
2026-07-22,2026-07-22 21:29:17,samedi,regular,['samedi'],Pass Samedi,Shotgun,54.09,61.14,1,1
2026-07-22,2026-07-22 21:31:30,samedi,regular,['samedi'],Pass Samedi,Shotgun,54.09,61.14,1,1
2026-07-23,2026-07-23 01:36:12,vendredi,regular,['vendredi'],Pass Vendredi,Shotgun,54.09,61.14,1,1
2026-07-23,2026-07-23 04:23:47,vendredi,regular,['vendredi'],Pass Vendredi,Shotgun,54.09,61.14,1,1
2026-07-23,2026-07-23 06:39:51,vendredi,regular,['vendredi'],Pass Vendredi,Shotgun,54.09,61.14,1,1
2026-07-23,2026-07-23 08:09:31,2-jours,regular,,Pass 2 Jours,Shotgun,95.0,107.37,1,1
2026-07-23,2026-07-23 09:07:31,2-jours,regular,,Pass 2 Jours,Shotgun,95.0,107.37,1,1
2026-07-23,2026-07-23 09:07:31,2-jours,regular,,Pass 2 Jours,Shotgun,95.0,107.37,1,1
2026-07-23,2026-07-23 09:09:17,samedi,regular,['samedi'],Pass Samedi,Shotgun,54.09,61.14,1,1
2026-07-23,2026-07-23 09:26:13,vendredi,regular,['vendredi'],Pass Vendredi,Shotgun,54.09,61.14,1,1
2026-07-23,2026-07-23 09:41:01,2-jours,regular,,Pass 2 Jours,Shotgun,95.0,107.37,1,1
2026-07-23,2026-07-23 10:29:21,vendredi,regular,['vendredi'],Pass Vendredi,Shotgun,54.09,61.14,1,1
2026-07-23,2026-07-23 11:12:42,vendredi,regular,['vendredi'],Pass Vendredi,Shotgun,54.09,61.14,1,1
2026-07-23,2026-07-23 11:24:22,vendredi,regular,['vendredi'],Pass Vendredi,Shotgun,54.09,61.14,1,1
2026-07-23,2026-07-23 12:41:03,2-jours,regular,,Pass 2 Jours,Shotgun,95.0,107.37,1,1
2026-07-23,2026-07-23 13:55:45,2-jours,regular,,Pass 2 Jours,Shotgun,95.0,107.37,1,1
2026-07-23,2026-07-23 14:54:23,2-jours,regular,,Pass 2 Jours,Shotgun,95.0,107.37,1,1
2026-07-23,2026-07-23 15:53:52,2-jours,regular,,Pass 2 Jours,Shotgun,95.0,107.37,1,1
2026-07-23,2026-07-23 16:26:36,2-jours,regular,,Pass 2 Jours,Shotgun,95.0,107.37,1,1
2026-07-23,2026-07-23 16:26:36,2-jours,regular,,Pass 2 Jours,Shotgun,95.0,107.37,1,1
2026-07-23,2026-07-23 16:26:36,2-jours,regular,,Pass 2 Jours,Shotgun,95.0,107.37,1,1
2026-07-23,2026-07-23 16:26:36,2-jours,regular,,Pass 2 Jours,Shotgun,95.0,107.37,1,1
2026-07-23,2026-07-23 16:42:35,vendredi,regular,['vendredi'],Pass Vendredi,Shotgun,54.09,61.14,1,1
2026-07-23,2026-07-23 16:42:35,vendredi,regular,['vendredi'],Pass Vendredi,Shotgun,54.09,61.14,1,1
2026-07-23,2026-07-23 17:27:22,vendredi,regular,['vendredi'],Pass Vendredi,Shotgun,54.09,61.14,1,1
2026-07-23,2026-07-23 17:27:22,vendredi,regular,['vendredi'],Pass Vendredi,Shotgun,54.09,61.14,1,1
2026-07-23,2026-07-23 18:07:17,2-jours,regular,,Pass 2 Jours,Shotgun,95.0,107.37,1,1
2026-07-23,2026-07-23 18:55:57,vendredi,regular,['vendredi'],Pass Vendredi,Shotgun,54.09,61.14,1,1
2026-07-23,2026-07-23 18:55:57,vendredi,regular,['vendredi'],Pass Vendredi,Shotgun,54.09,61.14,1,1
2026-07-23,2026-07-23 18:57:25,2-jours,regular,,Pass 2 Jours,Shotgun,95.0,107.37,1,1
2026-07-23,2026-07-23 19:13:43,2-jours,regular,,Pass 2 Jours,Shotgun,95.0,107.37,1,1
2026-07-23,2026-07-23 19:17:30,vendredi,regular,['vendredi'],Pass Vendredi,Shotgun,54.09,61.14,1,1
2026-07-23,2026-07-23 19:46:39,2-jours,regular,,Pass 2 Jours,Shotgun,95.0,107.37,1,1
2026-07-23,2026-07-23 19:46:39,2-jours,regular,,Pass 2 Jours,Shotgun,95.0,107.37,1,1
2026-07-23,2026-07-23 20:51:24,vendredi,regular,['vendredi'],Pass Vendredi,Shotgun,54.09,61.14,1,1
2026-07-23,2026-07-23 21:22:07,2-jours,regular,,Pass 2 Jours,Shotgun,95.0,107.37,1,1
2026-07-23,2026-07-23 21:22:55,2-jours,regular,,Pass 2 Jours,Shotgun,95.0,107.37,1,1
2026-07-23,2026-07-23 21:31:10,vendredi,regular,['vendredi'],Pass Vendredi,Shotgun,54.09,61.14,1,1
2026-07-23,2026-07-23 21:31:10,vendredi,regular,['vendredi'],Pass Vendredi,Shotgun,54.09,61.14,1,1
2026-07-23,2026-07-23 22:39:31,vendredi,regular,['vendredi'],Pass Vendredi,Shotgun,60.0,67.82,1,1
2026-07-23,2026-07-23 22:57:52,2-jours,regular,,Pass 2 Jours,Shotgun,95.0,107.37,1,1
2026-07-24,2026-07-24 04:41:18,2-jours,regular,,Pass 2 Jours,Shotgun,95.0,107.37,1,1
2026-07-24,2026-07-24 07:27:50,samedi,regular,['samedi'],Pass Samedi,Shotgun,54.09,61.14,1,1
2026-07-24,2026-07-24 07:27:50,samedi,regular,['samedi'],Pass Samedi,Shotgun,54.09,61.14,1,1
2026-07-24,2026-07-24 07:44:46,vendredi,regular,['vendredi'],Pass Vendredi,Shotgun,54.09,61.14,1,1
2026-07-24,2026-07-24 07:45:31,vendredi,regular,['vendredi'],Pass Vendredi,Shotgun,54.09,61.14,1,1
2026-07-24,2026-07-24 09:54:18,samedi,regular,['samedi'],Pass Samedi,Shotgun,54.09,61.14,1,1
2026-07-24,2026-07-24 10:22:04,2-jours,regular,,Pass 2 Jours,Shotgun,95.0,107.37,1,1
2026-07-24,2026-07-24 10:23:35,2-jours,regular,,Pass 2 Jours,Shotgun,95.0,107.37,1,1
2026-07-24,2026-07-24 11:07:25,2-jours,regular,,Pass 2 Jours,Shotgun,95.0,107.37,1,1
2026-07-24,2026-07-24 11:32:19,samedi,regular,['samedi'],Pass Samedi,Shotgun,54.09,61.14,1,1
2026-07-24,2026-07-24 11:32:19,samedi,regular,['samedi'],Pass Samedi,Shotgun,54.09,61.14,1,1
2026-07-24,2026-07-24 12:41:01,2-jours,regular,,Pass 2 Jours,Shotgun,95.0,107.37,1,1
2026-07-24,2026-07-24 13:17:24,2-jours,regular,,Pass 2 Jours,Shotgun,95.0,107.37,1,1
2026-07-24,2026-07-24 13:51:16,2-jours,regular,,Pass 2 Jours,Shotgun,95.0,107.37,1,1
2026-07-24,2026-07-24 14:11:50,samedi,regular,['samedi'],Pass Samedi,Shotgun,54.09,61.14,1,1
2026-07-24,2026-07-24 14:11:50,samedi,regular,['samedi'],Pass Samedi,Shotgun,54.09,61.14,1,1
2026-07-24,2026-07-24 14:41:47,samedi,early_entry,['samedi'],Pass Samedi,Shotgun,50.0,56.51,1,1
2026-07-24,2026-07-24 15:20:22,samedi,early_entry,['samedi'],Pass Samedi,Shotgun,50.0,56.51,1,1
2026-07-24,2026-07-24 16:46:49,2-jours,regular,,Pass 2 Jours,Shotgun,95.0,107.37,1,1
2026-07-24,2026-07-24 17:05:10,samedi,vip,['samedi'],Pass Acces Scene,Shotgun,120.0,135.63,1,1
2026-07-24,2026-07-24 17:12:34,samedi,regular,['samedi'],Pass Samedi,Shotgun,54.09,61.14,1,1
2026-07-24,2026-07-24 17:48:50,vendredi,regular,['vendredi'],Pass Vendredi,Shotgun,54.09,61.14,1,1
2026-07-24,2026-07-24 17:52:53,2-jours,regular,,Pass 2 Jours,Shotgun,95.0,107.37,1,1
2026-07-24,2026-07-24 18:10:51,samedi,regular,['samedi'],Pass Samedi,Shotgun,54.09,61.14,1,1
2026-07-24,2026-07-24 18:13:43,vendredi,regular,['vendredi'],Pass Vendredi,Shotgun,54.09,61.14,1,1
2026-07-24,2026-07-24 18:13:43,vendredi,regular,['vendredi'],Pass Vendredi,Shotgun,54.09,61.14,1,1
2026-07-24,2026-07-24 18:17:56,samedi,regular,['samedi'],Pass Samedi,Shotgun,54.09,61.14,1,1
2026-07-24,2026-07-24 18:29:25,2-jours,regular,,Pass 2 Jours,Shotgun,95.0,107.37,1,1
2026-07-24,2026-07-24 18:29:25,2-jours,regular,,Pass 2 Jours,Shotgun,95.0,107.37,1,1
2026-07-24,2026-07-24 18:29:42,2-jours,regular,,Pass 2 Jours,Shotgun,95.0,107.37,1,1
2026-07-24,2026-07-24 18:36:15,vendredi,regular,['vendredi'],Pass Vendredi,Shotgun,54.09,61.14,1,1
2026-07-24,2026-07-24 18:48:26,vendredi,regular,['vendredi'],Pass Vendredi,Shotgun,54.09,61.14,1,1
2026-07-24,2026-07-24 19:02:46,vendredi,regular,['vendredi'],Pass Vendredi,Shotgun,54.09,61.14,1,1
2026-07-24,2026-07-24 19:25:42,vendredi,regular,['vendredi'],Pass Vendredi,Shotgun,54.09,61.14,1,1
2026-07-24,2026-07-24 19:44:04,2-jours,regular,,Pass 2 Jours,Shotgun,95.0,107.37,1,1
2026-07-24,2026-07-24 20:15:33,2-jours,regular,,Pass 2 Jours,Shotgun,95.0,107.37,1,1
2026-07-24,2026-07-24 20:15:33,2-jours,regular,,Pass 2 Jours,Shotgun,95.0,107.37,1,1
2026-07-24,2026-07-24 21:01:29,2-jours,regular,,Pass 2 Jours,Shotgun,95.0,107.37,1,1
2026-07-24,2026-07-24 22:10:39,2-jours,regular,,Pass 2 Jours,Shotgun,95.0,107.37,1,1
2026-07-24,2026-07-24 22:12:43,samedi,regular,['samedi'],Pass Samedi,Shotgun,54.09,61.14,1,1
2026-07-24,2026-07-24 22:18:57,2-jours,regular,,Pass 2 Jours,Shotgun,95.0,107.37,1,1
2026-07-24,2026-07-24 22:39:50,vendredi,regular,['vendredi'],Pass Vendredi,Shotgun,54.09,61.14,1,1
2026-07-24,2026-07-24 22:44:28,samedi,regular,['samedi'],Pass Samedi,Shotgun,54.09,61.14,1,1
2026-07-24,2026-07-24 22:54:51,2-jours,regular,,Pass 2 Jours,Shotgun,95.0,107.37,1,1
2026-07-25,2026-07-25 00:52:56,2-jours,regular,,Pass 2 Jours,Shotgun,95.0,107.37,1,1
2026-07-25,2026-07-25 00:54:53,2-jours,regular,,Pass 2 Jours,Shotgun,95.0,107.37,1,1
2026-07-25,2026-07-25 02:31:13,vendredi,regular,['vendredi'],Pass Vendredi,Shotgun,55.0,55.5,1,1
2026-07-25,2026-07-25 02:31:13,vendredi,regular,['vendredi'],Pass Vendredi,Shotgun,55.0,55.5,1,1
2026-07-25,2026-07-25 06:30:23,vendredi,regular,['vendredi'],Pass Vendredi,Shotgun,54.09,61.14,1,1
2026-07-25,2026-07-25 07:12:04,vendredi,regular,['vendredi'],Pass Vendredi,Shotgun,54.09,61.14,1,1
2026-07-25,2026-07-25 08:09:20,samedi,early_entry,['samedi'],Pass Samedi,Shotgun,50.0,56.51,1,1
2026-07-25,2026-07-25 08:20:56,samedi,regular,['samedi'],Pass Samedi,Shotgun,54.09,61.14,1,1
2026-07-25,2026-07-25 08:20:56,samedi,regular,['samedi'],Pass Samedi,Shotgun,54.09,61.14,1,1
2026-07-25,2026-07-25 08:20:56,samedi,regular,['samedi'],Pass Samedi,Shotgun,54.09,61.14,1,1
2026-07-25,2026-07-25 08:51:00,samedi,regular,['samedi'],Pass Samedi,Shotgun,54.09,61.14,1,1
2026-07-25,2026-07-25 08:51:00,samedi,regular,['samedi'],Pass Samedi,Shotgun,54.09,61.14,1,1
2026-07-25,2026-07-25 09:57:42,samedi,regular,['samedi'],Pass Samedi,Shotgun,54.09,61.14,1,1
2026-07-25,2026-07-25 10:42:28,vendredi,regular,['vendredi'],Pass Vendredi,Shotgun,54.09,61.14,1,1
2026-07-25,2026-07-25 10:51:07,2-jours,regular,,Pass 2 Jours,Shotgun,95.0,107.37,1,1
2026-07-25,2026-07-25 10:51:07,2-jours,regular,,Pass 2 Jours,Shotgun,95.0,107.37,1,1
2026-07-25,2026-07-25 12:11:52,samedi,early_entry,['samedi'],Pass Samedi,Shotgun,50.0,56.51,1,1
2026-07-25,2026-07-25 12:18:42,samedi,early_entry,['samedi'],Pass Samedi,Shotgun,50.0,56.51,1,1
2026-07-25,2026-07-25 12:18:42,samedi,early_entry,['samedi'],Pass Samedi,Shotgun,50.0,56.51,1,1
2026-07-25,2026-07-25 12:24:56,vendredi,regular,['vendredi'],Pass Vendredi,Shotgun,54.09,61.14,1,1
2026-07-25,2026-07-25 12:36:08,vendredi,regular,['vendredi'],Pass Vendredi,Shotgun,54.09,61.14,1,1
2026-07-25,2026-07-25 12:49:00,2-jours,regular,,Pass 2 Jours,Shotgun,95.0,107.37,1,1
2026-07-25,2026-07-25 12:49:00,2-jours,regular,,Pass 2 Jours,Shotgun,95.0,107.37,1,1
2026-07-25,2026-07-25 12:49:00,2-jours,regular,,Pass 2 Jours,Shotgun,95.0,107.37,1,1
2026-07-25,2026-07-25 13:04:59,2-jours,regular,,Pass 2 Jours,Shotgun,95.0,107.37,1,1
2026-07-25,2026-07-25 13:16:05,2-jours,regular,,Pass 2 Jours,Shotgun,95.0,107.37,1,1
2026-07-25,2026-07-25 13:16:05,2-jours,regular,,Pass 2 Jours,Shotgun,95.0,107.37,1,1
2026-07-25,2026-07-25 13:16:05,2-jours,regular,,Pass 2 Jours,Shotgun,95.0,107.37,1,1
2026-07-25,2026-07-25 13:16:05,2-jours,regular,,Pass 2 Jours,Shotgun,95.0,107.37,1,1
2026-07-25,2026-07-25 14:21:20,vendredi,regular,['vendredi'],Pass Vendredi,Shotgun,54.09,61.14,1,1
2026-07-25,2026-07-25 14:41:18,vendredi,regular,['vendredi'],Pass Vendredi,Shotgun,54.09,61.14,1,1
2026-07-25,2026-07-25 14:42:57,vendredi,regular,['vendredi'],Pass Vendredi,Shotgun,54.09,61.14,1,1
2026-07-25,2026-07-25 15:33:21,2-jours,regular,,Pass 2 Jours,Shotgun,95.0,107.37,1,1
2026-07-25,2026-07-25 16:04:31,2-jours,regular,,Pass 2 Jours,Shotgun,95.0,107.37,1,1
2026-07-25,2026-07-25 17:00:30,vendredi,regular,['vendredi'],Pass Vendredi,Shotgun,54.09,61.14,1,1
2026-07-25,2026-07-25 18:03:47,vendredi,regular,['vendredi'],Pass Vendredi,Shotgun,54.09,61.14,1,1
2026-07-25,2026-07-25 18:11:19,2-jours,regular,,Pass 2 Jours,Shotgun,95.0,107.37,1,1
2026-07-25,2026-07-25 18:39:26,vendredi,regular,['vendredi'],Pass Vendredi,Shotgun,54.09,61.14,1,1
2026-07-25,2026-07-25 18:39:26,vendredi,regular,['vendredi'],Pass Vendredi,Shotgun,54.09,61.14,1,1
2026-07-25,2026-07-25 19:27:26,vendredi,regular,['vendredi'],Pass Vendredi,Shotgun,54.09,61.14,1,1
2026-07-25,2026-07-25 19:37:59,samedi,early_entry,['samedi'],Pass Samedi,Shotgun,50.0,56.51,1,1
2026-07-25,2026-07-25 20:39:02,2-jours,regular,,Pass 2 Jours,Shotgun,95.0,107.37,1,1
2026-07-26,2026-07-26 04:45:11,2-jours,regular,,Pass 2 Jours,Shotgun,95.0,107.37,1,1
2026-07-26,2026-07-26 08:34:21,2-jours,regular,,Pass 2 Jours,Shotgun,95.0,107.37,1,1
2026-07-26,2026-07-26 08:55:35,vendredi,regular,['vendredi'],Pass Vendredi,Shotgun,54.09,61.14,1,1
2026-07-26,2026-07-26 09:37:54,2-jours,regular,,Pass 2 Jours,Shotgun,95.0,107.37,1,1
2026-07-26,2026-07-26 10:33:57,vendredi,regular,['vendredi'],Pass Vendredi,Shotgun,54.09,61.14,1,1
2026-07-26,2026-07-26 11:50:27,2-jours,regular,,Pass 2 Jours,Shotgun,95.0,107.37,1,1
2026-07-26,2026-07-26 12:34:21,2-jours,regular,,Pass 2 Jours,Shotgun,95.0,107.37,1,1
2026-07-26,2026-07-26 14:14:35,2-jours,regular,,Pass 2 Jours,Shotgun,95.0,107.37,1,1
2026-07-26,2026-07-26 14:49:24,2-jours,regular,,Pass 2 Jours,Shotgun,95.0,107.37,1,1
2026-07-26,2026-07-26 15:01:04,2-jours,regular,,Pass 2 Jours,Shotgun,95.0,107.37,1,1
2026-07-26,2026-07-26 15:01:04,2-jours,regular,,Pass 2 Jours,Shotgun,95.0,107.37,1,1
2026-07-26,2026-07-26 15:23:14,2-jours,regular,,Pass 2 Jours,Shotgun,95.0,107.37,1,1
2026-07-26,2026-07-26 15:30:26,samedi,regular,['samedi'],Pass Samedi,Shotgun,54.09,61.14,1,1
2026-07-26,2026-07-26 15:30:26,samedi,regular,['samedi'],Pass Samedi,Shotgun,54.09,61.14,1,1
2026-07-26,2026-07-26 15:56:59,vendredi,regular,['vendredi'],Pass Vendredi,Shotgun,54.09,61.14,1,1
2026-07-26,2026-07-26 16:09:55,2-jours,regular,,Pass 2 Jours,Shotgun,95.0,107.37,1,1
2026-07-26,2026-07-26 16:31:10,vendredi,regular,['vendredi'],Pass Vendredi,Shotgun,54.09,61.14,1,1
2026-07-26,2026-07-26 17:46:47,vendredi,regular,['vendredi'],Pass Vendredi,Shotgun,54.09,61.14,1,1
2026-07-26,2026-07-26 17:48:25,2-jours,regular,,Pass 2 Jours,Shotgun,95.0,107.37,1,1
2026-07-26,2026-07-26 17:51:04,2-jours,regular,,Pass 2 Jours,Shotgun,95.0,107.37,1,1
2026-07-26,2026-07-26 18:23:56,samedi,regular,['samedi'],Pass Samedi,Shotgun,54.09,61.14,1,1
2026-07-26,2026-07-26 19:15:13,vendredi,regular,['vendredi'],Pass Vendredi,Shotgun,54.09,61.14,1,1
2026-07-26,2026-07-26 19:16:27,vendredi,regular,['vendredi'],Pass Vendredi,Shotgun,54.09,61.14,1,1
2026-07-26,2026-07-26 19:30:01,samedi,early_entry,['samedi'],Pass Samedi,Shotgun,50.0,56.51,1,1
2026-07-26,2026-07-26 19:33:18,samedi,early_entry,['samedi'],Pass Samedi,Shotgun,50.0,56.51,1,1
2026-07-26,2026-07-26 20:06:09,2-jours,regular,,Pass 2 Jours,Shotgun,95.0,107.37,1,1
2026-07-26,2026-07-26 22:01:35,2-jours,regular,,Pass 2 Jours,Shotgun,95.0,107.37,1,1
2026-07-27,2026-07-27 06:18:08,2-jours,regular,,Pass 2 Jours,Shotgun,95.0,107.37,1,1
2026-07-27,2026-07-27 06:51:06,2-jours,regular,,Pass 2 Jours,Shotgun,95.0,107.37,1,1
2026-07-27,2026-07-27 08:11:57,2-jours,regular,,Pass 2 Jours,Shotgun,95.0,107.37,1,1
2026-07-27,2026-07-27 08:45:14,2-jours,regular,,Pass 2 Jours,Shotgun,95.0,107.37,1,1
2026-07-27,2026-07-27 08:46:52,2-jours,regular,,Pass 2 Jours,Shotgun,95.0,107.37,1,1
2026-07-27,2026-07-27 08:47:04,vendredi,regular,['vendredi'],Pass Vendredi,Shotgun,54.09,61.14,1,1
2026-07-27,2026-07-27 08:58:09,samedi,regular,['samedi'],Pass Samedi,Shotgun,54.09,61.14,1,1
2026-07-27,2026-07-27 09:02:02,2-jours,regular,,Pass 2 Jours,Shotgun,95.0,107.37,1,1
2026-07-27,2026-07-27 09:48:44,2-jours,regular,,Pass 2 Jours,Shotgun,95.0,107.37,1,1
2026-07-27,2026-07-27 09:51:22,vendredi,regular,['vendredi'],Pass Vendredi,Shotgun,55.0,55.5,1,1
2026-07-27,2026-07-27 10:10:44,vendredi,regular,['vendredi'],Pass Vendredi,Shotgun,54.09,61.14,1,1
2026-07-27,2026-07-27 10:12:35,vendredi,regular,['vendredi'],Pass Vendredi,Shotgun,54.09,61.14,1,1
2026-07-27,2026-07-27 10:53:43,vendredi,regular,['vendredi'],Pass Vendredi,Shotgun,54.09,61.14,1,1
2026-07-27,2026-07-27 11:10:56,vendredi,regular,['vendredi'],Pass Vendredi,Shotgun,54.09,61.14,1,1
2026-07-27,2026-07-27 12:12:55,2-jours,regular,,Pass 2 Jours,Shotgun,95.0,107.37,1,1
2026-07-27,2026-07-27 15:35:46,samedi,regular,['samedi'],Pass Samedi,Shotgun,54.09,61.14,1,1
2026-07-27,2026-07-27 15:41:41,2-jours,regular,,Pass 2 Jours,Shotgun,95.0,107.37,1,1
2026-07-27,2026-07-27 15:41:41,2-jours,regular,,Pass 2 Jours,Shotgun,95.0,107.37,1,1
2026-07-27,2026-07-27 15:55:18,samedi,regular,['samedi'],Pass Samedi,Shotgun,54.09,61.14,1,1
2026-07-27,2026-07-27 16:10:12,2-jours,vip,"['vendredi', 'samedi']",Pass Acces Scene,Shotgun,220.0,248.66,1,1
2026-07-27,2026-07-27 16:10:12,samedi,vip,['samedi'],Pass Acces Scene,Shotgun,120.0,135.63,1,1
2026-07-27,2026-07-27 16:24:54,2-jours,regular,,Pass 2 Jours,Shotgun,95.0,107.37,1,1
2026-07-27,2026-07-27 16:30:51,2-jours,regular,,Pass 2 Jours,Shotgun,95.0,107.37,1,1
2026-07-27,2026-07-27 17:03:39,samedi,early_entry,['samedi'],Pass Samedi,Shotgun,50.0,56.51,1,1
2026-07-27,2026-07-27 18:18:10,vendredi,regular,['vendredi'],Pass Vendredi,Shotgun,54.09,61.14,1,1
2026-07-27,2026-07-27 18:21:26,vendredi,regular,['vendredi'],Pass Vendredi,Shotgun,54.09,61.14,1,1
2026-07-27,2026-07-27 18:36:59,vendredi,regular,['vendredi'],Pass Vendredi,Shotgun,54.09,61.14,1,1
2026-07-27,2026-07-27 18:52:52,vendredi,regular,['vendredi'],Pass Vendredi,Shotgun,54.09,61.14,1,1
2026-07-27,2026-07-27 19:52:21,vendredi,regular,['vendredi'],Pass Vendredi,Shotgun,54.09,61.14,1,1
2026-07-27,2026-07-27 21:07:42,vendredi,regular,['vendredi'],Pass Vendredi,Shotgun,54.09,61.14,1,1
2026-07-27,2026-07-27 21:40:19,vendredi,regular,['vendredi'],Pass Vendredi,Shotgun,54.09,61.14,1,1
2026-07-27,2026-07-27 22:13:02,2-jours,regular,,Pass 2 Jours,Shotgun,95.0,107.37,1,1
2026-07-27,2026-07-27 22:13:02,2-jours,regular,,Pass 2 Jours,Shotgun,95.0,107.37,1,1
2026-07-27,2026-07-27 23:01:57,2-jours,regular,,Pass 2 Jours,Shotgun,95.0,107.37,1,1
2026-07-28,2026-07-28 07:36:16,samedi,regular,['samedi'],Pass Samedi,Shotgun,54.09,61.14,1,1
2026-07-28,2026-07-28 07:36:16,samedi,regular,['samedi'],Pass Samedi,Shotgun,54.09,61.14,1,1
2026-07-28,2026-07-28 07:46:49,vendredi,regular,['vendredi'],Pass Vendredi,Shotgun,54.09,61.14,1,1
2026-07-28,2026-07-28 07:46:49,vendredi,regular,['vendredi'],Pass Vendredi,Shotgun,54.09,61.14,1,1
2026-07-28,2026-07-28 08:38:18,2-jours,regular,,Pass 2 Jours,Shotgun,95.0,107.37,1,1
2026-07-28,2026-07-28 09:04:43,2-jours,regular,,Pass 2 Jours,Shotgun,95.0,107.37,1,1
2026-07-28,2026-07-28 10:00:01,2-jours,regular,,Pass 2 Jours,Shotgun,95.0,107.37,1,1
2026-07-28,2026-07-28 10:00:01,2-jours,regular,,Pass 2 Jours,Shotgun,95.0,107.37,1,1
2026-07-28,2026-07-28 10:37:52,2-jours,regular,,Pass 2 Jours,Shotgun,95.0,107.37,1,1
2026-07-28,2026-07-28 10:50:37,samedi,early_entry,['samedi'],Pass Samedi,Shotgun,50.0,56.51,1,1
2026-07-28,2026-07-28 11:32:37,vendredi,regular,['vendredi'],Pass Vendredi,Shotgun,55.0,55.5,1,1
2026-07-28,2026-07-28 13:04:46,2-jours,regular,,Pass 2 Jours,Shotgun,95.0,107.37,1,1
2026-07-28,2026-07-28 15:44:25,samedi,regular,['samedi'],Pass Samedi,Shotgun,54.09,61.14,1,1
2026-07-28,2026-07-28 15:44:25,samedi,regular,['samedi'],Pass Samedi,Shotgun,54.09,61.14,1,1
2026-07-28,2026-07-28 15:56:24,samedi,regular,['samedi'],Pass Samedi,Shotgun,54.09,61.14,1,1
2026-07-28,2026-07-28 16:55:53,2-jours,regular,,Pass 2 Jours,Shotgun,95.0,107.37,1,1
2026-07-28,2026-07-28 16:58:28,vendredi,early_entry,['vendredi'],Pass Vendredi,Shotgun,50.0,56.51,1,1
2026-07-28,2026-07-28 17:07:18,vendredi,regular,['vendredi'],Pass Vendredi,Shotgun,54.09,61.14,1,1
2026-07-28,2026-07-28 17:07:18,vendredi,regular,['vendredi'],Pass Vendredi,Shotgun,54.09,61.14,1,1
2026-07-28,2026-07-28 17:13:27,2-jours,regular,,Pass 2 Jours,Shotgun,95.0,107.37,1,1
2026-07-28,2026-07-28 17:13:27,2-jours,regular,,Pass 2 Jours,Shotgun,95.0,107.37,1,1
2026-07-28,2026-07-28 17:36:48,samedi,regular,['samedi'],Pass Samedi,Shotgun,54.09,61.14,1,1
2026-07-28,2026-07-28 17:59:37,samedi,regular,['samedi'],Pass Samedi,Shotgun,54.09,61.14,1,1
2026-07-28,2026-07-28 17:59:37,samedi,regular,['samedi'],Pass Samedi,Shotgun,54.09,61.14,1,1
2026-07-28,2026-07-28 18:07:06,vendredi,early_entry,['vendredi'],Pass Vendredi,Shotgun,50.0,56.51,1,1
2026-07-28,2026-07-28 18:07:06,vendredi,early_entry,['vendredi'],Pass Vendredi,Shotgun,50.0,56.51,1,1
2026-07-28,2026-07-28 18:07:06,vendredi,early_entry,['vendredi'],Pass Vendredi,Shotgun,50.0,56.51,1,1
2026-07-28,2026-07-28 18:07:06,vendredi,early_entry,['vendredi'],Pass Vendredi,Shotgun,50.0,56.51,1,1
2026-07-28,2026-07-28 18:12:17,samedi,regular,['samedi'],Pass Samedi,Shotgun,54.09,61.14,1,1
2026-07-28,2026-07-28 18:16:00,2-jours,regular,,Pass 2 Jours,Shotgun,95.0,107.37,1,1
2026-07-28,2026-07-28 18:39:41,vendredi,regular,['vendredi'],Pass Vendredi,Shotgun,54.09,61.14,1,1
2026-07-28,2026-07-28 19:01:28,2-jours,regular,,Pass 2 Jours,Shotgun,95.0,107.37,1,1
2026-07-28,2026-07-28 19:14:05,vendredi,regular,['vendredi'],Pass Vendredi,Shotgun,54.09,61.14,1,1
2026-07-28,2026-07-28 19:31:06,samedi,regular,['samedi'],Pass Samedi,Shotgun,54.09,61.14,1,1
2026-07-28,2026-07-28 19:51:17,vendredi,regular,['vendredi'],Pass Vendredi,Shotgun,54.09,61.14,1,1
2026-07-28,2026-07-28 20:13:48,vendredi,regular,['vendredi'],Pass Vendredi,Shotgun,54.09,61.14,1,1
2026-07-28,2026-07-28 20:14:09,2-jours,regular,,Pass 2 Jours,Shotgun,95.0,107.37,1,1
2026-07-28,2026-07-28 20:18:41,vendredi,regular,['vendredi'],Pass Vendredi,Shotgun,54.09,61.14,1,1
2026-07-28,2026-07-28 20:23:52,2-jours,regular,,Pass 2 Jours,Shotgun,95.0,107.37,1,1
2026-07-28,2026-07-28 20:23:52,2-jours,regular,,Pass 2 Jours,Shotgun,95.0,107.37,1,1
2026-07-28,2026-07-28 20:28:30,2-jours,regular,,Pass 2 Jours,Shotgun,95.0,107.37,1,1
2026-07-28,2026-07-28 20:31:29,samedi,regular,['samedi'],Pass Samedi,Shotgun,54.09,61.14,1,1
2026-07-28,2026-07-28 20:38:26,2-jours,regular,,Pass 2 Jours,Shotgun,95.0,107.37,1,1
2026-07-28,2026-07-28 20:40:27,2-jours,regular,,Pass 2 Jours,Shotgun,95.0,107.37,1,1
2026-07-28,2026-07-28 20:44:14,samedi,regular,['samedi'],Pass Samedi,Shotgun,54.09,61.14,1,1
2026-07-28,2026-07-28 21:01:46,samedi,regular,['samedi'],Pass Samedi,Shotgun,54.09,61.14,1,1
2026-07-28,2026-07-28 21:07:59,2-jours,regular,,Pass 2 Jours,Shotgun,95.0,107.37,1,1
2026-07-28,2026-07-28 21:07:59,2-jours,regular,,Pass 2 Jours,Shotgun,95.0,107.37,1,1
2026-07-28,2026-07-28 21:18:09,samedi,regular,['samedi'],Pass Samedi,Shotgun,54.09,61.14,1,1
2026-07-28,2026-07-28 21:30:43,2-jours,regular,,Pass 2 Jours,Shotgun,95.0,107.37,1,1
2026-07-28,2026-07-28 23:41:12,vendredi,regular,['vendredi'],Pass Vendredi,Shotgun,54.09,61.14,1,1
2026-07-29,2026-07-29 04:59:17,2-jours,regular,,Pass 2 Jours,Shotgun,95.0,107.37,1,1
2026-07-29,2026-07-29 05:49:48,vendredi,regular,['vendredi'],Pass Vendredi,Shotgun,54.09,61.14,1,1
2026-07-29,2026-07-29 05:49:48,vendredi,regular,['vendredi'],Pass Vendredi,Shotgun,54.09,61.14,1,1
2026-07-29,2026-07-29 07:04:03,2-jours,regular,,Pass 2 Jours,Shotgun,95.0,107.37,1,1
2026-07-29,2026-07-29 07:04:03,2-jours,regular,,Pass 2 Jours,Shotgun,95.0,107.37,1,1
2026-07-29,2026-07-29 08:12:09,2-jours,regular,,Pass 2 Jours,Shotgun,95.0,107.37,1,1
2026-07-29,2026-07-29 08:17:58,vendredi,regular,['vendredi'],Pass Vendredi,Shotgun,54.09,61.14,1,1
2026-07-29,2026-07-29 08:32:27,2-jours,regular,,Pass 2 Jours,Shotgun,95.0,107.37,1,1
2026-07-29,2026-07-29 09:31:47,2-jours,regular,,Pass 2 Jours,Shotgun,95.0,107.37,1,1
2026-07-29,2026-07-29 10:03:04,2-jours,regular,,Pass 2 Jours,Shotgun,95.0,107.37,1,1
2026-07-29,2026-07-29 10:29:26,2-jours,regular,,Pass 2 Jours,Shotgun,95.0,107.37,1,1
2026-07-29,2026-07-29 10:29:26,2-jours,regular,,Pass 2 Jours,Shotgun,95.0,107.37,1,1
2026-07-29,2026-07-29 11:08:31,samedi,regular,['samedi'],Pass Samedi,Shotgun,54.09,61.14,1,1
2026-07-29,2026-07-29 12:32:20,2-jours,regular,,Pass 2 Jours,Shotgun,95.0,107.37,1,1
2026-07-29,2026-07-29 12:32:20,2-jours,regular,,Pass 2 Jours,Shotgun,95.0,107.37,1,1
2026-07-29,2026-07-29 14:35:32,2-jours,regular,,Pass 2 Jours,Shotgun,95.0,107.37,1,1
2026-07-29,2026-07-29 14:46:08,2-jours,regular,,Pass 2 Jours,Shotgun,95.0,107.37,1,1
2026-07-29,2026-07-29 14:55:05,samedi,early_entry,['samedi'],Pass Samedi,Shotgun,50.0,56.51,1,1
2026-07-29,2026-07-29 15:01:02,samedi,regular,['samedi'],Pass Samedi,Shotgun,54.09,61.14,1,1
2026-07-29,2026-07-29 15:02:11,samedi,regular,['samedi'],Pass Samedi,Shotgun,54.09,61.14,1,1
2026-07-29,2026-07-29 15:11:27,vendredi,regular,['vendredi'],Pass Vendredi,Shotgun,54.09,61.14,1,1
2026-07-29,2026-07-29 15:17:35,samedi,regular,['samedi'],Pass Samedi,Shotgun,54.09,61.14,1,1
2026-07-29,2026-07-29 15:32:53,samedi,regular,['samedi'],Pass Samedi,Shotgun,54.09,61.14,1,1
2026-07-29,2026-07-29 15:32:53,samedi,regular,['samedi'],Pass Samedi,Shotgun,54.09,61.14,1,1
2026-07-29,2026-07-29 15:47:41,samedi,regular,['samedi'],Pass Samedi,Shotgun,54.09,61.14,1,1
2026-07-29,2026-07-29 16:33:35,2-jours,regular,,Pass 2 Jours,Shotgun,95.0,107.37,1,1
2026-07-29,2026-07-29 16:48:08,2-jours,regular,,Pass 2 Jours,Shotgun,95.0,107.37,1,1
2026-07-29,2026-07-29 16:48:09,2-jours,regular,,Pass 2 Jours,Shotgun,95.0,107.37,1,1
2026-07-29,2026-07-29 17:02:26,vendredi,regular,['vendredi'],Pass Vendredi,Shotgun,54.09,61.14,1,1
2026-07-29,2026-07-29 17:09:25,vendredi,regular,['vendredi'],Pass Vendredi,Shotgun,54.09,61.14,1,1
2026-07-29,2026-07-29 17:14:28,2-jours,regular,,Pass 2 Jours,Shotgun,95.0,107.37,1,1
2026-07-29,2026-07-29 17:39:59,vendredi,regular,['vendredi'],Pass Vendredi,Shotgun,54.09,61.14,1,1
2026-07-29,2026-07-29 17:49:06,vendredi,regular,['vendredi'],Pass Vendredi,Shotgun,54.09,61.14,1,1
2026-07-29,2026-07-29 17:49:30,vendredi,early_entry,['vendredi'],Pass Vendredi,Shotgun,50.0,56.51,1,1
2026-07-29,2026-07-29 17:49:30,vendredi,early_entry,['vendredi'],Pass Vendredi,Shotgun,50.0,56.51,1,1
2026-07-29,2026-07-29 18:12:08,2-jours,regular,,Pass 2 Jours,Shotgun,95.0,107.37,1,1
2026-07-29,2026-07-29 18:32:31,2-jours,regular,,Pass 2 Jours,Shotgun,95.0,107.37,1,1
2026-07-29,2026-07-29 18:41:21,vendredi,early_entry,['vendredi'],Pass Vendredi,Shotgun,50.0,56.51,1,1
2026-07-29,2026-07-29 18:41:21,vendredi,early_entry,['vendredi'],Pass Vendredi,Shotgun,50.0,56.51,1,1
2026-07-29,2026-07-29 18:58:11,samedi,regular,['samedi'],Pass Samedi,Shotgun,54.09,61.14,1,1
2026-07-29,2026-07-29 19:01:36,samedi,regular,['samedi'],Pass Samedi,Shotgun,54.09,61.14,1,1
2026-07-29,2026-07-29 19:10:13,vendredi,regular,['vendredi'],Pass Vendredi,Shotgun,54.09,61.14,1,1
2026-07-29,2026-07-29 19:10:13,vendredi,regular,['vendredi'],Pass Vendredi,Shotgun,54.09,61.14,1,1
2026-07-29,2026-07-29 19:20:10,samedi,regular,['samedi'],Pass Samedi,Shotgun,54.09,61.14,1,1
2026-07-29,2026-07-29 19:39:06,2-jours,regular,,Pass 2 Jours,Shotgun,95.0,107.37,1,1
2026-07-29,2026-07-29 19:45:08,vendredi,regular,['vendredi'],Pass Vendredi,Shotgun,54.09,61.14,1,1
2026-07-29,2026-07-29 20:10:32,2-jours,regular,,Pass 2 Jours,Shotgun,95.0,107.37,1,1
2026-07-29,2026-07-29 20:40:20,vendredi,regular,['vendredi'],Pass Vendredi,Shotgun,54.09,61.14,1,1
2026-07-29,2026-07-29 20:40:35,samedi,early_entry,['samedi'],Pass Samedi,Shotgun,50.0,56.51,1,1
2026-07-29,2026-07-29 20:40:35,samedi,early_entry,['samedi'],Pass Samedi,Shotgun,50.0,56.51,1,1
2026-07-29,2026-07-29 20:40:35,samedi,early_entry,['samedi'],Pass Samedi,Shotgun,50.0,56.51,1,1
2026-07-29,2026-07-29 20:40:35,samedi,early_entry,['samedi'],Pass Samedi,Shotgun,50.0,56.51,1,1
2026-07-29,2026-07-29 20:51:02,2-jours,regular,,Pass 2 Jours,Shotgun,95.0,107.37,1,1
2026-07-29,2026-07-29 20:57:56,2-jours,regular,,Pass 2 Jours,Shotgun,95.0,107.37,1,1
2026-07-29,2026-07-29 21:01:42,vendredi,regular,['vendredi'],Pass Vendredi,Shotgun,54.09,61.14,1,1
2026-07-29,2026-07-29 21:15:10,2-jours,regular,,Pass 2 Jours,Shotgun,95.0,107.37,1,1
2026-07-29,2026-07-29 21:28:52,2-jours,regular,,Pass 2 Jours,Shotgun,95.0,107.37,1,1
2026-07-29,2026-07-29 21:38:51,2-jours,regular,,Pass 2 Jours,Shotgun,95.0,107.37,1,1
2026-07-29,2026-07-29 21:52:21,samedi,regular,['samedi'],Pass Samedi,Shotgun,54.09,61.14,1,1
2026-07-29,2026-07-29 22:16:25,2-jours,regular,,Pass 2 Jours,Shotgun,95.0,107.37,1,1
2026-07-29,2026-07-29 22:25:10,samedi,regular,['samedi'],Pass Samedi,Shotgun,54.09,61.14,1,1
2026-07-29,2026-07-29 23:02:07,samedi,early_entry,['samedi'],Pass Samedi,Shotgun,50.0,56.51,1,1
2026-07-29,2026-07-29 23:31:47,vendredi,regular,['vendredi'],Pass Vendredi,Shotgun,54.09,61.14,1,1
2026-07-29,2026-07-29 23:44:47,2-jours,regular,,Pass 2 Jours,Shotgun,95.0,107.37,1,1
2026-07-29,2026-07-29 23:49:47,vendredi,regular,['vendredi'],Pass Vendredi,Shotgun,54.09,61.14,1,1
2026-07-30,2026-07-30 02:34:00,vendredi,regular,['vendredi'],Pass Vendredi,Shotgun,54.09,61.14,1,1
2026-07-30,2026-07-30 02:34:00,vendredi,regular,['vendredi'],Pass Vendredi,Shotgun,54.09,61.14,1,1
2026-07-30,2026-07-30 03:03:26,vendredi,regular,['vendredi'],Pass Vendredi,Shotgun,54.09,61.14,1,1
2026-07-30,2026-07-30 06:47:22,samedi,regular,['samedi'],Pass Samedi,Shotgun,54.09,61.14,1,1
2026-07-30,2026-07-30 07:05:58,vendredi,regular,['vendredi'],Pass Vendredi,Shotgun,54.09,61.14,1,1
2026-07-30,2026-07-30 07:05:58,vendredi,regular,['vendredi'],Pass Vendredi,Shotgun,54.09,61.14,1,1
2026-07-30,2026-07-30 07:16:31,2-jours,regular,,Pass 2 Jours,Shotgun,95.0,107.37,1,1
2026-07-30,2026-07-30 07:33:20,vendredi,regular,['vendredi'],Pass Vendredi,Shotgun,54.09,61.14,1,1
2026-07-30,2026-07-30 07:33:20,vendredi,regular,['vendredi'],Pass Vendredi,Shotgun,54.09,61.14,1,1
2026-07-30,2026-07-30 07:39:45,vendredi,regular,['vendredi'],Pass Vendredi,Shotgun,54.09,61.14,1,1
2026-07-30,2026-07-30 07:41:17,2-jours,regular,,Pass 2 Jours,Shotgun,95.0,107.37,1,1
2026-07-30,2026-07-30 07:41:17,2-jours,regular,,Pass 2 Jours,Shotgun,95.0,107.37,1,1
2026-07-30,2026-07-30 07:45:48,samedi,regular,['samedi'],Pass Samedi,Shotgun,54.09,61.14,1,1
2026-07-30,2026-07-30 07:47:01,2-jours,regular,,Pass 2 Jours,Shotgun,95.0,107.37,1,1
2026-07-30,2026-07-30 07:47:01,vendredi,regular,['vendredi'],Pass Vendredi,Shotgun,54.09,61.14,1,1
2026-07-30,2026-07-30 07:52:38,vendredi,regular,['vendredi'],Pass Vendredi,Shotgun,54.09,61.14,1,1
2026-07-30,2026-07-30 08:06:17,samedi,regular,['samedi'],Pass Samedi,Shotgun,54.09,61.14,1,1
2026-07-30,2026-07-30 08:12:01,samedi,regular,['samedi'],Pass Samedi,Shotgun,54.09,61.14,1,1
2026-07-30,2026-07-30 08:18:39,2-jours,regular,,Pass 2 Jours,Shotgun,95.0,107.37,1,1
2026-07-30,2026-07-30 08:20:59,vendredi,regular,['vendredi'],Pass Vendredi,Shotgun,54.09,61.14,1,1
2026-07-30,2026-07-30 08:20:59,vendredi,regular,['vendredi'],Pass Vendredi,Shotgun,54.09,61.14,1,1
2026-07-30,2026-07-30 08:30:47,vendredi,regular,['vendredi'],Pass Vendredi,Shotgun,54.09,61.14,1,1
2026-07-30,2026-07-30 08:30:47,vendredi,regular,['vendredi'],Pass Vendredi,Shotgun,54.09,61.14,1,1
2026-07-30,2026-07-30 08:34:03,2-jours,regular,,Pass 2 Jours,Shotgun,95.0,107.37,1,1
2026-07-30,2026-07-30 08:39:26,2-jours,regular,,Pass 2 Jours,Shotgun,95.0,107.37,1,1
2026-07-30,2026-07-30 08:39:48,2-jours,regular,,Pass 2 Jours,Shotgun,95.0,107.37,1,1
2026-07-30,2026-07-30 08:45:17,vendredi,regular,['vendredi'],Pass Vendredi,Shotgun,54.09,61.14,1,1
2026-07-30,2026-07-30 08:51:00,2-jours,regular,,Pass 2 Jours,Shotgun,95.0,107.37,1,1
2026-07-30,2026-07-30 09:20:48,2-jours,regular,,Pass 2 Jours,Shotgun,95.0,107.37,1,1
2026-07-30,2026-07-30 09:24:41,samedi,early_entry,['samedi'],Pass Samedi,Shotgun,50.0,56.51,1,1
2026-07-30,2026-07-30 09:33:04,2-jours,regular,,Pass 2 Jours,Shotgun,95.0,107.37,1,1
2026-07-30,2026-07-30 09:36:06,samedi,regular,['samedi'],Pass Samedi,Shotgun,54.09,61.14,1,1
2026-07-30,2026-07-30 09:36:06,samedi,regular,['samedi'],Pass Samedi,Shotgun,54.09,61.14,1,1
2026-07-30,2026-07-30 09:37:41,2-jours,regular,,Pass 2 Jours,Shotgun,95.0,107.37,1,1
2026-07-30,2026-07-30 09:59:54,2-jours,regular,,Pass 2 Jours,Shotgun,95.0,95.5,1,1
2026-07-30,2026-07-30 10:13:51,vendredi,regular,['vendredi'],Pass Vendredi,Shotgun,54.09,61.14,1,1
2026-07-30,2026-07-30 10:13:51,vendredi,regular,['vendredi'],Pass Vendredi,Shotgun,54.09,61.14,1,1
2026-07-30,2026-07-30 10:27:01,2-jours,regular,,Pass 2 Jours,Shotgun,95.0,107.37,1,1
2026-07-30,2026-07-30 10:32:10,2-jours,regular,,Pass 2 Jours,Shotgun,95.0,107.37,1,1
2026-07-30,2026-07-30 10:32:10,2-jours,regular,,Pass 2 Jours,Shotgun,95.0,107.37,1,1
2026-07-30,2026-07-30 11:00:56,samedi,regular,['samedi'],Pass Samedi,Shotgun,54.09,61.14,1,1
2026-07-30,2026-07-30 11:07:58,samedi,regular,['samedi'],Pass Samedi,Shotgun,54.09,61.14,1,1
2026-07-30,2026-07-30 11:30:20,2-jours,regular,,Pass 2 Jours,Shotgun,95.0,107.37,1,1
2026-07-30,2026-07-30 11:37:36,vendredi,regular,['vendredi'],Pass Vendredi,Shotgun,54.09,61.14,1,1
2026-07-30,2026-07-30 11:37:43,2-jours,regular,,Pass 2 Jours,Shotgun,95.0,107.37,1,1
2026-07-30,2026-07-30 11:39:39,2-jours,regular,,Pass 2 Jours,Shotgun,95.0,107.37,1,1
2026-07-30,2026-07-30 11:43:44,samedi,regular,['samedi'],Pass Samedi,Shotgun,54.09,61.14,1,1
2026-07-30,2026-07-30 11:45:56,vendredi,regular,['vendredi'],Pass Vendredi,Shotgun,54.09,61.14,1,1
2026-07-30,2026-07-30 11:53:44,2-jours,regular,,Pass 2 Jours,Shotgun,95.0,107.37,1,1
2026-07-30,2026-07-30 11:58:10,samedi,regular,['samedi'],Pass Samedi,Shotgun,54.09,61.14,1,1
2026-07-30,2026-07-30 11:58:34,2-jours,regular,,Pass 2 Jours,Shotgun,95.0,107.37,1,1
2026-07-30,2026-07-30 12:06:50,vendredi,regular,['vendredi'],Pass Vendredi,Shotgun,54.09,61.14,1,1
2026-07-30,2026-07-30 12:19:51,vendredi,regular,['vendredi'],Pass Vendredi,Shotgun,54.09,61.14,1,1
2026-07-30,2026-07-30 12:23:25,vendredi,regular,['vendredi'],Pass Vendredi,Shotgun,54.09,61.14,1,1
2026-07-30,2026-07-30 12:23:44,samedi,regular,['samedi'],Pass Samedi,Shotgun,54.09,61.14,1,1
2026-07-30,2026-07-30 12:26:04,2-jours,regular,,Pass 2 Jours,Shotgun,95.0,107.37,1,1
2026-07-30,2026-07-30 12:27:18,2-jours,regular,,Pass 2 Jours,Shotgun,95.0,107.37,1,1
2026-07-30,2026-07-30 12:27:18,2-jours,regular,,Pass 2 Jours,Shotgun,95.0,107.37,1,1
2026-07-30,2026-07-30 12:32:18,2-jours,regular,,Pass 2 Jours,Shotgun,95.0,107.37,1,1
2026-07-30,2026-07-30 12:32:34,2-jours,regular,,Pass 2 Jours,Shotgun,95.0,107.37,1,1
2026-07-30,2026-07-30 12:37:03,2-jours,regular,,Pass 2 Jours,Shotgun,95.0,107.37,1,1
2026-07-30,2026-07-30 12:41:02,2-jours,regular,,Pass 2 Jours,Shotgun,95.0,107.37,1,1
2026-07-30,2026-07-30 12:43:24,samedi,regular,['samedi'],Pass Samedi,Shotgun,54.09,61.14,1,1
2026-07-30,2026-07-30 12:48:01,2-jours,regular,,Pass 2 Jours,Shotgun,95.0,107.37,1,1
2026-07-30,2026-07-30 12:49:05,2-jours,regular,,Pass 2 Jours,Shotgun,95.0,107.37,1,1
2026-07-30,2026-07-30 12:53:36,vendredi,regular,['vendredi'],Pass Vendredi,Shotgun,54.09,61.14,1,1
2026-07-30,2026-07-30 12:54:28,2-jours,regular,,Pass 2 Jours,Shotgun,95.0,107.37,1,1
2026-07-30,2026-07-30 12:54:28,2-jours,regular,,Pass 2 Jours,Shotgun,95.0,107.37,1,1
2026-07-30,2026-07-30 12:57:48,2-jours,regular,,Pass 2 Jours,Shotgun,95.0,107.37,1,1
2026-07-30,2026-07-30 12:58:30,2-jours,regular,,Pass 2 Jours,Shotgun,95.0,107.37,1,1
2026-07-30,2026-07-30 12:59:17,2-jours,regular,,Pass 2 Jours,Shotgun,95.0,107.37,1,1
2026-07-30,2026-07-30 12:59:17,2-jours,regular,,Pass 2 Jours,Shotgun,95.0,107.37,1,1
2026-07-30,2026-07-30 13:02:42,2-jours,regular,,Pass 2 Jours,Shotgun,95.0,107.37,1,1
2026-07-30,2026-07-30 13:08:51,vendredi,regular,['vendredi'],Pass Vendredi,Shotgun,54.09,61.14,1,1
2026-07-30,2026-07-30 13:32:10,2-jours,regular,,Pass 2 Jours,Shotgun,95.0,107.37,1,1
2026-07-30,2026-07-30 13:33:43,samedi,regular,['samedi'],Pass Samedi,Shotgun,54.09,61.14,1,1
2026-07-30,2026-07-30 13:40:58,vendredi,regular,['vendredi'],Pass Vendredi,Shotgun,54.09,61.14,1,1
2026-07-30,2026-07-30 13:42:07,vendredi,regular,['vendredi'],Pass Vendredi,Shotgun,54.09,61.14,1,1
2026-07-30,2026-07-30 13:55:29,2-jours,regular,,Pass 2 Jours,Shotgun,95.0,107.37,1,1
2026-07-30,2026-07-30 14:02:53,2-jours,regular,,Pass 2 Jours,Shotgun,95.0,107.37,1,1
2026-07-30,2026-07-30 14:13:07,vendredi,regular,['vendredi'],Pass Vendredi,Shotgun,54.09,61.14,1,1
2026-07-30,2026-07-30 14:14:33,samedi,early_entry,['samedi'],Pass Samedi,Shotgun,50.0,56.51,1,1
2026-07-30,2026-07-30 14:14:40,samedi,early_entry,['samedi'],Pass Samedi,Shotgun,50.0,56.51,1,1
2026-07-30,2026-07-30 14:37:02,vendredi,regular,['vendredi'],Pass Vendredi,Shotgun,54.09,61.14,1,1
2026-07-30,2026-07-30 14:37:38,vendredi,regular,['vendredi'],Pass Vendredi,Shotgun,54.09,61.14,1,1
2026-07-30,2026-07-30 14:38:24,2-jours,regular,,Pass 2 Jours,Shotgun,95.0,107.37,1,1
2026-07-30,2026-07-30 14:38:31,samedi,early_entry,['samedi'],Pass Samedi,Shotgun,50.0,56.51,1,1
2026-07-30,2026-07-30 14:38:33,2-jours,regular,,Pass 2 Jours,Shotgun,95.0,107.37,1,1
2026-07-30,2026-07-30 14:52:06,2-jours,regular,,Pass 2 Jours,Shotgun,95.0,107.37,1,1
2026-07-30,2026-07-30 14:52:59,2-jours,regular,,Pass 2 Jours,Shotgun,95.0,107.37,1,1
2026-07-30,2026-07-30 14:58:42,samedi,regular,['samedi'],Pass Samedi,Shotgun,54.09,61.14,1,1
2026-07-30,2026-07-30 15:04:09,vendredi,regular,['vendredi'],Pass Vendredi,Shotgun,54.09,61.14,1,1
2026-07-30,2026-07-30 15:04:09,vendredi,regular,['vendredi'],Pass Vendredi,Shotgun,54.09,61.14,1,1
2026-07-30,2026-07-30 15:18:48,2-jours,regular,,Pass 2 Jours,Shotgun,95.0,107.37,1,1
2026-07-30,2026-07-30 15:21:06,samedi,regular,['samedi'],Pass Samedi,Shotgun,54.09,61.14,1,1
2026-07-30,2026-07-30 15:21:06,samedi,regular,['samedi'],Pass Samedi,Shotgun,54.09,61.14,1,1
2026-07-30,2026-07-30 15:25:28,2-jours,regular,,Pass 2 Jours,Shotgun,95.0,107.37,1,1
2026-07-30,2026-07-30 15:26:56,vendredi,early_entry,['vendredi'],Pass Vendredi,Shotgun,50.0,56.51,1,1
2026-07-30,2026-07-30 15:32:18,samedi,vip,['samedi'],Pass Acces Scene,Shotgun,120.0,135.63,1,1
2026-07-30,2026-07-30 15:42:57,samedi,vip,['samedi'],Pass Acces Scene,Shotgun,120.0,135.63,1,1
2026-07-30,2026-07-30 15:53:54,samedi,vip,['samedi'],Pass Acces Scene,Shotgun,120.0,135.63,1,1
2026-07-30,2026-07-30 15:57:10,2-jours,regular,,Pass 2 Jours,Shotgun,95.0,107.37,1,1
2026-07-30,2026-07-30 15:59:42,2-jours,regular,,Pass 2 Jours,Shotgun,95.0,107.37,1,1
2026-07-30,2026-07-30 16:08:16,2-jours,regular,,Pass 2 Jours,Shotgun,95.0,107.37,1,1
2026-07-30,2026-07-30 16:08:16,2-jours,regular,,Pass 2 Jours,Shotgun,95.0,107.37,1,1
2026-07-30,2026-07-30 16:09:52,vendredi,regular,['vendredi'],Pass Vendredi,Shotgun,54.09,61.14,1,1
2026-07-30,2026-07-30 16:09:52,vendredi,regular,['vendredi'],Pass Vendredi,Shotgun,54.09,61.14,1,1
2026-07-30,2026-07-30 16:14:08,2-jours,regular,,Pass 2 Jours,Shotgun,95.0,107.37,1,1
2026-07-30,2026-07-30 16:15:27,vendredi,early_entry,['vendredi'],Pass Vendredi,Shotgun,50.0,56.51,1,1
2026-07-30,2026-07-30 16:30:32,samedi,regular,['samedi'],Pass Samedi,Shotgun,54.09,61.14,1,1
2026-07-30,2026-07-30 16:49:32,samedi,early_entry,['samedi'],Pass Samedi,Shotgun,50.0,56.51,1,1
2026-07-30,2026-07-30 16:52:52,samedi,early_entry,['samedi'],Pass Samedi,Shotgun,50.0,56.51,1,1
2026-07-30,2026-07-30 16:54:36,2-jours,regular,,Pass 2 Jours,Shotgun,95.0,107.37,1,1
2026-07-30,2026-07-30 16:57:04,samedi,regular,['samedi'],Pass Samedi,Shotgun,54.09,61.14,1,1
2026-07-30,2026-07-30 16:57:04,samedi,regular,['samedi'],Pass Samedi,Shotgun,54.09,61.14,1,1
2026-07-30,2026-07-30 16:59:28,vendredi,regular,['vendredi'],Pass Vendredi,Shotgun,54.09,61.14,1,1
2026-07-30,2026-07-30 16:59:28,vendredi,regular,['vendredi'],Pass Vendredi,Shotgun,54.09,61.14,1,1
2026-07-30,2026-07-30 17:01:31,vendredi,regular,['vendredi'],Pass Vendredi,Shotgun,54.09,61.14,1,1
2026-07-30,2026-07-30 17:04:26,vendredi,regular,['vendredi'],Pass Vendredi,Shotgun,54.09,61.14,1,1
2026-07-30,2026-07-30 17:04:26,vendredi,regular,['vendredi'],Pass Vendredi,Shotgun,54.09,61.14,1,1
2026-07-30,2026-07-30 17:04:26,vendredi,regular,['vendredi'],Pass Vendredi,Shotgun,54.09,61.14,1,1
2026-07-30,2026-07-30 17:07:32,2-jours,regular,,Pass 2 Jours,Shotgun,95.0,107.37,1,1
2026-07-30,2026-07-30 17:13:08,2-jours,regular,,Pass 2 Jours,Shotgun,95.0,107.37,1,1
2026-07-30,2026-07-30 17:29:28,2-jours,regular,,Pass 2 Jours,Shotgun,95.0,107.37,1,1
2026-07-30,2026-07-30 17:31:31,2-jours,regular,,Pass 2 Jours,Shotgun,95.0,107.37,1,1
2026-07-30,2026-07-30 17:35:58,2-jours,regular,,Pass 2 Jours,Shotgun,95.0,107.37,1,1
2026-07-30,2026-07-30 17:47:41,vendredi,regular,['vendredi'],Pass Vendredi,Shotgun,54.09,61.14,1,1
2026-07-30,2026-07-30 17:47:43,vendredi,regular,['vendredi'],Pass Vendredi,Shotgun,54.09,61.14,1,1
2026-07-30,2026-07-30 17:48:28,vendredi,regular,['vendredi'],Pass Vendredi,Shotgun,54.09,61.14,1,1
2026-07-30,2026-07-30 17:56:12,2-jours,regular,,Pass 2 Jours,Shotgun,95.0,107.37,1,1
2026-07-30,2026-07-30 18:02:08,vendredi,regular,['vendredi'],Pass Vendredi,Shotgun,54.09,61.14,1,1
2026-07-30,2026-07-30 18:16:13,2-jours,regular,,Pass 2 Jours,Shotgun,95.0,107.37,1,1
2026-07-30,2026-07-30 18:16:41,2-jours,regular,,Pass 2 Jours,Shotgun,95.0,107.37,1,1
2026-07-30,2026-07-30 18:34:56,2-jours,regular,,Pass 2 Jours,Shotgun,95.0,107.37,1,1
2026-07-30,2026-07-30 18:34:56,2-jours,regular,,Pass 2 Jours,Shotgun,95.0,107.37,1,1
2026-07-30,2026-07-30 18:41:10,vendredi,early_entry,['vendredi'],Pass Vendredi,Shotgun,50.0,56.51,1,1
2026-07-30,2026-07-30 18:44:57,2-jours,regular,,Pass 2 Jours,Shotgun,95.0,107.37,1,1
2026-07-30,2026-07-30 18:50:46,2-jours,regular,,Pass 2 Jours,Shotgun,95.0,107.37,1,1
2026-07-30,2026-07-30 18:50:46,2-jours,regular,,Pass 2 Jours,Shotgun,95.0,107.37,1,1
2026-07-30,2026-07-30 18:53:43,2-jours,regular,,Pass 2 Jours,Shotgun,95.0,107.37,1,1
2026-07-30,2026-07-30 19:03:18,vendredi,regular,['vendredi'],Pass Vendredi,Shotgun,54.09,61.14,1,1
2026-07-30,2026-07-30 19:05:20,2-jours,regular,,Pass 2 Jours,Shotgun,95.0,107.37,1,1
2026-07-30,2026-07-30 19:11:42,samedi,early_entry,['samedi'],Pass Samedi,Shotgun,50.0,56.51,1,1
2026-07-30,2026-07-30 19:11:42,vendredi,regular,['vendredi'],Pass Vendredi,Shotgun,54.09,61.14,1,1
2026-07-30,2026-07-30 19:15:06,2-jours,regular,,Pass 2 Jours,Shotgun,95.0,107.37,1,1
2026-07-30,2026-07-30 19:17:56,vendredi,regular,['vendredi'],Pass Vendredi,Shotgun,54.09,61.14,1,1
2026-07-30,2026-07-30 19:18:25,2-jours,regular,,Pass 2 Jours,Shotgun,95.0,107.37,1,1
2026-07-30,2026-07-30 19:19:18,vendredi,regular,['vendredi'],Pass Vendredi,Shotgun,54.09,61.14,1,1
2026-07-30,2026-07-30 19:19:42,vendredi,regular,['vendredi'],Pass Vendredi,Shotgun,54.09,61.14,1,1
2026-07-30,2026-07-30 19:19:42,vendredi,regular,['vendredi'],Pass Vendredi,Shotgun,54.09,61.14,1,1
2026-07-30,2026-07-30 19:20:33,vendredi,regular,['vendredi'],Pass Vendredi,Shotgun,54.09,61.14,1,1
2026-07-30,2026-07-30 19:23:56,2-jours,regular,,Pass 2 Jours,Shotgun,95.0,107.37,1,1
2026-07-30,2026-07-30 19:24:27,2-jours,regular,,Pass 2 Jours,Shotgun,95.0,107.37,1,1
2026-07-30,2026-07-30 19:25:34,2-jours,regular,,Pass 2 Jours,Shotgun,95.0,107.37,1,1
2026-07-30,2026-07-30 19:25:34,2-jours,regular,,Pass 2 Jours,Shotgun,95.0,107.37,1,1
2026-07-30,2026-07-30 19:32:27,2-jours,regular,,Pass 2 Jours,Shotgun,95.0,107.37,1,1
2026-07-30,2026-07-30 19:37:52,2-jours,regular,,Pass 2 Jours,Shotgun,95.0,107.37,1,1
2026-07-30,2026-07-30 19:46:57,2-jours,regular,,Pass 2 Jours,Shotgun,95.0,107.37,1,1
2026-07-30,2026-07-30 19:48:06,samedi,regular,['samedi'],Pass Samedi,Shotgun,54.09,61.14,1,1
2026-07-30,2026-07-30 19:48:06,samedi,regular,['samedi'],Pass Samedi,Shotgun,54.09,61.14,1,1
2026-07-30,2026-07-30 19:50:34,vendredi,regular,['vendredi'],Pass Vendredi,Shotgun,54.09,61.14,1,1
2026-07-30,2026-07-30 20:06:30,vendredi,regular,['vendredi'],Pass Vendredi,Shotgun,54.09,61.14,1,1
2026-07-30,2026-07-30 20:07:02,2-jours,regular,,Pass 2 Jours,Shotgun,95.0,107.37,1,1
2026-07-30,2026-07-30 20:09:36,2-jours,regular,,Pass 2 Jours,Shotgun,95.0,107.37,1,1
2026-07-30,2026-07-30 20:09:36,2-jours,regular,,Pass 2 Jours,Shotgun,95.0,107.37,1,1
2026-07-30,2026-07-30 20:11:12,2-jours,regular,,Pass 2 Jours,Shotgun,95.0,107.37,1,1
2026-07-30,2026-07-30 20:15:28,2-jours,regular,,Pass 2 Jours,Shotgun,95.0,107.37,1,1
2026-07-30,2026-07-30 20:22:13,2-jours,regular,,Pass 2 Jours,Shotgun,95.0,107.37,1,1
2026-07-30,2026-07-30 20:38:11,vendredi,regular,['vendredi'],Pass Vendredi,Shotgun,54.09,61.14,1,1
2026-07-30,2026-07-30 20:38:11,vendredi,early_entry,['vendredi'],Pass Vendredi,Shotgun,50.0,56.51,1,1
2026-07-30,2026-07-30 20:38:11,vendredi,early_entry,['vendredi'],Pass Vendredi,Shotgun,50.0,56.51,1,1
2026-07-30,2026-07-30 20:38:11,vendredi,early_entry,['vendredi'],Pass Vendredi,Shotgun,50.0,56.51,1,1
2026-07-30,2026-07-30 20:38:11,vendredi,early_entry,['vendredi'],Pass Vendredi,Shotgun,50.0,56.51,1,1
2026-07-30,2026-07-30 20:39:47,2-jours,regular,,Pass 2 Jours,Shotgun,95.0,107.37,1,1
2026-07-30,2026-07-30 20:44:07,2-jours,regular,,Pass 2 Jours,Shotgun,95.0,107.37,1,1
2026-07-30,2026-07-30 20:54:21,2-jours,regular,,Pass 2 Jours,Shotgun,95.0,107.37,1,1
2026-07-30,2026-07-30 20:54:21,2-jours,regular,,Pass 2 Jours,Shotgun,95.0,107.37,1,1
2026-07-30,2026-07-30 20:57:23,samedi,regular,['samedi'],Pass Samedi,Shotgun,54.09,61.14,1,1
2026-07-30,2026-07-30 20:57:23,samedi,regular,['samedi'],Pass Samedi,Shotgun,54.09,61.14,1,1
2026-07-30,2026-07-30 20:57:23,samedi,regular,['samedi'],Pass Samedi,Shotgun,54.09,61.14,1,1
2026-07-30,2026-07-30 20:57:23,samedi,regular,['samedi'],Pass Samedi,Shotgun,54.09,61.14,1,1
2026-07-30,2026-07-30 21:15:42,2-jours,regular,,Pass 2 Jours,Shotgun,95.0,107.37,1,1
2026-07-30,2026-07-30 21:33:54,2-jours,regular,,Pass 2 Jours,Shotgun,95.0,107.37,1,1
2026-07-30,2026-07-30 21:33:54,2-jours,regular,,Pass 2 Jours,Shotgun,95.0,107.37,1,1
2026-07-30,2026-07-30 21:34:12,2-jours,regular,,Pass 2 Jours,Shotgun,95.0,107.37,1,1
2026-07-30,2026-07-30 21:54:03,samedi,early_entry,['samedi'],Pass Samedi,Shotgun,50.0,56.51,1,1
2026-07-30,2026-07-30 22:07:16,2-jours,regular,,Pass 2 Jours,Shotgun,95.0,107.37,1,1
2026-07-30,2026-07-30 22:16:45,2-jours,regular,,Pass 2 Jours,Shotgun,95.0,107.37,1,1
2026-07-30,2026-07-30 23:16:06,samedi,regular,['samedi'],Pass Samedi,Shotgun,54.09,61.14,1,1
2026-07-31,2026-07-31 02:02:01,samedi,regular,['samedi'],Pass Samedi,Shotgun,54.09,61.14,1,1
2026-07-31,2026-07-31 05:13:28,vendredi,regular,['vendredi'],Pass Vendredi,Shotgun,54.09,61.14,1,1
2026-07-31,2026-07-31 05:23:22,2-jours,regular,,Pass 2 Jours,Shotgun,95.0,107.37,1,1
2026-07-31,2026-07-31 06:20:15,2-jours,regular,,Pass 2 Jours,Shotgun,95.0,107.37,1,1
2026-07-31,2026-07-31 06:24:00,samedi,early_entry,['samedi'],Pass Samedi,Shotgun,50.0,56.51,1,1
2026-07-31,2026-07-31 06:24:00,samedi,early_entry,['samedi'],Pass Samedi,Shotgun,50.0,56.51,1,1
2026-07-31,2026-07-31 06:31:23,samedi,regular,['samedi'],Pass Samedi,Shotgun,54.09,61.14,1,1
2026-07-31,2026-07-31 06:32:24,2-jours,regular,,Pass 2 Jours,Shotgun,95.0,107.37,1,1
2026-07-31,2026-07-31 07:17:08,vendredi,early_entry,['vendredi'],Pass Vendredi,Shotgun,50.0,56.51,1,1
2026-07-31,2026-07-31 07:28:00,2-jours,regular,,Pass 2 Jours,Shotgun,95.0,107.37,1,1
2026-07-31,2026-07-31 07:42:27,2-jours,regular,,Pass 2 Jours,Shotgun,95.0,107.37,1,1
2026-07-31,2026-07-31 08:02:43,vendredi,regular,['vendredi'],Pass Vendredi,Shotgun,55.0,55.5,1,1
2026-07-31,2026-07-31 08:02:43,vendredi,regular,['vendredi'],Pass Vendredi,Shotgun,55.0,55.5,1,1
2026-07-31,2026-07-31 08:08:44,2-jours,regular,,Pass 2 Jours,Shotgun,95.0,107.37,1,1
2026-07-31,2026-07-31 08:33:01,samedi,regular,['samedi'],Pass Samedi,Shotgun,54.09,61.14,1,1
2026-07-31,2026-07-31 08:50:04,2-jours,regular,,Pass 2 Jours,Shotgun,95.0,107.37,1,1
2026-07-31,2026-07-31 09:06:08,samedi,vip,['samedi'],Pass Acces Scene,Shotgun,120.0,135.63,1,1
2026-07-31,2026-07-31 09:07:53,vendredi,early_entry,['vendredi'],Pass Vendredi,Shotgun,50.0,56.51,1,1
2026-07-31,2026-07-31 09:11:26,samedi,regular,['samedi'],Pass Samedi,Shotgun,54.09,61.14,1,1
2026-07-31,2026-07-31 09:14:59,2-jours,regular,,Pass 2 Jours,Shotgun,95.0,107.37,1,1
2026-07-31,2026-07-31 09:25:27,vendredi,regular,['vendredi'],Pass Vendredi,Shotgun,54.09,61.14,1,1
2026-07-31,2026-07-31 09:25:27,vendredi,regular,['vendredi'],Pass Vendredi,Shotgun,54.09,61.14,1,1
2026-07-31,2026-07-31 09:26:19,vendredi,regular,['vendredi'],Pass Vendredi,Shotgun,54.09,61.14,1,1
2026-07-31,2026-07-31 09:38:33,vendredi,regular,['vendredi'],Pass Vendredi,Shotgun,54.09,61.14,1,1
2026-07-31,2026-07-31 09:40:46,samedi,regular,['samedi'],Pass Samedi,Shotgun,54.09,61.14,1,1
2026-07-31,2026-07-31 09:44:47,samedi,regular,['samedi'],Pass Samedi,Shotgun,54.09,61.14,1,1
2026-07-31,2026-07-31 09:46:27,vendredi,regular,['vendredi'],Pass Vendredi,Shotgun,54.09,61.14,1,1
2026-07-31,2026-07-31 09:50:38,2-jours,regular,,Pass 2 Jours,Shotgun,95.0,107.37,1,1
2026-07-31,2026-07-31 09:50:38,2-jours,regular,,Pass 2 Jours,Shotgun,95.0,107.37,1,1
2026-07-31,2026-07-31 09:52:42,2-jours,regular,,Pass 2 Jours,Shotgun,95.0,107.37,1,1
2026-07-31,2026-07-31 09:56:38,samedi,regular,['samedi'],Pass Samedi,Shotgun,54.09,61.14,1,1
2026-07-31,2026-07-31 10:01:00,2-jours,regular,,Pass 2 Jours,Shotgun,95.0,107.37,1,1
2026-07-31,2026-07-31 10:11:55,2-jours,regular,,Pass 2 Jours,Shotgun,95.0,107.37,1,1
2026-07-31,2026-07-31 10:11:55,samedi,regular,['samedi'],Pass Samedi,Shotgun,54.09,61.14,1,1
2026-07-31,2026-07-31 10:16:10,vendredi,regular,['vendredi'],Pass Vendredi,Shotgun,54.09,61.14,1,1
2026-07-31,2026-07-31 10:17:59,samedi,early_entry,['samedi'],Pass Samedi,Shotgun,50.0,56.51,1,1
2026-07-31,2026-07-31 10:21:32,samedi,early_entry,['samedi'],Pass Samedi,Shotgun,50.0,56.51,1,1
2026-07-31,2026-07-31 10:22:33,2-jours,regular,,Pass 2 Jours,Shotgun,95.0,107.37,1,1
2026-07-31,2026-07-31 10:29:35,2-jours,regular,,Pass 2 Jours,Shotgun,95.0,107.37,1,1
2026-07-31,2026-07-31 10:35:15,2-jours,regular,,Pass 2 Jours,Shotgun,95.0,107.37,1,1
2026-07-31,2026-07-31 11:21:16,samedi,regular,['samedi'],Pass Samedi,Shotgun,54.09,61.14,1,1
2026-07-31,2026-07-31 11:21:51,vendredi,regular,['vendredi'],Pass Vendredi,Shotgun,54.09,61.14,1,1
2026-07-31,2026-07-31 11:22:58,2-jours,regular,,Pass 2 Jours,Shotgun,95.0,107.37,1,1
2026-07-31,2026-07-31 11:24:35,vendredi,regular,['vendredi'],Pass Vendredi,Shotgun,54.09,61.14,1,1
2026-07-31,2026-07-31 11:27:59,2-jours,regular,,Pass 2 Jours,Shotgun,95.0,107.37,1,1
2026-07-31,2026-07-31 11:28:47,vendredi,regular,['vendredi'],Pass Vendredi,Shotgun,54.09,61.14,1,1
2026-07-31,2026-07-31 11:29:45,2-jours,regular,,Pass 2 Jours,Shotgun,95.0,107.37,1,1
2026-07-31,2026-07-31 11:30:05,vendredi,regular,['vendredi'],Pass Vendredi,Shotgun,54.09,61.14,1,1
2026-07-31,2026-07-31 11:32:05,vendredi,regular,['vendredi'],Pass Vendredi,Shotgun,54.09,61.14,1,1
2026-07-31,2026-07-31 11:32:17,2-jours,regular,,Pass 2 Jours,Shotgun,95.0,107.37,1,1
2026-07-31,2026-07-31 11:33:50,2-jours,regular,,Pass 2 Jours,Shotgun,95.0,107.37,1,1
2026-07-31,2026-07-31 11:34:05,2-jours,regular,,Pass 2 Jours,Shotgun,95.0,107.37,1,1
2026-07-31,2026-07-31 11:40:15,2-jours,regular,,Pass 2 Jours,Shotgun,95.0,107.37,1,1
2026-07-31,2026-07-31 11:40:26,2-jours,regular,,Pass 2 Jours,Shotgun,95.0,107.37,1,1
2026-07-31,2026-07-31 11:42:04,2-jours,regular,,Pass 2 Jours,Shotgun,95.0,107.37,1,1
2026-07-31,2026-07-31 11:42:26,2-jours,regular,,Pass 2 Jours,Shotgun,95.0,107.37,1,1
2026-07-31,2026-07-31 11:44:42,2-jours,regular,,Pass 2 Jours,Shotgun,95.0,107.37,1,1
2026-07-31,2026-07-31 11:44:45,2-jours,regular,,Pass 2 Jours,Shotgun,95.0,107.37,1,1
2026-07-31,2026-07-31 11:45:25,2-jours,regular,,Pass 2 Jours,Shotgun,95.0,107.37,1,1
2026-07-31,2026-07-31 11:48:02,2-jours,regular,,Pass 2 Jours,Shotgun,95.0,107.37,1,1
2026-07-31,2026-07-31 11:48:40,vendredi,regular,['vendredi'],Pass Vendredi,Shotgun,54.09,61.14,1,1
2026-07-31,2026-07-31 11:49:03,samedi,regular,['samedi'],Pass Samedi,Shotgun,54.09,61.14,1,1
2026-07-31,2026-07-31 11:49:58,vendredi,regular,['vendredi'],Pass Vendredi,Shotgun,54.09,61.14,1,1
2026-07-31,2026-07-31 11:51:02,vendredi,regular,['vendredi'],Pass Vendredi,Shotgun,54.09,61.14,1,1
2026-07-31,2026-07-31 11:52:47,vendredi,regular,['vendredi'],Pass Vendredi,Shotgun,54.09,61.14,1,1
2026-07-31,2026-07-31 11:52:47,vendredi,regular,['vendredi'],Pass Vendredi,Shotgun,54.09,61.14,1,1
2026-07-31,2026-07-31 11:52:51,2-jours,regular,,Pass 2 Jours,Shotgun,95.0,107.37,1,1
2026-07-31,2026-07-31 11:54:18,2-jours,regular,,Pass 2 Jours,Shotgun,95.0,107.37,1,1
2026-07-31,2026-07-31 11:54:53,2-jours,regular,,Pass 2 Jours,Shotgun,95.0,107.37,1,1
2026-07-31,2026-07-31 11:56:01,2-jours,regular,,Pass 2 Jours,Shotgun,95.0,107.37,1,1
2026-07-31,2026-07-31 11:57:35,2-jours,regular,,Pass 2 Jours,Shotgun,95.0,107.37,1,1
2026-07-31,2026-07-31 12:00:04,samedi,regular,['samedi'],Pass Samedi,Shotgun,54.09,61.14,1,1
2026-07-31,2026-07-31 12:00:04,samedi,regular,['samedi'],Pass Samedi,Shotgun,54.09,61.14,1,1
2026-07-31,2026-07-31 12:00:43,2-jours,regular,,Pass 2 Jours,Shotgun,95.0,107.37,1,1
2026-07-31,2026-07-31 12:03:34,2-jours,regular,,Pass 2 Jours,Shotgun,95.0,107.37,1,1
2026-07-31,2026-07-31 12:03:34,2-jours,regular,,Pass 2 Jours,Shotgun,95.0,107.37,1,1
2026-07-31,2026-07-31 12:04:28,2-jours,regular,,Pass 2 Jours,Shotgun,95.0,107.37,1,1
2026-07-31,2026-07-31 12:07:36,vendredi,regular,['vendredi'],Pass Vendredi,Shotgun,54.09,61.14,1,1
2026-07-31,2026-07-31 12:09:57,2-jours,regular,,Pass 2 Jours,Shotgun,95.0,107.37,1,1
2026-07-31,2026-07-31 12:13:33,vendredi,regular,['vendredi'],Pass Vendredi,Shotgun,54.09,61.14,1,1
2026-07-31,2026-07-31 12:16:25,vendredi,regular,['vendredi'],Pass Vendredi,Shotgun,54.09,61.14,1,1
2026-07-31,2026-07-31 12:18:25,2-jours,regular,,Pass 2 Jours,Shotgun,95.0,107.37,1,1
2026-07-31,2026-07-31 12:18:55,vendredi,regular,['vendredi'],Pass Vendredi,Shotgun,54.09,61.14,1,1
2026-07-31,2026-07-31 12:20:47,vendredi,regular,['vendredi'],Pass Vendredi,Shotgun,54.09,61.14,1,1
2026-07-31,2026-07-31 12:21:05,2-jours,regular,,Pass 2 Jours,Shotgun,95.0,107.37,1,1
2026-07-31,2026-07-31 12:21:50,2-jours,regular,,Pass 2 Jours,Shotgun,95.0,107.37,1,1
2026-07-31,2026-07-31 12:23:05,2-jours,regular,,Pass 2 Jours,Shotgun,95.0,107.37,1,1
2026-07-31,2026-07-31 12:34:10,samedi,regular,['samedi'],Pass Samedi,Shotgun,54.09,61.14,1,1
2026-07-31,2026-07-31 12:34:16,vendredi,regular,['vendredi'],Pass Vendredi,Shotgun,54.09,61.14,1,1
2026-07-31,2026-07-31 12:37:48,samedi,regular,['samedi'],Pass Samedi,Shotgun,54.09,61.14,1,1
2026-07-31,2026-07-31 12:40:31,2-jours,regular,,Pass 2 Jours,Shotgun,95.0,107.37,1,1
2026-07-31,2026-07-31 12:42:31,vendredi,early_entry,['vendredi'],Pass Vendredi,Shotgun,50.0,56.51,1,1
2026-07-31,2026-07-31 12:42:31,vendredi,early_entry,['vendredi'],Pass Vendredi,Shotgun,50.0,56.51,1,1
2026-07-31,2026-07-31 12:44:29,samedi,regular,['samedi'],Pass Samedi,Shotgun,54.09,61.14,1,1
2026-07-31,2026-07-31 12:46:05,samedi,regular,['samedi'],Pass Samedi,Shotgun,54.09,61.14,1,1
2026-07-31,2026-07-31 12:46:37,vendredi,regular,['vendredi'],Pass Vendredi,Shotgun,54.09,61.14,1,1
2026-07-31,2026-07-31 12:47:05,2-jours,regular,,Pass 2 Jours,Shotgun,95.0,107.37,1,1
2026-07-31,2026-07-31 12:47:05,2-jours,regular,,Pass 2 Jours,Shotgun,95.0,107.37,1,1
2026-07-31,2026-07-31 12:47:05,2-jours,regular,,Pass 2 Jours,Shotgun,95.0,107.37,1,1
2026-07-31,2026-07-31 12:47:05,2-jours,regular,,Pass 2 Jours,Shotgun,95.0,107.37,1,1
2026-07-31,2026-07-31 12:48:32,2-jours,regular,,Pass 2 Jours,Shotgun,95.0,107.37,1,1
2026-07-31,2026-07-31 12:53:12,2-jours,regular,,Pass 2 Jours,Shotgun,95.0,107.37,1,1
2026-07-31,2026-07-31 12:57:36,2-jours,regular,,Pass 2 Jours,Shotgun,95.0,107.37,1,1
2026-07-31,2026-07-31 12:58:21,2-jours,regular,,Pass 2 Jours,Shotgun,95.0,107.37,1,1
2026-07-31,2026-07-31 12:58:21,2-jours,regular,,Pass 2 Jours,Shotgun,95.0,107.37,1,1
2026-07-31,2026-07-31 12:59:25,2-jours,regular,,Pass 2 Jours,Shotgun,95.0,107.37,1,1
2026-07-31,2026-07-31 12:59:48,2-jours,regular,,Pass 2 Jours,Shotgun,95.0,107.37,1,1
2026-07-31,2026-07-31 13:02:42,2-jours,regular,,Pass 2 Jours,Shotgun,95.0,107.37,1,1
2026-07-31,2026-07-31 13:03:52,2-jours,regular,,Pass 2 Jours,Shotgun,95.0,107.37,1,1
2026-07-31,2026-07-31 13:04:07,vendredi,regular,['vendredi'],Pass Vendredi,Shotgun,54.09,61.14,1,1
2026-07-31,2026-07-31 13:04:07,vendredi,regular,['vendredi'],Pass Vendredi,Shotgun,54.09,61.14,1,1
2026-07-31,2026-07-31 13:05:05,samedi,regular,['samedi'],Pass Samedi,Shotgun,54.09,61.14,1,1
2026-07-31,2026-07-31 13:07:43,2-jours,regular,,Pass 2 Jours,Shotgun,95.0,107.37,1,1
2026-07-31,2026-07-31 13:09:24,vendredi,regular,['vendredi'],Pass Vendredi,Shotgun,54.09,61.14,1,1
2026-07-31,2026-07-31 13:11:01,2-jours,regular,,Pass 2 Jours,Shotgun,95.0,107.37,1,1
2026-07-31,2026-07-31 13:16:58,2-jours,regular,,Pass 2 Jours,Shotgun,95.0,107.37,1,1
2026-07-31,2026-07-31 13:17:58,2-jours,regular,,Pass 2 Jours,Shotgun,95.0,107.37,1,1
2026-07-31,2026-07-31 13:18:55,vendredi,regular,['vendredi'],Pass Vendredi,Shotgun,54.09,61.14,1,1
2026-07-31,2026-07-31 13:18:55,vendredi,regular,['vendredi'],Pass Vendredi,Shotgun,54.09,61.14,1,1
2026-07-31,2026-07-31 13:19:17,samedi,regular,['samedi'],Pass Samedi,Shotgun,54.09,61.14,1,1
2026-07-31,2026-07-31 13:23:03,2-jours,regular,,Pass 2 Jours,Shotgun,95.0,107.37,1,1
2026-07-31,2026-07-31 13:28:34,2-jours,regular,,Pass 2 Jours,Shotgun,95.0,107.37,1,1
2026-07-31,2026-07-31 13:37:26,vendredi,regular,['vendredi'],Pass Vendredi,Shotgun,54.09,61.14,1,1
2026-07-31,2026-07-31 13:39:57,2-jours,regular,,Pass 2 Jours,Shotgun,95.0,107.37,1,1
2026-07-31,2026-07-31 13:39:57,2-jours,regular,,Pass 2 Jours,Shotgun,95.0,107.37,1,1
2026-07-31,2026-07-31 13:40:59,2-jours,regular,,Pass 2 Jours,Shotgun,95.0,107.37,1,1
2026-07-31,2026-07-31 13:48:08,vendredi,regular,['vendredi'],Pass Vendredi,Shotgun,54.09,61.14,1,1
2026-07-31,2026-07-31 13:52:28,2-jours,regular,,Pass 2 Jours,Shotgun,95.0,107.37,1,1
2026-07-31,2026-07-31 13:54:24,vendredi,regular,['vendredi'],Pass Vendredi,Shotgun,54.09,61.14,1,1
2026-07-31,2026-07-31 13:58:42,2-jours,regular,,Pass 2 Jours,Shotgun,95.0,107.37,1,1
2026-07-31,2026-07-31 14:01:34,samedi,regular,['samedi'],Pass Samedi,Shotgun,54.09,61.14,1,1
2026-07-31,2026-07-31 14:01:34,samedi,regular,['samedi'],Pass Samedi,Shotgun,54.09,61.14,1,1
2026-07-31,2026-07-31 14:06:45,2-jours,regular,,Pass 2 Jours,Shotgun,95.0,107.37,1,1
2026-07-31,2026-07-31 14:11:48,2-jours,regular,,Pass 2 Jours,Shotgun,95.0,107.37,1,1
2026-07-31,2026-07-31 14:12:21,2-jours,regular,,Pass 2 Jours,Shotgun,95.0,107.37,1,1
2026-07-31,2026-07-31 14:19:02,samedi,regular,['samedi'],Pass Samedi,Shotgun,54.09,61.14,1,1
2026-07-31,2026-07-31 14:19:02,samedi,regular,['samedi'],Pass Samedi,Shotgun,54.09,61.14,1,1
2026-07-31,2026-07-31 14:23:58,vendredi,regular,['vendredi'],Pass Vendredi,Shotgun,54.09,61.14,1,1
2026-07-31,2026-07-31 14:41:19,2-jours,regular,,Pass 2 Jours,Shotgun,95.0,107.37,1,1
2026-07-31,2026-07-31 14:41:34,2-jours,regular,,Pass 2 Jours,Shotgun,95.0,107.37,1,1
2026-07-31,2026-07-31 14:41:48,2-jours,regular,,Pass 2 Jours,Shotgun,95.0,107.37,1,1
2026-07-31,2026-07-31 14:44:03,2-jours,regular,,Pass 2 Jours,Shotgun,95.0,107.37,1,1
2026-07-31,2026-07-31 14:45:01,samedi,regular,['samedi'],Pass Samedi,Shotgun,54.09,61.14,1,1
2026-07-31,2026-07-31 14:48:02,2-jours,regular,,Pass 2 Jours,Shotgun,95.0,107.37,1,1
2026-07-31,2026-07-31 14:50:11,2-jours,regular,,Pass 2 Jours,Shotgun,95.0,107.37,1,1
2026-07-31,2026-07-31 14:52:19,vendredi,regular,['vendredi'],Pass Vendredi,Shotgun,54.09,61.14,1,1
2026-07-31,2026-07-31 14:52:47,2-jours,regular,,Pass 2 Jours,Shotgun,95.0,107.37,1,1
2026-07-31,2026-07-31 14:54:18,vendredi,regular,['vendredi'],Pass Vendredi,Shotgun,54.09,61.14,1,1
2026-07-31,2026-07-31 14:59:10,2-jours,regular,,Pass 2 Jours,Shotgun,95.0,107.37,1,1
2026-07-31,2026-07-31 15:01:26,vendredi,early_entry,['vendredi'],Pass Vendredi,Shotgun,50.0,56.51,1,1
2026-07-31,2026-07-31 15:01:41,vendredi,regular,['vendredi'],Pass Vendredi,Shotgun,54.09,61.14,1,1
2026-07-31,2026-07-31 15:01:41,vendredi,regular,['vendredi'],Pass Vendredi,Shotgun,54.09,61.14,1,1
2026-07-31,2026-07-31 15:01:57,vendredi,regular,['vendredi'],Pass Vendredi,Shotgun,54.09,61.14,1,1
2026-07-31,2026-07-31 15:01:57,samedi,regular,['samedi'],Pass Samedi,Shotgun,54.09,61.14,1,1
2026-07-31,2026-07-31 15:12:14,2-jours,regular,,Pass 2 Jours,Shotgun,95.0,107.37,1,1
2026-07-31,2026-07-31 15:14:25,2-jours,regular,,Pass 2 Jours,Shotgun,95.0,107.37,1,1
2026-07-31,2026-07-31 15:21:10,vendredi,regular,['vendredi'],Pass Vendredi,Shotgun,54.09,61.14,1,1
2026-07-31,2026-07-31 15:27:56,vendredi,regular,['vendredi'],Pass Vendredi,Shotgun,54.09,61.14,1,1
2026-07-31,2026-07-31 15:27:56,vendredi,regular,['vendredi'],Pass Vendredi,Shotgun,54.09,61.14,1,1
2026-07-31,2026-07-31 15:35:39,2-jours,regular,,Pass 2 Jours,Shotgun,95.0,107.37,1,1
2026-07-31,2026-07-31 15:36:00,2-jours,regular,,Pass 2 Jours,Shotgun,95.0,107.37,1,1
2026-07-31,2026-07-31 15:38:28,vendredi,regular,['vendredi'],Pass Vendredi,Shotgun,54.09,61.14,1,1
2026-07-31,2026-07-31 15:40:21,samedi,regular,['samedi'],Pass Samedi,Shotgun,54.09,61.14,1,1
2026-07-31,2026-07-31 15:44:50,vendredi,regular,['vendredi'],Pass Vendredi,Shotgun,54.09,61.14,1,1
2026-07-31,2026-07-31 15:45:01,2-jours,regular,,Pass 2 Jours,Shotgun,95.0,107.37,1,1
2026-07-31,2026-07-31 16:11:56,vendredi,regular,['vendredi'],Pass Vendredi,Shotgun,54.09,61.14,1,1
2026-07-31,2026-07-31 16:21:20,2-jours,regular,,Pass 2 Jours,Shotgun,95.0,107.37,1,1
2026-07-31,2026-07-31 16:23:35,samedi,regular,['samedi'],Pass Samedi,Shotgun,54.09,61.14,1,1
2026-07-31,2026-07-31 16:32:12,2-jours,regular,,Pass 2 Jours,Shotgun,95.0,107.37,1,1
2026-07-31,2026-07-31 16:35:01,samedi,regular,['samedi'],Pass Samedi,Shotgun,54.09,61.14,1,1
2026-07-31,2026-07-31 16:46:01,samedi,regular,['samedi'],Pass Samedi,Shotgun,54.09,61.14,1,1
2026-07-31,2026-07-31 16:46:01,samedi,regular,['samedi'],Pass Samedi,Shotgun,54.09,61.14,1,1
2026-07-31,2026-07-31 16:47:14,samedi,regular,['samedi'],Pass Samedi,Shotgun,54.09,61.14,1,1
2026-07-31,2026-07-31 16:47:14,samedi,regular,['samedi'],Pass Samedi,Shotgun,54.09,61.14,1,1
2026-07-31,2026-07-31 16:49:39,2-jours,regular,,Pass 2 Jours,Shotgun,95.0,107.37,1,1
2026-07-31,2026-07-31 17:02:30,vendredi,regular,['vendredi'],Pass Vendredi,Shotgun,54.09,61.14,1,1
2026-07-31,2026-07-31 17:09:25,samedi,vip,['samedi'],Pass Acces Scene,Shotgun,120.0,135.63,1,1
2026-07-31,2026-07-31 17:09:25,vendredi,regular,['vendredi'],Pass Vendredi,Shotgun,54.09,61.14,1,1
2026-07-31,2026-07-31 17:28:15,vendredi,regular,['vendredi'],Pass Vendredi,Shotgun,54.09,61.14,1,1
2026-07-31,2026-07-31 17:29:47,samedi,regular,['samedi'],Pass Samedi,Shotgun,54.09,61.14,1,1
2026-07-31,2026-07-31 17:35:29,vendredi,early_entry,['vendredi'],Pass Vendredi,Shotgun,50.0,56.51,1,1
2026-07-31,2026-07-31 17:41:50,vendredi,regular,['vendredi'],Pass Vendredi,Shotgun,54.09,61.14,1,1
2026-07-31,2026-07-31 17:43:36,2-jours,regular,,Pass 2 Jours,Shotgun,95.0,107.37,1,1
2026-07-31,2026-07-31 17:43:36,2-jours,regular,,Pass 2 Jours,Shotgun,95.0,107.37,1,1
2026-07-31,2026-07-31 17:47:10,vendredi,regular,['vendredi'],Pass Vendredi,Shotgun,54.09,61.14,1,1
2026-07-31,2026-07-31 18:10:55,vendredi,regular,['vendredi'],Pass Vendredi,Shotgun,54.09,61.14,1,1
2026-07-31,2026-07-31 18:10:55,vendredi,regular,['vendredi'],Pass Vendredi,Shotgun,54.09,61.14,1,1
2026-07-31,2026-07-31 18:14:38,samedi,regular,['samedi'],Pass Samedi,Shotgun,54.09,61.14,1,1
2026-07-31,2026-07-31 18:14:38,samedi,regular,['samedi'],Pass Samedi,Shotgun,54.09,61.14,1,1
2026-07-31,2026-07-31 18:24:42,vendredi,regular,['vendredi'],Pass Vendredi,Shotgun,54.09,61.14,1,1
2026-07-31,2026-07-31 18:27:52,samedi,early_entry,['samedi'],Pass Samedi,Shotgun,50.0,56.51,1,1
2026-07-31,2026-07-31 18:27:52,samedi,early_entry,['samedi'],Pass Samedi,Shotgun,50.0,56.51,1,1
2026-07-31,2026-07-31 18:27:52,samedi,early_entry,['samedi'],Pass Samedi,Shotgun,50.0,56.51,1,1
2026-07-31,2026-07-31 18:27:52,samedi,early_entry,['samedi'],Pass Samedi,Shotgun,50.0,56.51,1,1
2026-07-31,2026-07-31 18:27:52,samedi,early_entry,['samedi'],Pass Samedi,Shotgun,50.0,56.51,1,1
2026-07-31,2026-07-31 18:28:44,2-jours,regular,,Pass 2 Jours,Shotgun,95.0,107.37,1,1
2026-07-31,2026-07-31 18:32:28,vendredi,vip,['vendredi'],Pass Acces Scene,Shotgun,120.0,135.63,1,1
2026-07-31,2026-07-31 18:32:48,2-jours,regular,,Pass 2 Jours,Shotgun,95.0,107.37,1,1
2026-07-31,2026-07-31 18:35:51,vendredi,regular,['vendredi'],Pass Vendredi,Shotgun,54.09,61.14,1,1
2026-07-31,2026-07-31 18:38:03,samedi,regular,['samedi'],Pass Samedi,Shotgun,54.09,61.14,1,1
2026-07-31,2026-07-31 18:38:40,samedi,regular,['samedi'],Pass Samedi,Shotgun,54.09,61.14,1,1
2026-07-31,2026-07-31 18:43:31,vendredi,regular,['vendredi'],Pass Vendredi,Shotgun,54.09,61.14,1,1
2026-07-31,2026-07-31 18:43:31,vendredi,regular,['vendredi'],Pass Vendredi,Shotgun,54.09,61.14,1,1
2026-07-31,2026-07-31 18:43:31,vendredi,regular,['vendredi'],Pass Vendredi,Shotgun,54.09,61.14,1,1
2026-07-31,2026-07-31 18:47:52,2-jours,regular,,Pass 2 Jours,Shotgun,95.0,107.37,1,1
2026-07-31,2026-07-31 18:50:54,2-jours,regular,,Pass 2 Jours,Shotgun,95.0,107.37,1,1
2026-07-31,2026-07-31 18:51:02,samedi,regular,['samedi'],Pass Samedi,Shotgun,54.09,61.14,1,1
2026-07-31,2026-07-31 19:00:29,2-jours,regular,,Pass 2 Jours,Shotgun,95.0,107.37,1,1
2026-07-31,2026-07-31 19:01:10,2-jours,regular,,Pass 2 Jours,Shotgun,95.0,107.37,1,1
2026-07-31,2026-07-31 19:06:37,vendredi,regular,['vendredi'],Pass Vendredi,Shotgun,54.09,61.14,1,1
2026-07-31,2026-07-31 19:06:37,vendredi,regular,['vendredi'],Pass Vendredi,Shotgun,54.09,61.14,1,1
2026-07-31,2026-07-31 19:13:55,vendredi,regular,['vendredi'],Pass Vendredi,Shotgun,54.09,61.14,1,1
2026-07-31,2026-07-31 19:14:53,2-jours,regular,,Pass 2 Jours,Shotgun,95.0,107.37,1,1
2026-07-31,2026-07-31 19:14:53,2-jours,regular,,Pass 2 Jours,Shotgun,95.0,107.37,1,1
2026-07-31,2026-07-31 19:14:53,2-jours,regular,,Pass 2 Jours,Shotgun,95.0,107.37,1,1
2026-07-31,2026-07-31 19:30:11,samedi,regular,['samedi'],Pass Samedi,Shotgun,54.09,61.14,1,1
2026-07-31,2026-07-31 19:36:19,vendredi,regular,['vendredi'],Pass Vendredi,Shotgun,54.09,61.14,1,1
2026-07-31,2026-07-31 19:42:55,2-jours,regular,,Pass 2 Jours,Shotgun,95.0,107.37,1,1
2026-07-31,2026-07-31 19:43:31,samedi,regular,['samedi'],Pass Samedi,Shotgun,54.09,61.14,1,1
2026-07-31,2026-07-31 19:46:52,samedi,regular,['samedi'],Pass Samedi,Shotgun,54.09,61.14,1,1
2026-07-31,2026-07-31 19:49:50,samedi,regular,['samedi'],Pass Samedi,Shotgun,54.09,61.14,1,1
2026-07-31,2026-07-31 19:49:50,samedi,regular,['samedi'],Pass Samedi,Shotgun,54.09,61.14,1,1
2026-07-31,2026-07-31 19:49:50,samedi,regular,['samedi'],Pass Samedi,Shotgun,54.09,61.14,1,1
2026-07-31,2026-07-31 20:04:02,vendredi,regular,['vendredi'],Pass Vendredi,Shotgun,54.09,61.14,1,1
2026-07-31,2026-07-31 20:05:32,samedi,regular,['samedi'],Pass Samedi,Shotgun,54.09,61.14,1,1
2026-07-31,2026-07-31 20:06:51,2-jours,regular,,Pass 2 Jours,Shotgun,95.0,107.37,1,1
2026-07-31,2026-07-31 20:10:26,vendredi,regular,['vendredi'],Pass Vendredi,Shotgun,54.09,61.14,1,1
2026-07-31,2026-07-31 20:10:26,vendredi,regular,['vendredi'],Pass Vendredi,Shotgun,54.09,61.14,1,1
2026-07-31,2026-07-31 20:11:02,2-jours,regular,,Pass 2 Jours,Shotgun,95.0,107.37,1,1
2026-07-31,2026-07-31 20:17:01,samedi,regular,['samedi'],Pass Samedi,Shotgun,54.09,61.14,1,1
2026-07-31,2026-07-31 20:28:58,vendredi,early_entry,['vendredi'],Pass Vendredi,Shotgun,50.0,56.51,1,1
2026-07-31,2026-07-31 20:34:05,vendredi,regular,['vendredi'],Pass Vendredi,Shotgun,54.09,61.14,1,1
2026-07-31,2026-07-31 20:36:26,samedi,regular,['samedi'],Pass Samedi,Shotgun,54.09,61.14,1,1
2026-07-31,2026-07-31 20:44:56,vendredi,regular,['vendredi'],Pass Vendredi,Shotgun,54.09,61.14,1,1
2026-07-31,2026-07-31 20:47:53,2-jours,regular,,Pass 2 Jours,Shotgun,95.0,107.37,1,1
2026-07-31,2026-07-31 20:52:02,2-jours,regular,,Pass 2 Jours,Shotgun,95.0,107.37,1,1
2026-07-31,2026-07-31 20:54:10,2-jours,regular,,Pass 2 Jours,Shotgun,95.0,107.37,1,1
2026-07-31,2026-07-31 20:56:13,2-jours,regular,,Pass 2 Jours,Shotgun,95.0,107.37,1,1
2026-07-31,2026-07-31 20:57:41,2-jours,regular,,Pass 2 Jours,Shotgun,95.0,107.37,1,1
2026-07-31,2026-07-31 21:02:33,samedi,regular,['samedi'],Pass Samedi,Shotgun,54.09,61.14,1,1
2026-07-31,2026-07-31 21:02:48,vendredi,regular,['vendredi'],Pass Vendredi,Shotgun,54.09,61.14,1,1
2026-07-31,2026-07-31 21:04:18,samedi,regular,['samedi'],Pass Samedi,Shotgun,54.09,61.14,1,1
2026-07-31,2026-07-31 21:08:59,2-jours,regular,,Pass 2 Jours,Shotgun,95.0,107.37,1,1
2026-07-31,2026-07-31 21:10:40,2-jours,regular,,Pass 2 Jours,Shotgun,95.0,107.37,1,1
2026-07-31,2026-07-31 21:25:19,vendredi,regular,['vendredi'],Pass Vendredi,Shotgun,54.09,61.14,1,1
2026-07-31,2026-07-31 21:26:29,2-jours,regular,,Pass 2 Jours,Shotgun,95.0,107.37,1,1
2026-07-31,2026-07-31 21:32:07,vendredi,regular,['vendredi'],Pass Vendredi,Shotgun,54.09,61.14,1,1
2026-07-31,2026-07-31 21:32:07,vendredi,regular,['vendredi'],Pass Vendredi,Shotgun,54.09,61.14,1,1
2026-07-31,2026-07-31 21:34:14,2-jours,regular,,Pass 2 Jours,Shotgun,95.0,107.37,1,1
2026-07-31,2026-07-31 21:34:35,2-jours,regular,,Pass 2 Jours,Shotgun,95.0,107.37,1,1
2026-07-31,2026-07-31 21:37:34,samedi,early_entry,['samedi'],Pass Samedi,Shotgun,50.0,56.51,1,1
2026-07-31,2026-07-31 21:38:02,samedi,early_entry,['samedi'],Pass Samedi,Shotgun,50.0,56.51,1,1
2026-07-31,2026-07-31 21:38:03,samedi,early_entry,['samedi'],Pass Samedi,Shotgun,50.0,56.51,1,1
2026-07-31,2026-07-31 21:38:30,samedi,early_entry,['samedi'],Pass Samedi,Shotgun,50.0,56.51,1,1
2026-07-31,2026-07-31 21:41:43,samedi,regular,['samedi'],Pass Samedi,Shotgun,54.09,61.14,1,1
2026-07-31,2026-07-31 21:45:31,samedi,regular,['samedi'],Pass Samedi,Shotgun,54.09,61.14,1,1
2026-07-31,2026-07-31 22:02:54,2-jours,regular,,Pass 2 Jours,Shotgun,95.0,107.37,1,1
2026-07-31,2026-07-31 22:21:15,2-jours,regular,,Pass 2 Jours,Shotgun,95.0,107.37,1,1
2026-07-31,2026-07-31 22:21:15,2-jours,regular,,Pass 2 Jours,Shotgun,95.0,107.37,1,1
2026-07-31,2026-07-31 22:22:08,2-jours,regular,,Pass 2 Jours,Shotgun,95.0,107.37,1,1
2026-07-31,2026-07-31 22:31:59,vendredi,regular,['vendredi'],Pass Vendredi,Shotgun,54.09,61.14,1,1
2026-07-31,2026-07-31 22:31:59,vendredi,regular,['vendredi'],Pass Vendredi,Shotgun,54.09,61.14,1,1
2026-07-31,2026-07-31 22:38:14,2-jours,regular,,Pass 2 Jours,Shotgun,95.0,107.37,1,1
2026-07-31,2026-07-31 22:38:18,samedi,regular,['samedi'],Pass Samedi,Shotgun,54.09,61.14,1,1
2026-07-31,2026-07-31 22:56:25,vendredi,regular,['vendredi'],Pass Vendredi,Shotgun,54.09,61.14,1,1
2026-07-31,2026-07-31 22:57:50,samedi,regular,['samedi'],Pass Samedi,Shotgun,54.09,61.14,1,1
2026-07-31,2026-07-31 22:58:06,2-jours,regular,,Pass 2 Jours,Shotgun,95.0,107.37,1,1
2026-07-31,2026-07-31 23:01:31,2-jours,regular,,Pass 2 Jours,Shotgun,95.0,107.37,1,1
2026-07-31,2026-07-31 23:04:45,samedi,regular,['samedi'],Pass Samedi,Shotgun,54.09,61.14,1,1
2026-07-31,2026-07-31 23:26:38,2-jours,regular,,Pass 2 Jours,Shotgun,95.0,107.37,1,1
2026-07-31,2026-07-31 23:26:48,samedi,regular,['samedi'],Pass Samedi,Shotgun,54.09,61.14,1,1
2026-07-31,2026-07-31 23:26:48,samedi,regular,['samedi'],Pass Samedi,Shotgun,54.09,61.14,1,1
2026-07-31,2026-07-31 23:26:48,samedi,regular,['samedi'],Pass Samedi,Shotgun,54.09,61.14,1,1
2026-07-31,2026-07-31 23:30:21,2-jours,regular,,Pass 2 Jours,Shotgun,95.0,107.37,1,1
2026-08-01,2026-08-01 01:06:07,vendredi,regular,['vendredi'],Pass Vendredi,Shotgun,54.09,61.14,1,1
2026-08-01,2026-08-01 01:22:35,2-jours,regular,,Pass 2 Jours,Shotgun,95.0,107.37,1,1
2026-08-01,2026-08-01 02:06:06,2-jours,regular,,Pass 2 Jours,Shotgun,95.0,107.37,1,1
2026-08-01,2026-08-01 02:14:50,2-jours,regular,,Pass 2 Jours,Shotgun,95.0,107.37,1,1
2026-08-01,2026-08-01 03:55:03,vendredi,regular,['vendredi'],Pass Vendredi,Shotgun,54.09,61.14,1,1
2026-08-01,2026-08-01 03:55:03,vendredi,regular,['vendredi'],Pass Vendredi,Shotgun,54.09,61.14,1,1
2026-08-01,2026-08-01 04:29:33,vendredi,early_entry,['vendredi'],Pass Vendredi,Shotgun,50.0,56.51,1,1
2026-08-01,2026-08-01 04:35:27,2-jours,regular,,Pass 2 Jours,Shotgun,95.0,107.37,1,1
2026-08-01,2026-08-01 04:43:59,vendredi,regular,['vendredi'],Pass Vendredi,Shotgun,54.09,61.14,1,1
2026-08-01,2026-08-01 06:22:16,2-jours,regular,,Pass 2 Jours,Shotgun,95.0,107.37,1,1
2026-08-01,2026-08-01 06:30:50,samedi,regular,['samedi'],Pass Samedi,Shotgun,54.09,61.14,1,1
2026-08-01,2026-08-01 06:30:50,samedi,regular,['samedi'],Pass Samedi,Shotgun,54.09,61.14,1,1
2026-08-01,2026-08-01 07:05:46,2-jours,regular,,Pass 2 Jours,Shotgun,95.0,107.37,1,1
2026-08-01,2026-08-01 07:16:46,2-jours,regular,,Pass 2 Jours,Shotgun,95.0,107.37,1,1
2026-08-01,2026-08-01 07:45:45,2-jours,regular,,Pass 2 Jours,Shotgun,95.0,107.37,1,1
2026-08-01,2026-08-01 07:45:45,2-jours,regular,,Pass 2 Jours,Shotgun,95.0,107.37,1,1
2026-08-01,2026-08-01 08:12:38,vendredi,early_entry,['vendredi'],Pass Vendredi,Shotgun,50.0,56.51,1,1
2026-08-01,2026-08-01 08:21:45,2-jours,regular,,Pass 2 Jours,Shotgun,95.0,107.37,1,1
2026-08-01,2026-08-01 08:24:36,vendredi,regular,['vendredi'],Pass Vendredi,Shotgun,54.09,61.14,1,1
2026-08-01,2026-08-01 08:30:39,2-jours,regular,,Pass 2 Jours,Shotgun,95.0,107.37,1,1
2026-08-01,2026-08-01 08:53:26,samedi,regular,['samedi'],Pass Samedi,Shotgun,54.09,61.14,1,1
2026-08-01,2026-08-01 09:13:43,samedi,regular,['samedi'],Pass Samedi,Shotgun,54.09,61.14,1,1
2026-08-01,2026-08-01 09:13:43,samedi,regular,['samedi'],Pass Samedi,Shotgun,54.09,61.14,1,1
2026-08-01,2026-08-01 09:13:43,samedi,regular,['samedi'],Pass Samedi,Shotgun,54.09,61.14,1,1
2026-08-01,2026-08-01 09:26:15,samedi,early_entry,['samedi'],Pass Samedi,Shotgun,50.0,56.51,1,1
2026-08-01,2026-08-01 09:26:15,samedi,early_entry,['samedi'],Pass Samedi,Shotgun,50.0,56.51,1,1
2026-08-01,2026-08-01 09:29:46,2-jours,regular,,Pass 2 Jours,Shotgun,95.0,107.37,1,1
2026-08-01,2026-08-01 09:45:22,2-jours,regular,,Pass 2 Jours,Shotgun,95.0,107.37,1,1
2026-08-01,2026-08-01 10:11:30,vendredi,regular,['vendredi'],Pass Vendredi,Shotgun,54.09,61.14,1,1
2026-08-01,2026-08-01 10:12:02,vendredi,regular,['vendredi'],Pass Vendredi,Shotgun,54.09,61.14,1,1
2026-08-01,2026-08-01 10:19:50,samedi,regular,['samedi'],Pass Samedi,Shotgun,54.09,61.14,1,1
2026-08-01,2026-08-01 10:21:16,vendredi,regular,['vendredi'],Pass Vendredi,Shotgun,54.09,61.14,1,1
2026-08-01,2026-08-01 10:21:16,vendredi,regular,['vendredi'],Pass Vendredi,Shotgun,54.09,61.14,1,1
2026-08-01,2026-08-01 10:25:30,vendredi,early_entry,['vendredi'],Pass Vendredi,Shotgun,50.0,56.51,1,1
2026-08-01,2026-08-01 10:32:05,2-jours,regular,,Pass 2 Jours,Shotgun,95.0,107.37,1,1
2026-08-01,2026-08-01 10:33:12,vendredi,regular,['vendredi'],Pass Vendredi,Shotgun,54.09,61.14,1,1
2026-08-01,2026-08-01 10:35:09,samedi,early_entry,['samedi'],Pass Samedi,Shotgun,50.0,56.51,1,1
2026-08-01,2026-08-01 10:54:40,vendredi,early_entry,['vendredi'],Pass Vendredi,Shotgun,50.0,56.51,1,1
2026-08-01,2026-08-01 12:02:20,vendredi,early_entry,['vendredi'],Pass Vendredi,Shotgun,50.0,56.51,1,1
2026-08-01,2026-08-01 12:14:13,vendredi,regular,['vendredi'],Pass Vendredi,Shotgun,55.0,55.5,1,1
2026-08-01,2026-08-01 12:21:22,vendredi,regular,['vendredi'],Pass Vendredi,Shotgun,55.0,55.5,1,1
2026-08-01,2026-08-01 12:25:05,vendredi,regular,['vendredi'],Pass Vendredi,Shotgun,54.09,61.14,1,1
2026-08-01,2026-08-01 12:25:05,vendredi,regular,['vendredi'],Pass Vendredi,Shotgun,54.09,61.14,1,1
2026-08-01,2026-08-01 12:25:44,2-jours,regular,,Pass 2 Jours,Shotgun,95.0,107.37,1,1
2026-08-01,2026-08-01 12:28:24,2-jours,regular,,Pass 2 Jours,Shotgun,95.0,107.37,1,1
2026-08-01,2026-08-01 12:28:58,2-jours,regular,,Pass 2 Jours,Shotgun,95.0,107.37,1,1
2026-08-01,2026-08-01 12:37:20,samedi,regular,['samedi'],Pass Samedi,Shotgun,54.09,61.14,1,1
2026-08-01,2026-08-01 12:39:18,vendredi,regular,['vendredi'],Pass Vendredi,Shotgun,54.09,61.14,1,1
2026-08-01,2026-08-01 12:40:38,2-jours,regular,,Pass 2 Jours,Shotgun,95.0,107.37,1,1
2026-08-01,2026-08-01 12:46:53,vendredi,regular,['vendredi'],Pass Vendredi,Shotgun,54.09,61.14,1,1
2026-08-01,2026-08-01 12:48:53,samedi,vip,['samedi'],Pass Acces Scene,Shotgun,120.0,135.63,1,1
2026-08-01,2026-08-01 12:48:53,vendredi,regular,['vendredi'],Pass Vendredi,Shotgun,54.09,61.14,1,1
2026-08-01,2026-08-01 13:03:35,vendredi,regular,['vendredi'],Pass Vendredi,Shotgun,54.09,61.14,1,1
2026-08-01,2026-08-01 13:05:15,2-jours,regular,,Pass 2 Jours,Shotgun,95.0,107.37,1,1
2026-08-01,2026-08-01 13:05:15,2-jours,regular,,Pass 2 Jours,Shotgun,95.0,107.37,1,1
2026-08-01,2026-08-01 13:06:53,2-jours,regular,,Pass 2 Jours,Shotgun,95.0,107.37,1,1
2026-08-01,2026-08-01 13:06:53,2-jours,regular,,Pass 2 Jours,Shotgun,95.0,107.37,1,1
2026-08-01,2026-08-01 13:09:51,2-jours,regular,,Pass 2 Jours,Shotgun,95.0,107.37,1,1
2026-08-01,2026-08-01 13:10:37,2-jours,regular,,Pass 2 Jours,Shotgun,95.0,107.37,1,1
2026-08-01,2026-08-01 13:38:48,2-jours,regular,,Pass 2 Jours,Shotgun,95.0,107.37,1,1
2026-08-01,2026-08-01 13:40:07,vendredi,early_entry,['vendredi'],Pass Vendredi,Shotgun,50.0,56.51,1,1
2026-08-01,2026-08-01 13:44:27,vendredi,early_entry,['vendredi'],Pass Vendredi,Shotgun,50.0,56.51,1,1
2026-08-01,2026-08-01 13:44:33,vendredi,regular,['vendredi'],Pass Vendredi,Shotgun,55.0,55.5,1,1
2026-08-01,2026-08-01 13:44:33,vendredi,regular,['vendredi'],Pass Vendredi,Shotgun,55.0,55.5,1,1
2026-08-01,2026-08-01 13:46:06,samedi,regular,['samedi'],Pass Samedi,Shotgun,54.09,61.14,1,1
2026-08-01,2026-08-01 14:08:31,2-jours,regular,,Pass 2 Jours,Shotgun,95.0,107.37,1,1
2026-08-01,2026-08-01 14:14:07,vendredi,early_entry,['vendredi'],Pass Vendredi,Shotgun,50.0,56.51,1,1
2026-08-01,2026-08-01 14:15:49,vendredi,regular,['vendredi'],Pass Vendredi,Shotgun,54.09,61.14,1,1
2026-08-01,2026-08-01 14:18:59,2-jours,regular,,Pass 2 Jours,Shotgun,95.0,107.37,1,1
2026-08-01,2026-08-01 14:22:14,vendredi,regular,['vendredi'],Pass Vendredi,Shotgun,54.09,61.14,1,1
2026-08-01,2026-08-01 14:22:14,vendredi,regular,['vendredi'],Pass Vendredi,Shotgun,54.09,61.14,1,1
2026-08-01,2026-08-01 14:29:47,2-jours,regular,,Pass 2 Jours,Shotgun,95.0,107.37,1,1
2026-08-01,2026-08-01 14:41:57,2-jours,regular,,Pass 2 Jours,Shotgun,95.0,107.37,1,1
2026-08-01,2026-08-01 14:42:13,vendredi,regular,['vendredi'],Pass Vendredi,Shotgun,54.09,61.14,1,1
2026-08-01,2026-08-01 14:44:10,2-jours,regular,,Pass 2 Jours,Shotgun,95.0,107.37,1,1
2026-08-01,2026-08-01 14:49:05,2-jours,regular,,Pass 2 Jours,Shotgun,95.0,107.37,1,1
2026-08-01,2026-08-01 14:49:05,2-jours,regular,,Pass 2 Jours,Shotgun,95.0,107.37,1,1
2026-08-01,2026-08-01 15:06:40,vendredi,regular,['vendredi'],Pass Vendredi,Shotgun,54.09,61.14,1,1
2026-08-01,2026-08-01 15:42:43,vendredi,regular,['vendredi'],Pass Vendredi,Shotgun,54.09,61.14,1,1
2026-08-01,2026-08-01 15:56:29,2-jours,regular,,Pass 2 Jours,Shotgun,95.0,107.37,1,1
2026-08-01,2026-08-01 15:58:48,samedi,regular,['samedi'],Pass Samedi,Shotgun,54.09,61.14,1,1
2026-08-01,2026-08-01 16:05:07,vendredi,early_entry,['vendredi'],Pass Vendredi,Shotgun,50.0,56.51,1,1
2026-08-01,2026-08-01 16:08:31,vendredi,regular,['vendredi'],Pass Vendredi,Shotgun,54.09,61.14,1,1
2026-08-01,2026-08-01 16:12:09,vendredi,regular,['vendredi'],Pass Vendredi,Shotgun,54.09,61.14,1,1
2026-08-01,2026-08-01 16:12:37,samedi,regular,['samedi'],Pass Samedi,Shotgun,54.09,61.14,1,1
2026-08-01,2026-08-01 16:12:37,samedi,regular,['samedi'],Pass Samedi,Shotgun,54.09,61.14,1,1
2026-08-01,2026-08-01 16:38:02,vendredi,regular,['vendredi'],Pass Vendredi,Shotgun,54.09,61.14,1,1
2026-08-01,2026-08-01 16:41:09,2-jours,regular,,Pass 2 Jours,Shotgun,95.0,107.37,1,1
2026-08-01,2026-08-01 16:41:09,2-jours,regular,,Pass 2 Jours,Shotgun,95.0,107.37,1,1
2026-08-01,2026-08-01 16:46:54,2-jours,regular,,Pass 2 Jours,Shotgun,95.0,107.37,1,1
2026-08-01,2026-08-01 16:48:44,2-jours,regular,,Pass 2 Jours,Shotgun,95.0,107.37,1,1
2026-08-01,2026-08-01 16:52:23,vendredi,regular,['vendredi'],Pass Vendredi,Shotgun,54.09,61.14,1,1
2026-08-01,2026-08-01 16:56:30,samedi,regular,['samedi'],Pass Samedi,Shotgun,54.09,61.14,1,1
2026-08-01,2026-08-01 17:03:59,2-jours,regular,,Pass 2 Jours,Shotgun,95.0,107.37,1,1
2026-08-01,2026-08-01 17:19:31,2-jours,regular,,Pass 2 Jours,Shotgun,95.0,107.37,1,1
2026-08-01,2026-08-01 17:22:07,2-jours,regular,,Pass 2 Jours,Shotgun,95.0,107.37,1,1
2026-08-01,2026-08-01 17:29:44,2-jours,regular,,Pass 2 Jours,Shotgun,95.0,107.37,1,1
2026-08-01,2026-08-01 17:36:48,2-jours,regular,,Pass 2 Jours,Shotgun,95.0,107.37,1,1
2026-08-01,2026-08-01 17:46:00,samedi,regular,['samedi'],Pass Samedi,Shotgun,54.09,61.14,1,1
2026-08-01,2026-08-01 17:57:15,2-jours,regular,,Pass 2 Jours,Shotgun,95.0,107.37,1,1
2026-08-01,2026-08-01 18:15:36,2-jours,regular,,Pass 2 Jours,Shotgun,95.0,107.37,1,1
2026-08-01,2026-08-01 18:24:25,vendredi,regular,['vendredi'],Pass Vendredi,Shotgun,54.09,61.14,1,1
2026-08-01,2026-08-01 18:32:15,2-jours,regular,,Pass 2 Jours,Shotgun,95.0,107.37,1,1
2026-08-01,2026-08-01 18:33:20,2-jours,regular,,Pass 2 Jours,Shotgun,95.0,107.37,1,1
2026-08-01,2026-08-01 18:34:51,2-jours,regular,,Pass 2 Jours,Shotgun,95.0,107.37,1,1
2026-08-01,2026-08-01 18:36:32,2-jours,regular,,Pass 2 Jours,Shotgun,95.0,107.37,1,1
2026-08-01,2026-08-01 18:56:00,samedi,regular,['samedi'],Pass Samedi,Shotgun,54.09,61.14,1,1
2026-08-01,2026-08-01 19:00:18,samedi,regular,['samedi'],Pass Samedi,Shotgun,54.09,61.14,1,1
2026-08-01,2026-08-01 19:03:08,2-jours,regular,,Pass 2 Jours,Shotgun,95.0,107.37,1,1
2026-08-01,2026-08-01 19:03:08,2-jours,regular,,Pass 2 Jours,Shotgun,95.0,107.37,1,1
2026-08-01,2026-08-01 19:08:33,vendredi,regular,['vendredi'],Pass Vendredi,Shotgun,54.09,61.14,1,1
2026-08-01,2026-08-01 19:11:27,samedi,regular,['samedi'],Pass Samedi,Shotgun,54.09,61.14,1,1
2026-08-01,2026-08-01 19:11:27,samedi,regular,['samedi'],Pass Samedi,Shotgun,54.09,61.14,1,1
2026-08-01,2026-08-01 19:14:07,2-jours,regular,,Pass 2 Jours,Shotgun,95.0,107.37,1,1
2026-08-01,2026-08-01 19:20:34,samedi,regular,['samedi'],Pass Samedi,Shotgun,54.09,61.14,1,1
2026-08-01,2026-08-01 19:20:34,samedi,regular,['samedi'],Pass Samedi,Shotgun,54.09,61.14,1,1
2026-08-01,2026-08-01 19:21:29,2-jours,regular,,Pass 2 Jours,Shotgun,95.0,107.37,1,1
2026-08-01,2026-08-01 19:25:10,vendredi,regular,['vendredi'],Pass Vendredi,Shotgun,54.09,61.14,1,1
2026-08-01,2026-08-01 19:28:53,2-jours,regular,,Pass 2 Jours,Shotgun,95.0,107.37,1,1
2026-08-01,2026-08-01 19:28:56,2-jours,regular,,Pass 2 Jours,Shotgun,95.0,107.37,1,1
2026-08-01,2026-08-01 19:30:48,2-jours,regular,,Pass 2 Jours,Shotgun,95.0,107.37,1,1
2026-08-01,2026-08-01 19:49:32,2-jours,regular,,Pass 2 Jours,Shotgun,95.0,107.37,1,1
2026-08-01,2026-08-01 19:51:42,2-jours,regular,,Pass 2 Jours,Shotgun,95.0,107.37,1,1
2026-08-01,2026-08-01 19:58:14,2-jours,regular,,Pass 2 Jours,Shotgun,95.0,107.37,1,1
2026-08-01,2026-08-01 20:04:09,2-jours,regular,,Pass 2 Jours,Shotgun,95.0,107.37,1,1
2026-08-01,2026-08-01 20:05:48,samedi,regular,['samedi'],Pass Samedi,Shotgun,54.09,61.14,1,1
2026-08-01,2026-08-01 20:05:48,samedi,regular,['samedi'],Pass Samedi,Shotgun,54.09,61.14,1,1
2026-08-01,2026-08-01 20:05:57,2-jours,regular,,Pass 2 Jours,Shotgun,95.0,107.37,1,1
2026-08-01,2026-08-01 20:07:50,2-jours,regular,,Pass 2 Jours,Shotgun,95.0,107.37,1,1
2026-08-01,2026-08-01 20:08:47,samedi,regular,['samedi'],Pass Samedi,Shotgun,54.09,61.14,1,1
2026-08-01,2026-08-01 20:19:14,2-jours,regular,,Pass 2 Jours,Shotgun,95.0,107.37,1,1
2026-08-01,2026-08-01 20:20:37,2-jours,regular,,Pass 2 Jours,Shotgun,95.0,107.37,1,1
2026-08-01,2026-08-01 20:27:17,2-jours,regular,,Pass 2 Jours,Shotgun,95.0,107.37,1,1
2026-08-01,2026-08-01 20:27:36,2-jours,regular,,Pass 2 Jours,Shotgun,95.0,107.37,1,1
2026-08-01,2026-08-01 20:27:47,2-jours,regular,,Pass 2 Jours,Shotgun,95.0,107.37,1,1
2026-08-01,2026-08-01 20:28:26,vendredi,regular,['vendredi'],Pass Vendredi,Shotgun,54.09,61.14,1,1
2026-08-01,2026-08-01 20:32:27,vendredi,regular,['vendredi'],Pass Vendredi,Shotgun,54.09,61.14,1,1
2026-08-01,2026-08-01 20:33:54,samedi,regular,['samedi'],Pass Samedi,Shotgun,54.09,61.14,1,1
2026-08-01,2026-08-01 20:48:18,vendredi,regular,['vendredi'],Pass Vendredi,Shotgun,54.09,61.14,1,1
2026-08-01,2026-08-01 20:56:09,vendredi,regular,['vendredi'],Pass Vendredi,Shotgun,54.09,61.14,1,1
2026-08-01,2026-08-01 20:56:09,vendredi,regular,['vendredi'],Pass Vendredi,Shotgun,54.09,61.14,1,1
2026-08-01,2026-08-01 21:22:39,2-jours,regular,,Pass 2 Jours,Shotgun,95.0,107.37,1,1
2026-08-01,2026-08-01 22:00:26,2-jours,regular,,Pass 2 Jours,Shotgun,95.0,107.37,1,1
2026-08-01,2026-08-01 22:02:02,2-jours,regular,,Pass 2 Jours,Shotgun,95.0,107.37,1,1
2026-08-01,2026-08-01 22:08:32,samedi,regular,['samedi'],Pass Samedi,Shotgun,54.09,61.14,1,1
2026-08-01,2026-08-01 22:09:56,vendredi,regular,['vendredi'],Pass Vendredi,Shotgun,54.09,61.14,1,1
2026-08-01,2026-08-01 22:09:56,vendredi,regular,['vendredi'],Pass Vendredi,Shotgun,54.09,61.14,1,1
2026-08-01,2026-08-01 22:09:56,vendredi,regular,['vendredi'],Pass Vendredi,Shotgun,54.09,61.14,1,1
2026-08-01,2026-08-01 22:33:29,vendredi,regular,['vendredi'],Pass Vendredi,Shotgun,54.09,61.14,1,1
2026-08-01,2026-08-01 22:33:29,vendredi,regular,['vendredi'],Pass Vendredi,Shotgun,54.09,61.14,1,1
2026-08-01,2026-08-01 22:33:29,vendredi,regular,['vendredi'],Pass Vendredi,Shotgun,54.09,61.14,1,1
2026-08-01,2026-08-01 22:41:15,2-jours,regular,,Pass 2 Jours,Shotgun,95.0,107.37,1,1
2026-08-01,2026-08-01 22:45:46,2-jours,regular,,Pass 2 Jours,Shotgun,95.0,107.37,1,1
2026-08-01,2026-08-01 22:45:46,2-jours,regular,,Pass 2 Jours,Shotgun,95.0,107.37,1,1
2026-08-01,2026-08-01 23:01:21,vendredi,regular,['vendredi'],Pass Vendredi,Shotgun,54.09,61.14,1,1
2026-08-01,2026-08-01 23:03:02,2-jours,regular,,Pass 2 Jours,Shotgun,95.0,107.37,1,1
2026-08-01,2026-08-01 23:09:37,2-jours,regular,,Pass 2 Jours,Shotgun,95.0,107.37,1,1
2026-08-01,2026-08-01 23:12:18,2-jours,regular,,Pass 2 Jours,Shotgun,95.0,107.37,1,1
2026-08-01,2026-08-01 23:14:56,2-jours,regular,,Pass 2 Jours,Shotgun,95.0,107.37,1,1
2026-08-01,2026-08-01 23:14:56,2-jours,regular,,Pass 2 Jours,Shotgun,95.0,107.37,1,1
2026-08-01,2026-08-01 23:29:52,2-jours,regular,,Pass 2 Jours,Shotgun,95.0,107.37,1,1
2026-08-01,2026-08-01 23:43:54,2-jours,regular,,Pass 2 Jours,Shotgun,95.0,107.37,1,1
2026-08-02,2026-08-02 01:32:36,2-jours,regular,,Pass 2 Jours,Shotgun,95.0,107.37,1,1
2026-08-02,2026-08-02 02:17:40,vendredi,regular,['vendredi'],Pass Vendredi,Shotgun,54.09,61.14,1,1
2026-08-02,2026-08-02 02:38:20,2-jours,regular,,Pass 2 Jours,Shotgun,95.0,107.37,1,1
2026-08-02,2026-08-02 03:18:41,samedi,regular,['samedi'],Pass Samedi,Shotgun,54.09,61.14,1,1
2026-08-02,2026-08-02 05:24:09,samedi,regular,['samedi'],Pass Samedi,Shotgun,54.09,61.14,1,1
2026-08-02,2026-08-02 05:24:09,samedi,regular,['samedi'],Pass Samedi,Shotgun,54.09,61.14,1,1
2026-08-02,2026-08-02 05:54:24,2-jours,regular,,Pass 2 Jours,Shotgun,95.0,107.37,1,1
2026-08-02,2026-08-02 06:15:43,samedi,regular,['samedi'],Pass Samedi,Shotgun,54.09,61.14,1,1
2026-08-02,2026-08-02 06:15:43,samedi,regular,['samedi'],Pass Samedi,Shotgun,54.09,61.14,1,1
2026-08-02,2026-08-02 06:56:44,2-jours,regular,,Pass 2 Jours,Shotgun,95.0,107.37,1,1
2026-08-02,2026-08-02 07:23:49,2-jours,regular,,Pass 2 Jours,Shotgun,95.0,107.37,1,1
2026-08-02,2026-08-02 08:20:55,vendredi,regular,['vendredi'],Pass Vendredi,Shotgun,54.09,61.14,1,1
2026-08-02,2026-08-02 08:20:55,vendredi,regular,['vendredi'],Pass Vendredi,Shotgun,54.09,61.14,1,1
2026-08-02,2026-08-02 08:29:51,2-jours,regular,,Pass 2 Jours,Shotgun,95.0,107.37,1,1
2026-08-02,2026-08-02 08:29:51,2-jours,regular,,Pass 2 Jours,Shotgun,95.0,107.37,1,1
2026-08-02,2026-08-02 09:25:53,samedi,early_entry,['samedi'],Pass Samedi,Shotgun,50.0,56.51,1,1
2026-08-02,2026-08-02 09:25:53,samedi,early_entry,['samedi'],Pass Samedi,Shotgun,50.0,56.51,1,1
2026-08-02,2026-08-02 09:26:17,samedi,regular,['samedi'],Pass Samedi,Shotgun,54.09,61.14,1,1
2026-08-02,2026-08-02 09:30:48,2-jours,regular,,Pass 2 Jours,Shotgun,95.0,107.37,1,1
2026-08-02,2026-08-02 09:34:59,2-jours,regular,,Pass 2 Jours,Shotgun,95.0,107.37,1,1
2026-08-02,2026-08-02 09:45:38,samedi,regular,['samedi'],Pass Samedi,Shotgun,54.09,61.14,1,1
2026-08-02,2026-08-02 09:57:04,samedi,regular,['samedi'],Pass Samedi,Shotgun,54.09,61.14,1,1
2026-08-02,2026-08-02 09:57:04,samedi,regular,['samedi'],Pass Samedi,Shotgun,54.09,61.14,1,1
2026-08-02,2026-08-02 10:03:48,2-jours,regular,,Pass 2 Jours,Shotgun,95.0,107.37,1,1
2026-08-02,2026-08-02 10:03:48,2-jours,regular,,Pass 2 Jours,Shotgun,95.0,107.37,1,1
2026-08-02,2026-08-02 10:11:53,samedi,regular,['samedi'],Pass Samedi,Shotgun,54.09,61.14,1,1
2026-08-02,2026-08-02 10:17:15,vendredi,regular,['vendredi'],Pass Vendredi,Shotgun,54.09,61.14,1,1
2026-08-02,2026-08-02 10:28:19,vendredi,regular,['vendredi'],Pass Vendredi,Shotgun,54.09,61.14,1,1
2026-08-02,2026-08-02 10:32:31,samedi,regular,['samedi'],Pass Samedi,Shotgun,54.09,61.14,1,1
2026-08-02,2026-08-02 10:32:31,samedi,regular,['samedi'],Pass Samedi,Shotgun,54.09,61.14,1,1
2026-08-02,2026-08-02 10:46:16,samedi,early_entry,['samedi'],Pass Samedi,Shotgun,50.0,56.51,1,1
2026-08-02,2026-08-02 10:46:16,samedi,early_entry,['samedi'],Pass Samedi,Shotgun,50.0,56.51,1,1
2026-08-02,2026-08-02 10:47:38,2-jours,regular,,Pass 2 Jours,Shotgun,95.0,107.37,1,1
2026-08-02,2026-08-02 10:52:20,vendredi,regular,['vendredi'],Pass Vendredi,Shotgun,54.09,61.14,1,1
2026-08-02,2026-08-02 11:06:06,vendredi,regular,['vendredi'],Pass Vendredi,Shotgun,54.09,61.14,1,1
2026-08-02,2026-08-02 11:36:23,2-jours,regular,,Pass 2 Jours,Shotgun,95.0,107.37,1,1
2026-08-02,2026-08-02 12:05:11,samedi,early_entry,['samedi'],Pass Samedi,Shotgun,50.0,56.51,1,1
2026-08-02,2026-08-02 12:21:28,2-jours,regular,,Pass 2 Jours,Shotgun,95.0,107.37,1,1
2026-08-02,2026-08-02 12:21:43,samedi,regular,['samedi'],Pass Samedi,Shotgun,54.09,61.14,1,1
2026-08-02,2026-08-02 12:45:37,samedi,regular,['samedi'],Pass Samedi,Shotgun,54.09,61.14,1,1
2026-08-02,2026-08-02 12:55:03,2-jours,regular,,Pass 2 Jours,Shotgun,95.0,107.37,1,1
2026-08-02,2026-08-02 12:56:06,2-jours,regular,,Pass 2 Jours,Shotgun,95.0,107.37,1,1
2026-08-02,2026-08-02 13:15:33,2-jours,regular,,Pass 2 Jours,Shotgun,95.0,107.37,1,1
2026-08-02,2026-08-02 13:15:33,2-jours,regular,,Pass 2 Jours,Shotgun,95.0,107.37,1,1
2026-08-02,2026-08-02 14:04:04,vendredi,regular,['vendredi'],Pass Vendredi,Shotgun,54.09,61.14,1,1
2026-08-02,2026-08-02 14:04:06,samedi,regular,['samedi'],Pass Samedi,Shotgun,54.09,61.14,1,1
2026-08-02,2026-08-02 14:34:10,samedi,early_entry,['samedi'],Pass Samedi,Shotgun,50.0,56.51,1,1
2026-08-02,2026-08-02 14:42:39,vendredi,regular,['vendredi'],Pass Vendredi,Shotgun,54.09,61.14,1,1
2026-08-02,2026-08-02 14:50:45,2-jours,regular,,Pass 2 Jours,Shotgun,95.0,95.5,1,1
2026-08-02,2026-08-02 14:52:05,2-jours,regular,,Pass 2 Jours,Shotgun,95.0,107.37,1,1
2026-08-02,2026-08-02 14:52:20,2-jours,regular,,Pass 2 Jours,Shotgun,95.0,95.5,1,1
2026-08-02,2026-08-02 14:54:24,2-jours,regular,,Pass 2 Jours,Shotgun,95.0,107.37,1,1
2026-08-02,2026-08-02 14:58:09,2-jours,regular,,Pass 2 Jours,Shotgun,95.0,107.37,1,1
2026-08-02,2026-08-02 15:11:21,2-jours,regular,,Pass 2 Jours,Shotgun,95.0,107.37,1,1
2026-08-02,2026-08-02 15:14:49,samedi,regular,['samedi'],Pass Samedi,Shotgun,54.09,61.14,1,1
2026-08-02,2026-08-02 15:20:43,2-jours,regular,,Pass 2 Jours,Shotgun,95.0,107.37,1,1
2026-08-02,2026-08-02 15:23:57,vendredi,regular,['vendredi'],Pass Vendredi,Shotgun,54.09,61.14,1,1
2026-08-02,2026-08-02 15:23:57,vendredi,regular,['vendredi'],Pass Vendredi,Shotgun,54.09,61.14,1,1
2026-08-02,2026-08-02 15:26:05,samedi,early_entry,['samedi'],Pass Samedi,Shotgun,50.0,56.51,1,1
2026-08-02,2026-08-02 15:26:21,vendredi,regular,['vendredi'],Pass Vendredi,Shotgun,54.09,61.14,1,1
2026-08-02,2026-08-02 15:38:43,2-jours,regular,,Pass 2 Jours,Shotgun,95.0,107.37,1,1
2026-08-02,2026-08-02 15:48:19,samedi,regular,['samedi'],Pass Samedi,Shotgun,54.09,61.14,1,1
2026-08-02,2026-08-02 15:48:19,samedi,regular,['samedi'],Pass Samedi,Shotgun,54.09,61.14,1,1
2026-08-02,2026-08-02 15:48:19,samedi,regular,['samedi'],Pass Samedi,Shotgun,54.09,61.14,1,1
2026-08-02,2026-08-02 15:48:19,samedi,regular,['samedi'],Pass Samedi,Shotgun,54.09,61.14,1,1
2026-08-02,2026-08-02 15:49:02,2-jours,regular,,Pass 2 Jours,Shotgun,95.0,107.37,1,1
2026-08-02,2026-08-02 16:20:08,samedi,regular,['samedi'],Pass Samedi,Shotgun,54.09,61.14,1,1
2026-08-02,2026-08-02 16:20:08,samedi,regular,['samedi'],Pass Samedi,Shotgun,54.09,61.14,1,1
2026-08-02,2026-08-02 16:20:08,samedi,regular,['samedi'],Pass Samedi,Shotgun,54.09,61.14,1,1
2026-08-02,2026-08-02 16:24:48,samedi,regular,['samedi'],Pass Samedi,Shotgun,54.09,61.14,1,1
2026-08-02,2026-08-02 16:24:48,samedi,regular,['samedi'],Pass Samedi,Shotgun,54.09,61.14,1,1
2026-08-02,2026-08-02 16:32:14,2-jours,regular,,Pass 2 Jours,Shotgun,95.0,107.37,1,1
2026-08-02,2026-08-02 16:39:12,2-jours,regular,,Pass 2 Jours,Shotgun,95.0,107.37,1,1
2026-08-02,2026-08-02 16:46:15,vendredi,regular,['vendredi'],Pass Vendredi,Shotgun,54.09,61.14,1,1
2026-08-02,2026-08-02 16:46:15,vendredi,regular,['vendredi'],Pass Vendredi,Shotgun,54.09,61.14,1,1
2026-08-02,2026-08-02 16:58:22,vendredi,regular,['vendredi'],Pass Vendredi,Shotgun,54.09,61.14,1,1
2026-08-02,2026-08-02 16:59:49,vendredi,regular,['vendredi'],Pass Vendredi,Shotgun,54.09,61.14,1,1
2026-08-02,2026-08-02 17:27:28,2-jours,regular,,Pass 2 Jours,Shotgun,95.0,107.37,1,1
2026-08-02,2026-08-02 17:30:44,vendredi,regular,['vendredi'],Pass Vendredi,Shotgun,54.09,61.14,1,1
2026-08-02,2026-08-02 17:30:44,vendredi,regular,['vendredi'],Pass Vendredi,Shotgun,54.09,61.14,1,1
2026-08-02,2026-08-02 17:30:44,vendredi,regular,['vendredi'],Pass Vendredi,Shotgun,54.09,61.14,1,1
2026-08-02,2026-08-02 17:35:12,samedi,early_entry,['samedi'],Pass Samedi,Shotgun,50.0,56.51,1,1
2026-08-02,2026-08-02 17:35:12,samedi,early_entry,['samedi'],Pass Samedi,Shotgun,50.0,56.51,1,1
2026-08-02,2026-08-02 17:37:37,2-jours,regular,,Pass 2 Jours,Shotgun,95.0,107.37,1,1
2026-08-02,2026-08-02 17:39:41,vendredi,regular,['vendredi'],Pass Vendredi,Shotgun,54.09,61.14,1,1
2026-08-02,2026-08-02 17:41:37,vendredi,regular,['vendredi'],Pass Vendredi,Shotgun,54.09,61.14,1,1
2026-08-02,2026-08-02 17:51:05,2-jours,regular,,Pass 2 Jours,Shotgun,95.0,107.37,1,1
2026-08-02,2026-08-02 17:51:05,2-jours,regular,,Pass 2 Jours,Shotgun,95.0,107.37,1,1
2026-08-02,2026-08-02 17:55:24,samedi,regular,['samedi'],Pass Samedi,Shotgun,54.09,61.14,1,1
2026-08-02,2026-08-02 17:55:24,samedi,regular,['samedi'],Pass Samedi,Shotgun,54.09,61.14,1,1
2026-08-02,2026-08-02 17:55:24,samedi,regular,['samedi'],Pass Samedi,Shotgun,54.09,61.14,1,1
2026-08-02,2026-08-02 17:55:24,samedi,regular,['samedi'],Pass Samedi,Shotgun,54.09,61.14,1,1
2026-08-02,2026-08-02 17:55:44,2-jours,regular,,Pass 2 Jours,Shotgun,95.0,107.37,1,1
2026-08-02,2026-08-02 18:00:14,vendredi,early_entry,['vendredi'],Pass Vendredi,Shotgun,50.0,56.51,1,1
2026-08-02,2026-08-02 18:03:59,samedi,regular,['samedi'],Pass Samedi,Shotgun,54.09,61.14,1,1
2026-08-02,2026-08-02 18:05:20,samedi,early_entry,['samedi'],Pass Samedi,Shotgun,50.0,56.51,1,1
2026-08-02,2026-08-02 18:06:49,2-jours,regular,,Pass 2 Jours,Shotgun,95.0,107.37,1,1
2026-08-02,2026-08-02 18:34:12,vendredi,regular,['vendredi'],Pass Vendredi,Shotgun,54.09,61.14,1,1
2026-08-02,2026-08-02 18:35:53,2-jours,regular,,Pass 2 Jours,Shotgun,95.0,107.37,1,1
2026-08-02,2026-08-02 18:53:04,2-jours,regular,,Pass 2 Jours,Shotgun,95.0,107.37,1,1
2026-08-02,2026-08-02 18:54:04,vendredi,regular,['vendredi'],Pass Vendredi,Shotgun,54.09,61.14,1,1
2026-08-02,2026-08-02 18:54:04,vendredi,regular,['vendredi'],Pass Vendredi,Shotgun,54.09,61.14,1,1
2026-08-02,2026-08-02 18:54:04,vendredi,regular,['vendredi'],Pass Vendredi,Shotgun,54.09,61.14,1,1
2026-08-02,2026-08-02 19:03:29,2-jours,regular,,Pass 2 Jours,Shotgun,95.0,107.37,1,1
2026-08-02,2026-08-02 19:08:54,2-jours,regular,,Pass 2 Jours,Shotgun,95.0,107.37,1,1
2026-08-02,2026-08-02 19:13:11,2-jours,regular,,Pass 2 Jours,Shotgun,95.0,107.37,1,1
2026-08-02,2026-08-02 19:16:32,vendredi,regular,['vendredi'],Pass Vendredi,Shotgun,54.09,61.14,1,1
2026-08-02,2026-08-02 19:16:32,vendredi,regular,['vendredi'],Pass Vendredi,Shotgun,54.09,61.14,1,1
2026-08-02,2026-08-02 19:20:05,2-jours,regular,,Pass 2 Jours,Shotgun,95.0,107.37,1,1
2026-08-02,2026-08-02 19:27:11,samedi,early_entry,['samedi'],Pass Samedi,Shotgun,50.0,56.51,1,1
2026-08-02,2026-08-02 19:27:11,samedi,early_entry,['samedi'],Pass Samedi,Shotgun,50.0,56.51,1,1
2026-08-02,2026-08-02 19:39:50,2-jours,regular,,Pass 2 Jours,Shotgun,95.0,107.37,1,1
2026-08-02,2026-08-02 20:03:12,vendredi,regular,['vendredi'],Pass Vendredi,Shotgun,54.09,61.14,1,1
2026-08-02,2026-08-02 20:04:17,vendredi,regular,['vendredi'],Pass Vendredi,Shotgun,54.09,61.14,1,1
2026-08-02,2026-08-02 20:22:44,2-jours,regular,,Pass 2 Jours,Shotgun,95.0,107.37,1,1
2026-08-02,2026-08-02 20:44:16,vendredi,regular,['vendredi'],Pass Vendredi,Shotgun,54.09,61.14,1,1
2026-08-02,2026-08-02 20:44:16,vendredi,regular,['vendredi'],Pass Vendredi,Shotgun,54.09,61.14,1,1
2026-08-02,2026-08-02 21:05:52,samedi,regular,['samedi'],Pass Samedi,Shotgun,54.09,61.14,1,1
2026-08-02,2026-08-02 21:18:49,2-jours,regular,,Pass 2 Jours,Shotgun,95.0,107.37,1,1
2026-08-02,2026-08-02 21:21:50,vendredi,regular,['vendredi'],Pass Vendredi,Shotgun,54.09,61.14,1,1
2026-08-02,2026-08-02 21:21:50,2-jours,regular,,Pass 2 Jours,Shotgun,95.0,107.37,1,1
2026-08-02,2026-08-02 21:46:54,2-jours,regular,,Pass 2 Jours,Shotgun,95.0,107.37,1,1
2026-08-02,2026-08-02 21:56:21,2-jours,regular,,Pass 2 Jours,Shotgun,95.0,107.37,1,1
2026-08-02,2026-08-02 22:02:44,2-jours,regular,,Pass 2 Jours,Shotgun,95.0,107.37,1,1
2026-08-02,2026-08-02 22:26:45,vendredi,regular,['vendredi'],Pass Vendredi,Shotgun,54.09,61.14,1,1
2026-08-02,2026-08-02 22:30:51,vendredi,regular,['vendredi'],Pass Vendredi,Shotgun,54.09,61.14,1,1
2026-08-02,2026-08-02 23:15:53,vendredi,regular,['vendredi'],Pass Vendredi,Shotgun,54.09,61.14,1,1
2026-08-03,2026-08-03 05:08:45,2-jours,regular,,Pass 2 Jours,Shotgun,95.0,107.37,1,1
2026-08-03,2026-08-03 06:03:18,2-jours,regular,,Pass 2 Jours,Shotgun,95.0,107.37,1,1
2026-08-03,2026-08-03 06:37:37,2-jours,regular,,Pass 2 Jours,Shotgun,95.0,107.37,1,1
2026-08-03,2026-08-03 07:12:12,2-jours,regular,,Pass 2 Jours,Shotgun,95.0,107.37,1,1
2026-08-03,2026-08-03 07:23:35,vendredi,regular,['vendredi'],Pass Vendredi,Shotgun,54.09,61.14,1,1
2026-08-03,2026-08-03 07:23:35,vendredi,regular,['vendredi'],Pass Vendredi,Shotgun,54.09,61.14,1,1
2026-08-03,2026-08-03 07:23:35,vendredi,regular,['vendredi'],Pass Vendredi,Shotgun,54.09,61.14,1,1
2026-08-03,2026-08-03 07:25:52,vendredi,regular,['vendredi'],Pass Vendredi,Shotgun,54.09,61.14,1,1
2026-08-03,2026-08-03 08:03:30,vendredi,regular,['vendredi'],Pass Vendredi,Shotgun,54.09,61.14,1,1
2026-08-03,2026-08-03 08:09:27,2-jours,regular,,Pass 2 Jours,Shotgun,95.0,107.37,1,1
2026-08-03,2026-08-03 08:18:08,2-jours,regular,,Pass 2 Jours,Shotgun,95.0,107.37,1,1
2026-08-03,2026-08-03 08:18:58,vendredi,regular,['vendredi'],Pass Vendredi,Shotgun,54.09,61.14,1,1
2026-08-03,2026-08-03 08:33:17,samedi,early_entry,['samedi'],Pass Samedi,Shotgun,50.0,56.51,1,1
2026-08-03,2026-08-03 08:34:04,samedi,early_entry,['samedi'],Pass Samedi,Shotgun,50.0,56.51,1,1
2026-08-03,2026-08-03 08:46:40,2-jours,regular,,Pass 2 Jours,Shotgun,95.0,107.37,1,1
2026-08-03,2026-08-03 08:57:50,2-jours,regular,,Pass 2 Jours,Shotgun,95.0,107.37,1,1
2026-08-03,2026-08-03 09:06:25,vendredi,regular,['vendredi'],Pass Vendredi,Shotgun,54.09,61.14,1,1
2026-08-03,2026-08-03 09:06:25,vendredi,regular,['vendredi'],Pass Vendredi,Shotgun,54.09,61.14,1,1
2026-08-03,2026-08-03 09:09:47,2-jours,regular,,Pass 2 Jours,Shotgun,95.0,107.37,1,1
2026-08-03,2026-08-03 09:09:47,2-jours,regular,,Pass 2 Jours,Shotgun,95.0,107.37,1,1
2026-08-03,2026-08-03 09:09:47,2-jours,regular,,Pass 2 Jours,Shotgun,95.0,107.37,1,1
2026-08-03,2026-08-03 09:11:05,2-jours,regular,,Pass 2 Jours,Shotgun,95.0,107.37,1,1
2026-08-03,2026-08-03 09:11:54,samedi,regular,['samedi'],Pass Samedi,Shotgun,54.09,61.14,1,1
2026-08-03,2026-08-03 09:30:44,vendredi,regular,['vendredi'],Pass Vendredi,Shotgun,54.09,61.14,1,1
2026-08-03,2026-08-03 09:55:25,2-jours,regular,,Pass 2 Jours,Shotgun,95.0,107.37,1,1
2026-08-03,2026-08-03 10:02:15,vendredi,regular,['vendredi'],Pass Vendredi,Shotgun,54.09,61.14,1,1
2026-08-03,2026-08-03 10:04:38,samedi,regular,['samedi'],Pass Samedi,Shotgun,54.09,61.14,1,1
2026-08-03,2026-08-03 10:21:47,vendredi,regular,['vendredi'],Pass Vendredi,Shotgun,54.09,61.14,1,1
2026-08-03,2026-08-03 10:46:11,2-jours,regular,,Pass 2 Jours,Shotgun,95.0,107.37,1,1
2026-08-03,2026-08-03 11:02:36,2-jours,regular,,Pass 2 Jours,Shotgun,95.0,107.37,1,1
2026-08-03,2026-08-03 11:04:59,2-jours,regular,,Pass 2 Jours,Shotgun,95.0,107.37,1,1
2026-08-03,2026-08-03 11:37:18,2-jours,regular,,Pass 2 Jours,Shotgun,95.0,107.37,1,1
2026-08-03,2026-08-03 11:41:25,2-jours,regular,,Pass 2 Jours,Shotgun,95.0,107.37,1,1
2026-08-03,2026-08-03 11:57:56,vendredi,regular,['vendredi'],Pass Vendredi,Shotgun,54.09,61.14,1,1
2026-08-03,2026-08-03 12:00:02,samedi,regular,['samedi'],Pass Samedi,Shotgun,54.09,61.14,1,1
2026-08-03,2026-08-03 12:00:02,samedi,regular,['samedi'],Pass Samedi,Shotgun,54.09,61.14,1,1
2026-08-03,2026-08-03 12:04:19,samedi,regular,['samedi'],Pass Samedi,Shotgun,54.09,61.14,1,1
2026-08-03,2026-08-03 12:04:39,2-jours,regular,,Pass 2 Jours,Shotgun,95.0,107.37,1,1
2026-08-03,2026-08-03 12:55:48,samedi,regular,['samedi'],Pass Samedi,Shotgun,54.09,61.14,1,1
2026-08-03,2026-08-03 13:05:25,samedi,regular,['samedi'],Pass Samedi,Shotgun,54.09,61.14,1,1
2026-08-03,2026-08-03 13:17:43,2-jours,regular,,Pass 2 Jours,Shotgun,95.0,107.37,1,1
2026-08-03,2026-08-03 13:59:07,vendredi,regular,['vendredi'],Pass Vendredi,Shotgun,54.09,61.14,1,1
2026-08-03,2026-08-03 14:27:11,2-jours,regular,,Pass 2 Jours,Shotgun,95.0,107.37,1,1
2026-08-03,2026-08-03 14:29:42,2-jours,regular,,Pass 2 Jours,Shotgun,95.0,107.37,1,1
2026-08-03,2026-08-03 14:29:42,2-jours,regular,,Pass 2 Jours,Shotgun,95.0,107.37,1,1
2026-08-03,2026-08-03 14:32:20,vendredi,early_entry,['vendredi'],Pass Vendredi,Shotgun,50.0,56.51,1,1
2026-08-03,2026-08-03 14:34:53,2-jours,regular,,Pass 2 Jours,Shotgun,95.0,107.37,1,1
2026-08-03,2026-08-03 15:16:33,2-jours,regular,,Pass 2 Jours,Shotgun,95.0,107.37,1,1
2026-08-03,2026-08-03 15:22:12,vendredi,early_entry,['vendredi'],Pass Vendredi,Shotgun,50.0,56.51,1,1
2026-08-03,2026-08-03 15:45:08,samedi,regular,['samedi'],Pass Samedi,Shotgun,54.09,61.14,1,1
2026-08-03,2026-08-03 16:23:45,vendredi,regular,['vendredi'],Pass Vendredi,Shotgun,54.09,61.14,1,1
2026-08-03,2026-08-03 16:23:45,vendredi,regular,['vendredi'],Pass Vendredi,Shotgun,54.09,61.14,1,1
2026-08-03,2026-08-03 16:24:58,vendredi,early_entry,['vendredi'],Pass Vendredi,Shotgun,50.0,56.51,1,1
2026-08-03,2026-08-03 16:24:58,vendredi,early_entry,['vendredi'],Pass Vendredi,Shotgun,50.0,56.51,1,1
2026-08-03,2026-08-03 16:44:54,vendredi,regular,['vendredi'],Pass Vendredi,Shotgun,54.09,61.14,1,1
2026-08-03,2026-08-03 16:48:57,2-jours,regular,,Pass 2 Jours,Shotgun,95.0,107.37,1,1
2026-08-03,2026-08-03 16:55:41,vendredi,early_entry,['vendredi'],Pass Vendredi,Shotgun,50.0,56.51,1,1
2026-08-03,2026-08-03 17:02:27,vendredi,regular,['vendredi'],Pass Vendredi,Shotgun,54.09,61.14,1,1
2026-08-03,2026-08-03 17:02:27,vendredi,regular,['vendredi'],Pass Vendredi,Shotgun,54.09,61.14,1,1
2026-08-03,2026-08-03 17:10:49,vendredi,regular,['vendredi'],Pass Vendredi,Shotgun,54.09,61.14,1,1
2026-08-03,2026-08-03 17:14:58,2-jours,regular,,Pass 2 Jours,Shotgun,95.0,107.37,1,1
2026-08-03,2026-08-03 17:15:46,2-jours,regular,,Pass 2 Jours,Shotgun,95.0,107.37,1,1
2026-08-03,2026-08-03 17:26:29,2-jours,regular,,Pass 2 Jours,Shotgun,95.0,107.37,1,1
2026-08-03,2026-08-03 17:39:35,2-jours,regular,,Pass 2 Jours,Shotgun,95.0,107.37,1,1
2026-08-03,2026-08-03 17:40:00,2-jours,regular,,Pass 2 Jours,Shotgun,95.0,107.37,1,1
2026-08-03,2026-08-03 17:41:51,2-jours,regular,,Pass 2 Jours,Shotgun,95.0,107.37,1,1
2026-08-03,2026-08-03 17:46:31,2-jours,vip,"['vendredi', 'samedi']",Pass Acces Scene,Shotgun,220.0,248.66,1,1
2026-08-03,2026-08-03 17:58:11,vendredi,regular,['vendredi'],Pass Vendredi,Shotgun,54.09,61.14,1,1
2026-08-03,2026-08-03 17:58:11,vendredi,regular,['vendredi'],Pass Vendredi,Shotgun,54.09,61.14,1,1
2026-08-03,2026-08-03 18:01:06,vendredi,regular,['vendredi'],Pass Vendredi,Shotgun,54.09,61.14,1,1
2026-08-03,2026-08-03 18:01:06,vendredi,regular,['vendredi'],Pass Vendredi,Shotgun,54.09,61.14,1,1
2026-08-03,2026-08-03 18:01:18,vendredi,regular,['vendredi'],Pass Vendredi,Shotgun,54.09,61.14,1,1
2026-08-03,2026-08-03 18:01:18,vendredi,regular,['vendredi'],Pass Vendredi,Shotgun,54.09,61.14,1,1
2026-08-03,2026-08-03 18:05:35,2-jours,regular,,Pass 2 Jours,Shotgun,95.0,107.37,1,1
2026-08-03,2026-08-03 18:05:51,vendredi,regular,['vendredi'],Pass Vendredi,Shotgun,54.09,61.14,1,1
2026-08-03,2026-08-03 18:05:51,vendredi,regular,['vendredi'],Pass Vendredi,Shotgun,54.09,61.14,1,1
2026-08-03,2026-08-03 18:07:29,2-jours,regular,,Pass 2 Jours,Shotgun,95.0,107.37,1,1
2026-08-03,2026-08-03 18:08:03,2-jours,regular,,Pass 2 Jours,Shotgun,95.0,107.37,1,1
2026-08-03,2026-08-03 18:09:20,2-jours,regular,,Pass 2 Jours,Shotgun,95.0,107.37,1,1
2026-08-03,2026-08-03 18:12:42,vendredi,regular,['vendredi'],Pass Vendredi,Shotgun,54.09,61.14,1,1
2026-08-03,2026-08-03 18:15:25,2-jours,regular,,Pass 2 Jours,Shotgun,95.0,107.37,1,1
2026-08-03,2026-08-03 18:15:25,2-jours,regular,,Pass 2 Jours,Shotgun,95.0,107.37,1,1
2026-08-03,2026-08-03 18:16:01,2-jours,regular,,Pass 2 Jours,Shotgun,95.0,107.37,1,1
2026-08-03,2026-08-03 18:22:19,2-jours,regular,,Pass 2 Jours,Shotgun,95.0,107.37,1,1
2026-08-03,2026-08-03 18:22:19,2-jours,regular,,Pass 2 Jours,Shotgun,95.0,107.37,1,1
2026-08-03,2026-08-03 18:24:11,vendredi,regular,['vendredi'],Pass Vendredi,Shotgun,54.09,61.14,1,1
2026-08-03,2026-08-03 18:41:38,samedi,regular,['samedi'],Pass Samedi,Shotgun,54.09,61.14,1,1
2026-08-03,2026-08-03 18:43:14,vendredi,vip,['vendredi'],Pass Acces Scene,Shotgun,120.0,135.63,1,1
2026-08-03,2026-08-03 18:45:09,2-jours,regular,,Pass 2 Jours,Shotgun,95.0,107.37,1,1
2026-08-03,2026-08-03 18:53:31,samedi,regular,['samedi'],Pass Samedi,Shotgun,54.09,61.14,1,1
2026-08-03,2026-08-03 18:53:55,samedi,regular,['samedi'],Pass Samedi,Shotgun,54.09,61.14,1,1
2026-08-03,2026-08-03 18:53:55,samedi,regular,['samedi'],Pass Samedi,Shotgun,54.09,61.14,1,1
2026-08-03,2026-08-03 18:55:04,samedi,regular,['samedi'],Pass Samedi,Shotgun,54.09,61.14,1,1
2026-08-03,2026-08-03 18:55:04,samedi,regular,['samedi'],Pass Samedi,Shotgun,54.09,61.14,1,1
2026-08-03,2026-08-03 19:16:46,2-jours,regular,,Pass 2 Jours,Shotgun,95.0,107.37,1,1
2026-08-03,2026-08-03 19:16:46,2-jours,regular,,Pass 2 Jours,Shotgun,95.0,107.37,1,1
2026-08-03,2026-08-03 19:20:42,2-jours,regular,,Pass 2 Jours,Shotgun,95.0,107.37,1,1
2026-08-03,2026-08-03 19:27:01,2-jours,regular,,Pass 2 Jours,Shotgun,95.0,107.37,1,1
2026-08-03,2026-08-03 19:30:42,2-jours,regular,,Pass 2 Jours,Shotgun,95.0,107.37,1,1
2026-08-03,2026-08-03 19:34:16,samedi,regular,['samedi'],Pass Samedi,Shotgun,54.09,61.14,1,1
2026-08-03,2026-08-03 19:40:35,vendredi,regular,['vendredi'],Pass Vendredi,Shotgun,54.09,61.14,1,1
2026-08-03,2026-08-03 20:00:46,2-jours,regular,,Pass 2 Jours,Shotgun,95.0,107.37,1,1
2026-08-03,2026-08-03 20:01:32,vendredi,regular,['vendredi'],Pass Vendredi,Shotgun,54.09,61.14,1,1
2026-08-03,2026-08-03 20:08:14,samedi,early_entry,['samedi'],Pass Samedi,Shotgun,50.0,56.51,1,1
2026-08-03,2026-08-03 20:16:47,2-jours,regular,,Pass 2 Jours,Shotgun,95.0,107.37,1,1
2026-08-03,2026-08-03 20:16:47,2-jours,regular,,Pass 2 Jours,Shotgun,95.0,107.37,1,1
2026-08-03,2026-08-03 20:25:36,samedi,regular,['samedi'],Pass Samedi,Shotgun,54.09,61.14,1,1
2026-08-03,2026-08-03 20:25:36,samedi,regular,['samedi'],Pass Samedi,Shotgun,54.09,61.14,1,1
2026-08-03,2026-08-03 20:27:57,samedi,early_entry,['samedi'],Pass Samedi,Shotgun,50.0,56.51,1,1
2026-08-03,2026-08-03 20:30:19,vendredi,vip,['vendredi'],Pass Acces Scene,Shotgun,120.0,135.63,1,1
2026-08-03,2026-08-03 20:31:09,samedi,early_entry,['samedi'],Pass Samedi,Shotgun,50.0,56.51,1,1
2026-08-03,2026-08-03 20:32:35,2-jours,regular,,Pass 2 Jours,Shotgun,95.0,107.37,1,1
2026-08-03,2026-08-03 20:40:25,vendredi,early_entry,['vendredi'],Pass Vendredi,Shotgun,50.0,56.51,1,1
2026-08-03,2026-08-03 20:40:30,2-jours,regular,,Pass 2 Jours,Shotgun,95.0,107.37,1,1
2026-08-03,2026-08-03 20:45:08,samedi,regular,['samedi'],Pass Samedi,Shotgun,54.09,61.14,1,1
2026-08-03,2026-08-03 20:46:09,vendredi,regular,['vendredi'],Pass Vendredi,Shotgun,54.09,61.14,1,1
2026-08-03,2026-08-03 20:48:13,vendredi,regular,['vendredi'],Pass Vendredi,Shotgun,54.09,61.14,1,1
2026-08-03,2026-08-03 20:59:47,vendredi,regular,['vendredi'],Pass Vendredi,Shotgun,54.09,61.14,1,1
2026-08-03,2026-08-03 21:00:05,2-jours,regular,,Pass 2 Jours,Shotgun,95.0,107.37,1,1
2026-08-03,2026-08-03 21:05:13,samedi,regular,['samedi'],Pass Samedi,Shotgun,54.09,61.14,1,1
2026-08-03,2026-08-03 21:05:18,2-jours,regular,,Pass 2 Jours,Shotgun,95.0,107.37,1,1
2026-08-03,2026-08-03 21:07:04,2-jours,regular,,Pass 2 Jours,Shotgun,95.0,107.37,1,1
2026-08-03,2026-08-03 21:07:09,2-jours,regular,,Pass 2 Jours,Shotgun,95.0,107.37,1,1
2026-08-03,2026-08-03 21:07:46,vendredi,regular,['vendredi'],Pass Vendredi,Shotgun,54.09,61.14,1,1
2026-08-03,2026-08-03 21:07:46,vendredi,regular,['vendredi'],Pass Vendredi,Shotgun,54.09,61.14,1,1
2026-08-03,2026-08-03 21:23:49,2-jours,regular,,Pass 2 Jours,Shotgun,95.0,107.37,1,1
2026-08-03,2026-08-03 21:36:38,2-jours,regular,,Pass 2 Jours,Shotgun,95.0,107.37,1,1
2026-08-03,2026-08-03 21:36:38,2-jours,regular,,Pass 2 Jours,Shotgun,95.0,107.37,1,1
2026-08-03,2026-08-03 21:44:29,samedi,regular,['samedi'],Pass Samedi,Shotgun,54.09,61.14,1,1
2026-08-03,2026-08-03 21:44:29,samedi,regular,['samedi'],Pass Samedi,Shotgun,54.09,61.14,1,1
2026-08-03,2026-08-03 21:59:04,vendredi,regular,['vendredi'],Pass Vendredi,Shotgun,55.0,55.5,1,1
2026-08-03,2026-08-03 22:02:33,2-jours,regular,,Pass 2 Jours,Shotgun,95.0,107.37,1,1
2026-08-03,2026-08-03 22:16:25,2-jours,regular,,Pass 2 Jours,Shotgun,95.0,107.37,1,1
2026-08-03,2026-08-03 22:19:40,2-jours,regular,,Pass 2 Jours,Shotgun,95.0,107.37,1,1
2026-08-03,2026-08-03 22:30:50,2-jours,regular,,Pass 2 Jours,Shotgun,95.0,107.37,1,1
2026-08-03,2026-08-03 23:09:16,2-jours,regular,,Pass 2 Jours,Shotgun,95.0,107.37,1,1
2026-08-03,2026-08-03 23:14:11,2-jours,regular,,Pass 2 Jours,Shotgun,95.0,107.37,1,1
2026-08-03,2026-08-03 23:36:26,samedi,regular,['samedi'],Pass Samedi,Shotgun,54.09,61.14,1,1
2026-08-03,2026-08-03 23:48:39,2-jours,regular,,Pass 2 Jours,Shotgun,95.0,107.37,1,1
2026-08-04,2026-08-04 01:09:48,2-jours,regular,,Pass 2 Jours,Shotgun,95.0,107.37,1,1
2026-08-04,2026-08-04 01:09:48,2-jours,regular,,Pass 2 Jours,Shotgun,95.0,107.37,1,1
2026-08-04,2026-08-04 04:17:24,vendredi,early_entry,['vendredi'],Pass Vendredi,Shotgun,50.0,56.51,1,1
2026-08-04,2026-08-04 05:39:22,2-jours,regular,,Pass 2 Jours,Shotgun,95.0,107.37,1,1
2026-08-04,2026-08-04 06:47:17,2-jours,regular,,Pass 2 Jours,Shotgun,95.0,107.37,1,1
2026-08-04,2026-08-04 06:48:01,2-jours,regular,,Pass 2 Jours,Shotgun,95.0,107.37,1,1
2026-08-04,2026-08-04 06:50:14,2-jours,regular,,Pass 2 Jours,Shotgun,95.0,107.37,1,1
2026-08-04,2026-08-04 07:02:07,2-jours,regular,,Pass 2 Jours,Shotgun,95.0,107.37,1,1
2026-08-04,2026-08-04 07:12:02,samedi,regular,['samedi'],Pass Samedi,Shotgun,54.09,61.14,1,1
2026-08-04,2026-08-04 08:25:12,2-jours,regular,,Pass 2 Jours,Shotgun,95.0,107.37,1,1
2026-08-04,2026-08-04 08:36:59,vendredi,regular,['vendredi'],Pass Vendredi,Shotgun,54.09,61.14,1,1
2026-08-04,2026-08-04 08:36:59,vendredi,regular,['vendredi'],Pass Vendredi,Shotgun,54.09,61.14,1,1
2026-08-04,2026-08-04 08:36:59,vendredi,regular,['vendredi'],Pass Vendredi,Shotgun,54.09,61.14,1,1
2026-08-04,2026-08-04 08:36:59,vendredi,regular,['vendredi'],Pass Vendredi,Shotgun,54.09,61.14,1,1
2026-08-04,2026-08-04 08:38:58,2-jours,regular,,Pass 2 Jours,Shotgun,95.0,107.37,1,1
2026-08-04,2026-08-04 08:53:14,2-jours,regular,,Pass 2 Jours,Shotgun,95.0,107.37,1,1
2026-08-04,2026-08-04 09:14:53,vendredi,regular,['vendredi'],Pass Vendredi,Shotgun,54.09,61.14,1,1
2026-08-04,2026-08-04 09:27:47,vendredi,regular,['vendredi'],Pass Vendredi,Shotgun,54.09,61.14,1,1
2026-08-04,2026-08-04 09:27:52,vendredi,regular,['vendredi'],Pass Vendredi,Shotgun,54.09,61.14,1,1
2026-08-04,2026-08-04 09:42:28,2-jours,regular,,Pass 2 Jours,Shotgun,95.0,107.37,1,1
2026-08-04,2026-08-04 09:53:39,2-jours,regular,,Pass 2 Jours,Shotgun,95.0,107.37,1,1
2026-08-04,2026-08-04 09:59:51,vendredi,regular,['vendredi'],Pass Vendredi,Shotgun,54.09,61.14,1,1
2026-08-04,2026-08-04 09:59:51,vendredi,regular,['vendredi'],Pass Vendredi,Shotgun,54.09,61.14,1,1
2026-08-04,2026-08-04 10:12:26,samedi,regular,['samedi'],Pass Samedi,Shotgun,54.09,61.14,1,1
2026-08-04,2026-08-04 10:13:49,vendredi,regular,['vendredi'],Pass Vendredi,Shotgun,54.09,61.14,1,1
2026-08-04,2026-08-04 10:13:49,vendredi,regular,['vendredi'],Pass Vendredi,Shotgun,54.09,61.14,1,1
2026-08-04,2026-08-04 10:18:12,2-jours,regular,,Pass 2 Jours,Shotgun,95.0,107.37,1,1
2026-08-04,2026-08-04 10:31:50,vendredi,regular,['vendredi'],Pass Vendredi,Shotgun,54.09,61.14,1,1
2026-08-04,2026-08-04 10:56:05,vendredi,vip,['vendredi'],Pass Acces Scene,Shotgun,120.0,135.63,1,1
2026-08-04,2026-08-04 10:56:05,samedi,regular,['samedi'],Pass Samedi,Shotgun,54.09,61.14,1,1
2026-08-04,2026-08-04 10:58:12,2-jours,regular,,Pass 2 Jours,Shotgun,95.0,107.37,1,1
2026-08-04,2026-08-04 11:13:54,samedi,regular,['samedi'],Pass Samedi,Shotgun,54.09,61.14,1,1
2026-08-04,2026-08-04 11:20:39,samedi,early_entry,['samedi'],Pass Samedi,Shotgun,50.0,56.51,1,1
2026-08-04,2026-08-04 11:28:28,samedi,regular,['samedi'],Pass Samedi,Shotgun,54.09,61.14,1,1
2026-08-04,2026-08-04 11:42:09,2-jours,regular,,Pass 2 Jours,Shotgun,95.0,107.37,1,1
2026-08-04,2026-08-04 11:58:35,vendredi,regular,['vendredi'],Pass Vendredi,Shotgun,54.09,61.14,1,1
2026-08-04,2026-08-04 12:14:20,2-jours,regular,,Pass 2 Jours,Shotgun,95.0,107.37,1,1
2026-08-04,2026-08-04 12:17:01,samedi,regular,['samedi'],Pass Samedi,Shotgun,54.09,61.14,1,1
2026-08-04,2026-08-04 12:17:01,samedi,regular,['samedi'],Pass Samedi,Shotgun,54.09,61.14,1,1
2026-08-04,2026-08-04 12:21:36,2-jours,regular,,Pass 2 Jours,Shotgun,95.0,107.37,1,1
2026-08-04,2026-08-04 12:21:37,2-jours,regular,,Pass 2 Jours,Shotgun,95.0,107.37,1,1
2026-08-04,2026-08-04 13:12:41,2-jours,regular,,Pass 2 Jours,Shotgun,95.0,107.37,1,1
2026-08-04,2026-08-04 13:14:23,vendredi,regular,['vendredi'],Pass Vendredi,Shotgun,54.09,61.14,1,1
2026-08-04,2026-08-04 13:14:23,samedi,regular,['samedi'],Pass Samedi,Shotgun,54.09,61.14,1,1
2026-08-04,2026-08-04 13:14:50,vendredi,regular,['vendredi'],Pass Vendredi,Shotgun,54.09,61.14,1,1
2026-08-04,2026-08-04 13:19:49,2-jours,regular,,Pass 2 Jours,Shotgun,95.0,107.37,1,1
2026-08-04,2026-08-04 13:38:42,2-jours,regular,,Pass 2 Jours,Shotgun,95.0,107.37,1,1
2026-08-04,2026-08-04 13:38:50,vendredi,regular,['vendredi'],Pass Vendredi,Shotgun,54.09,61.14,1,1
2026-08-04,2026-08-04 13:48:06,2-jours,regular,,Pass 2 Jours,Shotgun,95.0,107.37,1,1
2026-08-04,2026-08-04 13:49:06,2-jours,regular,,Pass 2 Jours,Shotgun,95.0,107.37,1,1
2026-08-04,2026-08-04 13:54:19,vendredi,vip,['vendredi'],Pass Acces Scene,Shotgun,120.0,135.63,1,1
2026-08-04,2026-08-04 13:56:46,2-jours,regular,,Pass 2 Jours,Shotgun,95.0,107.37,1,1
2026-08-04,2026-08-04 14:14:56,2-jours,regular,,Pass 2 Jours,Shotgun,95.0,107.37,1,1
2026-08-04,2026-08-04 14:27:03,2-jours,regular,,Pass 2 Jours,Shotgun,95.0,95.5,1,1
2026-08-04,2026-08-04 14:27:29,2-jours,regular,,Pass 2 Jours,Shotgun,95.0,107.37,1,1
2026-08-04,2026-08-04 14:37:43,2-jours,regular,,Pass 2 Jours,Shotgun,95.0,107.37,1,1
2026-08-04,2026-08-04 14:38:43,vendredi,regular,['vendredi'],Pass Vendredi,Shotgun,54.09,61.14,1,1
2026-08-04,2026-08-04 14:46:23,2-jours,regular,,Pass 2 Jours,Shotgun,95.0,107.37,1,1
2026-08-04,2026-08-04 14:48:34,2-jours,vip,"['vendredi', 'samedi']",Pass Acces Scene,Shotgun,220.0,248.66,1,1
2026-08-04,2026-08-04 14:58:52,2-jours,regular,,Pass 2 Jours,Shotgun,95.0,107.37,1,1
2026-08-04,2026-08-04 15:31:02,vendredi,regular,['vendredi'],Pass Vendredi,Shotgun,54.09,61.14,1,1
2026-08-04,2026-08-04 15:31:02,vendredi,regular,['vendredi'],Pass Vendredi,Shotgun,54.09,61.14,1,1
2026-08-04,2026-08-04 15:32:30,2-jours,regular,,Pass 2 Jours,Shotgun,95.0,107.37,1,1
2026-08-04,2026-08-04 16:06:07,samedi,regular,['samedi'],Pass Samedi,Shotgun,54.09,61.14,1,1
2026-08-04,2026-08-04 16:06:50,samedi,regular,['samedi'],Pass Samedi,Shotgun,54.09,61.14,1,1
2026-08-04,2026-08-04 16:11:51,2-jours,regular,,Pass 2 Jours,Shotgun,95.0,107.37,1,1
2026-08-04,2026-08-04 16:14:20,vendredi,vip,['vendredi'],Pass Acces Scene,Shotgun,120.0,135.63,1,1
2026-08-04,2026-08-04 16:14:20,vendredi,vip,['vendredi'],Pass Acces Scene,Shotgun,120.0,135.63,1,1
2026-08-04,2026-08-04 16:15:08,2-jours,regular,,Pass 2 Jours,Shotgun,95.0,107.37,1,1
2026-08-04,2026-08-04 16:15:44,vendredi,regular,['vendredi'],Pass Vendredi,Shotgun,54.09,61.14,1,1
2026-08-04,2026-08-04 16:22:54,2-jours,regular,,Pass 2 Jours,Shotgun,95.0,107.37,1,1
2026-08-04,2026-08-04 16:30:36,vendredi,regular,['vendredi'],Pass Vendredi,Shotgun,54.09,61.14,1,1
2026-08-04,2026-08-04 16:30:44,vendredi,regular,['vendredi'],Pass Vendredi,Shotgun,54.09,61.14,1,1
2026-08-04,2026-08-04 16:31:30,2-jours,regular,,Pass 2 Jours,Shotgun,95.0,107.37,1,1
2026-08-04,2026-08-04 16:44:44,2-jours,regular,,Pass 2 Jours,Shotgun,95.0,107.37,1,1
2026-08-04,2026-08-04 17:01:38,vendredi,regular,['vendredi'],Pass Vendredi,Shotgun,54.09,61.14,1,1
2026-08-04,2026-08-04 17:01:38,vendredi,regular,['vendredi'],Pass Vendredi,Shotgun,54.09,61.14,1,1
2026-08-04,2026-08-04 17:03:40,2-jours,regular,,Pass 2 Jours,Shotgun,95.0,107.37,1,1
2026-08-04,2026-08-04 17:03:56,2-jours,regular,,Pass 2 Jours,Shotgun,95.0,107.37,1,1
2026-08-04,2026-08-04 17:03:57,samedi,regular,['samedi'],Pass Samedi,Shotgun,54.09,61.14,1,1
2026-08-04,2026-08-04 17:03:57,samedi,regular,['samedi'],Pass Samedi,Shotgun,54.09,61.14,1,1
2026-08-04,2026-08-04 17:17:27,samedi,regular,['samedi'],Pass Samedi,Shotgun,54.09,61.14,1,1
2026-08-04,2026-08-04 17:24:50,2-jours,regular,,Pass 2 Jours,Shotgun,95.0,107.37,1,1
2026-08-04,2026-08-04 17:24:50,2-jours,regular,,Pass 2 Jours,Shotgun,95.0,107.37,1,1
2026-08-04,2026-08-04 17:27:36,2-jours,regular,,Pass 2 Jours,Shotgun,95.0,107.37,1,1
2026-08-04,2026-08-04 17:37:33,vendredi,regular,['vendredi'],Pass Vendredi,Shotgun,54.09,61.14,1,1
2026-08-04,2026-08-04 17:56:29,vendredi,regular,['vendredi'],Pass Vendredi,Shotgun,54.09,61.14,1,1
2026-08-04,2026-08-04 17:57:57,2-jours,regular,,Pass 2 Jours,Shotgun,95.0,107.37,1,1
2026-08-04,2026-08-04 18:06:18,vendredi,regular,['vendredi'],Pass Vendredi,Shotgun,54.09,61.14,1,1
2026-08-04,2026-08-04 18:14:14,2-jours,regular,,Pass 2 Jours,Shotgun,95.0,107.37,1,1
2026-08-04,2026-08-04 18:14:21,2-jours,regular,,Pass 2 Jours,Shotgun,95.0,107.37,1,1
2026-08-04,2026-08-04 18:18:50,2-jours,regular,,Pass 2 Jours,Shotgun,95.0,107.37,1,1
2026-08-04,2026-08-04 18:19:56,vendredi,regular,['vendredi'],Pass Vendredi,Shotgun,54.09,61.14,1,1
2026-08-04,2026-08-04 18:29:43,vendredi,regular,['vendredi'],Pass Vendredi,Shotgun,54.09,61.14,1,1
2026-08-04,2026-08-04 18:30:56,vendredi,regular,['vendredi'],Pass Vendredi,Shotgun,54.09,61.14,1,1
2026-08-04,2026-08-04 18:38:15,samedi,regular,['samedi'],Pass Samedi,Shotgun,54.09,61.14,1,1
2026-08-04,2026-08-04 18:38:15,samedi,regular,['samedi'],Pass Samedi,Shotgun,54.09,61.14,1,1
2026-08-04,2026-08-04 18:53:00,vendredi,regular,['vendredi'],Pass Vendredi,Shotgun,54.09,61.14,1,1
2026-08-04,2026-08-04 18:54:15,vendredi,regular,['vendredi'],Pass Vendredi,Shotgun,54.09,61.14,1,1
2026-08-04,2026-08-04 18:54:15,vendredi,regular,['vendredi'],Pass Vendredi,Shotgun,54.09,61.14,1,1
2026-08-04,2026-08-04 18:56:08,2-jours,regular,,Pass 2 Jours,Shotgun,95.0,107.37,1,1
2026-08-04,2026-08-04 18:56:20,samedi,regular,['samedi'],Pass Samedi,Shotgun,54.09,61.14,1,1
2026-08-04,2026-08-04 18:57:35,samedi,regular,['samedi'],Pass Samedi,Shotgun,54.09,61.14,1,1
2026-08-04,2026-08-04 19:01:39,2-jours,regular,,Pass 2 Jours,Shotgun,95.0,107.37,1,1
2026-08-04,2026-08-04 19:03:36,2-jours,regular,,Pass 2 Jours,Shotgun,95.0,107.37,1,1
2026-08-04,2026-08-04 19:09:14,2-jours,regular,,Pass 2 Jours,Shotgun,95.0,107.37,1,1
2026-08-04,2026-08-04 19:12:15,2-jours,regular,,Pass 2 Jours,Shotgun,95.0,107.37,1,1
2026-08-04,2026-08-04 19:20:25,vendredi,early_entry,['vendredi'],Pass Vendredi,Shotgun,50.0,56.51,1,1
2026-08-04,2026-08-04 19:23:45,2-jours,regular,,Pass 2 Jours,Shotgun,95.0,107.37,1,1
2026-08-04,2026-08-04 19:30:04,vendredi,regular,['vendredi'],Pass Vendredi,Shotgun,54.09,61.14,1,1
2026-08-04,2026-08-04 19:50:53,2-jours,regular,,Pass 2 Jours,Shotgun,95.0,107.37,1,1
2026-08-04,2026-08-04 19:52:56,2-jours,regular,,Pass 2 Jours,Shotgun,95.0,107.37,1,1
2026-08-04,2026-08-04 20:07:50,2-jours,regular,,Pass 2 Jours,Shotgun,95.0,107.37,1,1
2026-08-04,2026-08-04 20:15:32,2-jours,regular,,Pass 2 Jours,Shotgun,95.0,95.5,1,1
2026-08-04,2026-08-04 20:18:07,vendredi,regular,['vendredi'],Pass Vendredi,Shotgun,54.09,61.14,1,1
2026-08-04,2026-08-04 20:25:09,samedi,regular,['samedi'],Pass Samedi,Shotgun,54.09,61.14,1,1
2026-08-04,2026-08-04 20:25:09,samedi,regular,['samedi'],Pass Samedi,Shotgun,54.09,61.14,1,1
2026-08-04,2026-08-04 20:31:10,vendredi,regular,['vendredi'],Pass Vendredi,Shotgun,54.09,61.14,1,1
2026-08-04,2026-08-04 20:33:51,2-jours,regular,,Pass 2 Jours,Shotgun,95.0,107.37,1,1
2026-08-04,2026-08-04 20:36:57,samedi,regular,['samedi'],Pass Samedi,Shotgun,54.09,61.14,1,1
2026-08-04,2026-08-04 20:47:12,samedi,regular,['samedi'],Pass Samedi,Shotgun,54.09,61.14,1,1
2026-08-04,2026-08-04 20:47:58,vendredi,regular,['vendredi'],Pass Vendredi,Shotgun,54.09,61.14,1,1
2026-08-04,2026-08-04 20:47:58,vendredi,regular,['vendredi'],Pass Vendredi,Shotgun,54.09,61.14,1,1
2026-08-04,2026-08-04 20:47:58,vendredi,regular,['vendredi'],Pass Vendredi,Shotgun,54.09,61.14,1,1
2026-08-04,2026-08-04 20:47:58,vendredi,regular,['vendredi'],Pass Vendredi,Shotgun,54.09,61.14,1,1
2026-08-04,2026-08-04 21:24:25,2-jours,regular,,Pass 2 Jours,Shotgun,95.0,107.37,1,1
2026-08-04,2026-08-04 21:35:26,2-jours,regular,,Pass 2 Jours,Shotgun,95.0,107.37,1,1
2026-08-04,2026-08-04 22:37:25,2-jours,regular,,Pass 2 Jours,Shotgun,95.0,107.37,1,1
2026-08-04,2026-08-04 22:40:18,2-jours,regular,,Pass 2 Jours,Shotgun,95.0,107.37,1,1
2026-08-04,2026-08-04 22:43:13,samedi,regular,['samedi'],Pass Samedi,Shotgun,54.09,61.14,1,1
2026-08-04,2026-08-04 22:52:49,samedi,regular,['samedi'],Pass Samedi,Shotgun,54.09,61.14,1,1
2026-08-04,2026-08-04 23:25:24,vendredi,regular,['vendredi'],Pass Vendredi,Shotgun,54.09,61.14,1,1
2026-08-04,2026-08-04 23:25:52,vendredi,regular,['vendredi'],Pass Vendredi,Shotgun,54.09,61.14,1,1
2026-08-04,2026-08-04 23:42:01,2-jours,regular,,Pass 2 Jours,Shotgun,95.0,107.37,1,1
2026-08-05,2026-08-05 00:48:14,samedi,regular,['samedi'],Pass Samedi,Shotgun,54.09,61.14,1,1
2026-08-05,2026-08-05 00:48:14,samedi,regular,['samedi'],Pass Samedi,Shotgun,54.09,61.14,1,1
2026-08-05,2026-08-05 00:58:45,2-jours,regular,,Pass 2 Jours,Shotgun,95.0,107.37,1,1
2026-08-05,2026-08-05 00:58:45,2-jours,regular,,Pass 2 Jours,Shotgun,95.0,107.37,1,1
2026-08-05,2026-08-05 01:58:29,2-jours,regular,,Pass 2 Jours,Shotgun,95.0,107.37,1,1
2026-08-05,2026-08-05 04:42:14,2-jours,regular,,Pass 2 Jours,Shotgun,95.0,107.37,1,1
2026-08-05,2026-08-05 04:47:14,vendredi,regular,['vendredi'],Pass Vendredi,Shotgun,54.09,61.14,1,1
2026-08-05,2026-08-05 05:44:03,samedi,regular,['samedi'],Pass Samedi,Shotgun,54.09,61.14,1,1
2026-08-05,2026-08-05 05:53:04,2-jours,regular,,Pass 2 Jours,Shotgun,95.0,107.37,1,1
2026-08-05,2026-08-05 06:22:01,2-jours,regular,,Pass 2 Jours,Shotgun,95.0,107.37,1,1
2026-08-05,2026-08-05 06:34:14,samedi,regular,['samedi'],Pass Samedi,Shotgun,54.09,61.14,1,1
2026-08-05,2026-08-05 06:34:14,samedi,regular,['samedi'],Pass Samedi,Shotgun,54.09,61.14,1,1
2026-08-05,2026-08-05 07:10:59,vendredi,regular,['vendredi'],Pass Vendredi,Shotgun,54.09,61.14,1,1
2026-08-05,2026-08-05 07:28:09,vendredi,regular,['vendredi'],Pass Vendredi,Shotgun,54.09,61.14,1,1
2026-08-05,2026-08-05 07:33:58,2-jours,regular,,Pass 2 Jours,Shotgun,95.0,107.37,1,1
2026-08-05,2026-08-05 07:43:29,vendredi,regular,['vendredi'],Pass Vendredi,Shotgun,54.09,61.14,1,1
2026-08-05,2026-08-05 07:48:52,vendredi,early_entry,['vendredi'],Pass Vendredi,Shotgun,50.0,56.51,1,1
2026-08-05,2026-08-05 08:04:22,2-jours,regular,,Pass 2 Jours,Shotgun,95.0,107.37,1,1
2026-08-05,2026-08-05 08:19:52,2-jours,regular,,Pass 2 Jours,Shotgun,95.0,107.37,1,1
2026-08-05,2026-08-05 08:26:48,2-jours,regular,,Pass 2 Jours,Shotgun,95.0,107.37,1,1
2026-08-05,2026-08-05 08:59:42,vendredi,regular,['vendredi'],Pass Vendredi,Shotgun,54.09,61.14,1,1
2026-08-05,2026-08-05 09:11:48,2-jours,regular,,Pass 2 Jours,Shotgun,95.0,107.37,1,1
2026-08-05,2026-08-05 09:12:24,vendredi,regular,['vendredi'],Pass Vendredi,Shotgun,54.09,61.14,1,1
2026-08-05,2026-08-05 09:18:17,2-jours,regular,,Pass 2 Jours,Shotgun,95.0,107.37,1,1
2026-08-05,2026-08-05 09:24:23,samedi,regular,['samedi'],Pass Samedi,Shotgun,54.09,61.14,1,1
2026-08-05,2026-08-05 09:25:20,vendredi,regular,['vendredi'],Pass Vendredi,Shotgun,54.09,61.14,1,1
2026-08-05,2026-08-05 09:42:33,2-jours,regular,,Pass 2 Jours,Shotgun,95.0,107.37,1,1
2026-08-05,2026-08-05 09:45:14,2-jours,regular,,Pass 2 Jours,Shotgun,95.0,107.37,1,1
2026-08-05,2026-08-05 09:51:29,2-jours,regular,,Pass 2 Jours,Shotgun,95.0,107.37,1,1
2026-08-05,2026-08-05 09:58:42,2-jours,regular,,Pass 2 Jours,Shotgun,95.0,107.37,1,1
2026-08-05,2026-08-05 09:58:42,2-jours,regular,,Pass 2 Jours,Shotgun,95.0,107.37,1,1
2026-08-05,2026-08-05 10:06:32,vendredi,early_entry,['vendredi'],Pass Vendredi,Shotgun,50.0,56.51,1,1
2026-08-05,2026-08-05 10:06:32,vendredi,early_entry,['vendredi'],Pass Vendredi,Shotgun,50.0,56.51,1,1
2026-08-05,2026-08-05 10:23:31,2-jours,regular,,Pass 2 Jours,Shotgun,95.0,107.37,1,1
2026-08-05,2026-08-05 10:31:16,vendredi,regular,['vendredi'],Pass Vendredi,Shotgun,54.09,61.14,1,1
2026-08-05,2026-08-05 10:32:19,2-jours,regular,,Pass 2 Jours,Shotgun,95.0,107.37,1,1
2026-08-05,2026-08-05 10:33:32,2-jours,regular,,Pass 2 Jours,Shotgun,95.0,107.37,1,1
2026-08-05,2026-08-05 10:53:52,2-jours,regular,,Pass 2 Jours,Shotgun,95.0,107.37,1,1
2026-08-05,2026-08-05 10:57:20,2-jours,regular,,Pass 2 Jours,Shotgun,95.0,107.37,1,1
2026-08-05,2026-08-05 11:08:07,2-jours,regular,,Pass 2 Jours,Shotgun,95.0,107.37,1,1
2026-08-05,2026-08-05 11:14:08,2-jours,regular,,Pass 2 Jours,Shotgun,95.0,107.37,1,1
2026-08-05,2026-08-05 11:17:56,vendredi,regular,['vendredi'],Pass Vendredi,Shotgun,54.09,61.14,1,1
2026-08-05,2026-08-05 11:17:56,vendredi,regular,['vendredi'],Pass Vendredi,Shotgun,54.09,61.14,1,1
2026-08-05,2026-08-05 11:17:56,vendredi,regular,['vendredi'],Pass Vendredi,Shotgun,54.09,61.14,1,1
2026-08-05,2026-08-05 11:20:42,2-jours,regular,,Pass 2 Jours,Shotgun,95.0,107.37,1,1
2026-08-05,2026-08-05 11:43:54,samedi,regular,['samedi'],Pass Samedi,Shotgun,54.09,61.14,1,1
2026-08-05,2026-08-05 11:44:01,2-jours,regular,,Pass 2 Jours,Shotgun,95.0,107.37,1,1
2026-08-05,2026-08-05 11:55:19,vendredi,regular,['vendredi'],Pass Vendredi,Shotgun,54.09,61.14,1,1
2026-08-05,2026-08-05 11:58:26,vendredi,regular,['vendredi'],Pass Vendredi,Shotgun,54.09,61.14,1,1
2026-08-05,2026-08-05 11:59:28,samedi,early_entry,['samedi'],Pass Samedi,Shotgun,50.0,56.51,1,1
2026-08-05,2026-08-05 11:59:28,samedi,early_entry,['samedi'],Pass Samedi,Shotgun,50.0,56.51,1,1
2026-08-05,2026-08-05 12:02:41,samedi,regular,['samedi'],Pass Samedi,Shotgun,54.09,61.14,1,1
2026-08-05,2026-08-05 12:02:41,samedi,regular,['samedi'],Pass Samedi,Shotgun,54.09,61.14,1,1
2026-08-05,2026-08-05 12:04:42,2-jours,regular,,Pass 2 Jours,Shotgun,95.0,107.37,1,1
2026-08-05,2026-08-05 12:22:27,2-jours,regular,,Pass 2 Jours,Shotgun,95.0,107.37,1,1
2026-08-05,2026-08-05 12:28:17,2-jours,regular,,Pass 2 Jours,Shotgun,95.0,107.37,1,1
2026-08-05,2026-08-05 12:30:19,vendredi,regular,['vendredi'],Pass Vendredi,Shotgun,54.09,61.14,1,1
2026-08-05,2026-08-05 12:30:19,vendredi,regular,['vendredi'],Pass Vendredi,Shotgun,54.09,61.14,1,1
2026-08-05,2026-08-05 12:30:55,vendredi,regular,['vendredi'],Pass Vendredi,Shotgun,54.09,61.14,1,1
2026-08-05,2026-08-05 12:59:09,2-jours,regular,,Pass 2 Jours,Shotgun,95.0,107.37,1,1
2026-08-05,2026-08-05 12:59:11,2-jours,regular,,Pass 2 Jours,Shotgun,95.0,107.37,1,1
2026-08-05,2026-08-05 13:14:17,2-jours,regular,,Pass 2 Jours,Shotgun,95.0,107.37,1,1
2026-08-05,2026-08-05 13:20:03,2-jours,regular,,Pass 2 Jours,Shotgun,95.0,107.37,1,1
2026-08-05,2026-08-05 14:03:00,2-jours,regular,,Pass 2 Jours,Shotgun,95.0,107.37,1,1
2026-08-05,2026-08-05 14:03:14,2-jours,regular,,Pass 2 Jours,Shotgun,95.0,107.37,1,1
2026-08-05,2026-08-05 14:03:14,2-jours,regular,,Pass 2 Jours,Shotgun,95.0,107.37,1,1
2026-08-05,2026-08-05 14:12:20,2-jours,regular,,Pass 2 Jours,Shotgun,95.0,107.37,1,1
2026-08-05,2026-08-05 14:16:13,2-jours,regular,,Pass 2 Jours,Shotgun,95.0,107.37,1,1
2026-08-05,2026-08-05 14:19:00,samedi,regular,['samedi'],Pass Samedi,Shotgun,54.09,61.14,1,1
2026-08-05,2026-08-05 14:51:02,samedi,regular,['samedi'],Pass Samedi,Shotgun,54.09,61.14,1,1
2026-08-05,2026-08-05 14:51:05,vendredi,regular,['vendredi'],Pass Vendredi,Shotgun,54.09,61.14,1,1
2026-08-05,2026-08-05 14:53:23,vendredi,regular,['vendredi'],Pass Vendredi,Shotgun,54.09,61.14,1,1
2026-08-05,2026-08-05 14:53:54,vendredi,regular,['vendredi'],Pass Vendredi,Shotgun,54.09,61.14,1,1
2026-08-05,2026-08-05 15:04:14,samedi,regular,['samedi'],Pass Samedi,Shotgun,54.09,61.14,1,1
2026-08-05,2026-08-05 15:06:29,samedi,regular,['samedi'],Pass Samedi,Shotgun,54.09,61.14,1,1
2026-08-05,2026-08-05 15:30:46,2-jours,regular,,Pass 2 Jours,Shotgun,95.0,107.37,1,1
2026-08-05,2026-08-05 15:35:25,vendredi,regular,['vendredi'],Pass Vendredi,Shotgun,54.09,61.14,1,1
2026-08-05,2026-08-05 15:35:25,vendredi,regular,['vendredi'],Pass Vendredi,Shotgun,54.09,61.14,1,1
2026-08-05,2026-08-05 15:57:41,2-jours,regular,,Pass 2 Jours,Shotgun,95.0,107.37,1,1
2026-08-05,2026-08-05 15:58:06,2-jours,regular,,Pass 2 Jours,Shotgun,95.0,107.37,1,1
2026-08-05,2026-08-05 15:58:06,2-jours,regular,,Pass 2 Jours,Shotgun,95.0,107.37,1,1
2026-08-05,2026-08-05 16:07:32,vendredi,regular,['vendredi'],Pass Vendredi,Shotgun,54.09,61.14,1,1
2026-08-05,2026-08-05 16:14:02,2-jours,regular,,Pass 2 Jours,Shotgun,95.0,107.37,1,1
2026-08-05,2026-08-05 16:26:46,2-jours,regular,,Pass 2 Jours,Shotgun,95.0,107.37,1,1
2026-08-05,2026-08-05 16:28:07,vendredi,early_entry,['vendredi'],Pass Vendredi,Shotgun,50.0,56.51,1,1
2026-08-05,2026-08-05 16:51:15,samedi,regular,['samedi'],Pass Samedi,Shotgun,54.09,61.14,1,1
2026-08-05,2026-08-05 16:51:27,samedi,regular,['samedi'],Pass Samedi,Shotgun,54.09,61.14,1,1
2026-08-05,2026-08-05 16:58:10,samedi,regular,['samedi'],Pass Samedi,Shotgun,54.09,61.14,1,1
2026-08-05,2026-08-05 17:01:37,vendredi,regular,['vendredi'],Pass Vendredi,Shotgun,54.09,61.14,1,1
2026-08-05,2026-08-05 17:01:37,vendredi,regular,['vendredi'],Pass Vendredi,Shotgun,54.09,61.14,1,1
2026-08-05,2026-08-05 17:01:37,vendredi,regular,['vendredi'],Pass Vendredi,Shotgun,54.09,61.14,1,1
2026-08-05,2026-08-05 17:42:32,samedi,regular,['samedi'],Pass Samedi,Shotgun,54.09,61.14,1,1
2026-08-05,2026-08-05 18:00:31,2-jours,regular,,Pass 2 Jours,Shotgun,95.0,107.37,1,1
2026-08-05,2026-08-05 18:03:44,vendredi,regular,['vendredi'],Pass Vendredi,Shotgun,54.09,61.14,1,1
2026-08-05,2026-08-05 18:03:44,vendredi,regular,['vendredi'],Pass Vendredi,Shotgun,54.09,61.14,1,1
2026-08-05,2026-08-05 18:07:00,2-jours,regular,,Pass 2 Jours,Shotgun,95.0,107.37,1,1
2026-08-05,2026-08-05 18:07:00,2-jours,regular,,Pass 2 Jours,Shotgun,95.0,107.37,1,1
2026-08-05,2026-08-05 18:45:59,2-jours,regular,,Pass 2 Jours,Shotgun,95.0,107.37,1,1
2026-08-05,2026-08-05 18:47:31,2-jours,regular,,Pass 2 Jours,Shotgun,95.0,107.37,1,1
2026-08-05,2026-08-05 18:57:24,samedi,regular,['samedi'],Pass Samedi,Shotgun,54.09,61.14,1,1
2026-08-05,2026-08-05 19:00:52,2-jours,regular,,Pass 2 Jours,Shotgun,95.0,107.37,1,1
2026-08-05,2026-08-05 19:08:27,2-jours,regular,,Pass 2 Jours,Shotgun,95.0,107.37,1,1
2026-08-05,2026-08-05 19:15:16,vendredi,regular,['vendredi'],Pass Vendredi,Shotgun,54.09,61.14,1,1
2026-08-05,2026-08-05 19:17:42,vendredi,regular,['vendredi'],Pass Vendredi,Shotgun,54.09,61.14,1,1
2026-08-05,2026-08-05 19:18:11,vendredi,regular,['vendredi'],Pass Vendredi,Shotgun,54.09,61.14,1,1
2026-08-05,2026-08-05 19:20:55,2-jours,regular,,Pass 2 Jours,Shotgun,95.0,107.37,1,1
2026-08-05,2026-08-05 19:22:08,samedi,regular,['samedi'],Pass Samedi,Shotgun,54.09,61.14,1,1
2026-08-05,2026-08-05 19:22:08,samedi,regular,['samedi'],Pass Samedi,Shotgun,54.09,61.14,1,1
2026-08-05,2026-08-05 19:22:08,samedi,regular,['samedi'],Pass Samedi,Shotgun,54.09,61.14,1,1
2026-08-05,2026-08-05 19:22:47,2-jours,regular,,Pass 2 Jours,Shotgun,95.0,107.37,1,1
2026-08-05,2026-08-05 19:27:31,2-jours,regular,,Pass 2 Jours,Shotgun,95.0,107.37,1,1
2026-08-05,2026-08-05 19:29:10,vendredi,regular,['vendredi'],Pass Vendredi,Shotgun,54.09,61.14,1,1
2026-08-05,2026-08-05 19:33:01,vendredi,regular,['vendredi'],Pass Vendredi,Shotgun,54.09,61.14,1,1
2026-08-05,2026-08-05 19:33:51,samedi,early_entry,['samedi'],Pass Samedi,Shotgun,50.0,56.51,1,1
2026-08-05,2026-08-05 19:35:49,samedi,regular,['samedi'],Pass Samedi,Shotgun,54.09,61.14,1,1
2026-08-05,2026-08-05 19:36:35,2-jours,regular,,Pass 2 Jours,Shotgun,95.0,107.37,1,1
2026-08-05,2026-08-05 19:40:21,samedi,early_entry,['samedi'],Pass Samedi,Shotgun,50.0,56.51,1,1
2026-08-05,2026-08-05 19:40:21,samedi,early_entry,['samedi'],Pass Samedi,Shotgun,50.0,56.51,1,1
2026-08-05,2026-08-05 19:47:11,samedi,early_entry,['samedi'],Pass Samedi,Shotgun,50.0,56.51,1,1
2026-08-05,2026-08-05 19:49:12,samedi,early_entry,['samedi'],Pass Samedi,Shotgun,50.0,56.51,1,1
2026-08-05,2026-08-05 19:53:53,2-jours,regular,,Pass 2 Jours,Shotgun,95.0,107.37,1,1
2026-08-05,2026-08-05 20:10:13,2-jours,regular,,Pass 2 Jours,Shotgun,95.0,107.37,1,1
2026-08-05,2026-08-05 20:32:49,2-jours,regular,,Pass 2 Jours,Shotgun,95.0,107.37,1,1
2026-08-05,2026-08-05 20:39:11,vendredi,early_entry,['vendredi'],Pass Vendredi,Shotgun,50.0,56.51,1,1
2026-08-05,2026-08-05 20:40:06,vendredi,early_entry,['vendredi'],Pass Vendredi,Shotgun,50.0,56.51,1,1
2026-08-05,2026-08-05 20:40:06,vendredi,early_entry,['vendredi'],Pass Vendredi,Shotgun,50.0,56.51,1,1
2026-08-05,2026-08-05 20:41:14,samedi,regular,['samedi'],Pass Samedi,Shotgun,54.09,61.14,1,1
2026-08-05,2026-08-05 20:46:34,2-jours,regular,,Pass 2 Jours,Shotgun,95.0,107.37,1,1
2026-08-05,2026-08-05 20:53:21,vendredi,regular,['vendredi'],Pass Vendredi,Shotgun,54.09,61.14,1,1
2026-08-05,2026-08-05 20:53:57,vendredi,regular,['vendredi'],Pass Vendredi,Shotgun,54.09,61.14,1,1
2026-08-05,2026-08-05 20:56:39,2-jours,regular,,Pass 2 Jours,Shotgun,95.0,107.37,1,1
2026-08-05,2026-08-05 20:58:14,2-jours,regular,,Pass 2 Jours,Shotgun,95.0,107.37,1,1
2026-08-05,2026-08-05 20:58:21,2-jours,regular,,Pass 2 Jours,Shotgun,95.0,107.37,1,1
2026-08-05,2026-08-05 21:07:03,2-jours,regular,,Pass 2 Jours,Shotgun,95.0,107.37,1,1
2026-08-05,2026-08-05 21:20:50,samedi,regular,['samedi'],Pass Samedi,Shotgun,54.09,61.14,1,1
2026-08-05,2026-08-05 21:33:33,2-jours,regular,,Pass 2 Jours,Shotgun,95.0,107.37,1,1
2026-08-05,2026-08-05 21:33:42,2-jours,regular,,Pass 2 Jours,Shotgun,95.0,107.37,1,1
2026-08-05,2026-08-05 21:35:21,2-jours,regular,,Pass 2 Jours,Shotgun,95.0,107.37,1,1
2026-08-05,2026-08-05 21:36:51,2-jours,regular,,Pass 2 Jours,Shotgun,95.0,107.37,1,1
2026-08-05,2026-08-05 21:56:06,vendredi,regular,['vendredi'],Pass Vendredi,Shotgun,54.09,61.14,1,1
2026-08-05,2026-08-05 22:03:33,samedi,regular,['samedi'],Pass Samedi,Shotgun,54.09,61.14,1,1
2026-08-05,2026-08-05 22:14:43,2-jours,regular,,Pass 2 Jours,Shotgun,95.0,107.37,1,1
2026-08-05,2026-08-05 22:31:50,2-jours,regular,,Pass 2 Jours,Shotgun,95.0,107.37,1,1
2026-08-05,2026-08-05 23:11:17,samedi,early_entry,['samedi'],Pass Samedi,Shotgun,50.0,56.51,1,1
2026-08-05,2026-08-05 23:23:04,vendredi,vip,['vendredi'],Pass Acces Scene,Shotgun,120.0,135.63,1,1
2026-08-05,2026-08-05 23:23:04,vendredi,vip,['vendredi'],Pass Acces Scene,Shotgun,120.0,135.63,1,1
2026-08-05,2026-08-05 23:23:04,samedi,regular,['samedi'],Pass Samedi,Shotgun,54.09,61.14,1,1
2026-08-05,2026-08-05 23:23:04,samedi,regular,['samedi'],Pass Samedi,Shotgun,54.09,61.14,1,1
2026-08-05,2026-08-05 23:41:32,2-jours,regular,,Pass 2 Jours,Shotgun,95.0,107.37,1,1
2026-08-05,2026-08-05 23:47:51,samedi,regular,['samedi'],Pass Samedi,Shotgun,54.09,61.14,1,1
2026-08-06,2026-08-06 00:55:12,samedi,early_entry,['samedi'],Pass Samedi,Shotgun,50.0,56.51,1,1
2026-08-06,2026-08-06 00:55:12,samedi,early_entry,['samedi'],Pass Samedi,Shotgun,50.0,56.51,1,1
2026-08-06,2026-08-06 05:05:42,samedi,regular,['samedi'],Pass Samedi,Shotgun,54.09,61.14,1,1
2026-08-06,2026-08-06 07:12:24,vendredi,regular,['vendredi'],Pass Vendredi,Shotgun,54.09,61.14,1,1
2026-08-06,2026-08-06 07:31:19,2-jours,regular,,Pass 2 Jours,Shotgun,95.0,107.37,1,1
2026-08-06,2026-08-06 07:31:19,2-jours,regular,,Pass 2 Jours,Shotgun,95.0,107.37,1,1
2026-08-06,2026-08-06 07:32:40,vendredi,regular,['vendredi'],Pass Vendredi,Shotgun,54.09,61.14,1,1
2026-08-06,2026-08-06 07:41:02,samedi,regular,['samedi'],Pass Samedi,Shotgun,54.09,61.14,1,1
2026-08-06,2026-08-06 07:42:43,vendredi,vip,['vendredi'],Pass Acces Scene,Shotgun,120.0,135.63,1,1
2026-08-06,2026-08-06 07:51:18,vendredi,vip,['vendredi'],Pass Acces Scene,Shotgun,120.0,135.63,1,1
2026-08-06,2026-08-06 08:54:00,2-jours,regular,,Pass 2 Jours,Shotgun,95.0,107.37,1,1
2026-08-06,2026-08-06 08:56:33,2-jours,regular,,Pass 2 Jours,Shotgun,95.0,107.37,1,1
2026-08-06,2026-08-06 09:02:08,2-jours,regular,,Pass 2 Jours,Shotgun,95.0,107.37,1,1
2026-08-06,2026-08-06 09:14:46,vendredi,regular,['vendredi'],Pass Vendredi,Shotgun,54.09,61.14,1,1
2026-08-06,2026-08-06 09:21:41,2-jours,regular,,Pass 2 Jours,Shotgun,95.0,107.37,1,1
2026-08-06,2026-08-06 09:22:54,vendredi,regular,['vendredi'],Pass Vendredi,Shotgun,54.09,61.14,1,1
2026-08-06,2026-08-06 10:01:12,vendredi,regular,['vendredi'],Pass Vendredi,Shotgun,54.09,61.14,1,1
2026-08-06,2026-08-06 10:09:17,2-jours,regular,,Pass 2 Jours,Shotgun,95.0,107.37,1,1
2026-08-06,2026-08-06 10:14:13,2-jours,regular,,Pass 2 Jours,Shotgun,95.0,107.37,1,1
2026-08-06,2026-08-06 10:16:38,samedi,regular,['samedi'],Pass Samedi,Shotgun,54.09,61.14,1,1
2026-08-06,2026-08-06 10:31:09,vendredi,regular,['vendredi'],Pass Vendredi,Shotgun,54.09,61.14,1,1
2026-08-06,2026-08-06 10:31:09,vendredi,regular,['vendredi'],Pass Vendredi,Shotgun,54.09,61.14,1,1
2026-08-06,2026-08-06 11:08:17,vendredi,regular,['vendredi'],Pass Vendredi,Shotgun,54.09,61.14,1,1
2026-08-06,2026-08-06 11:16:17,samedi,regular,['samedi'],Pass Samedi,Shotgun,54.09,61.14,1,1
2026-08-06,2026-08-06 11:24:22,2-jours,regular,,Pass 2 Jours,Shotgun,95.0,107.37,1,1
2026-08-06,2026-08-06 11:26:54,vendredi,regular,['vendredi'],Pass Vendredi,Shotgun,54.09,61.14,1,1
2026-08-06,2026-08-06 11:32:10,2-jours,regular,,Pass 2 Jours,Shotgun,95.0,107.37,1,1
2026-08-06,2026-08-06 11:36:07,samedi,early_entry,['samedi'],Pass Samedi,Shotgun,50.0,56.51,1,1
2026-08-06,2026-08-06 11:40:29,2-jours,regular,,Pass 2 Jours,Shotgun,95.0,107.37,1,1
2026-08-06,2026-08-06 11:59:57,2-jours,regular,,Pass 2 Jours,Shotgun,95.0,107.37,1,1
2026-08-06,2026-08-06 12:58:13,vendredi,regular,['vendredi'],Pass Vendredi,Shotgun,54.09,61.14,1,1
2026-08-06,2026-08-06 13:05:12,2-jours,regular,,Pass 2 Jours,Shotgun,95.0,107.37,1,1
2026-08-06,2026-08-06 13:11:12,samedi,regular,['samedi'],Pass Samedi,Shotgun,54.09,61.14,1,1
2026-08-06,2026-08-06 13:11:12,samedi,regular,['samedi'],Pass Samedi,Shotgun,54.09,61.14,1,1
2026-08-06,2026-08-06 13:18:44,2-jours,regular,,Pass 2 Jours,Shotgun,95.0,107.37,1,1
2026-08-06,2026-08-06 13:18:44,2-jours,regular,,Pass 2 Jours,Shotgun,95.0,107.37,1,1
2026-08-06,2026-08-06 13:34:10,vendredi,regular,['vendredi'],Pass Vendredi,Shotgun,54.09,61.14,1,1
2026-08-06,2026-08-06 13:34:10,vendredi,regular,['vendredi'],Pass Vendredi,Shotgun,54.09,61.14,1,1
2026-08-06,2026-08-06 13:34:10,vendredi,regular,['vendredi'],Pass Vendredi,Shotgun,54.09,61.14,1,1
2026-08-06,2026-08-06 13:34:10,vendredi,regular,['vendredi'],Pass Vendredi,Shotgun,54.09,61.14,1,1
2026-08-06,2026-08-06 13:46:13,vendredi,regular,['vendredi'],Pass Vendredi,Shotgun,54.09,61.14,1,1
2026-08-06,2026-08-06 13:52:51,2-jours,regular,,Pass 2 Jours,Shotgun,95.0,107.37,1,1
2026-08-06,2026-08-06 14:32:35,2-jours,regular,,Pass 2 Jours,Shotgun,95.0,107.37,1,1
2026-08-06,2026-08-06 14:42:59,2-jours,regular,,Pass 2 Jours,Shotgun,95.0,107.37,1,1
2026-08-06,2026-08-06 14:43:19,2-jours,regular,,Pass 2 Jours,Shotgun,95.0,107.37,1,1
2026-08-06,2026-08-06 15:04:06,vendredi,regular,['vendredi'],Pass Vendredi,Shotgun,54.09,61.14,1,1
2026-08-06,2026-08-06 15:28:27,2-jours,regular,,Pass 2 Jours,Shotgun,95.0,107.37,1,1
2026-08-06,2026-08-06 15:38:47,2-jours,regular,,Pass 2 Jours,Shotgun,95.0,107.37,1,1
2026-08-06,2026-08-06 15:50:10,vendredi,early_entry,['vendredi'],Pass Vendredi,Shotgun,50.0,56.51,1,1
2026-08-06,2026-08-06 15:50:13,samedi,regular,['samedi'],Pass Samedi,Shotgun,54.09,61.14,1,1
2026-08-06,2026-08-06 15:50:32,samedi,regular,['samedi'],Pass Samedi,Shotgun,54.09,61.14,1,1
2026-08-06,2026-08-06 15:50:32,samedi,regular,['samedi'],Pass Samedi,Shotgun,54.09,61.14,1,1
2026-08-06,2026-08-06 16:05:37,samedi,regular,['samedi'],Pass Samedi,Shotgun,54.09,61.14,1,1
2026-08-06,2026-08-06 16:14:44,vendredi,regular,['vendredi'],Pass Vendredi,Shotgun,54.09,61.14,1,1
2026-08-06,2026-08-06 16:14:44,vendredi,regular,['vendredi'],Pass Vendredi,Shotgun,54.09,61.14,1,1
2026-08-06,2026-08-06 17:03:42,2-jours,regular,,Pass 2 Jours,Shotgun,95.0,107.37,1,1
2026-08-06,2026-08-06 17:19:32,2-jours,regular,,Pass 2 Jours,Shotgun,95.0,107.37,1,1
2026-08-06,2026-08-06 17:19:32,2-jours,regular,,Pass 2 Jours,Shotgun,95.0,107.37,1,1
2026-08-06,2026-08-06 17:21:12,vendredi,early_entry,['vendredi'],Pass Vendredi,Shotgun,50.0,56.51,1,1
2026-08-06,2026-08-06 17:29:07,2-jours,regular,,Pass 2 Jours,Shotgun,95.0,107.37,1,1
2026-08-06,2026-08-06 17:29:07,2-jours,regular,,Pass 2 Jours,Shotgun,95.0,107.37,1,1
2026-08-06,2026-08-06 17:31:04,vendredi,regular,['vendredi'],Pass Vendredi,Shotgun,54.09,61.14,1,1
2026-08-06,2026-08-06 17:31:04,vendredi,regular,['vendredi'],Pass Vendredi,Shotgun,54.09,61.14,1,1
2026-08-06,2026-08-06 17:33:00,vendredi,regular,['vendredi'],Pass Vendredi,Shotgun,54.09,61.14,1,1
2026-08-06,2026-08-06 17:33:00,vendredi,regular,['vendredi'],Pass Vendredi,Shotgun,54.09,61.14,1,1
2026-08-06,2026-08-06 17:33:17,vendredi,regular,['vendredi'],Pass Vendredi,Shotgun,54.09,61.14,1,1
2026-08-06,2026-08-06 17:33:17,vendredi,regular,['vendredi'],Pass Vendredi,Shotgun,54.09,61.14,1,1
2026-08-06,2026-08-06 17:43:01,vendredi,early_entry,['vendredi'],Pass Vendredi,Shotgun,50.0,56.51,1,1
2026-08-06,2026-08-06 18:18:38,vendredi,regular,['vendredi'],Pass Vendredi,Shotgun,54.09,61.14,1,1
2026-08-06,2026-08-06 18:20:09,vendredi,regular,['vendredi'],Pass Vendredi,Shotgun,54.09,61.14,1,1
2026-08-06,2026-08-06 18:21:55,2-jours,regular,,Pass 2 Jours,Shotgun,95.0,107.37,1,1
2026-08-06,2026-08-06 18:21:55,2-jours,regular,,Pass 2 Jours,Shotgun,95.0,107.37,1,1
2026-08-06,2026-08-06 18:28:08,2-jours,regular,,Pass 2 Jours,Shotgun,95.0,107.37,1,1
2026-08-06,2026-08-06 18:29:23,2-jours,regular,,Pass 2 Jours,Shotgun,95.0,107.37,1,1
2026-08-06,2026-08-06 18:32:32,2-jours,regular,,Pass 2 Jours,Shotgun,95.0,107.37,1,1
2026-08-06,2026-08-06 18:43:41,2-jours,regular,,Pass 2 Jours,Shotgun,95.0,107.37,1,1
2026-08-06,2026-08-06 18:48:52,vendredi,regular,['vendredi'],Pass Vendredi,Shotgun,54.09,61.14,1,1
2026-08-06,2026-08-06 18:50:24,vendredi,regular,['vendredi'],Pass Vendredi,Shotgun,54.09,61.14,1,1
2026-08-06,2026-08-06 19:02:19,vendredi,regular,['vendredi'],Pass Vendredi,Shotgun,54.09,61.14,1,1
2026-08-06,2026-08-06 19:13:24,2-jours,regular,,Pass 2 Jours,Shotgun,95.0,107.37,1,1
2026-08-06,2026-08-06 19:19:23,2-jours,regular,,Pass 2 Jours,Shotgun,95.0,107.37,1,1
2026-08-06,2026-08-06 19:21:48,vendredi,regular,['vendredi'],Pass Vendredi,Shotgun,54.09,61.14,1,1
2026-08-06,2026-08-06 19:21:48,vendredi,regular,['vendredi'],Pass Vendredi,Shotgun,54.09,61.14,1,1
2026-08-06,2026-08-06 19:39:19,samedi,early_entry,['samedi'],Pass Samedi,Shotgun,50.0,56.51,1,1
2026-08-06,2026-08-06 19:39:19,samedi,early_entry,['samedi'],Pass Samedi,Shotgun,50.0,56.51,1,1
2026-08-06,2026-08-06 19:39:32,2-jours,regular,,Pass 2 Jours,Shotgun,95.0,107.37,1,1
2026-08-06,2026-08-06 19:39:32,2-jours,regular,,Pass 2 Jours,Shotgun,95.0,107.37,1,1
2026-08-06,2026-08-06 19:41:21,2-jours,regular,,Pass 2 Jours,Shotgun,95.0,107.37,1,1
2026-08-06,2026-08-06 19:41:39,2-jours,regular,,Pass 2 Jours,Shotgun,95.0,107.37,1,1
2026-08-06,2026-08-06 19:41:39,2-jours,regular,,Pass 2 Jours,Shotgun,95.0,107.37,1,1
2026-08-06,2026-08-06 19:41:39,2-jours,regular,,Pass 2 Jours,Shotgun,95.0,107.37,1,1
2026-08-06,2026-08-06 19:55:12,2-jours,regular,,Pass 2 Jours,Shotgun,95.0,107.37,1,1
2026-08-06,2026-08-06 19:58:22,2-jours,regular,,Pass 2 Jours,Shotgun,95.0,107.37,1,1
2026-08-06,2026-08-06 19:59:00,samedi,early_entry,['samedi'],Pass Samedi,Shotgun,50.0,56.51,1,1
2026-08-06,2026-08-06 20:02:19,2-jours,regular,,Pass 2 Jours,Shotgun,95.0,107.37,1,1
2026-08-06,2026-08-06 20:08:43,vendredi,regular,['vendredi'],Pass Vendredi,Shotgun,54.09,61.14,1,1
2026-08-06,2026-08-06 20:08:48,vendredi,early_entry,['vendredi'],Pass Vendredi,Shotgun,50.0,56.51,1,1
2026-08-06,2026-08-06 20:18:30,2-jours,regular,,Pass 2 Jours,Shotgun,95.0,107.37,1,1
2026-08-06,2026-08-06 20:18:54,2-jours,regular,,Pass 2 Jours,Shotgun,95.0,107.37,1,1
2026-08-06,2026-08-06 20:27:35,samedi,early_entry,['samedi'],Pass Samedi,Shotgun,50.0,56.51,1,1
2026-08-06,2026-08-06 20:27:35,samedi,early_entry,['samedi'],Pass Samedi,Shotgun,50.0,56.51,1,1
2026-08-06,2026-08-06 20:38:13,vendredi,regular,['vendredi'],Pass Vendredi,Shotgun,54.09,61.14,1,1
2026-08-06,2026-08-06 20:52:37,2-jours,regular,,Pass 2 Jours,Shotgun,95.0,107.37,1,1
2026-08-06,2026-08-06 20:53:14,2-jours,regular,,Pass 2 Jours,Shotgun,95.0,107.37,1,1
2026-08-06,2026-08-06 21:11:24,2-jours,regular,,Pass 2 Jours,Shotgun,95.0,107.37,1,1
2026-08-06,2026-08-06 21:12:08,2-jours,regular,,Pass 2 Jours,Shotgun,95.0,107.37,1,1
2026-08-06,2026-08-06 21:31:44,2-jours,regular,,Pass 2 Jours,Shotgun,95.0,107.37,1,1
2026-08-06,2026-08-06 21:40:10,samedi,early_entry,['samedi'],Pass Samedi,Shotgun,50.0,56.51,1,1
2026-08-06,2026-08-06 22:45:01,2-jours,regular,,Pass 2 Jours,Shotgun,95.0,107.37,1,1
2026-08-06,2026-08-06 23:43:00,2-jours,regular,,Pass 2 Jours,Shotgun,95.0,107.37,1,1
2026-08-06,2026-08-06 23:43:00,2-jours,regular,,Pass 2 Jours,Shotgun,95.0,107.37,1,1
2026-08-06,2026-08-06 23:46:12,2-jours,regular,,Pass 2 Jours,Shotgun,95.0,107.37,1,1
2026-08-06,2026-08-06 23:53:36,2-jours,regular,,Pass 2 Jours,Shotgun,95.0,107.37,1,1
2026-08-06,2026-08-06 23:54:45,2-jours,regular,,Pass 2 Jours,Shotgun,95.0,107.37,1,1
2026-08-07,2026-08-07 00:03:07,samedi,regular,['samedi'],Pass Samedi,Shotgun,54.09,61.14,1,1
2026-08-07,2026-08-07 00:03:07,samedi,regular,['samedi'],Pass Samedi,Shotgun,54.09,61.14,1,1
2026-08-07,2026-08-07 00:03:07,samedi,regular,['samedi'],Pass Samedi,Shotgun,54.09,61.14,1,1
2026-08-07,2026-08-07 00:45:13,vendredi,regular,['vendredi'],Pass Vendredi,Shotgun,54.09,61.14,1,1
2026-08-07,2026-08-07 06:08:16,samedi,regular,['samedi'],Pass Samedi,Shotgun,54.09,61.14,1,1
2026-08-07,2026-08-07 07:14:50,vendredi,regular,['vendredi'],Pass Vendredi,Shotgun,54.09,61.14,1,1
2026-08-07,2026-08-07 07:42:50,vendredi,regular,['vendredi'],Pass Vendredi,Shotgun,54.09,61.14,1,1
2026-08-07,2026-08-07 07:42:50,vendredi,regular,['vendredi'],Pass Vendredi,Shotgun,54.09,61.14,1,1
2026-08-07,2026-08-07 07:44:34,samedi,early_entry,['samedi'],Pass Samedi,Shotgun,50.0,56.51,1,1
2026-08-07,2026-08-07 07:57:27,2-jours,regular,,Pass 2 Jours,Shotgun,95.0,107.37,1,1
2026-08-07,2026-08-07 07:57:27,2-jours,regular,,Pass 2 Jours,Shotgun,95.0,107.37,1,1
2026-08-07,2026-08-07 08:01:34,vendredi,regular,['vendredi'],Pass Vendredi,Shotgun,55.0,55.5,1,1
2026-08-07,2026-08-07 08:23:16,2-jours,regular,,Pass 2 Jours,Shotgun,95.0,107.37,1,1
2026-08-07,2026-08-07 08:39:18,2-jours,regular,,Pass 2 Jours,Shotgun,95.0,107.37,1,1
2026-08-07,2026-08-07 09:42:50,vendredi,regular,['vendredi'],Pass Vendredi,Shotgun,54.09,61.14,1,1
2026-08-07,2026-08-07 09:42:50,vendredi,regular,['vendredi'],Pass Vendredi,Shotgun,54.09,61.14,1,1
2026-08-07,2026-08-07 11:07:59,vendredi,regular,['vendredi'],Pass Vendredi,Shotgun,55.0,55.5,1,1
2026-08-07,2026-08-07 11:14:20,2-jours,regular,,Pass 2 Jours,Shotgun,95.0,107.37,1,1
2026-08-07,2026-08-07 11:16:23,2-jours,regular,,Pass 2 Jours,Shotgun,95.0,107.37,1,1
2026-08-07,2026-08-07 11:16:23,2-jours,regular,,Pass 2 Jours,Shotgun,95.0,107.37,1,1
2026-08-07,2026-08-07 11:37:33,2-jours,regular,,Pass 2 Jours,Shotgun,95.0,107.37,1,1
2026-08-07,2026-08-07 11:38:28,2-jours,regular,,Pass 2 Jours,Shotgun,95.0,107.37,1,1
2026-08-07,2026-08-07 11:45:26,samedi,regular,['samedi'],Pass Samedi,Shotgun,54.09,61.14,1,1
2026-08-07,2026-08-07 11:45:26,samedi,regular,['samedi'],Pass Samedi,Shotgun,54.09,61.14,1,1
2026-08-07,2026-08-07 11:55:43,2-jours,regular,,Pass 2 Jours,Shotgun,95.0,107.37,1,1
2026-08-07,2026-08-07 12:01:30,samedi,regular,['samedi'],Pass Samedi,Shotgun,54.09,61.14,1,1
2026-08-07,2026-08-07 12:20:39,2-jours,regular,,Pass 2 Jours,Shotgun,95.0,107.37,1,1
2026-08-07,2026-08-07 12:24:23,vendredi,regular,['vendredi'],Pass Vendredi,Shotgun,54.09,61.14,1,1
2026-08-07,2026-08-07 12:58:54,2-jours,regular,,Pass 2 Jours,Shotgun,95.0,107.37,1,1
2026-08-07,2026-08-07 13:09:49,2-jours,regular,,Pass 2 Jours,Shotgun,95.0,107.37,1,1
2026-08-07,2026-08-07 13:18:32,2-jours,regular,,Pass 2 Jours,Shotgun,95.0,107.37,1,1
2026-08-07,2026-08-07 13:23:46,2-jours,regular,,Pass 2 Jours,Shotgun,95.0,107.37,1,1
2026-08-07,2026-08-07 13:24:44,samedi,regular,['samedi'],Pass Samedi,Shotgun,54.09,61.14,1,1
2026-08-07,2026-08-07 13:26:42,2-jours,regular,,Pass 2 Jours,Shotgun,95.0,107.37,1,1
2026-08-07,2026-08-07 13:28:19,2-jours,regular,,Pass 2 Jours,Shotgun,95.0,107.37,1,1
2026-08-07,2026-08-07 14:00:55,vendredi,regular,['vendredi'],Pass Vendredi,Shotgun,54.09,61.14,1,1
2026-08-07,2026-08-07 14:03:05,2-jours,regular,,Pass 2 Jours,Shotgun,95.0,107.37,1,1
2026-08-07,2026-08-07 14:10:35,vendredi,regular,['vendredi'],Pass Vendredi,Shotgun,54.09,61.14,1,1
2026-08-07,2026-08-07 14:18:38,samedi,early_entry,['samedi'],Pass Samedi,Shotgun,50.0,56.51,1,1
2026-08-07,2026-08-07 14:28:20,2-jours,regular,,Pass 2 Jours,Shotgun,95.0,107.37,1,1
2026-08-07,2026-08-07 14:28:20,2-jours,regular,,Pass 2 Jours,Shotgun,95.0,107.37,1,1
2026-08-07,2026-08-07 14:33:01,samedi,regular,['samedi'],Pass Samedi,Shotgun,54.09,61.14,1,1
2026-08-07,2026-08-07 15:56:43,2-jours,regular,,Pass 2 Jours,Shotgun,95.0,107.37,1,1
2026-08-07,2026-08-07 15:56:43,2-jours,regular,,Pass 2 Jours,Shotgun,95.0,107.37,1,1
2026-08-07,2026-08-07 16:00:10,vendredi,regular,['vendredi'],Pass Vendredi,Shotgun,54.09,61.14,1,1
2026-08-07,2026-08-07 16:13:01,samedi,early_entry,['samedi'],Pass Samedi,Shotgun,50.0,56.51,1,1
2026-08-07,2026-08-07 16:15:55,samedi,early_entry,['samedi'],Pass Samedi,Shotgun,50.0,56.51,1,1
2026-08-07,2026-08-07 16:21:03,2-jours,regular,,Pass 2 Jours,Shotgun,95.0,107.37,1,1
2026-08-07,2026-08-07 16:27:19,vendredi,regular,['vendredi'],Pass Vendredi,Shotgun,54.09,61.14,1,1
2026-08-07,2026-08-07 16:27:44,vendredi,regular,['vendredi'],Pass Vendredi,Shotgun,54.09,61.14,1,1
2026-08-07,2026-08-07 17:02:10,vendredi,regular,['vendredi'],Pass Vendredi,Shotgun,54.09,61.14,1,1
2026-08-07,2026-08-07 17:23:17,vendredi,regular,['vendredi'],Pass Vendredi,Shotgun,54.09,61.14,1,1
2026-08-07,2026-08-07 17:23:17,vendredi,regular,['vendredi'],Pass Vendredi,Shotgun,54.09,61.14,1,1
2026-08-07,2026-08-07 17:34:53,2-jours,regular,,Pass 2 Jours,Shotgun,95.0,107.37,1,1
2026-08-07,2026-08-07 17:39:38,2-jours,regular,,Pass 2 Jours,Shotgun,95.0,107.37,1,1
2026-08-07,2026-08-07 17:41:36,2-jours,regular,,Pass 2 Jours,Shotgun,95.0,107.37,1,1
2026-08-07,2026-08-07 17:42:55,2-jours,regular,,Pass 2 Jours,Shotgun,95.0,107.37,1,1
2026-08-07,2026-08-07 17:52:30,vendredi,regular,['vendredi'],Pass Vendredi,Shotgun,54.09,61.14,1,1
2026-08-07,2026-08-07 17:52:30,vendredi,regular,['vendredi'],Pass Vendredi,Shotgun,54.09,61.14,1,1
2026-08-07,2026-08-07 18:10:43,vendredi,regular,['vendredi'],Pass Vendredi,Shotgun,54.09,61.14,1,1
2026-08-07,2026-08-07 18:10:43,vendredi,regular,['vendredi'],Pass Vendredi,Shotgun,54.09,61.14,1,1
2026-08-07,2026-08-07 18:14:35,vendredi,regular,['vendredi'],Pass Vendredi,Shotgun,54.09,61.14,1,1
2026-08-07,2026-08-07 18:29:15,samedi,vip,['samedi'],Pass Acces Scene,Shotgun,120.0,135.63,1,1
2026-08-07,2026-08-07 18:29:15,vendredi,regular,['vendredi'],Pass Vendredi,Shotgun,54.09,61.14,1,1
2026-08-07,2026-08-07 18:40:37,vendredi,regular,['vendredi'],Pass Vendredi,Shotgun,54.09,61.14,1,1
2026-08-07,2026-08-07 18:53:43,2-jours,regular,,Pass 2 Jours,Shotgun,95.0,107.37,1,1
2026-08-07,2026-08-07 19:10:58,vendredi,early_entry,['vendredi'],Pass Vendredi,Shotgun,50.0,56.51,1,1
2026-08-07,2026-08-07 19:10:58,vendredi,early_entry,['vendredi'],Pass Vendredi,Shotgun,50.0,56.51,1,1
2026-08-07,2026-08-07 19:19:54,samedi,regular,['samedi'],Pass Samedi,Shotgun,54.09,61.14,1,1
2026-08-07,2026-08-07 19:21:11,2-jours,regular,,Pass 2 Jours,Shotgun,95.0,107.37,1,1
2026-08-07,2026-08-07 19:36:01,2-jours,regular,,Pass 2 Jours,Shotgun,95.0,107.37,1,1
2026-08-07,2026-08-07 19:59:14,2-jours,regular,,Pass 2 Jours,Shotgun,95.0,107.37,1,1
2026-08-07,2026-08-07 20:01:42,2-jours,regular,,Pass 2 Jours,Shotgun,95.0,107.37,1,1
2026-08-07,2026-08-07 20:34:52,2-jours,regular,,Pass 2 Jours,Shotgun,95.0,107.37,1,1
2026-08-07,2026-08-07 20:44:26,samedi,regular,['samedi'],Pass Samedi,Shotgun,54.09,61.14,1,1
2026-08-07,2026-08-07 20:45:48,samedi,regular,['samedi'],Pass Samedi,Shotgun,54.09,61.14,1,1
2026-08-07,2026-08-07 20:49:55,2-jours,regular,,Pass 2 Jours,Shotgun,95.0,107.37,1,1
2026-08-07,2026-08-07 20:53:04,vendredi,regular,['vendredi'],Pass Vendredi,Shotgun,54.09,61.14,1,1
2026-08-07,2026-08-07 21:00:34,samedi,regular,['samedi'],Pass Samedi,Shotgun,54.09,61.14,1,1
2026-08-07,2026-08-07 21:13:12,vendredi,regular,['vendredi'],Pass Vendredi,Shotgun,54.09,61.14,1,1
2026-08-07,2026-08-07 21:24:00,samedi,regular,['samedi'],Pass Samedi,Shotgun,54.09,61.14,1,1
2026-08-07,2026-08-07 21:24:50,2-jours,regular,,Pass 2 Jours,Shotgun,95.0,95.5,1,1
2026-08-07,2026-08-07 21:36:43,2-jours,regular,,Pass 2 Jours,Shotgun,95.0,107.37,1,1
2026-08-07,2026-08-07 21:36:43,2-jours,regular,,Pass 2 Jours,Shotgun,95.0,107.37,1,1
2026-08-07,2026-08-07 21:48:43,vendredi,regular,['vendredi'],Pass Vendredi,Shotgun,54.09,61.14,1,1
2026-08-07,2026-08-07 22:01:10,2-jours,regular,,Pass 2 Jours,Shotgun,95.0,107.37,1,1
2026-08-07,2026-08-07 22:02:51,samedi,regular,['samedi'],Pass Samedi,Shotgun,54.09,61.14,1,1
2026-08-07,2026-08-07 22:26:51,2-jours,regular,,Pass 2 Jours,Shotgun,95.0,107.37,1,1
2026-08-07,2026-08-07 22:30:34,samedi,regular,['samedi'],Pass Samedi,Shotgun,54.09,61.14,1,1
2026-08-07,2026-08-07 22:30:34,samedi,regular,['samedi'],Pass Samedi,Shotgun,54.09,61.14,1,1
2026-08-07,2026-08-07 22:32:17,vendredi,regular,['vendredi'],Pass Vendredi,Shotgun,54.09,61.14,1,1
2026-08-07,2026-08-07 22:46:51,vendredi,early_entry,['vendredi'],Pass Vendredi,Shotgun,50.0,56.51,1,1
2026-08-07,2026-08-07 22:46:51,vendredi,early_entry,['vendredi'],Pass Vendredi,Shotgun,50.0,56.51,1,1
2026-08-07,2026-08-07 22:55:00,samedi,early_entry,['samedi'],Pass Samedi,Shotgun,50.0,56.51,1,1
2026-08-07,2026-08-07 22:55:00,samedi,early_entry,['samedi'],Pass Samedi,Shotgun,50.0,56.51,1,1
2026-08-07,2026-08-07 22:59:18,2-jours,regular,,Pass 2 Jours,Shotgun,95.0,107.37,1,1
2026-08-07,2026-08-07 23:02:20,2-jours,regular,,Pass 2 Jours,Shotgun,95.0,107.37,1,1
2026-08-07,2026-08-07 23:49:49,samedi,regular,['samedi'],Pass Samedi,Shotgun,54.09,61.14,1,1
2026-08-08,2026-08-08 00:01:39,2-jours,regular,,Pass 2 Jours,Shotgun,95.0,107.37,1,1
2026-08-08,2026-08-08 00:02:38,2-jours,regular,,Pass 2 Jours,Shotgun,95.0,107.37,1,1
2026-08-08,2026-08-08 00:07:43,2-jours,regular,,Pass 2 Jours,Shotgun,95.0,107.37,1,1
2026-08-08,2026-08-08 01:38:17,2-jours,regular,,Pass 2 Jours,Shotgun,95.0,107.37,1,1
2026-08-08,2026-08-08 02:44:58,samedi,regular,['samedi'],Pass Samedi,Shotgun,54.09,61.14,1,1
2026-08-08,2026-08-08 07:04:29,vendredi,regular,['vendredi'],Pass Vendredi,Shotgun,54.09,61.14,1,1
2026-08-08,2026-08-08 07:17:32,vendredi,early_entry,['vendredi'],Pass Vendredi,Shotgun,50.0,56.51,1,1
2026-08-08,2026-08-08 07:17:32,vendredi,early_entry,['vendredi'],Pass Vendredi,Shotgun,50.0,56.51,1,1
2026-08-08,2026-08-08 08:39:36,2-jours,regular,,Pass 2 Jours,Shotgun,95.0,107.37,1,1
2026-08-08,2026-08-08 08:49:43,2-jours,regular,,Pass 2 Jours,Shotgun,95.0,107.37,1,1
2026-08-08,2026-08-08 09:29:55,vendredi,regular,['vendredi'],Pass Vendredi,Shotgun,54.09,61.14,1,1
2026-08-08,2026-08-08 09:52:10,samedi,regular,['samedi'],Pass Samedi,Shotgun,54.09,61.14,1,1
2026-08-08,2026-08-08 10:45:07,2-jours,regular,,Pass 2 Jours,Shotgun,95.0,107.37,1,1
2026-08-08,2026-08-08 10:47:15,2-jours,regular,,Pass 2 Jours,Shotgun,95.0,107.37,1,1
2026-08-08,2026-08-08 10:50:36,2-jours,regular,,Pass 2 Jours,Shotgun,95.0,107.37,1,1
2026-08-08,2026-08-08 10:52:06,2-jours,regular,,Pass 2 Jours,Shotgun,95.0,107.37,1,1
2026-08-08,2026-08-08 10:52:28,samedi,early_entry,['samedi'],Pass Samedi,Shotgun,50.0,56.51,1,1
2026-08-08,2026-08-08 10:52:39,2-jours,regular,,Pass 2 Jours,Shotgun,95.0,107.37,1,1
2026-08-08,2026-08-08 10:54:50,2-jours,regular,,Pass 2 Jours,Shotgun,95.0,107.37,1,1
2026-08-08,2026-08-08 11:04:26,2-jours,regular,,Pass 2 Jours,Shotgun,95.0,107.37,1,1
2026-08-08,2026-08-08 11:30:58,vendredi,regular,['vendredi'],Pass Vendredi,Shotgun,54.09,61.14,1,1
2026-08-08,2026-08-08 11:43:12,vendredi,regular,['vendredi'],Pass Vendredi,Shotgun,54.09,61.14,1,1
2026-08-08,2026-08-08 12:14:44,samedi,regular,['samedi'],Pass Samedi,Shotgun,54.09,61.14,1,1
2026-08-08,2026-08-08 12:31:30,vendredi,regular,['vendredi'],Pass Vendredi,Shotgun,54.09,61.14,1,1
2026-08-08,2026-08-08 13:05:23,vendredi,regular,['vendredi'],Pass Vendredi,Shotgun,54.09,61.14,1,1
2026-08-08,2026-08-08 13:08:17,vendredi,regular,['vendredi'],Pass Vendredi,Shotgun,54.09,61.14,1,1
2026-08-08,2026-08-08 13:09:56,vendredi,regular,['vendredi'],Pass Vendredi,Shotgun,54.09,61.14,1,1
2026-08-08,2026-08-08 13:09:56,vendredi,regular,['vendredi'],Pass Vendredi,Shotgun,54.09,61.14,1,1
2026-08-08,2026-08-08 13:33:44,vendredi,regular,['vendredi'],Pass Vendredi,Shotgun,54.09,61.14,1,1
2026-08-08,2026-08-08 13:33:44,vendredi,regular,['vendredi'],Pass Vendredi,Shotgun,54.09,61.14,1,1
2026-08-08,2026-08-08 13:41:42,2-jours,regular,,Pass 2 Jours,Shotgun,95.0,107.37,1,1
2026-08-08,2026-08-08 15:04:41,vendredi,regular,['vendredi'],Pass Vendredi,Shotgun,54.09,61.14,1,1
2026-08-08,2026-08-08 15:04:41,vendredi,regular,['vendredi'],Pass Vendredi,Shotgun,54.09,61.14,1,1
2026-08-08,2026-08-08 15:10:28,vendredi,regular,['vendredi'],Pass Vendredi,Shotgun,54.09,61.14,1,1
2026-08-08,2026-08-08 15:25:49,2-jours,regular,,Pass 2 Jours,Shotgun,95.0,107.37,1,1
2026-08-08,2026-08-08 15:25:49,2-jours,regular,,Pass 2 Jours,Shotgun,95.0,107.37,1,1
2026-08-08,2026-08-08 15:29:27,vendredi,regular,['vendredi'],Pass Vendredi,Shotgun,54.09,61.14,1,1
2026-08-08,2026-08-08 15:29:27,vendredi,regular,['vendredi'],Pass Vendredi,Shotgun,54.09,61.14,1,1
2026-08-08,2026-08-08 15:33:50,vendredi,regular,['vendredi'],Pass Vendredi,Shotgun,54.09,61.14,1,1
2026-08-08,2026-08-08 15:37:26,vendredi,regular,['vendredi'],Pass Vendredi,Shotgun,54.09,61.14,1,1
2026-08-08,2026-08-08 15:49:10,vendredi,regular,['vendredi'],Pass Vendredi,Shotgun,54.09,61.14,1,1
2026-08-08,2026-08-08 15:58:56,samedi,regular,['samedi'],Pass Samedi,Shotgun,54.09,61.14,1,1
2026-08-08,2026-08-08 15:58:56,samedi,regular,['samedi'],Pass Samedi,Shotgun,54.09,61.14,1,1
2026-08-08,2026-08-08 16:01:32,2-jours,regular,,Pass 2 Jours,Shotgun,95.0,107.37,1,1
2026-08-08,2026-08-08 17:05:15,2-jours,regular,,Pass 2 Jours,Shotgun,95.0,107.37,1,1
2026-08-08,2026-08-08 17:13:03,vendredi,regular,['vendredi'],Pass Vendredi,Shotgun,54.09,61.14,1,1
2026-08-08,2026-08-08 17:13:03,vendredi,regular,['vendredi'],Pass Vendredi,Shotgun,54.09,61.14,1,1
2026-08-08,2026-08-08 17:38:12,vendredi,early_entry,['vendredi'],Pass Vendredi,Shotgun,50.0,56.51,1,1
2026-08-08,2026-08-08 17:41:13,samedi,regular,['samedi'],Pass Samedi,Shotgun,54.09,61.14,1,1
2026-08-08,2026-08-08 17:41:13,samedi,regular,['samedi'],Pass Samedi,Shotgun,54.09,61.14,1,1
2026-08-08,2026-08-08 17:47:21,2-jours,regular,,Pass 2 Jours,Shotgun,95.0,107.37,1,1
2026-08-08,2026-08-08 17:54:19,vendredi,regular,['vendredi'],Pass Vendredi,Shotgun,54.09,61.14,1,1
2026-08-08,2026-08-08 17:55:19,vendredi,regular,['vendredi'],Pass Vendredi,Shotgun,54.09,61.14,1,1
2026-08-08,2026-08-08 17:55:36,samedi,regular,['samedi'],Pass Samedi,Shotgun,54.09,61.14,1,1
2026-08-08,2026-08-08 17:55:36,samedi,regular,['samedi'],Pass Samedi,Shotgun,54.09,61.14,1,1
2026-08-08,2026-08-08 18:07:08,vendredi,regular,['vendredi'],Pass Vendredi,Shotgun,54.09,61.14,1,1
2026-08-08,2026-08-08 18:07:08,vendredi,regular,['vendredi'],Pass Vendredi,Shotgun,54.09,61.14,1,1
2026-08-08,2026-08-08 18:27:08,vendredi,regular,['vendredi'],Pass Vendredi,Shotgun,54.09,61.14,1,1
2026-08-08,2026-08-08 18:27:08,vendredi,regular,['vendredi'],Pass Vendredi,Shotgun,54.09,61.14,1,1
2026-08-08,2026-08-08 18:27:37,2-jours,regular,,Pass 2 Jours,Shotgun,95.0,107.37,1,1
2026-08-08,2026-08-08 18:40:09,vendredi,regular,['vendredi'],Pass Vendredi,Shotgun,54.09,61.14,1,1
2026-08-08,2026-08-08 18:40:09,vendredi,regular,['vendredi'],Pass Vendredi,Shotgun,54.09,61.14,1,1
2026-08-08,2026-08-08 18:45:07,2-jours,regular,,Pass 2 Jours,Shotgun,95.0,107.37,1,1
2026-08-08,2026-08-08 19:10:38,vendredi,regular,['vendredi'],Pass Vendredi,Shotgun,54.09,61.14,1,1
2026-08-08,2026-08-08 19:16:12,2-jours,regular,,Pass 2 Jours,Shotgun,95.0,107.37,1,1
2026-08-08,2026-08-08 19:18:36,2-jours,regular,,Pass 2 Jours,Shotgun,95.0,107.37,1,1
2026-08-08,2026-08-08 19:24:54,2-jours,regular,,Pass 2 Jours,Shotgun,95.0,107.37,1,1
2026-08-08,2026-08-08 19:24:54,2-jours,regular,,Pass 2 Jours,Shotgun,95.0,107.37,1,1
2026-08-08,2026-08-08 19:24:54,2-jours,regular,,Pass 2 Jours,Shotgun,95.0,107.37,1,1
2026-08-08,2026-08-08 19:56:16,vendredi,regular,['vendredi'],Pass Vendredi,Shotgun,54.09,61.14,1,1
2026-08-08,2026-08-08 19:57:52,vendredi,regular,['vendredi'],Pass Vendredi,Shotgun,54.09,61.14,1,1
2026-08-08,2026-08-08 20:03:32,samedi,regular,['samedi'],Pass Samedi,Shotgun,54.09,61.14,1,1
2026-08-08,2026-08-08 20:22:33,2-jours,regular,,Pass 2 Jours,Shotgun,95.0,107.37,1,1
2026-08-08,2026-08-08 20:27:48,vendredi,regular,['vendredi'],Pass Vendredi,Shotgun,54.09,61.14,1,1
2026-08-08,2026-08-08 20:33:58,2-jours,regular,,Pass 2 Jours,Shotgun,95.0,107.37,1,1
2026-08-08,2026-08-08 20:39:36,vendredi,early_entry,['vendredi'],Pass Vendredi,Shotgun,50.0,56.51,1,1
2026-08-08,2026-08-08 20:40:20,samedi,regular,['samedi'],Pass Samedi,Shotgun,54.09,61.14,1,1
2026-08-08,2026-08-08 20:40:20,samedi,regular,['samedi'],Pass Samedi,Shotgun,54.09,61.14,1,1
2026-08-08,2026-08-08 20:42:39,2-jours,regular,,Pass 2 Jours,Shotgun,95.0,107.37,1,1
2026-08-08,2026-08-08 20:43:25,2-jours,regular,,Pass 2 Jours,Shotgun,95.0,107.37,1,1
2026-08-08,2026-08-08 20:53:08,2-jours,regular,,Pass 2 Jours,Shotgun,95.0,107.37,1,1
2026-08-08,2026-08-08 20:54:31,vendredi,regular,['vendredi'],Pass Vendredi,Shotgun,54.09,61.14,1,1
2026-08-08,2026-08-08 20:57:20,2-jours,regular,,Pass 2 Jours,Shotgun,95.0,107.37,1,1
2026-08-08,2026-08-08 21:27:54,samedi,regular,['samedi'],Pass Samedi,Shotgun,54.09,61.14,1,1
2026-08-08,2026-08-08 22:03:13,2-jours,regular,,Pass 2 Jours,Shotgun,95.0,107.37,1,1
2026-08-08,2026-08-08 22:04:36,2-jours,regular,,Pass 2 Jours,Shotgun,95.0,107.37,1,1
2026-08-08,2026-08-08 22:13:44,2-jours,regular,,Pass 2 Jours,Shotgun,95.0,107.37,1,1
2026-08-08,2026-08-08 23:13:57,vendredi,regular,['vendredi'],Pass Vendredi,Shotgun,54.09,61.14,1,1
2026-08-08,2026-08-08 23:15:21,2-jours,regular,,Pass 2 Jours,Shotgun,95.0,107.37,1,1
2026-08-08,2026-08-08 23:22:30,2-jours,regular,,Pass 2 Jours,Shotgun,95.0,107.37,1,1
2026-08-08,2026-08-08 23:47:14,2-jours,regular,,Pass 2 Jours,Shotgun,95.0,107.37,1,1
2026-08-08,2026-08-08 23:50:15,vendredi,early_entry,['vendredi'],Pass Vendredi,Shotgun,50.0,56.51,1,1
2026-08-09,2026-08-09 01:16:28,2-jours,regular,,Pass 2 Jours,Shotgun,95.0,107.37,1,1
2026-08-09,2026-08-09 02:14:13,2-jours,regular,,Pass 2 Jours,Shotgun,95.0,107.37,1,1
2026-08-09,2026-08-09 03:04:21,samedi,vip,['samedi'],Pass Acces Scene,Shotgun,120.0,135.63,1,1
2026-08-09,2026-08-09 03:49:09,samedi,early_entry,['samedi'],Pass Samedi,Shotgun,50.0,56.51,1,1
2026-08-09,2026-08-09 06:15:46,2-jours,regular,,Pass 2 Jours,Shotgun,95.0,107.37,1,1
2026-08-09,2026-08-09 06:21:00,2-jours,regular,,Pass 2 Jours,Shotgun,95.0,107.37,1,1
2026-08-09,2026-08-09 07:41:03,vendredi,regular,['vendredi'],Pass Vendredi,Shotgun,54.09,61.14,1,1
2026-08-09,2026-08-09 08:09:35,vendredi,early_entry,['vendredi'],Pass Vendredi,Shotgun,50.0,56.51,1,1
2026-08-09,2026-08-09 08:18:07,vendredi,early_entry,['vendredi'],Pass Vendredi,Shotgun,50.0,56.51,1,1
2026-08-09,2026-08-09 08:27:45,2-jours,regular,,Pass 2 Jours,Shotgun,95.0,107.37,1,1
2026-08-09,2026-08-09 08:31:34,vendredi,regular,['vendredi'],Pass Vendredi,Shotgun,54.09,61.14,1,1
2026-08-09,2026-08-09 09:17:07,vendredi,regular,['vendredi'],Pass Vendredi,Shotgun,54.09,61.14,1,1
2026-08-09,2026-08-09 09:54:19,2-jours,regular,,Pass 2 Jours,Shotgun,95.0,107.37,1,1
2026-08-09,2026-08-09 09:54:29,2-jours,regular,,Pass 2 Jours,Shotgun,95.0,107.37,1,1
2026-08-09,2026-08-09 09:57:46,2-jours,regular,,Pass 2 Jours,Shotgun,95.0,107.37,1,1
2026-08-09,2026-08-09 10:16:09,2-jours,regular,,Pass 2 Jours,Shotgun,95.0,107.37,1,1
2026-08-09,2026-08-09 10:16:21,2-jours,regular,,Pass 2 Jours,Shotgun,95.0,107.37,1,1
2026-08-09,2026-08-09 10:18:13,samedi,regular,['samedi'],Pass Samedi,Shotgun,54.09,61.14,1,1
2026-08-09,2026-08-09 10:18:18,samedi,regular,['samedi'],Pass Samedi,Shotgun,54.09,61.14,1,1
2026-08-09,2026-08-09 10:18:49,2-jours,regular,,Pass 2 Jours,Shotgun,95.0,107.37,1,1
2026-08-09,2026-08-09 10:28:55,2-jours,regular,,Pass 2 Jours,Shotgun,95.0,107.37,1,1
2026-08-09,2026-08-09 11:46:47,samedi,regular,['samedi'],Pass Samedi,Shotgun,54.09,61.14,1,1
2026-08-09,2026-08-09 12:12:07,samedi,regular,['samedi'],Pass Samedi,Shotgun,54.09,61.14,1,1
2026-08-09,2026-08-09 12:12:07,samedi,regular,['samedi'],Pass Samedi,Shotgun,54.09,61.14,1,1
2026-08-09,2026-08-09 12:24:47,2-jours,regular,,Pass 2 Jours,Shotgun,95.0,107.37,1,1
2026-08-09,2026-08-09 12:32:29,samedi,regular,['samedi'],Pass Samedi,Shotgun,54.09,61.14,1,1
2026-08-09,2026-08-09 12:41:39,vendredi,early_entry,['vendredi'],Pass Vendredi,Shotgun,50.0,56.51,1,1
2026-08-09,2026-08-09 12:48:11,2-jours,regular,,Pass 2 Jours,Shotgun,95.0,107.37,1,1
2026-08-09,2026-08-09 13:00:28,2-jours,regular,,Pass 2 Jours,Shotgun,95.0,107.37,1,1
2026-08-09,2026-08-09 13:01:03,vendredi,early_entry,['vendredi'],Pass Vendredi,Shotgun,50.0,56.51,1,1
2026-08-09,2026-08-09 13:02:53,2-jours,regular,,Pass 2 Jours,Shotgun,95.0,107.37,1,1
2026-08-09,2026-08-09 13:20:57,vendredi,vip,['vendredi'],Pass Acces Scene,Shotgun,120.0,135.63,1,1
2026-08-09,2026-08-09 13:20:57,samedi,regular,['samedi'],Pass Samedi,Shotgun,54.09,61.14,1,1
2026-08-09,2026-08-09 13:27:31,vendredi,regular,['vendredi'],Pass Vendredi,Shotgun,54.09,61.14,1,1
2026-08-09,2026-08-09 14:01:09,vendredi,regular,['vendredi'],Pass Vendredi,Shotgun,54.09,61.14,1,1
2026-08-09,2026-08-09 14:12:07,2-jours,regular,,Pass 2 Jours,Shotgun,95.0,107.37,1,1
2026-08-09,2026-08-09 14:16:13,2-jours,regular,,Pass 2 Jours,Shotgun,95.0,107.37,1,1
2026-08-09,2026-08-09 14:16:13,2-jours,regular,,Pass 2 Jours,Shotgun,95.0,107.37,1,1
2026-08-09,2026-08-09 14:28:56,2-jours,regular,,Pass 2 Jours,Shotgun,95.0,107.37,1,1
2026-08-09,2026-08-09 14:28:56,2-jours,regular,,Pass 2 Jours,Shotgun,95.0,107.37,1,1
2026-08-09,2026-08-09 14:32:40,samedi,regular,['samedi'],Pass Samedi,Shotgun,54.09,61.14,1,1
2026-08-09,2026-08-09 14:39:20,2-jours,regular,,Pass 2 Jours,Shotgun,95.0,107.37,1,1
2026-08-09,2026-08-09 14:42:33,samedi,regular,['samedi'],Pass Samedi,Shotgun,54.09,61.14,1,1
2026-08-09,2026-08-09 14:44:02,2-jours,regular,,Pass 2 Jours,Shotgun,95.0,107.37,1,1
2026-08-09,2026-08-09 15:08:46,2-jours,regular,,Pass 2 Jours,Shotgun,95.0,107.37,1,1
2026-08-09,2026-08-09 15:24:42,samedi,regular,['samedi'],Pass Samedi,Shotgun,54.09,61.14,1,1
2026-08-09,2026-08-09 15:24:42,samedi,regular,['samedi'],Pass Samedi,Shotgun,54.09,61.14,1,1
2026-08-09,2026-08-09 16:00:25,2-jours,regular,,Pass 2 Jours,Shotgun,95.0,107.37,1,1
2026-08-09,2026-08-09 16:07:16,2-jours,regular,,Pass 2 Jours,Shotgun,95.0,107.37,1,1
2026-08-09,2026-08-09 16:20:40,vendredi,regular,['vendredi'],Pass Vendredi,Shotgun,54.09,61.14,1,1
2026-08-09,2026-08-09 16:21:47,2-jours,regular,,Pass 2 Jours,Shotgun,95.0,107.37,1,1
2026-08-09,2026-08-09 16:21:47,2-jours,regular,,Pass 2 Jours,Shotgun,95.0,107.37,1,1
2026-08-09,2026-08-09 16:31:07,samedi,early_entry,['samedi'],Pass Samedi,Shotgun,50.0,56.51,1,1
2026-08-09,2026-08-09 16:31:07,samedi,early_entry,['samedi'],Pass Samedi,Shotgun,50.0,56.51,1,1
2026-08-09,2026-08-09 16:47:12,2-jours,regular,,Pass 2 Jours,Shotgun,95.0,107.37,1,1
2026-08-09,2026-08-09 17:05:40,vendredi,regular,['vendredi'],Pass Vendredi,Shotgun,54.09,61.14,1,1
2026-08-09,2026-08-09 17:15:26,samedi,regular,['samedi'],Pass Samedi,Shotgun,54.09,61.14,1,1
2026-08-09,2026-08-09 17:15:57,vendredi,regular,['vendredi'],Pass Vendredi,Shotgun,54.09,61.14,1,1
2026-08-09,2026-08-09 17:16:09,vendredi,regular,['vendredi'],Pass Vendredi,Shotgun,54.09,61.14,1,1
2026-08-09,2026-08-09 17:18:35,2-jours,regular,,Pass 2 Jours,Shotgun,95.0,107.37,1,1
2026-08-09,2026-08-09 17:35:35,2-jours,regular,,Pass 2 Jours,Shotgun,95.0,107.37,1,1
2026-08-09,2026-08-09 17:38:26,vendredi,early_entry,['vendredi'],Pass Vendredi,Shotgun,50.0,56.51,1,1
2026-08-09,2026-08-09 17:45:33,2-jours,regular,,Pass 2 Jours,Shotgun,95.0,107.37,1,1
2026-08-09,2026-08-09 18:02:21,vendredi,early_entry,['vendredi'],Pass Vendredi,Shotgun,50.0,56.51,1,1
2026-08-09,2026-08-09 18:02:21,vendredi,early_entry,['vendredi'],Pass Vendredi,Shotgun,50.0,56.51,1,1
2026-08-09,2026-08-09 18:30:59,vendredi,regular,['vendredi'],Pass Vendredi,Shotgun,54.09,61.14,1,1
2026-08-09,2026-08-09 18:51:11,vendredi,regular,['vendredi'],Pass Vendredi,Shotgun,54.09,61.14,1,1
2026-08-09,2026-08-09 18:51:11,vendredi,regular,['vendredi'],Pass Vendredi,Shotgun,54.09,61.14,1,1
2026-08-09,2026-08-09 19:08:33,2-jours,regular,,Pass 2 Jours,Shotgun,95.0,107.37,1,1
2026-08-09,2026-08-09 19:08:33,2-jours,regular,,Pass 2 Jours,Shotgun,95.0,107.37,1,1
2026-08-09,2026-08-09 19:54:16,vendredi,regular,['vendredi'],Pass Vendredi,Shotgun,54.09,61.14,1,1
2026-08-09,2026-08-09 19:58:25,vendredi,regular,['vendredi'],Pass Vendredi,Shotgun,54.09,61.14,1,1
2026-08-09,2026-08-09 19:59:52,2-jours,regular,,Pass 2 Jours,Shotgun,95.0,107.37,1,1
2026-08-09,2026-08-09 19:59:52,2-jours,regular,,Pass 2 Jours,Shotgun,95.0,107.37,1,1
2026-08-09,2026-08-09 19:59:52,2-jours,regular,,Pass 2 Jours,Shotgun,95.0,107.37,1,1
2026-08-09,2026-08-09 20:09:59,vendredi,regular,['vendredi'],Pass Vendredi,Shotgun,54.09,61.14,1,1
2026-08-09,2026-08-09 20:20:08,2-jours,regular,,Pass 2 Jours,Shotgun,95.0,107.37,1,1
2026-08-09,2026-08-09 20:34:15,vendredi,early_entry,['vendredi'],Pass Vendredi,Shotgun,50.0,56.51,1,1
2026-08-09,2026-08-09 20:34:15,vendredi,early_entry,['vendredi'],Pass Vendredi,Shotgun,50.0,56.51,1,1
2026-08-09,2026-08-09 20:57:43,2-jours,regular,,Pass 2 Jours,Shotgun,95.0,107.37,1,1
2026-08-09,2026-08-09 21:01:01,2-jours,regular,,Pass 2 Jours,Shotgun,95.0,107.37,1,1
2026-08-09,2026-08-09 21:01:01,2-jours,regular,,Pass 2 Jours,Shotgun,95.0,107.37,1,1
2026-08-09,2026-08-09 21:52:01,vendredi,regular,['vendredi'],Pass Vendredi,Shotgun,54.09,61.14,1,1
2026-08-09,2026-08-09 21:52:01,vendredi,regular,['vendredi'],Pass Vendredi,Shotgun,54.09,61.14,1,1
2026-08-09,2026-08-09 22:08:21,samedi,regular,['samedi'],Pass Samedi,Shotgun,54.09,61.14,1,1
2026-08-09,2026-08-09 22:08:21,samedi,regular,['samedi'],Pass Samedi,Shotgun,54.09,61.14,1,1
2026-08-09,2026-08-09 22:21:03,2-jours,regular,,Pass 2 Jours,Shotgun,95.0,107.37,1,1
2026-08-09,2026-08-09 22:21:03,2-jours,regular,,Pass 2 Jours,Shotgun,95.0,107.37,1,1
2026-08-09,2026-08-09 22:58:28,vendredi,regular,['vendredi'],Pass Vendredi,Shotgun,54.09,61.14,1,1
2026-08-10,2026-08-10 04:37:12,2-jours,regular,,Pass 2 Jours,Shotgun,95.0,107.37,1,1
2026-08-10,2026-08-10 04:45:06,samedi,regular,['samedi'],Pass Samedi,Shotgun,54.09,61.14,1,1
2026-08-10,2026-08-10 06:09:57,vendredi,regular,['vendredi'],Pass Vendredi,Shotgun,54.09,61.14,1,1
2026-08-10,2026-08-10 06:39:43,2-jours,regular,,Pass 2 Jours,Shotgun,95.0,107.37,1,1
2026-08-10,2026-08-10 06:41:52,2-jours,regular,,Pass 2 Jours,Shotgun,95.0,107.37,1,1
2026-08-10,2026-08-10 06:57:57,vendredi,regular,['vendredi'],Pass Vendredi,Shotgun,54.09,61.14,1,1
2026-08-10,2026-08-10 06:57:57,vendredi,regular,['vendredi'],Pass Vendredi,Shotgun,54.09,61.14,1,1
2026-08-10,2026-08-10 06:57:57,vendredi,regular,['vendredi'],Pass Vendredi,Shotgun,54.09,61.14,1,1
2026-08-10,2026-08-10 06:57:57,vendredi,regular,['vendredi'],Pass Vendredi,Shotgun,54.09,61.14,1,1
2026-08-10,2026-08-10 06:57:57,vendredi,regular,['vendredi'],Pass Vendredi,Shotgun,54.09,61.14,1,1
2026-08-10,2026-08-10 06:57:57,vendredi,regular,['vendredi'],Pass Vendredi,Shotgun,54.09,61.14,1,1
2026-08-10,2026-08-10 06:57:57,vendredi,regular,['vendredi'],Pass Vendredi,Shotgun,54.09,61.14,1,1
2026-08-10,2026-08-10 07:47:38,samedi,regular,['samedi'],Pass Samedi,Shotgun,54.09,61.14,1,1
2026-08-10,2026-08-10 07:53:23,samedi,regular,['samedi'],Pass Samedi,Shotgun,54.09,61.14,1,1
2026-08-10,2026-08-10 08:28:29,samedi,regular,['samedi'],Pass Samedi,Shotgun,54.09,61.14,1,1
2026-08-10,2026-08-10 08:38:39,vendredi,regular,['vendredi'],Pass Vendredi,Shotgun,54.09,61.14,1,1
2026-08-10,2026-08-10 09:24:19,vendredi,early_entry,['vendredi'],Pass Vendredi,Shotgun,50.0,56.51,1,1
2026-08-10,2026-08-10 09:32:22,vendredi,regular,['vendredi'],Pass Vendredi,Shotgun,54.09,61.14,1,1
2026-08-10,2026-08-10 09:33:56,vendredi,regular,['vendredi'],Pass Vendredi,Shotgun,54.09,61.14,1,1
2026-08-10,2026-08-10 09:36:50,vendredi,regular,['vendredi'],Pass Vendredi,Shotgun,54.09,61.14,1,1
2026-08-10,2026-08-10 09:36:50,vendredi,regular,['vendredi'],Pass Vendredi,Shotgun,54.09,61.14,1,1
2026-08-10,2026-08-10 09:49:45,2-jours,regular,,Pass 2 Jours,Shotgun,95.0,107.37,1,1
2026-08-10,2026-08-10 10:19:51,vendredi,early_entry,['vendredi'],Pass Vendredi,Shotgun,50.0,56.51,1,1
2026-08-10,2026-08-10 10:54:56,vendredi,regular,['vendredi'],Pass Vendredi,Shotgun,54.09,61.14,1,1
2026-08-10,2026-08-10 11:02:24,vendredi,regular,['vendredi'],Pass Vendredi,Shotgun,54.09,61.14,1,1
2026-08-10,2026-08-10 11:24:10,2-jours,regular,,Pass 2 Jours,Shotgun,95.0,107.37,1,1
2026-08-10,2026-08-10 11:24:19,2-jours,regular,,Pass 2 Jours,Shotgun,95.0,107.37,1,1
2026-08-10,2026-08-10 11:26:05,2-jours,regular,,Pass 2 Jours,Shotgun,95.0,107.37,1,1
2026-08-10,2026-08-10 11:37:11,2-jours,regular,,Pass 2 Jours,Shotgun,95.0,107.37,1,1
2026-08-10,2026-08-10 11:38:47,2-jours,regular,,Pass 2 Jours,Shotgun,95.0,107.37,1,1
2026-08-10,2026-08-10 12:02:25,samedi,early_entry,['samedi'],Pass Samedi,Shotgun,50.0,56.51,1,1
2026-08-10,2026-08-10 12:06:24,2-jours,regular,,Pass 2 Jours,Shotgun,95.0,107.37,1,1
2026-08-10,2026-08-10 12:08:51,2-jours,regular,,Pass 2 Jours,Shotgun,95.0,107.37,1,1
2026-08-10,2026-08-10 12:22:35,vendredi,regular,['vendredi'],Pass Vendredi,Shotgun,54.09,61.14,1,1
2026-08-10,2026-08-10 12:25:30,samedi,early_entry,['samedi'],Pass Samedi,Shotgun,50.0,56.51,1,1
2026-08-10,2026-08-10 12:36:46,2-jours,regular,,Pass 2 Jours,Shotgun,95.0,107.37,1,1
2026-08-10,2026-08-10 12:58:11,vendredi,regular,['vendredi'],Pass Vendredi,Shotgun,54.09,61.14,1,1
2026-08-10,2026-08-10 12:59:55,vendredi,regular,['vendredi'],Pass Vendredi,Shotgun,54.09,61.14,1,1
2026-08-10,2026-08-10 13:02:22,vendredi,regular,['vendredi'],Pass Vendredi,Shotgun,54.09,61.14,1,1
2026-08-10,2026-08-10 14:11:36,2-jours,regular,,Pass 2 Jours,Shotgun,95.0,107.37,1,1
2026-08-10,2026-08-10 14:18:19,2-jours,regular,,Pass 2 Jours,Shotgun,95.0,107.37,1,1
2026-08-10,2026-08-10 14:20:26,2-jours,regular,,Pass 2 Jours,Shotgun,95.0,107.37,1,1
2026-08-10,2026-08-10 14:33:29,2-jours,regular,,Pass 2 Jours,Shotgun,95.0,107.37,1,1
2026-08-10,2026-08-10 14:44:01,2-jours,regular,,Pass 2 Jours,Shotgun,95.0,107.37,1,1
2026-08-10,2026-08-10 14:44:48,vendredi,regular,['vendredi'],Pass Vendredi,Shotgun,54.09,61.14,1,1
2026-08-10,2026-08-10 14:56:40,vendredi,regular,['vendredi'],Pass Vendredi,Shotgun,54.09,61.14,1,1
2026-08-10,2026-08-10 14:58:03,vendredi,regular,['vendredi'],Pass Vendredi,Shotgun,54.09,61.14,1,1
2026-08-10,2026-08-10 14:58:03,vendredi,regular,['vendredi'],Pass Vendredi,Shotgun,54.09,61.14,1,1
2026-08-10,2026-08-10 15:05:52,vendredi,regular,['vendredi'],Pass Vendredi,Shotgun,54.09,61.14,1,1
2026-08-10,2026-08-10 16:02:33,samedi,regular,['samedi'],Pass Samedi,Shotgun,54.09,61.14,1,1
2026-08-10,2026-08-10 16:25:37,vendredi,regular,['vendredi'],Pass Vendredi,Shotgun,54.09,61.14,1,1
2026-08-10,2026-08-10 16:33:35,2-jours,regular,,Pass 2 Jours,Shotgun,95.0,107.37,1,1
2026-08-10,2026-08-10 16:56:47,samedi,regular,['samedi'],Pass Samedi,Shotgun,54.09,61.14,1,1
2026-08-10,2026-08-10 16:59:13,samedi,regular,['samedi'],Pass Samedi,Shotgun,54.09,61.14,1,1
2026-08-10,2026-08-10 17:12:04,samedi,regular,['samedi'],Pass Samedi,Shotgun,54.09,61.14,1,1
2026-08-10,2026-08-10 17:19:41,samedi,early_entry,['samedi'],Pass Samedi,Shotgun,50.0,56.51,1,1
2026-08-10,2026-08-10 17:21:17,samedi,early_entry,['samedi'],Pass Samedi,Shotgun,50.0,56.51,1,1
2026-08-10,2026-08-10 17:24:22,samedi,early_entry,['samedi'],Pass Samedi,Shotgun,50.0,56.51,1,1
2026-08-10,2026-08-10 17:24:40,samedi,early_entry,['samedi'],Pass Samedi,Shotgun,50.0,56.51,1,1
2026-08-10,2026-08-10 17:25:35,2-jours,regular,,Pass 2 Jours,Shotgun,95.0,107.37,1,1
2026-08-10,2026-08-10 17:27:11,2-jours,regular,,Pass 2 Jours,Shotgun,95.0,107.37,1,1
2026-08-10,2026-08-10 18:00:34,samedi,regular,['samedi'],Pass Samedi,Shotgun,54.09,61.14,1,1
2026-08-10,2026-08-10 18:05:34,2-jours,regular,,Pass 2 Jours,Shotgun,95.0,107.37,1,1
2026-08-10,2026-08-10 18:09:16,2-jours,regular,,Pass 2 Jours,Shotgun,95.0,107.37,1,1
2026-08-10,2026-08-10 18:45:16,vendredi,regular,['vendredi'],Pass Vendredi,Shotgun,54.09,61.14,1,1
2026-08-10,2026-08-10 18:45:16,vendredi,regular,['vendredi'],Pass Vendredi,Shotgun,54.09,61.14,1,1
2026-08-10,2026-08-10 18:51:03,vendredi,regular,['vendredi'],Pass Vendredi,Shotgun,54.09,61.14,1,1
2026-08-10,2026-08-10 18:51:36,vendredi,regular,['vendredi'],Pass Vendredi,Shotgun,54.09,61.14,1,1
2026-08-10,2026-08-10 18:52:26,vendredi,regular,['vendredi'],Pass Vendredi,Shotgun,54.09,61.14,1,1
2026-08-10,2026-08-10 19:00:46,samedi,early_entry,['samedi'],Pass Samedi,Shotgun,50.0,56.51,1,1
2026-08-10,2026-08-10 19:01:03,samedi,regular,['samedi'],Pass Samedi,Shotgun,54.09,61.14,1,1
2026-08-10,2026-08-10 19:01:03,samedi,regular,['samedi'],Pass Samedi,Shotgun,54.09,61.14,1,1
2026-08-10,2026-08-10 19:17:33,vendredi,regular,['vendredi'],Pass Vendredi,Shotgun,54.09,61.14,1,1
2026-08-10,2026-08-10 19:17:33,vendredi,regular,['vendredi'],Pass Vendredi,Shotgun,54.09,61.14,1,1
2026-08-10,2026-08-10 19:20:26,vendredi,regular,['vendredi'],Pass Vendredi,Shotgun,54.09,61.14,1,1
2026-08-10,2026-08-10 19:26:47,vendredi,regular,['vendredi'],Pass Vendredi,Shotgun,54.09,61.14,1,1
2026-08-10,2026-08-10 19:55:06,vendredi,regular,['vendredi'],Pass Vendredi,Shotgun,54.09,61.14,1,1
2026-08-10,2026-08-10 20:05:38,samedi,regular,['samedi'],Pass Samedi,Shotgun,54.09,61.14,1,1
2026-08-10,2026-08-10 20:15:46,2-jours,regular,,Pass 2 Jours,Shotgun,95.0,107.37,1,1
2026-08-10,2026-08-10 20:16:28,vendredi,vip,['vendredi'],Pass Acces Scene,Shotgun,120.0,135.63,1,1
2026-08-10,2026-08-10 20:31:18,vendredi,regular,['vendredi'],Pass Vendredi,Shotgun,54.09,61.14,1,1
2026-08-10,2026-08-10 20:37:10,vendredi,regular,['vendredi'],Pass Vendredi,Shotgun,54.09,61.14,1,1
2026-08-10,2026-08-10 20:50:22,vendredi,regular,['vendredi'],Pass Vendredi,Shotgun,54.09,61.14,1,1
2026-08-10,2026-08-10 20:50:22,vendredi,regular,['vendredi'],Pass Vendredi,Shotgun,54.09,61.14,1,1
2026-08-10,2026-08-10 20:50:22,vendredi,regular,['vendredi'],Pass Vendredi,Shotgun,54.09,61.14,1,1
2026-08-10,2026-08-10 20:55:58,samedi,regular,['samedi'],Pass Samedi,Shotgun,54.09,61.14,1,1
2026-08-10,2026-08-10 20:59:53,2-jours,regular,,Pass 2 Jours,Shotgun,95.0,107.37,1,1
2026-08-10,2026-08-10 21:30:20,vendredi,regular,['vendredi'],Pass Vendredi,Shotgun,54.09,61.14,1,1
2026-08-10,2026-08-10 22:17:03,vendredi,early_entry,['vendredi'],Pass Vendredi,Shotgun,50.0,56.51,1,1
2026-08-10,2026-08-10 22:47:53,samedi,early_entry,['samedi'],Pass Samedi,Shotgun,50.0,56.51,1,1
2026-08-10,2026-08-10 22:59:03,2-jours,regular,,Pass 2 Jours,Shotgun,95.0,107.37,1,1
2026-08-11,2026-08-11 02:02:12,2-jours,regular,,Pass 2 Jours,Shotgun,95.0,107.37,1,1
2026-08-11,2026-08-11 04:33:06,2-jours,regular,,Pass 2 Jours,Shotgun,95.0,107.37,1,1
2026-08-11,2026-08-11 06:16:29,vendredi,regular,['vendredi'],Pass Vendredi,Shotgun,54.09,61.14,1,1
2026-08-11,2026-08-11 06:19:33,vendredi,early_entry,['vendredi'],Pass Vendredi,Shotgun,50.0,56.51,1,1
2026-08-11,2026-08-11 06:41:26,vendredi,vip,['vendredi'],Pass Acces Scene,Shotgun,120.0,135.63,1,1
2026-08-11,2026-08-11 06:41:26,samedi,early_entry,['samedi'],Pass Samedi,Shotgun,50.0,56.51,1,1
2026-08-11,2026-08-11 07:38:50,samedi,early_entry,['samedi'],Pass Samedi,Shotgun,50.0,56.51,1,1
2026-08-11,2026-08-11 07:48:15,2-jours,regular,,Pass 2 Jours,Shotgun,95.0,107.37,1,1
2026-08-11,2026-08-11 08:00:41,samedi,regular,['samedi'],Pass Samedi,Shotgun,54.09,61.14,1,1
2026-08-11,2026-08-11 08:17:07,2-jours,regular,,Pass 2 Jours,Shotgun,95.0,107.37,1,1
2026-08-11,2026-08-11 08:19:05,samedi,regular,['samedi'],Pass Samedi,Shotgun,54.09,61.14,1,1
2026-08-11,2026-08-11 08:19:05,samedi,regular,['samedi'],Pass Samedi,Shotgun,54.09,61.14,1,1
2026-08-11,2026-08-11 08:55:21,samedi,regular,['samedi'],Pass Samedi,Shotgun,54.09,61.14,1,1
2026-08-11,2026-08-11 09:02:00,samedi,regular,['samedi'],Pass Samedi,Shotgun,54.09,61.14,1,1
2026-08-11,2026-08-11 09:09:52,vendredi,regular,['vendredi'],Pass Vendredi,Shotgun,54.09,61.14,1,1
2026-08-11,2026-08-11 09:09:52,vendredi,regular,['vendredi'],Pass Vendredi,Shotgun,54.09,61.14,1,1
2026-08-11,2026-08-11 09:20:31,samedi,regular,['samedi'],Pass Samedi,Shotgun,54.09,61.14,1,1
2026-08-11,2026-08-11 09:20:31,samedi,regular,['samedi'],Pass Samedi,Shotgun,54.09,61.14,1,1
2026-08-11,2026-08-11 09:28:56,samedi,regular,['samedi'],Pass Samedi,Shotgun,54.09,61.14,1,1
2026-08-11,2026-08-11 09:33:37,vendredi,regular,['vendredi'],Pass Vendredi,Shotgun,54.09,61.14,1,1
2026-08-11,2026-08-11 09:51:13,2-jours,regular,,Pass 2 Jours,Shotgun,95.0,107.37,1,1
2026-08-11,2026-08-11 09:57:18,2-jours,regular,,Pass 2 Jours,Shotgun,95.0,107.37,1,1
2026-08-11,2026-08-11 10:00:21,vendredi,regular,['vendredi'],Pass Vendredi,Shotgun,54.09,61.14,1,1
2026-08-11,2026-08-11 10:00:25,vendredi,regular,['vendredi'],Pass Vendredi,Shotgun,54.09,61.14,1,1
2026-08-11,2026-08-11 10:38:25,samedi,regular,['samedi'],Pass Samedi,Shotgun,54.09,61.14,1,1
2026-08-11,2026-08-11 10:38:25,samedi,regular,['samedi'],Pass Samedi,Shotgun,54.09,61.14,1,1
2026-08-11,2026-08-11 10:40:40,samedi,early_entry,['samedi'],Pass Samedi,Shotgun,50.0,56.51,1,1
2026-08-11,2026-08-11 11:50:35,vendredi,regular,['vendredi'],Pass Vendredi,Shotgun,54.09,61.14,1,1
2026-08-11,2026-08-11 12:30:35,vendredi,regular,['vendredi'],Pass Vendredi,Shotgun,54.09,61.14,1,1
2026-08-11,2026-08-11 12:32:19,2-jours,regular,,Pass 2 Jours,Shotgun,95.0,107.37,1,1
2026-08-11,2026-08-11 13:19:35,2-jours,regular,,Pass 2 Jours,Shotgun,95.0,107.37,1,1
2026-08-11,2026-08-11 13:45:34,vendredi,regular,['vendredi'],Pass Vendredi,Shotgun,54.09,61.14,1,1
2026-08-11,2026-08-11 14:30:29,2-jours,regular,,Pass 2 Jours,Shotgun,95.0,107.37,1,1
2026-08-11,2026-08-11 14:47:33,samedi,regular,['samedi'],Pass Samedi,Shotgun,54.09,61.14,1,1
2026-08-11,2026-08-11 14:47:37,samedi,early_entry,['samedi'],Pass Samedi,Shotgun,50.0,56.51,1,1
2026-08-11,2026-08-11 14:54:50,2-jours,regular,,Pass 2 Jours,Shotgun,95.0,107.37,1,1
2026-08-11,2026-08-11 14:56:38,2-jours,regular,,Pass 2 Jours,Shotgun,95.0,107.37,1,1
2026-08-11,2026-08-11 14:59:41,2-jours,regular,,Pass 2 Jours,Shotgun,95.0,107.37,1,1
2026-08-11,2026-08-11 15:07:32,samedi,early_entry,['samedi'],Pass Samedi,Shotgun,50.0,56.51,1,1
2026-08-11,2026-08-11 15:12:20,vendredi,regular,['vendredi'],Pass Vendredi,Shotgun,54.09,61.14,1,1
2026-08-11,2026-08-11 15:12:20,vendredi,regular,['vendredi'],Pass Vendredi,Shotgun,54.09,61.14,1,1
2026-08-11,2026-08-11 16:23:30,2-jours,regular,,Pass 2 Jours,Shotgun,95.0,107.37,1,1
2026-08-11,2026-08-11 16:23:30,vendredi,regular,['vendredi'],Pass Vendredi,Shotgun,54.09,61.14,1,1
2026-08-11,2026-08-11 17:04:28,samedi,regular,['samedi'],Pass Samedi,Shotgun,54.09,61.14,1,1
2026-08-11,2026-08-11 17:05:51,2-jours,regular,,Pass 2 Jours,Shotgun,95.0,107.37,1,1
2026-08-11,2026-08-11 17:15:32,2-jours,regular,,Pass 2 Jours,Shotgun,95.0,107.37,1,1
2026-08-11,2026-08-11 17:15:32,2-jours,regular,,Pass 2 Jours,Shotgun,95.0,107.37,1,1
2026-08-11,2026-08-11 17:52:41,vendredi,early_entry,['vendredi'],Pass Vendredi,Shotgun,50.0,56.51,1,1
2026-08-11,2026-08-11 17:59:06,vendredi,early_entry,['vendredi'],Pass Vendredi,Shotgun,50.0,56.51,1,1
2026-08-11,2026-08-11 18:23:50,2-jours,regular,,Pass 2 Jours,Shotgun,95.0,107.37,1,1
2026-08-11,2026-08-11 18:32:25,2-jours,regular,,Pass 2 Jours,Shotgun,95.0,107.37,1,1
2026-08-11,2026-08-11 18:41:33,samedi,regular,['samedi'],Pass Samedi,Shotgun,54.09,61.14,1,1
2026-08-11,2026-08-11 18:47:12,samedi,early_entry,['samedi'],Pass Samedi,Shotgun,50.0,56.51,1,1
2026-08-11,2026-08-11 19:14:36,vendredi,regular,['vendredi'],Pass Vendredi,Shotgun,54.09,61.14,1,1
2026-08-11,2026-08-11 19:14:36,vendredi,regular,['vendredi'],Pass Vendredi,Shotgun,54.09,61.14,1,1
2026-08-11,2026-08-11 19:19:33,vendredi,regular,['vendredi'],Pass Vendredi,Shotgun,54.09,61.14,1,1
2026-08-11,2026-08-11 19:19:33,vendredi,regular,['vendredi'],Pass Vendredi,Shotgun,54.09,61.14,1,1
2026-08-11,2026-08-11 19:20:00,vendredi,regular,['vendredi'],Pass Vendredi,Shotgun,54.09,61.14,1,1
2026-08-11,2026-08-11 19:22:24,vendredi,regular,['vendredi'],Pass Vendredi,Shotgun,54.09,61.14,1,1
2026-08-11,2026-08-11 19:42:25,vendredi,regular,['vendredi'],Pass Vendredi,Shotgun,54.09,61.14,1,1
2026-08-11,2026-08-11 20:25:49,samedi,early_entry,['samedi'],Pass Samedi,Shotgun,50.0,56.51,1,1
2026-08-11,2026-08-11 20:26:21,2-jours,regular,,Pass 2 Jours,Shotgun,95.0,107.37,1,1
2026-08-11,2026-08-11 21:20:42,samedi,early_entry,['samedi'],Pass Samedi,Shotgun,50.0,56.51,1,1
2026-08-11,2026-08-11 21:20:42,samedi,early_entry,['samedi'],Pass Samedi,Shotgun,50.0,56.51,1,1
2026-08-11,2026-08-11 21:31:19,2-jours,regular,,Pass 2 Jours,Shotgun,95.0,107.37,1,1
2026-08-11,2026-08-11 21:48:16,2-jours,regular,,Pass 2 Jours,Shotgun,95.0,107.37,1,1
2026-08-11,2026-08-11 22:34:00,2-jours,regular,,Pass 2 Jours,Shotgun,95.0,107.37,1,1
2026-08-12,2026-08-12 05:26:09,2-jours,regular,,Pass 2 Jours,Shotgun,95.0,107.37,1,1
2026-08-12,2026-08-12 06:23:38,vendredi,early_entry,['vendredi'],Pass Vendredi,Shotgun,50.0,56.51,1,1
2026-08-12,2026-08-12 06:31:21,2-jours,regular,,Pass 2 Jours,Shotgun,95.0,107.37,1,1
2026-08-12,2026-08-12 06:59:35,vendredi,regular,['vendredi'],Pass Vendredi,Shotgun,54.09,61.14,1,1
2026-08-12,2026-08-12 07:22:21,samedi,regular,['samedi'],Pass Samedi,Shotgun,54.09,61.14,1,1
2026-08-12,2026-08-12 07:22:21,samedi,regular,['samedi'],Pass Samedi,Shotgun,54.09,61.14,1,1
2026-08-12,2026-08-12 07:29:12,samedi,regular,['samedi'],Pass Samedi,Shotgun,54.09,61.14,1,1
2026-08-12,2026-08-12 07:56:44,2-jours,regular,,Pass 2 Jours,Shotgun,95.0,107.37,1,1
2026-08-12,2026-08-12 07:57:45,samedi,regular,['samedi'],Pass Samedi,Shotgun,54.09,61.14,1,1
2026-08-12,2026-08-12 07:57:45,samedi,regular,['samedi'],Pass Samedi,Shotgun,54.09,61.14,1,1
2026-08-12,2026-08-12 08:01:34,2-jours,regular,,Pass 2 Jours,Shotgun,95.0,107.37,1,1
2026-08-12,2026-08-12 08:03:22,2-jours,regular,,Pass 2 Jours,Shotgun,95.0,107.37,1,1
2026-08-12,2026-08-12 08:19:42,vendredi,regular,['vendredi'],Pass Vendredi,Shotgun,54.09,61.14,1,1
2026-08-12,2026-08-12 08:39:02,samedi,regular,['samedi'],Pass Samedi,Shotgun,54.09,61.14,1,1
2026-08-12,2026-08-12 09:29:49,2-jours,regular,,Pass 2 Jours,Shotgun,95.0,107.37,1,1
2026-08-12,2026-08-12 09:29:49,2-jours,regular,,Pass 2 Jours,Shotgun,95.0,107.37,1,1
2026-08-12,2026-08-12 09:34:26,vendredi,regular,['vendredi'],Pass Vendredi,Shotgun,54.09,61.14,1,1
2026-08-12,2026-08-12 09:51:42,2-jours,regular,,Pass 2 Jours,Shotgun,95.0,107.37,1,1
2026-08-12,2026-08-12 10:05:16,2-jours,regular,,Pass 2 Jours,Shotgun,95.0,107.37,1,1
2026-08-12,2026-08-12 10:09:09,samedi,regular,['samedi'],Pass Samedi,Shotgun,54.09,61.14,1,1
2026-08-12,2026-08-12 10:09:09,samedi,regular,['samedi'],Pass Samedi,Shotgun,54.09,61.14,1,1
2026-08-12,2026-08-12 10:23:01,samedi,regular,['samedi'],Pass Samedi,Shotgun,54.09,61.14,1,1
2026-08-12,2026-08-12 10:25:04,samedi,regular,['samedi'],Pass Samedi,Shotgun,54.09,61.14,1,1
2026-08-12,2026-08-12 10:29:22,samedi,regular,['samedi'],Pass Samedi,Shotgun,54.09,61.14,1,1
2026-08-12,2026-08-12 10:29:22,samedi,regular,['samedi'],Pass Samedi,Shotgun,54.09,61.14,1,1
2026-08-12,2026-08-12 10:44:06,samedi,regular,['samedi'],Pass Samedi,Shotgun,54.09,61.14,1,1
2026-08-12,2026-08-12 11:08:11,samedi,regular,['samedi'],Pass Samedi,Shotgun,54.09,61.14,1,1
2026-08-12,2026-08-12 11:34:02,samedi,early_entry,['samedi'],Pass Samedi,Shotgun,50.0,56.51,1,1
2026-08-12,2026-08-12 11:34:26,2-jours,regular,,Pass 2 Jours,Shotgun,95.0,107.37,1,1
2026-08-12,2026-08-12 11:42:05,samedi,early_entry,['samedi'],Pass Samedi,Shotgun,50.0,56.51,1,1
2026-08-12,2026-08-12 11:42:05,samedi,early_entry,['samedi'],Pass Samedi,Shotgun,50.0,56.51,1,1
2026-08-12,2026-08-12 11:54:46,samedi,regular,['samedi'],Pass Samedi,Shotgun,54.09,61.14,1,1
2026-08-12,2026-08-12 12:19:27,2-jours,regular,,Pass 2 Jours,Shotgun,95.0,107.37,1,1
2026-08-12,2026-08-12 12:36:37,samedi,regular,['samedi'],Pass Samedi,Shotgun,54.09,61.14,1,1
2026-08-12,2026-08-12 12:36:37,samedi,regular,['samedi'],Pass Samedi,Shotgun,54.09,61.14,1,1
2026-08-12,2026-08-12 13:15:52,vendredi,regular,['vendredi'],Pass Vendredi,Shotgun,54.09,61.14,1,1
2026-08-12,2026-08-12 13:15:52,vendredi,regular,['vendredi'],Pass Vendredi,Shotgun,54.09,61.14,1,1
2026-08-12,2026-08-12 13:29:07,samedi,regular,['samedi'],Pass Samedi,Shotgun,54.09,61.14,1,1
2026-08-12,2026-08-12 13:37:27,samedi,regular,['samedi'],Pass Samedi,Shotgun,54.09,61.14,1,1
2026-08-12,2026-08-12 14:11:00,2-jours,regular,,Pass 2 Jours,Shotgun,95.0,107.37,1,1
2026-08-12,2026-08-12 14:14:41,vendredi,regular,['vendredi'],Pass Vendredi,Shotgun,54.09,61.14,1,1
2026-08-12,2026-08-12 15:22:15,vendredi,regular,['vendredi'],Pass Vendredi,Shotgun,54.09,61.14,1,1
2026-08-12,2026-08-12 15:22:15,samedi,regular,['samedi'],Pass Samedi,Shotgun,54.09,61.14,1,1
2026-08-12,2026-08-12 15:27:17,2-jours,regular,,Pass 2 Jours,Shotgun,95.0,107.37,1,1
2026-08-12,2026-08-12 15:51:49,samedi,early_entry,['samedi'],Pass Samedi,Shotgun,50.0,56.51,1,1
2026-08-12,2026-08-12 16:03:07,2-jours,regular,,Pass 2 Jours,Shotgun,95.0,107.37,1,1
2026-08-12,2026-08-12 16:03:07,2-jours,regular,,Pass 2 Jours,Shotgun,95.0,107.37,1,1
2026-08-12,2026-08-12 16:16:03,vendredi,regular,['vendredi'],Pass Vendredi,Shotgun,54.09,61.14,1,1
2026-08-12,2026-08-12 16:37:23,2-jours,regular,,Pass 2 Jours,Shotgun,95.0,107.37,1,1
2026-08-12,2026-08-12 17:01:48,samedi,early_entry,['samedi'],Pass Samedi,Shotgun,50.0,56.51,1,1
2026-08-12,2026-08-12 17:35:49,samedi,regular,['samedi'],Pass Samedi,Shotgun,54.09,61.14,1,1
2026-08-12,2026-08-12 18:24:48,samedi,regular,['samedi'],Pass Samedi,Shotgun,54.09,61.14,1,1
2026-08-12,2026-08-12 18:44:39,2-jours,regular,,Pass 2 Jours,Shotgun,95.0,107.37,1,1
2026-08-12,2026-08-12 18:44:39,2-jours,regular,,Pass 2 Jours,Shotgun,95.0,107.37,1,1
2026-08-12,2026-08-12 18:48:02,vendredi,regular,['vendredi'],Pass Vendredi,Shotgun,54.09,61.14,1,1
2026-08-12,2026-08-12 18:48:02,vendredi,regular,['vendredi'],Pass Vendredi,Shotgun,54.09,61.14,1,1
2026-08-12,2026-08-12 18:57:44,samedi,early_entry,['samedi'],Pass Samedi,Shotgun,50.0,56.51,1,1
2026-08-12,2026-08-12 18:57:44,samedi,early_entry,['samedi'],Pass Samedi,Shotgun,50.0,56.51,1,1
2026-08-12,2026-08-12 19:16:47,2-jours,regular,,Pass 2 Jours,Shotgun,95.0,107.37,1,1
2026-08-12,2026-08-12 19:16:47,2-jours,regular,,Pass 2 Jours,Shotgun,95.0,107.37,1,1
2026-08-12,2026-08-12 19:25:33,2-jours,regular,,Pass 2 Jours,Shotgun,95.0,107.37,1,1
2026-08-12,2026-08-12 19:36:09,2-jours,regular,,Pass 2 Jours,Shotgun,95.0,107.37,1,1
2026-08-12,2026-08-12 19:36:09,2-jours,regular,,Pass 2 Jours,Shotgun,95.0,107.37,1,1
2026-08-12,2026-08-12 19:41:27,samedi,regular,['samedi'],Pass Samedi,Shotgun,54.09,61.14,1,1
2026-08-12,2026-08-12 19:44:13,vendredi,regular,['vendredi'],Pass Vendredi,Shotgun,54.09,61.14,1,1
2026-08-12,2026-08-12 19:47:57,2-jours,regular,,Pass 2 Jours,Shotgun,95.0,107.37,1,1
2026-08-12,2026-08-12 19:49:44,2-jours,regular,,Pass 2 Jours,Shotgun,95.0,107.37,1,1
2026-08-12,2026-08-12 19:50:10,2-jours,regular,,Pass 2 Jours,Shotgun,95.0,107.37,1,1
2026-08-12,2026-08-12 19:50:26,vendredi,regular,['vendredi'],Pass Vendredi,Shotgun,54.09,61.14,1,1
2026-08-12,2026-08-12 19:54:21,2-jours,regular,,Pass 2 Jours,Shotgun,95.0,107.37,1,1
2026-08-12,2026-08-12 19:54:21,2-jours,regular,,Pass 2 Jours,Shotgun,95.0,107.37,1,1
2026-08-12,2026-08-12 20:20:41,vendredi,regular,['vendredi'],Pass Vendredi,Shotgun,54.09,61.14,1,1
2026-08-12,2026-08-12 20:20:42,samedi,regular,['samedi'],Pass Samedi,Shotgun,54.09,61.14,1,1
2026-08-12,2026-08-12 20:40:39,2-jours,regular,,Pass 2 Jours,Shotgun,95.0,107.37,1,1
2026-08-12,2026-08-12 21:46:08,2-jours,regular,,Pass 2 Jours,Shotgun,95.0,107.37,1,1
2026-08-12,2026-08-12 22:01:36,2-jours,regular,,Pass 2 Jours,Shotgun,95.0,107.37,1,1
2026-08-12,2026-08-12 22:14:01,vendredi,regular,['vendredi'],Pass Vendredi,Shotgun,54.09,61.14,1,1
2026-08-13,2026-08-13 02:39:21,vendredi,regular,['vendredi'],Pass Vendredi,Shotgun,55.0,55.5,1,1
2026-08-13,2026-08-13 04:59:29,samedi,early_entry,['samedi'],Pass Samedi,Shotgun,50.0,56.51,1,1
2026-08-13,2026-08-13 04:59:29,samedi,early_entry,['samedi'],Pass Samedi,Shotgun,50.0,56.51,1,1
