order_date,order_datetime,ticket_type,access_level,attendance_days,product_name,platform,price,gross_price,quantity,is_paid
2026-05-06,2026-05-06 17:00:57,single_day,regular,,Pass 1 Jour,Shotgun,44.54,50.34,1,1
2026-05-06,2026-05-06 17:00:57,single_day,regular,,Pass 1 Jour,Shotgun,44.54,50.34,1,1
2026-05-06,2026-05-06 17:01:06,single_day,regular,,Pass 1 Jour,Shotgun,44.54,50.34,1,1
2026-05-06,2026-05-06 17:01:06,single_day,regular,,Pass 1 Jour,Shotgun,44.54,50.34,1,1
2026-05-06,2026-05-06 17:01:09,single_day,regular,,Pass 1 Jour,Shotgun,44.54,50.34,1,1
2026-05-06,2026-05-06 17:01:17,single_day,regular,,Pass 1 Jour,Shotgun,44.54,50.34,1,1
2026-05-06,2026-05-06 17:01:17,single_day,regular,,Pass 1 Jour,Shotgun,44.54,50.34,1,1
2026-05-06,2026-05-06 17:01:22,single_day,regular,,Pass 1 Jour,Shotgun,44.54,50.34,1,1
2026-05-06,2026-05-06 17:01:31,single_day,regular,,Pass 1 Jour,Shotgun,44.54,50.34,1,1
2026-05-06,2026-05-06 17:01:31,single_day,regular,,Pass 1 Jour,Shotgun,44.54,50.34,1,1
2026-05-06,2026-05-06 17:01:31,single_day,regular,,Pass 1 Jour,Shotgun,44.54,50.34,1,1
2026-05-06,2026-05-06 17:01:39,single_day,regular,,Pass 1 Jour,Shotgun,44.54,50.34,1,1
2026-05-06,2026-05-06 17:01:39,single_day,regular,,Pass 1 Jour,Shotgun,44.54,50.34,1,1
2026-05-06,2026-05-06 17:01:42,single_day,regular,,Pass 1 Jour,Shotgun,44.54,50.34,1,1
2026-05-06,2026-05-06 17:01:42,single_day,regular,,Pass 1 Jour,Shotgun,44.54,50.34,1,1
2026-05-06,2026-05-06 17:01:46,single_day,regular,,Pass 1 Jour,Shotgun,44.54,50.34,1,1
2026-05-06,2026-05-06 17:01:46,single_day,regular,,Pass 1 Jour,Shotgun,44.54,50.34,1,1
2026-05-06,2026-05-06 17:02:03,single_day,regular,,Pass 1 Jour,Shotgun,44.54,50.34,1,1
2026-05-06,2026-05-06 17:02:13,single_day,regular,,Pass 1 Jour,Shotgun,44.54,50.34,1,1
2026-05-06,2026-05-06 17:02:17,single_day,regular,,Pass 1 Jour,Shotgun,44.54,50.34,1,1
2026-05-06,2026-05-06 17:02:17,single_day,regular,,Pass 1 Jour,Shotgun,44.54,50.34,1,1
2026-05-06,2026-05-06 17:02:19,single_day,regular,,Pass 1 Jour,Shotgun,44.54,50.34,1,1
2026-05-06,2026-05-06 17:02:30,single_day,regular,,Pass 1 Jour,Shotgun,44.54,50.34,1,1
2026-05-06,2026-05-06 17:02:47,single_day,regular,,Pass 1 Jour,Shotgun,44.54,50.34,1,1
2026-05-06,2026-05-06 17:02:59,single_day,regular,,Pass 1 Jour,Shotgun,44.54,50.34,1,1
2026-05-06,2026-05-06 17:02:59,single_day,regular,,Pass 1 Jour,Shotgun,44.54,50.34,1,1
2026-05-06,2026-05-06 17:03:04,single_day,regular,,Pass 1 Jour,Shotgun,44.54,50.34,1,1
2026-05-06,2026-05-06 17:03:13,single_day,regular,,Pass 1 Jour,Shotgun,44.54,50.34,1,1
2026-05-06,2026-05-06 17:03:13,single_day,regular,,Pass 1 Jour,Shotgun,44.54,50.34,1,1
2026-05-06,2026-05-06 17:03:23,single_day,regular,,Pass 1 Jour,Shotgun,44.54,50.34,1,1
2026-05-06,2026-05-06 17:04:00,single_day,regular,,Pass 1 Jour,Shotgun,44.54,50.34,1,1
2026-05-06,2026-05-06 17:04:02,single_day,regular,,Pass 1 Jour,Shotgun,44.54,50.34,1,1
2026-05-06,2026-05-06 17:04:02,single_day,regular,,Pass 1 Jour,Shotgun,44.54,50.34,1,1
2026-05-06,2026-05-06 17:04:13,single_day,regular,,Pass 1 Jour,Shotgun,44.54,50.34,1,1
2026-05-06,2026-05-06 17:04:48,single_day,regular,,Pass 1 Jour,Shotgun,44.54,50.34,1,1
2026-05-06,2026-05-06 17:04:48,single_day,regular,,Pass 1 Jour,Shotgun,44.54,50.34,1,1
2026-05-06,2026-05-06 17:04:48,single_day,regular,,Pass 1 Jour,Shotgun,44.54,50.34,1,1
2026-05-06,2026-05-06 17:05:31,single_day,regular,,Pass 1 Jour,Shotgun,44.54,50.34,1,1
2026-05-06,2026-05-06 17:05:31,single_day,regular,,Pass 1 Jour,Shotgun,44.54,50.34,1,1
2026-05-06,2026-05-06 17:05:35,single_day,regular,,Pass 1 Jour,Shotgun,44.54,50.34,1,1
2026-05-06,2026-05-06 17:05:46,single_day,regular,,Pass 1 Jour,Shotgun,44.54,50.34,1,1
2026-05-06,2026-05-06 17:06:07,single_day,regular,,Pass 1 Jour,Shotgun,44.54,50.34,1,1
2026-05-06,2026-05-06 17:06:28,single_day,regular,,Pass 1 Jour,Shotgun,44.54,50.34,1,1
2026-05-06,2026-05-06 17:06:28,single_day,regular,,Pass 1 Jour,Shotgun,44.54,50.34,1,1
2026-05-06,2026-05-06 17:07:01,single_day,regular,,Pass 1 Jour,Shotgun,44.54,50.34,1,1
2026-05-06,2026-05-06 17:08:10,single_day,regular,,Pass 1 Jour,Shotgun,44.54,50.34,1,1
2026-05-06,2026-05-06 17:08:10,single_day,regular,,Pass 1 Jour,Shotgun,44.54,50.34,1,1
2026-05-06,2026-05-06 17:08:10,single_day,regular,,Pass 1 Jour,Shotgun,44.54,50.34,1,1
2026-05-06,2026-05-06 17:08:10,single_day,regular,,Pass 1 Jour,Shotgun,44.54,50.34,1,1
2026-05-06,2026-05-06 17:09:13,single_day,regular,,Pass 1 Jour,Shotgun,44.54,50.34,1,1
2026-05-06,2026-05-06 17:09:13,single_day,regular,,Pass 1 Jour,Shotgun,44.54,50.34,1,1
2026-05-06,2026-05-06 17:09:51,single_day,regular,,Pass 1 Jour,Shotgun,44.54,50.34,1,1
2026-05-06,2026-05-06 17:09:51,single_day,regular,,Pass 1 Jour,Shotgun,44.54,50.34,1,1
2026-05-06,2026-05-06 17:09:51,single_day,regular,,Pass 1 Jour,Shotgun,44.54,50.34,1,1
2026-05-06,2026-05-06 17:09:59,single_day,regular,,Pass 1 Jour,Shotgun,44.54,50.34,1,1
2026-05-06,2026-05-06 17:09:59,single_day,regular,,Pass 1 Jour,Shotgun,44.54,50.34,1,1
2026-05-06,2026-05-06 17:09:59,single_day,regular,,Pass 1 Jour,Shotgun,44.54,50.34,1,1
2026-05-06,2026-05-06 17:10:17,single_day,regular,,Pass 1 Jour,Shotgun,44.54,50.34,1,1
2026-05-06,2026-05-06 17:10:17,single_day,regular,,Pass 1 Jour,Shotgun,44.54,50.34,1,1
2026-05-06,2026-05-06 17:10:17,single_day,regular,,Pass 1 Jour,Shotgun,44.54,50.34,1,1
2026-05-06,2026-05-06 17:12:05,single_day,regular,,Pass 1 Jour,Shotgun,44.54,50.34,1,1
2026-05-06,2026-05-06 17:12:48,single_day,regular,,Pass 1 Jour,Shotgun,44.54,50.34,1,1
2026-05-06,2026-05-06 17:12:48,single_day,regular,,Pass 1 Jour,Shotgun,44.54,50.34,1,1
2026-05-06,2026-05-06 17:12:54,single_day,regular,,Pass 1 Jour,Shotgun,44.54,50.34,1,1
2026-05-06,2026-05-06 17:12:54,single_day,regular,,Pass 1 Jour,Shotgun,44.54,50.34,1,1
2026-05-06,2026-05-06 17:13:09,single_day,regular,,Pass 1 Jour,Shotgun,44.54,50.34,1,1
2026-05-06,2026-05-06 17:13:09,single_day,regular,,Pass 1 Jour,Shotgun,44.54,50.34,1,1
2026-05-06,2026-05-06 17:13:20,single_day,regular,,Pass 1 Jour,Shotgun,44.54,50.34,1,1
2026-05-06,2026-05-06 17:13:20,single_day,regular,,Pass 1 Jour,Shotgun,44.54,50.34,1,1
2026-05-06,2026-05-06 17:13:47,single_day,regular,,Pass 1 Jour,Shotgun,44.54,50.34,1,1
2026-05-06,2026-05-06 17:13:47,single_day,regular,,Pass 1 Jour,Shotgun,44.54,50.34,1,1
2026-05-06,2026-05-06 17:13:52,single_day,regular,,Pass 1 Jour,Shotgun,44.54,50.34,1,1
2026-05-06,2026-05-06 17:14:10,single_day,regular,,Pass 1 Jour,Shotgun,44.54,50.34,1,1
2026-05-06,2026-05-06 17:14:10,single_day,regular,,Pass 1 Jour,Shotgun,44.54,50.34,1,1
2026-05-06,2026-05-06 17:16:43,single_day,regular,,Pass 1 Jour,Shotgun,44.54,50.34,1,1
2026-05-06,2026-05-06 17:16:43,single_day,regular,,Pass 1 Jour,Shotgun,44.54,50.34,1,1
2026-05-06,2026-05-06 17:17:22,single_day,regular,,Pass 1 Jour,Shotgun,44.54,50.34,1,1
2026-05-06,2026-05-06 17:17:22,single_day,regular,,Pass 1 Jour,Shotgun,44.54,50.34,1,1
2026-05-06,2026-05-06 17:17:22,single_day,regular,,Pass 1 Jour,Shotgun,44.54,50.34,1,1
2026-05-06,2026-05-06 17:18:20,single_day,regular,,Pass 1 Jour,Shotgun,44.54,50.34,1,1
2026-05-06,2026-05-06 17:22:12,single_day,regular,,Pass 1 Jour,Shotgun,44.54,50.34,1,1
2026-05-06,2026-05-06 17:22:12,single_day,regular,,Pass 1 Jour,Shotgun,44.54,50.34,1,1
2026-05-06,2026-05-06 17:22:12,single_day,regular,,Pass 1 Jour,Shotgun,44.54,50.34,1,1
2026-05-06,2026-05-06 17:22:22,vendredi,early_entry,['vendredi'],Pass Vendredi,Shotgun,45.0,50.86,1,1
2026-05-06,2026-05-06 17:24:01,single_day,regular,,Pass 1 Jour,Shotgun,44.54,50.34,1,1
2026-05-06,2026-05-06 17:24:30,single_day,regular,,Pass 1 Jour,Shotgun,44.54,50.34,1,1
2026-05-06,2026-05-06 17:26:38,2-jours,regular,,Pass 2 Jours,Shotgun,86.36,97.61,1,1
2026-05-06,2026-05-06 17:26:41,samedi,regular,['samedi'],Pass Samedi,Shotgun,53.64,60.62,1,1
2026-05-06,2026-05-06 17:26:41,samedi,regular,['samedi'],Pass Samedi,Shotgun,53.64,60.62,1,1
2026-05-06,2026-05-06 17:26:51,2-jours,regular,,Pass 2 Jours,Shotgun,86.36,97.61,1,1
2026-05-06,2026-05-06 17:26:57,vendredi,regular,['vendredi'],Pass Vendredi,Shotgun,53.64,60.62,1,1
2026-05-06,2026-05-06 17:28:44,2-jours,regular,,Pass 2 Jours,Shotgun,86.36,97.61,1,1
2026-05-06,2026-05-06 17:31:15,2-jours,regular,,Pass 2 Jours,Shotgun,86.36,97.61,1,1
2026-05-06,2026-05-06 17:35:40,2-jours,regular,,Pass 2 Jours,Shotgun,86.36,97.61,1,1
2026-05-06,2026-05-06 17:36:02,samedi,early_entry,['samedi'],Pass Samedi,Shotgun,45.0,50.86,1,1
2026-05-06,2026-05-06 17:36:04,2-jours,regular,,Pass 2 Jours,Shotgun,86.36,97.61,1,1
2026-05-06,2026-05-06 17:39:39,samedi,regular,['samedi'],Pass Samedi,Shotgun,53.64,60.62,1,1
2026-05-06,2026-05-06 17:41:25,samedi,early_entry,['samedi'],Pass Samedi,Shotgun,45.0,50.86,1,1
2026-05-06,2026-05-06 17:42:48,vendredi,regular,['vendredi'],Pass Vendredi,Shotgun,53.64,60.62,1,1
2026-05-06,2026-05-06 17:42:48,vendredi,regular,['vendredi'],Pass Vendredi,Shotgun,53.64,60.62,1,1
2026-05-06,2026-05-06 17:42:59,samedi,regular,['samedi'],Pass Samedi,Shotgun,53.64,60.62,1,1
2026-05-06,2026-05-06 17:42:59,samedi,regular,['samedi'],Pass Samedi,Shotgun,53.64,60.62,1,1
2026-05-06,2026-05-06 17:49:53,2-jours,regular,,Pass 2 Jours,Shotgun,86.36,97.61,1,1
2026-05-06,2026-05-06 17:51:27,2-jours,regular,,Pass 2 Jours,Shotgun,86.36,97.61,1,1
2026-05-06,2026-05-06 17:52:05,samedi,regular,['samedi'],Pass Samedi,Shotgun,53.64,60.62,1,1
2026-05-06,2026-05-06 17:52:05,samedi,regular,['samedi'],Pass Samedi,Shotgun,53.64,60.62,1,1
2026-05-06,2026-05-06 17:58:50,2-jours,regular,,Pass 2 Jours,Shotgun,86.36,97.61,1,1
2026-05-06,2026-05-06 17:59:30,vendredi,early_entry,['vendredi'],Pass Vendredi,Shotgun,45.0,50.86,1,1
2026-05-06,2026-05-06 17:59:30,vendredi,early_entry,['vendredi'],Pass Vendredi,Shotgun,45.0,50.86,1,1
2026-05-06,2026-05-06 18:06:53,samedi,early_entry,['samedi'],Pass Samedi,Shotgun,45.0,50.86,1,1
2026-05-06,2026-05-06 18:06:53,samedi,early_entry,['samedi'],Pass Samedi,Shotgun,45.0,50.86,1,1
2026-05-06,2026-05-06 18:06:53,samedi,early_entry,['samedi'],Pass Samedi,Shotgun,45.0,50.86,1,1
2026-05-06,2026-05-06 18:06:53,samedi,early_entry,['samedi'],Pass Samedi,Shotgun,45.0,50.86,1,1
2026-05-06,2026-05-06 18:06:53,samedi,early_entry,['samedi'],Pass Samedi,Shotgun,45.0,50.86,1,1
2026-05-06,2026-05-06 18:06:53,samedi,early_entry,['samedi'],Pass Samedi,Shotgun,45.0,50.86,1,1
2026-05-06,2026-05-06 18:07:51,samedi,regular,['samedi'],Pass Samedi,Shotgun,53.64,60.62,1,1
2026-05-06,2026-05-06 18:07:51,samedi,regular,['samedi'],Pass Samedi,Shotgun,53.64,60.62,1,1
2026-05-06,2026-05-06 18:17:49,samedi,regular,['samedi'],Pass Samedi,Shotgun,53.64,60.62,1,1
2026-05-06,2026-05-06 18:17:49,samedi,regular,['samedi'],Pass Samedi,Shotgun,53.64,60.62,1,1
2026-05-06,2026-05-06 18:22:27,2-jours,regular,,Pass 2 Jours,Shotgun,86.36,97.61,1,1
2026-05-06,2026-05-06 18:27:45,samedi,regular,['samedi'],Pass Samedi,Shotgun,53.64,60.62,1,1
2026-05-06,2026-05-06 18:27:47,samedi,early_entry,['samedi'],Pass Samedi,Shotgun,45.0,50.86,1,1
2026-05-06,2026-05-06 18:27:47,samedi,early_entry,['samedi'],Pass Samedi,Shotgun,45.0,50.86,1,1
2026-05-06,2026-05-06 18:28:13,2-jours,regular,,Pass 2 Jours,Shotgun,86.36,97.61,1,1
2026-05-06,2026-05-06 18:34:57,vendredi,regular,['vendredi'],Pass Vendredi,Shotgun,53.64,60.62,1,1
2026-05-06,2026-05-06 18:34:57,vendredi,regular,['vendredi'],Pass Vendredi,Shotgun,53.64,60.62,1,1
2026-05-06,2026-05-06 18:35:38,vendredi,regular,['vendredi'],Pass Vendredi,Shotgun,53.64,60.62,1,1
2026-05-06,2026-05-06 18:35:38,vendredi,regular,['vendredi'],Pass Vendredi,Shotgun,53.64,60.62,1,1
2026-05-06,2026-05-06 18:35:38,vendredi,regular,['vendredi'],Pass Vendredi,Shotgun,53.64,60.62,1,1
2026-05-06,2026-05-06 18:38:30,samedi,regular,['samedi'],Pass Samedi,Shotgun,53.64,60.62,1,1
2026-05-06,2026-05-06 18:47:07,2-jours,regular,,Pass 2 Jours,Shotgun,86.36,97.61,1,1
2026-05-06,2026-05-06 18:50:52,samedi,early_entry,['samedi'],Pass Samedi,Shotgun,45.0,50.86,1,1
2026-05-06,2026-05-06 18:53:54,samedi,early_entry,['samedi'],Pass Samedi,Shotgun,45.0,50.86,1,1
2026-05-06,2026-05-06 18:53:54,samedi,early_entry,['samedi'],Pass Samedi,Shotgun,45.0,50.86,1,1
2026-05-06,2026-05-06 18:53:54,samedi,early_entry,['samedi'],Pass Samedi,Shotgun,45.0,50.86,1,1
2026-05-06,2026-05-06 18:58:46,2-jours,regular,,Pass 2 Jours,Shotgun,86.36,97.61,1,1
2026-05-06,2026-05-06 18:58:46,2-jours,regular,,Pass 2 Jours,Shotgun,86.36,97.61,1,1
2026-05-06,2026-05-06 19:08:04,2-jours,regular,,Pass 2 Jours,Shotgun,86.36,97.61,1,1
2026-05-06,2026-05-06 19:09:40,samedi,early_entry,['samedi'],Pass Samedi,Shotgun,45.0,50.86,1,1
2026-05-06,2026-05-06 19:09:40,samedi,early_entry,['samedi'],Pass Samedi,Shotgun,45.0,50.86,1,1
2026-05-06,2026-05-06 19:09:40,samedi,early_entry,['samedi'],Pass Samedi,Shotgun,45.0,50.86,1,1
2026-05-06,2026-05-06 19:11:09,samedi,regular,['samedi'],Pass Samedi,Shotgun,53.64,60.62,1,1
2026-05-06,2026-05-06 19:14:53,samedi,early_entry,['samedi'],Pass Samedi,Shotgun,45.0,50.86,1,1
2026-05-06,2026-05-06 19:15:00,vendredi,early_entry,['vendredi'],Vendredi | Entrée Avant 21H,DICE,45.674834999999995,48.41,1,1
2026-05-06,2026-05-06 19:15:00,vendredi,early_entry,['vendredi'],Vendredi | Entrée Avant 21H,DICE,45.674834999999995,48.41,1,1
2026-05-06,2026-05-06 19:15:00,vendredi,early_entry,['vendredi'],Vendredi | Entrée Avant 21H,DICE,45.674834999999995,48.41,1,1
2026-05-06,2026-05-06 19:15:00,vendredi,early_entry,['vendredi'],Vendredi | Entrée Avant 21H,DICE,45.674834999999995,48.41,1,1
2026-05-06,2026-05-06 19:15:00,vendredi,early_entry,['vendredi'],Vendredi | Entrée Avant 21H,DICE,45.674834999999995,48.41,1,1
2026-05-06,2026-05-06 19:15:00,vendredi,early_entry,['vendredi'],Vendredi | Entrée Avant 21H,DICE,45.674834999999995,48.41,1,1
2026-05-06,2026-05-06 19:15:00,vendredi,early_entry,['vendredi'],Vendredi | Entrée Avant 21H,DICE,45.674834999999995,48.41,1,1
2026-05-06,2026-05-06 19:15:00,vendredi,early_entry,['vendredi'],Vendredi | Entrée Avant 21H,DICE,45.674834999999995,48.41,1,1
2026-05-06,2026-05-06 19:15:00,vendredi,early_entry,['vendredi'],Vendredi | Entrée Avant 21H,DICE,45.674834999999995,48.41,1,1
2026-05-06,2026-05-06 19:15:00,vendredi,early_entry,['vendredi'],Vendredi | Entrée Avant 21H,DICE,45.674834999999995,48.41,1,1
2026-05-06,2026-05-06 19:15:00,vendredi,early_entry,['vendredi'],Vendredi | Entrée Avant 21H,DICE,45.674834999999995,48.41,1,1
2026-05-06,2026-05-06 19:15:00,vendredi,early_entry,['vendredi'],Vendredi | Entrée Avant 21H,DICE,45.674834999999995,48.41,1,1
2026-05-06,2026-05-06 19:15:00,vendredi,early_entry,['vendredi'],Vendredi | Entrée Avant 21H,DICE,45.674834999999995,48.41,1,1
2026-05-06,2026-05-06 19:15:00,vendredi,early_entry,['vendredi'],Vendredi | Entrée Avant 21H,DICE,45.674834999999995,48.41,1,1
2026-05-06,2026-05-06 19:15:00,vendredi,early_entry,['vendredi'],Vendredi | Entrée Avant 21H,DICE,45.674834999999995,48.41,1,1
2026-05-06,2026-05-06 19:15:00,vendredi,early_entry,['vendredi'],Vendredi | Entrée Avant 21H,DICE,45.674834999999995,48.41,1,1
2026-05-06,2026-05-06 19:15:00,vendredi,early_entry,['vendredi'],Vendredi | Entrée Avant 21H,DICE,45.674834999999995,48.41,1,1
2026-05-06,2026-05-06 19:15:00,vendredi,early_entry,['vendredi'],Vendredi | Entrée Avant 21H,DICE,45.674834999999995,48.41,1,1
2026-05-06,2026-05-06 19:15:00,vendredi,early_entry,['vendredi'],Vendredi | Entrée Avant 21H,DICE,45.674834999999995,48.41,1,1
2026-05-06,2026-05-06 19:15:00,vendredi,early_entry,['vendredi'],Vendredi | Entrée Avant 21H,DICE,45.674834999999995,48.41,1,1
2026-05-06,2026-05-06 19:15:00,vendredi,early_entry,['vendredi'],Vendredi | Entrée Avant 21H,DICE,45.674834999999995,48.41,1,1
2026-05-06,2026-05-06 19:15:00,vendredi,early_entry,['vendredi'],Vendredi | Entrée Avant 21H,DICE,45.674834999999995,48.41,1,1
2026-05-06,2026-05-06 19:15:00,vendredi,early_entry,['vendredi'],Vendredi | Entrée Avant 21H,DICE,45.674834999999995,48.41,1,1
2026-05-06,2026-05-06 19:15:00,vendredi,early_entry,['vendredi'],Vendredi | Entrée Avant 21H,DICE,45.674834999999995,48.41,1,1
2026-05-06,2026-05-06 19:15:00,vendredi,early_entry,['vendredi'],Vendredi | Entrée Avant 21H,DICE,45.674834999999995,48.41,1,1
2026-05-06,2026-05-06 19:15:00,vendredi,early_entry,['vendredi'],Vendredi | Entrée Avant 21H,DICE,45.674834999999995,48.41,1,1
2026-05-06,2026-05-06 19:15:00,vendredi,early_entry,['vendredi'],Vendredi | Entrée Avant 21H,DICE,45.674834999999995,48.41,1,1
2026-05-06,2026-05-06 19:15:00,vendredi,early_entry,['vendredi'],Vendredi | Entrée Avant 21H,DICE,45.674834999999995,48.41,1,1
2026-05-06,2026-05-06 19:15:00,vendredi,early_entry,['vendredi'],Vendredi | Entrée Avant 21H,DICE,45.674834999999995,48.41,1,1
2026-05-06,2026-05-06 19:15:00,vendredi,early_entry,['vendredi'],Vendredi | Entrée Avant 21H,DICE,45.674834999999995,48.41,1,1
2026-05-06,2026-05-06 19:15:00,vendredi,early_entry,['vendredi'],Vendredi | Entrée Avant 21H,DICE,45.674834999999995,48.41,1,1
2026-05-06,2026-05-06 19:15:00,vendredi,early_entry,['vendredi'],Vendredi | Entrée Avant 21H,DICE,45.674834999999995,48.41,1,1
2026-05-06,2026-05-06 19:15:00,vendredi,early_entry,['vendredi'],Vendredi | Entrée Avant 21H,DICE,45.674834999999995,48.41,1,1
2026-05-06,2026-05-06 19:15:00,vendredi,early_entry,['vendredi'],Vendredi | Entrée Avant 21H,DICE,45.674834999999995,48.41,1,1
2026-05-06,2026-05-06 19:15:00,vendredi,early_entry,['vendredi'],Vendredi | Entrée Avant 21H,DICE,45.674834999999995,48.41,1,1
2026-05-06,2026-05-06 19:15:00,vendredi,early_entry,['vendredi'],Vendredi | Entrée Avant 21H,DICE,45.674834999999995,48.41,1,1
2026-05-06,2026-05-06 19:15:00,single_day,vip,,Weekend | Entrée VIP,DICE,250.72569000000001,265.74,1,1
2026-05-06,2026-05-06 19:15:00,single_day,vip,,Weekend | Entrée VIP,DICE,250.72569000000001,265.74,1,1
2026-05-06,2026-05-06 19:15:00,single_day,vip,,Weekend | Entrée VIP,DICE,250.72569000000001,265.74,1,1
2026-05-06,2026-05-06 19:15:00,single_day,vip,,Weekend | Entrée VIP,DICE,250.72569000000001,265.74,1,1
2026-05-06,2026-05-06 19:15:00,single_day,regular,,Weekend | Billet Standard,DICE,89.40606000000001,94.76,1,1
2026-05-06,2026-05-06 19:15:00,single_day,regular,,Weekend | Billet Standard,DICE,89.40606000000001,94.76,1,1
2026-05-06,2026-05-06 19:15:00,single_day,regular,,Weekend | Billet Standard,DICE,89.40606000000001,94.76,1,1
2026-05-06,2026-05-06 19:15:00,single_day,regular,,Weekend | Billet Standard,DICE,89.40606000000001,94.76,1,1
2026-05-06,2026-05-06 19:15:00,single_day,regular,,Weekend | Billet Standard,DICE,89.40606000000001,94.76,1,1
2026-05-06,2026-05-06 19:15:00,single_day,regular,,Weekend | Billet Standard,DICE,89.40606000000001,94.76,1,1
2026-05-06,2026-05-06 19:15:00,single_day,regular,,Weekend | Billet Standard,DICE,89.40606000000001,94.76,1,1
2026-05-06,2026-05-06 19:15:00,single_day,regular,,Weekend | Billet Standard,DICE,89.40606000000001,94.76,1,1
2026-05-06,2026-05-06 19:15:00,single_day,regular,,Weekend | Billet Standard,DICE,89.40606000000001,94.76,1,1
2026-05-06,2026-05-06 19:15:00,single_day,regular,,Weekend | Billet Standard,DICE,89.40606000000001,94.76,1,1
2026-05-06,2026-05-06 19:15:00,single_day,regular,,Weekend | Billet Standard,DICE,89.40606000000001,94.76,1,1
2026-05-06,2026-05-06 19:15:00,single_day,regular,,Weekend | Billet Standard,DICE,89.40606000000001,94.76,1,1
2026-05-06,2026-05-06 19:15:00,single_day,regular,,Weekend | Billet Standard,DICE,89.40606000000001,94.76,1,1
2026-05-06,2026-05-06 19:15:00,single_day,regular,,Weekend | Billet Standard,DICE,89.40606000000001,94.76,1,1
2026-05-06,2026-05-06 19:15:00,single_day,regular,,Weekend | Billet Standard,DICE,89.40606000000001,94.76,1,1
2026-05-06,2026-05-06 19:15:00,single_day,regular,,Weekend | Billet Standard,DICE,89.40606000000001,94.76,1,1
2026-05-06,2026-05-06 19:15:00,single_day,regular,,Weekend | Billet Standard,DICE,89.40606000000001,94.76,1,1
2026-05-06,2026-05-06 19:15:00,single_day,regular,,Weekend | Billet Standard,DICE,89.40606000000001,94.76,1,1
2026-05-06,2026-05-06 19:15:00,single_day,regular,,Weekend | Billet Standard,DICE,89.40606000000001,94.76,1,1
2026-05-06,2026-05-06 19:15:00,single_day,regular,,Weekend | Billet Standard,DICE,89.40606000000001,94.76,1,1
2026-05-06,2026-05-06 19:15:00,single_day,regular,,Weekend | Billet Standard,DICE,89.40606000000001,94.76,1,1
2026-05-06,2026-05-06 19:15:00,single_day,regular,,Weekend | Billet Standard,DICE,89.40606000000001,94.76,1,1
2026-05-06,2026-05-06 19:15:00,single_day,regular,,Weekend | Billet Standard,DICE,89.40606000000001,94.76,1,1
2026-05-06,2026-05-06 19:15:00,single_day,regular,,Weekend | Billet Standard,DICE,89.40606000000001,94.76,1,1
2026-05-06,2026-05-06 19:15:00,single_day,regular,,Weekend | Billet Standard,DICE,89.40606000000001,94.76,1,1
2026-05-06,2026-05-06 19:15:00,single_day,regular,,Weekend | Billet Standard,DICE,89.40606000000001,94.76,1,1
2026-05-06,2026-05-06 19:15:00,single_day,regular,,Weekend | Billet Standard,DICE,89.40606000000001,94.76,1,1
2026-05-06,2026-05-06 19:15:00,single_day,regular,,Weekend | Billet Standard,DICE,89.40606000000001,94.76,1,1
2026-05-06,2026-05-06 19:15:00,single_day,regular,,Weekend | Billet Standard,DICE,89.40606000000001,94.76,1,1
2026-05-06,2026-05-06 19:15:00,single_day,regular,,Weekend | Billet Standard,DICE,89.40606000000001,94.76,1,1
2026-05-06,2026-05-06 19:15:00,single_day,regular,,Weekend | Billet Standard,DICE,89.40606000000001,94.76,1,1
2026-05-06,2026-05-06 19:15:00,single_day,regular,,Weekend | Billet Standard,DICE,89.40606000000001,94.76,1,1
2026-05-06,2026-05-06 19:15:00,single_day,regular,,Weekend | Billet Standard,DICE,89.40606000000001,94.76,1,1
2026-05-06,2026-05-06 19:15:00,single_day,regular,,Weekend | Billet Standard,DICE,89.40606000000001,94.76,1,1
2026-05-06,2026-05-06 19:15:00,single_day,regular,,Weekend | Billet Standard,DICE,89.40606000000001,94.76,1,1
2026-05-06,2026-05-06 19:15:00,single_day,regular,,Weekend | Billet Standard,DICE,89.40606000000001,94.76,1,1
2026-05-06,2026-05-06 19:15:00,single_day,regular,,Weekend | Billet Standard,DICE,89.40606000000001,94.76,1,1
2026-05-06,2026-05-06 19:15:00,single_day,regular,,Weekend | Billet Standard,DICE,89.40606000000001,94.76,1,1
2026-05-06,2026-05-06 19:15:00,single_day,regular,,Weekend | Billet Standard,DICE,89.40606000000001,94.76,1,1
2026-05-06,2026-05-06 19:15:00,single_day,regular,,Weekend | Billet Standard,DICE,89.40606000000001,94.76,1,1
2026-05-06,2026-05-06 19:15:00,single_day,regular,,Weekend | Billet Standard,DICE,89.40606000000001,94.76,1,1
2026-05-06,2026-05-06 19:15:00,single_day,regular,,Weekend | Billet Standard,DICE,89.40606000000001,94.76,1,1
2026-05-06,2026-05-06 19:15:00,single_day,regular,,Weekend | Billet Standard,DICE,89.40606000000001,94.76,1,1
2026-05-06,2026-05-06 19:15:00,single_day,regular,,Weekend | Billet Standard,DICE,89.40606000000001,94.76,1,1
2026-05-06,2026-05-06 19:15:00,single_day,regular,,Weekend | Billet Standard,DICE,89.40606000000001,94.76,1,1
2026-05-06,2026-05-06 19:15:00,single_day,regular,,Weekend | Billet Standard,DICE,89.40606000000001,94.76,1,1
2026-05-06,2026-05-06 19:15:00,single_day,regular,,Weekend | Billet Standard,DICE,89.40606000000001,94.76,1,1
2026-05-06,2026-05-06 19:15:00,single_day,regular,,Weekend | Billet Standard,DICE,89.40606000000001,94.76,1,1
2026-05-06,2026-05-06 19:15:00,single_day,regular,,Weekend | Billet Standard,DICE,89.40606000000001,94.76,1,1
2026-05-06,2026-05-06 19:15:00,single_day,regular,,Weekend | Billet Standard,DICE,89.40606000000001,94.76,1,1
2026-05-06,2026-05-06 19:15:00,single_day,regular,,Weekend | Billet Standard,DICE,89.40606000000001,94.76,1,1
2026-05-06,2026-05-06 19:15:00,single_day,regular,,Weekend | Billet Standard,DICE,89.40606000000001,94.76,1,1
2026-05-06,2026-05-06 19:15:00,single_day,regular,,Weekend | Billet Standard,DICE,89.40606000000001,94.76,1,1
2026-05-06,2026-05-06 19:15:00,single_day,regular,,Weekend | Billet Standard,DICE,89.40606000000001,94.76,1,1
2026-05-06,2026-05-06 19:15:00,single_day,regular,,Weekend | Billet Standard,DICE,89.40606000000001,94.76,1,1
2026-05-06,2026-05-06 19:15:00,single_day,regular,,Weekend | Billet Standard,DICE,89.40606000000001,94.76,1,1
2026-05-06,2026-05-06 19:15:00,single_day,regular,,Weekend | Billet Standard,DICE,89.40606000000001,94.76,1,1
2026-05-06,2026-05-06 19:15:00,single_day,regular,,Weekend | Billet Standard,DICE,89.40606000000001,94.76,1,1
2026-05-06,2026-05-06 19:15:00,single_day,regular,,Weekend | Billet Standard,DICE,89.40606000000001,94.76,1,1
2026-05-06,2026-05-06 19:15:00,single_day,regular,,Weekend | Billet Standard,DICE,89.40606000000001,94.76,1,1
2026-05-06,2026-05-06 19:15:00,single_day,regular,,Weekend | Billet Standard,DICE,89.40606000000001,94.76,1,1
2026-05-06,2026-05-06 19:15:00,single_day,regular,,Weekend | Billet Standard,DICE,89.40606000000001,94.76,1,1
2026-05-06,2026-05-06 19:15:00,single_day,regular,,Weekend | Billet Standard,DICE,89.40606000000001,94.76,1,1
2026-05-06,2026-05-06 19:15:00,single_day,regular,,Weekend | Billet Standard,DICE,89.40606000000001,94.76,1,1
2026-05-06,2026-05-06 19:15:00,single_day,regular,,Weekend | Billet Standard,DICE,89.40606000000001,94.76,1,1
2026-05-06,2026-05-06 19:15:00,samedi,regular,['samedi'],Samedi | Billet Standard,DICE,55.392885,58.71,1,1
2026-05-06,2026-05-06 19:15:00,samedi,regular,['samedi'],Samedi | Billet Standard,DICE,55.392885,58.71,1,1
2026-05-06,2026-05-06 19:15:00,samedi,regular,['samedi'],Samedi | Billet Standard,DICE,55.392885,58.71,1,1
2026-05-06,2026-05-06 19:15:00,samedi,regular,['samedi'],Samedi | Billet Standard,DICE,55.392885,58.71,1,1
2026-05-06,2026-05-06 19:15:00,samedi,regular,['samedi'],Samedi | Billet Standard,DICE,55.392885,58.71,1,1
2026-05-06,2026-05-06 19:15:00,samedi,regular,['samedi'],Samedi | Billet Standard,DICE,55.392885,58.71,1,1
2026-05-06,2026-05-06 19:15:00,samedi,regular,['samedi'],Samedi | Billet Standard,DICE,55.392885,58.71,1,1
2026-05-06,2026-05-06 19:15:00,samedi,regular,['samedi'],Samedi | Billet Standard,DICE,55.392885,58.71,1,1
2026-05-06,2026-05-06 19:15:00,samedi,regular,['samedi'],Samedi | Billet Standard,DICE,55.392885,58.71,1,1
2026-05-06,2026-05-06 19:15:00,samedi,regular,['samedi'],Samedi | Billet Standard,DICE,55.392885,58.71,1,1
2026-05-06,2026-05-06 19:15:00,samedi,regular,['samedi'],Samedi | Billet Standard,DICE,55.392885,58.71,1,1
2026-05-06,2026-05-06 19:15:00,samedi,regular,['samedi'],Samedi | Billet Standard,DICE,55.392885,58.71,1,1
2026-05-06,2026-05-06 19:15:00,samedi,regular,['samedi'],Samedi | Billet Standard,DICE,55.392885,58.71,1,1
2026-05-06,2026-05-06 19:15:00,samedi,regular,['samedi'],Samedi | Billet Standard,DICE,55.392885,58.71,1,1
2026-05-06,2026-05-06 19:15:00,samedi,regular,['samedi'],Samedi | Billet Standard,DICE,55.392885,58.71,1,1
2026-05-06,2026-05-06 19:15:00,samedi,regular,['samedi'],Samedi | Billet Standard,DICE,55.392885,58.71,1,1
2026-05-06,2026-05-06 19:15:00,samedi,regular,['samedi'],Samedi | Billet Standard,DICE,55.392885,58.71,1,1
2026-05-06,2026-05-06 19:15:00,samedi,regular,['samedi'],Samedi | Billet Standard,DICE,55.392885,58.71,1,1
2026-05-06,2026-05-06 19:15:00,samedi,regular,['samedi'],Samedi | Billet Standard,DICE,55.392885,58.71,1,1
2026-05-06,2026-05-06 19:15:00,samedi,regular,['samedi'],Samedi | Billet Standard,DICE,55.392885,58.71,1,1
2026-05-06,2026-05-06 19:15:00,samedi,regular,['samedi'],Samedi | Billet Standard,DICE,55.392885,58.71,1,1
2026-05-06,2026-05-06 19:15:00,samedi,regular,['samedi'],Samedi | Billet Standard,DICE,55.392885,58.71,1,1
2026-05-06,2026-05-06 19:15:00,samedi,early_entry,['samedi'],Samedi | Entrée Avant 21H,DICE,45.674834999999995,48.41,1,1
2026-05-06,2026-05-06 19:15:00,samedi,early_entry,['samedi'],Samedi | Entrée Avant 21H,DICE,45.674834999999995,48.41,1,1
2026-05-06,2026-05-06 19:15:00,samedi,early_entry,['samedi'],Samedi | Entrée Avant 21H,DICE,45.674834999999995,48.41,1,1
2026-05-06,2026-05-06 19:15:00,samedi,early_entry,['samedi'],Samedi | Entrée Avant 21H,DICE,45.674834999999995,48.41,1,1
2026-05-06,2026-05-06 19:15:00,samedi,early_entry,['samedi'],Samedi | Entrée Avant 21H,DICE,45.674834999999995,48.41,1,1
2026-05-06,2026-05-06 19:15:00,samedi,early_entry,['samedi'],Samedi | Entrée Avant 21H,DICE,45.674834999999995,48.41,1,1
2026-05-06,2026-05-06 19:15:00,samedi,early_entry,['samedi'],Samedi | Entrée Avant 21H,DICE,45.674834999999995,48.41,1,1
2026-05-06,2026-05-06 19:15:00,samedi,early_entry,['samedi'],Samedi | Entrée Avant 21H,DICE,45.674834999999995,48.41,1,1
2026-05-06,2026-05-06 19:15:00,samedi,early_entry,['samedi'],Samedi | Entrée Avant 21H,DICE,45.674834999999995,48.41,1,1
2026-05-06,2026-05-06 19:15:00,samedi,early_entry,['samedi'],Samedi | Entrée Avant 21H,DICE,45.674834999999995,48.41,1,1
2026-05-06,2026-05-06 19:15:00,samedi,early_entry,['samedi'],Samedi | Entrée Avant 21H,DICE,45.674834999999995,48.41,1,1
2026-05-06,2026-05-06 19:15:00,samedi,early_entry,['samedi'],Samedi | Entrée Avant 21H,DICE,45.674834999999995,48.41,1,1
2026-05-06,2026-05-06 19:15:00,samedi,early_entry,['samedi'],Samedi | Entrée Avant 21H,DICE,45.674834999999995,48.41,1,1
2026-05-06,2026-05-06 19:15:00,samedi,early_entry,['samedi'],Samedi | Entrée Avant 21H,DICE,45.674834999999995,48.41,1,1
2026-05-06,2026-05-06 19:15:00,samedi,early_entry,['samedi'],Samedi | Entrée Avant 21H,DICE,45.674834999999995,48.41,1,1
2026-05-06,2026-05-06 19:15:00,samedi,early_entry,['samedi'],Samedi | Entrée Avant 21H,DICE,45.674834999999995,48.41,1,1
2026-05-06,2026-05-06 19:15:00,samedi,early_entry,['samedi'],Samedi | Entrée Avant 21H,DICE,45.674834999999995,48.41,1,1
2026-05-06,2026-05-06 19:15:00,samedi,early_entry,['samedi'],Samedi | Entrée Avant 21H,DICE,45.674834999999995,48.41,1,1
2026-05-06,2026-05-06 19:15:00,samedi,early_entry,['samedi'],Samedi | Entrée Avant 21H,DICE,45.674834999999995,48.41,1,1
2026-05-06,2026-05-06 19:15:00,samedi,early_entry,['samedi'],Samedi | Entrée Avant 21H,DICE,45.674834999999995,48.41,1,1
2026-05-06,2026-05-06 19:15:00,samedi,early_entry,['samedi'],Samedi | Entrée Avant 21H,DICE,45.674834999999995,48.41,1,1
2026-05-06,2026-05-06 19:15:00,samedi,early_entry,['samedi'],Samedi | Entrée Avant 21H,DICE,45.674834999999995,48.41,1,1
2026-05-06,2026-05-06 19:15:00,samedi,early_entry,['samedi'],Samedi | Entrée Avant 21H,DICE,45.674834999999995,48.41,1,1
2026-05-06,2026-05-06 19:15:00,samedi,early_entry,['samedi'],Samedi | Entrée Avant 21H,DICE,45.674834999999995,48.41,1,1
2026-05-06,2026-05-06 19:15:00,vendredi,regular,['vendredi'],Vendredi | Billet Standard,DICE,55.392885,58.71,1,1
2026-05-06,2026-05-06 19:15:00,vendredi,regular,['vendredi'],Vendredi | Billet Standard,DICE,55.392885,58.71,1,1
2026-05-06,2026-05-06 19:15:00,vendredi,regular,['vendredi'],Vendredi | Billet Standard,DICE,55.392885,58.71,1,1
2026-05-06,2026-05-06 19:15:00,vendredi,regular,['vendredi'],Vendredi | Billet Standard,DICE,55.392885,58.71,1,1
2026-05-06,2026-05-06 19:15:00,vendredi,regular,['vendredi'],Vendredi | Billet Standard,DICE,55.392885,58.71,1,1
2026-05-06,2026-05-06 19:15:00,vendredi,regular,['vendredi'],Vendredi | Billet Standard,DICE,55.392885,58.71,1,1
2026-05-06,2026-05-06 19:15:00,vendredi,regular,['vendredi'],Vendredi | Billet Standard,DICE,55.392885,58.71,1,1
2026-05-06,2026-05-06 19:15:00,vendredi,regular,['vendredi'],Vendredi | Billet Standard,DICE,55.392885,58.71,1,1
2026-05-06,2026-05-06 19:15:00,vendredi,regular,['vendredi'],Vendredi | Billet Standard,DICE,55.392885,58.71,1,1
2026-05-06,2026-05-06 19:15:00,vendredi,regular,['vendredi'],Vendredi | Billet Standard,DICE,55.392885,58.71,1,1
2026-05-06,2026-05-06 19:15:00,vendredi,regular,['vendredi'],Vendredi | Billet Standard,DICE,55.392885,58.71,1,1
2026-05-06,2026-05-06 19:15:00,vendredi,regular,['vendredi'],Vendredi | Billet Standard,DICE,55.392885,58.71,1,1
2026-05-06,2026-05-06 19:15:00,vendredi,regular,['vendredi'],Vendredi | Billet Standard,DICE,55.392885,58.71,1,1
2026-05-06,2026-05-06 19:15:00,vendredi,regular,['vendredi'],Vendredi | Billet Standard,DICE,55.392885,58.71,1,1
2026-05-06,2026-05-06 19:15:00,vendredi,regular,['vendredi'],Vendredi | Billet Standard,DICE,55.392885,58.71,1,1
2026-05-06,2026-05-06 19:15:00,vendredi,regular,['vendredi'],Vendredi | Billet Standard,DICE,55.392885,58.71,1,1
2026-05-06,2026-05-06 19:15:00,vendredi,regular,['vendredi'],Vendredi | Billet Standard,DICE,55.392885,58.71,1,1
2026-05-06,2026-05-06 19:15:00,vendredi,regular,['vendredi'],Vendredi | Billet Standard,DICE,55.392885,58.71,1,1
2026-05-06,2026-05-06 19:15:00,vendredi,regular,['vendredi'],Vendredi | Billet Standard,DICE,55.392885,58.71,1,1
2026-05-06,2026-05-06 19:16:00,vendredi,early_entry,['vendredi'],Vendredi | Entrée Avant 21H,DICE,45.674834999999995,48.41,1,1
2026-05-06,2026-05-06 19:16:00,vendredi,early_entry,['vendredi'],Vendredi | Entrée Avant 21H,DICE,45.674834999999995,48.41,1,1
2026-05-06,2026-05-06 19:16:00,vendredi,early_entry,['vendredi'],Vendredi | Entrée Avant 21H,DICE,45.674834999999995,48.41,1,1
2026-05-06,2026-05-06 19:16:00,vendredi,early_entry,['vendredi'],Vendredi | Entrée Avant 21H,DICE,45.674834999999995,48.41,1,1
2026-05-06,2026-05-06 19:16:00,vendredi,early_entry,['vendredi'],Vendredi | Entrée Avant 21H,DICE,45.674834999999995,48.41,1,1
2026-05-06,2026-05-06 19:16:00,vendredi,early_entry,['vendredi'],Vendredi | Entrée Avant 21H,DICE,45.674834999999995,48.41,1,1
2026-05-06,2026-05-06 19:16:00,vendredi,early_entry,['vendredi'],Vendredi | Entrée Avant 21H,DICE,45.674834999999995,48.41,1,1
2026-05-06,2026-05-06 19:16:00,vendredi,early_entry,['vendredi'],Vendredi | Entrée Avant 21H,DICE,45.674834999999995,48.41,1,1
2026-05-06,2026-05-06 19:16:00,vendredi,early_entry,['vendredi'],Vendredi | Entrée Avant 21H,DICE,45.674834999999995,48.41,1,1
2026-05-06,2026-05-06 19:16:00,vendredi,early_entry,['vendredi'],Vendredi | Entrée Avant 21H,DICE,45.674834999999995,48.41,1,1
2026-05-06,2026-05-06 19:16:00,vendredi,early_entry,['vendredi'],Vendredi | Entrée Avant 21H,DICE,45.674834999999995,48.41,1,1
2026-05-06,2026-05-06 19:16:00,vendredi,early_entry,['vendredi'],Vendredi | Entrée Avant 21H,DICE,45.674834999999995,48.41,1,1
2026-05-06,2026-05-06 19:16:00,vendredi,early_entry,['vendredi'],Vendredi | Entrée Avant 21H,DICE,45.674834999999995,48.41,1,1
2026-05-06,2026-05-06 19:16:00,vendredi,early_entry,['vendredi'],Vendredi | Entrée Avant 21H,DICE,45.674834999999995,48.41,1,1
2026-05-06,2026-05-06 19:16:00,vendredi,early_entry,['vendredi'],Vendredi | Entrée Avant 21H,DICE,45.674834999999995,48.41,1,1
2026-05-06,2026-05-06 19:16:00,vendredi,early_entry,['vendredi'],Vendredi | Entrée Avant 21H,DICE,45.674834999999995,48.41,1,1
2026-05-06,2026-05-06 19:16:00,vendredi,early_entry,['vendredi'],Vendredi | Entrée Avant 21H,DICE,45.674834999999995,48.41,1,1
2026-05-06,2026-05-06 19:16:00,vendredi,early_entry,['vendredi'],Vendredi | Entrée Avant 21H,DICE,45.674834999999995,48.41,1,1
2026-05-06,2026-05-06 19:16:00,vendredi,early_entry,['vendredi'],Vendredi | Entrée Avant 21H,DICE,45.674834999999995,48.41,1,1
2026-05-06,2026-05-06 19:16:00,vendredi,early_entry,['vendredi'],Vendredi | Entrée Avant 21H,DICE,45.674834999999995,48.41,1,1
2026-05-06,2026-05-06 19:16:00,vendredi,early_entry,['vendredi'],Vendredi | Entrée Avant 21H,DICE,45.674834999999995,48.41,1,1
2026-05-06,2026-05-06 19:16:00,vendredi,early_entry,['vendredi'],Vendredi | Entrée Avant 21H,DICE,45.674834999999995,48.41,1,1
2026-05-06,2026-05-06 19:16:00,vendredi,early_entry,['vendredi'],Vendredi | Entrée Avant 21H,DICE,45.674834999999995,48.41,1,1
2026-05-06,2026-05-06 19:16:00,vendredi,early_entry,['vendredi'],Vendredi | Entrée Avant 21H,DICE,45.674834999999995,48.41,1,1
2026-05-06,2026-05-06 19:16:00,vendredi,early_entry,['vendredi'],Vendredi | Entrée Avant 21H,DICE,45.674834999999995,48.41,1,1
2026-05-06,2026-05-06 19:16:00,vendredi,early_entry,['vendredi'],Vendredi | Entrée Avant 21H,DICE,45.674834999999995,48.41,1,1
2026-05-06,2026-05-06 19:16:00,vendredi,early_entry,['vendredi'],Vendredi | Entrée Avant 21H,DICE,45.674834999999995,48.41,1,1
2026-05-06,2026-05-06 19:16:00,vendredi,early_entry,['vendredi'],Vendredi | Entrée Avant 21H,DICE,45.674834999999995,48.41,1,1
2026-05-06,2026-05-06 19:16:00,vendredi,early_entry,['vendredi'],Vendredi | Entrée Avant 21H,DICE,45.674834999999995,48.41,1,1
2026-05-06,2026-05-06 19:16:00,vendredi,early_entry,['vendredi'],Vendredi | Entrée Avant 21H,DICE,45.674834999999995,48.41,1,1
2026-05-06,2026-05-06 19:16:00,vendredi,early_entry,['vendredi'],Vendredi | Entrée Avant 21H,DICE,45.674834999999995,48.41,1,1
2026-05-06,2026-05-06 19:16:00,vendredi,early_entry,['vendredi'],Vendredi | Entrée Avant 21H,DICE,45.674834999999995,48.41,1,1
2026-05-06,2026-05-06 19:16:00,vendredi,early_entry,['vendredi'],Vendredi | Entrée Avant 21H,DICE,45.674834999999995,48.41,1,1
2026-05-06,2026-05-06 19:16:00,vendredi,early_entry,['vendredi'],Vendredi | Entrée Avant 21H,DICE,45.674834999999995,48.41,1,1
2026-05-06,2026-05-06 19:16:00,vendredi,early_entry,['vendredi'],Vendredi | Entrée Avant 21H,DICE,45.674834999999995,48.41,1,1
2026-05-06,2026-05-06 19:16:00,vendredi,early_entry,['vendredi'],Vendredi | Entrée Avant 21H,DICE,45.674834999999995,48.41,1,1
2026-05-06,2026-05-06 19:16:00,vendredi,early_entry,['vendredi'],Vendredi | Entrée Avant 21H,DICE,45.674834999999995,48.41,1,1
2026-05-06,2026-05-06 19:16:00,vendredi,early_entry,['vendredi'],Vendredi | Entrée Avant 21H,DICE,45.674834999999995,48.41,1,1
2026-05-06,2026-05-06 19:16:00,vendredi,early_entry,['vendredi'],Vendredi | Entrée Avant 21H,DICE,45.674834999999995,48.41,1,1
2026-05-06,2026-05-06 19:16:00,vendredi,early_entry,['vendredi'],Vendredi | Entrée Avant 21H,DICE,45.674834999999995,48.41,1,1
2026-05-06,2026-05-06 19:16:00,vendredi,early_entry,['vendredi'],Vendredi | Entrée Avant 21H,DICE,45.674834999999995,48.41,1,1
2026-05-06,2026-05-06 19:16:00,vendredi,vip,['vendredi'],Vendredi | Entrée VIP | Billet Standard,DICE,128.27826000000002,135.96,1,1
2026-05-06,2026-05-06 19:16:00,single_day,regular,,Weekend | Billet Standard,DICE,89.40606000000001,94.76,1,1
2026-05-06,2026-05-06 19:16:00,single_day,regular,,Weekend | Billet Standard,DICE,89.40606000000001,94.76,1,1
2026-05-06,2026-05-06 19:16:00,single_day,regular,,Weekend | Billet Standard,DICE,89.40606000000001,94.76,1,1
2026-05-06,2026-05-06 19:16:00,single_day,regular,,Weekend | Billet Standard,DICE,89.40606000000001,94.76,1,1
2026-05-06,2026-05-06 19:16:00,single_day,regular,,Weekend | Billet Standard,DICE,89.40606000000001,94.76,1,1
2026-05-06,2026-05-06 19:16:00,single_day,regular,,Weekend | Billet Standard,DICE,89.40606000000001,94.76,1,1
2026-05-06,2026-05-06 19:16:00,single_day,regular,,Weekend | Billet Standard,DICE,89.40606000000001,94.76,1,1
2026-05-06,2026-05-06 19:16:00,single_day,regular,,Weekend | Billet Standard,DICE,89.40606000000001,94.76,1,1
2026-05-06,2026-05-06 19:16:00,single_day,regular,,Weekend | Billet Standard,DICE,89.40606000000001,94.76,1,1
2026-05-06,2026-05-06 19:16:00,single_day,regular,,Weekend | Billet Standard,DICE,89.40606000000001,94.76,1,1
2026-05-06,2026-05-06 19:16:00,single_day,regular,,Weekend | Billet Standard,DICE,89.40606000000001,94.76,1,1
2026-05-06,2026-05-06 19:16:00,single_day,regular,,Weekend | Billet Standard,DICE,89.40606000000001,94.76,1,1
2026-05-06,2026-05-06 19:16:00,single_day,regular,,Weekend | Billet Standard,DICE,89.40606000000001,94.76,1,1
2026-05-06,2026-05-06 19:16:00,single_day,regular,,Weekend | Billet Standard,DICE,89.40606000000001,94.76,1,1
2026-05-06,2026-05-06 19:16:00,single_day,regular,,Weekend | Billet Standard,DICE,89.40606000000001,94.76,1,1
2026-05-06,2026-05-06 19:16:00,single_day,regular,,Weekend | Billet Standard,DICE,89.40606000000001,94.76,1,1
2026-05-06,2026-05-06 19:16:00,single_day,regular,,Weekend | Billet Standard,DICE,89.40606000000001,94.76,1,1
2026-05-06,2026-05-06 19:16:00,single_day,regular,,Weekend | Billet Standard,DICE,89.40606000000001,94.76,1,1
2026-05-06,2026-05-06 19:16:00,single_day,regular,,Weekend | Billet Standard,DICE,89.40606000000001,94.76,1,1
2026-05-06,2026-05-06 19:16:00,single_day,regular,,Weekend | Billet Standard,DICE,89.40606000000001,94.76,1,1
2026-05-06,2026-05-06 19:16:00,single_day,regular,,Weekend | Billet Standard,DICE,89.40606000000001,94.76,1,1
2026-05-06,2026-05-06 19:16:00,single_day,regular,,Weekend | Billet Standard,DICE,89.40606000000001,94.76,1,1
2026-05-06,2026-05-06 19:16:00,single_day,regular,,Weekend | Billet Standard,DICE,89.40606000000001,94.76,1,1
2026-05-06,2026-05-06 19:16:00,single_day,regular,,Weekend | Billet Standard,DICE,89.40606000000001,94.76,1,1
2026-05-06,2026-05-06 19:16:00,single_day,regular,,Weekend | Billet Standard,DICE,89.40606000000001,94.76,1,1
2026-05-06,2026-05-06 19:16:00,single_day,regular,,Weekend | Billet Standard,DICE,89.40606000000001,94.76,1,1
2026-05-06,2026-05-06 19:16:00,single_day,regular,,Weekend | Billet Standard,DICE,89.40606000000001,94.76,1,1
2026-05-06,2026-05-06 19:16:00,single_day,regular,,Weekend | Billet Standard,DICE,89.40606000000001,94.76,1,1
2026-05-06,2026-05-06 19:16:00,single_day,regular,,Weekend | Billet Standard,DICE,89.40606000000001,94.76,1,1
2026-05-06,2026-05-06 19:16:00,single_day,regular,,Weekend | Billet Standard,DICE,89.40606000000001,94.76,1,1
2026-05-06,2026-05-06 19:16:00,single_day,regular,,Weekend | Billet Standard,DICE,89.40606000000001,94.76,1,1
2026-05-06,2026-05-06 19:16:00,single_day,regular,,Weekend | Billet Standard,DICE,89.40606000000001,94.76,1,1
2026-05-06,2026-05-06 19:16:00,single_day,regular,,Weekend | Billet Standard,DICE,89.40606000000001,94.76,1,1
2026-05-06,2026-05-06 19:16:00,single_day,regular,,Weekend | Billet Standard,DICE,89.40606000000001,94.76,1,1
2026-05-06,2026-05-06 19:16:00,single_day,regular,,Weekend | Billet Standard,DICE,89.40606000000001,94.76,1,1
2026-05-06,2026-05-06 19:16:00,single_day,regular,,Weekend | Billet Standard,DICE,89.40606000000001,94.76,1,1
2026-05-06,2026-05-06 19:16:00,single_day,regular,,Weekend | Billet Standard,DICE,89.40606000000001,94.76,1,1
2026-05-06,2026-05-06 19:16:00,single_day,regular,,Weekend | Billet Standard,DICE,89.40606000000001,94.76,1,1
2026-05-06,2026-05-06 19:16:00,single_day,regular,,Weekend | Billet Standard,DICE,89.40606000000001,94.76,1,1
2026-05-06,2026-05-06 19:16:00,single_day,regular,,Weekend | Billet Standard,DICE,89.40606000000001,94.76,1,1
2026-05-06,2026-05-06 19:16:00,single_day,regular,,Weekend | Billet Standard,DICE,89.40606000000001,94.76,1,1
2026-05-06,2026-05-06 19:16:00,single_day,regular,,Weekend | Billet Standard,DICE,89.40606000000001,94.76,1,1
2026-05-06,2026-05-06 19:16:00,single_day,regular,,Weekend | Billet Standard,DICE,89.40606000000001,94.76,1,1
2026-05-06,2026-05-06 19:16:00,single_day,regular,,Weekend | Billet Standard,DICE,89.40606000000001,94.76,1,1
2026-05-06,2026-05-06 19:16:00,single_day,regular,,Weekend | Billet Standard,DICE,89.40606000000001,94.76,1,1
2026-05-06,2026-05-06 19:16:00,single_day,regular,,Weekend | Billet Standard,DICE,89.40606000000001,94.76,1,1
2026-05-06,2026-05-06 19:16:00,single_day,regular,,Weekend | Billet Standard,DICE,89.40606000000001,94.76,1,1
2026-05-06,2026-05-06 19:16:00,single_day,regular,,Weekend | Billet Standard,DICE,89.40606000000001,94.76,1,1
2026-05-06,2026-05-06 19:16:00,single_day,regular,,Weekend | Billet Standard,DICE,89.40606000000001,94.76,1,1
2026-05-06,2026-05-06 19:16:00,single_day,regular,,Weekend | Billet Standard,DICE,89.40606000000001,94.76,1,1
2026-05-06,2026-05-06 19:16:00,single_day,regular,,Weekend | Billet Standard,DICE,89.40606000000001,94.76,1,1
2026-05-06,2026-05-06 19:16:00,single_day,regular,,Weekend | Billet Standard,DICE,89.40606000000001,94.76,1,1
2026-05-06,2026-05-06 19:16:00,samedi,regular,['samedi'],Samedi | Billet Standard,DICE,55.392885,58.71,1,1
2026-05-06,2026-05-06 19:16:00,samedi,regular,['samedi'],Samedi | Billet Standard,DICE,55.392885,58.71,1,1
2026-05-06,2026-05-06 19:16:00,samedi,regular,['samedi'],Samedi | Billet Standard,DICE,55.392885,58.71,1,1
2026-05-06,2026-05-06 19:16:00,samedi,regular,['samedi'],Samedi | Billet Standard,DICE,55.392885,58.71,1,1
2026-05-06,2026-05-06 19:16:00,samedi,regular,['samedi'],Samedi | Billet Standard,DICE,55.392885,58.71,1,1
2026-05-06,2026-05-06 19:16:00,samedi,regular,['samedi'],Samedi | Billet Standard,DICE,55.392885,58.71,1,1
2026-05-06,2026-05-06 19:16:00,samedi,regular,['samedi'],Samedi | Billet Standard,DICE,55.392885,58.71,1,1
2026-05-06,2026-05-06 19:16:00,samedi,regular,['samedi'],Samedi | Billet Standard,DICE,55.392885,58.71,1,1
2026-05-06,2026-05-06 19:16:00,samedi,regular,['samedi'],Samedi | Billet Standard,DICE,55.392885,58.71,1,1
2026-05-06,2026-05-06 19:16:00,samedi,regular,['samedi'],Samedi | Billet Standard,DICE,55.392885,58.71,1,1
2026-05-06,2026-05-06 19:16:00,samedi,regular,['samedi'],Samedi | Billet Standard,DICE,55.392885,58.71,1,1
2026-05-06,2026-05-06 19:16:00,samedi,regular,['samedi'],Samedi | Billet Standard,DICE,55.392885,58.71,1,1
2026-05-06,2026-05-06 19:16:00,samedi,regular,['samedi'],Samedi | Billet Standard,DICE,55.392885,58.71,1,1
2026-05-06,2026-05-06 19:16:00,samedi,regular,['samedi'],Samedi | Billet Standard,DICE,55.392885,58.71,1,1
2026-05-06,2026-05-06 19:16:00,samedi,regular,['samedi'],Samedi | Billet Standard,DICE,55.392885,58.71,1,1
2026-05-06,2026-05-06 19:16:00,samedi,regular,['samedi'],Samedi | Billet Standard,DICE,55.392885,58.71,1,1
2026-05-06,2026-05-06 19:16:00,samedi,regular,['samedi'],Samedi | Billet Standard,DICE,55.392885,58.71,1,1
2026-05-06,2026-05-06 19:16:00,samedi,regular,['samedi'],Samedi | Billet Standard,DICE,55.392885,58.71,1,1
2026-05-06,2026-05-06 19:16:00,samedi,regular,['samedi'],Samedi | Billet Standard,DICE,55.392885,58.71,1,1
2026-05-06,2026-05-06 19:16:00,samedi,regular,['samedi'],Samedi | Billet Standard,DICE,55.392885,58.71,1,1
2026-05-06,2026-05-06 19:16:00,samedi,regular,['samedi'],Samedi | Billet Standard,DICE,55.392885,58.71,1,1
2026-05-06,2026-05-06 19:16:00,samedi,regular,['samedi'],Samedi | Billet Standard,DICE,55.392885,58.71,1,1
2026-05-06,2026-05-06 19:16:00,samedi,regular,['samedi'],Samedi | Billet Standard,DICE,55.392885,58.71,1,1
2026-05-06,2026-05-06 19:16:00,samedi,regular,['samedi'],Samedi | Billet Standard,DICE,55.392885,58.71,1,1
2026-05-06,2026-05-06 19:16:00,samedi,regular,['samedi'],Samedi | Billet Standard,DICE,55.392885,58.71,1,1
2026-05-06,2026-05-06 19:16:00,samedi,regular,['samedi'],Samedi | Billet Standard,DICE,55.392885,58.71,1,1
2026-05-06,2026-05-06 19:16:00,samedi,regular,['samedi'],Samedi | Billet Standard,DICE,55.392885,58.71,1,1
2026-05-06,2026-05-06 19:16:00,samedi,regular,['samedi'],Samedi | Billet Standard,DICE,55.392885,58.71,1,1
2026-05-06,2026-05-06 19:16:00,samedi,regular,['samedi'],Samedi | Billet Standard,DICE,55.392885,58.71,1,1
2026-05-06,2026-05-06 19:16:00,samedi,regular,['samedi'],Samedi | Billet Standard,DICE,55.392885,58.71,1,1
2026-05-06,2026-05-06 19:16:00,samedi,regular,['samedi'],Samedi | Billet Standard,DICE,55.392885,58.71,1,1
2026-05-06,2026-05-06 19:16:00,samedi,regular,['samedi'],Samedi | Billet Standard,DICE,55.392885,58.71,1,1
2026-05-06,2026-05-06 19:16:00,samedi,regular,['samedi'],Samedi | Billet Standard,DICE,55.392885,58.71,1,1
2026-05-06,2026-05-06 19:16:00,samedi,regular,['samedi'],Samedi | Billet Standard,DICE,55.392885,58.71,1,1
2026-05-06,2026-05-06 19:16:00,samedi,regular,['samedi'],Samedi | Billet Standard,DICE,55.392885,58.71,1,1
2026-05-06,2026-05-06 19:16:00,samedi,regular,['samedi'],Samedi | Billet Standard,DICE,55.392885,58.71,1,1
2026-05-06,2026-05-06 19:16:00,samedi,regular,['samedi'],Samedi | Billet Standard,DICE,55.392885,58.71,1,1
2026-05-06,2026-05-06 19:16:00,samedi,regular,['samedi'],Samedi | Billet Standard,DICE,55.392885,58.71,1,1
2026-05-06,2026-05-06 19:16:00,samedi,regular,['samedi'],Samedi | Billet Standard,DICE,55.392885,58.71,1,1
2026-05-06,2026-05-06 19:16:00,samedi,regular,['samedi'],Samedi | Billet Standard,DICE,55.392885,58.71,1,1
2026-05-06,2026-05-06 19:16:00,samedi,regular,['samedi'],Samedi | Billet Standard,DICE,55.392885,58.71,1,1
2026-05-06,2026-05-06 19:16:00,samedi,regular,['samedi'],Samedi | Billet Standard,DICE,55.392885,58.71,1,1
2026-05-06,2026-05-06 19:16:00,samedi,early_entry,['samedi'],Samedi | Entrée Avant 21H,DICE,45.674834999999995,48.41,1,1
2026-05-06,2026-05-06 19:16:00,samedi,early_entry,['samedi'],Samedi | Entrée Avant 21H,DICE,45.674834999999995,48.41,1,1
2026-05-06,2026-05-06 19:16:00,samedi,early_entry,['samedi'],Samedi | Entrée Avant 21H,DICE,45.674834999999995,48.41,1,1
2026-05-06,2026-05-06 19:16:00,samedi,early_entry,['samedi'],Samedi | Entrée Avant 21H,DICE,45.674834999999995,48.41,1,1
2026-05-06,2026-05-06 19:16:00,samedi,early_entry,['samedi'],Samedi | Entrée Avant 21H,DICE,45.674834999999995,48.41,1,1
2026-05-06,2026-05-06 19:16:00,samedi,early_entry,['samedi'],Samedi | Entrée Avant 21H,DICE,45.674834999999995,48.41,1,1
2026-05-06,2026-05-06 19:16:00,samedi,early_entry,['samedi'],Samedi | Entrée Avant 21H,DICE,45.674834999999995,48.41,1,1
2026-05-06,2026-05-06 19:16:00,samedi,early_entry,['samedi'],Samedi | Entrée Avant 21H,DICE,45.674834999999995,48.41,1,1
2026-05-06,2026-05-06 19:16:00,samedi,early_entry,['samedi'],Samedi | Entrée Avant 21H,DICE,45.674834999999995,48.41,1,1
2026-05-06,2026-05-06 19:16:00,samedi,early_entry,['samedi'],Samedi | Entrée Avant 21H,DICE,45.674834999999995,48.41,1,1
2026-05-06,2026-05-06 19:16:00,samedi,early_entry,['samedi'],Samedi | Entrée Avant 21H,DICE,45.674834999999995,48.41,1,1
2026-05-06,2026-05-06 19:16:00,samedi,early_entry,['samedi'],Samedi | Entrée Avant 21H,DICE,45.674834999999995,48.41,1,1
2026-05-06,2026-05-06 19:16:00,samedi,early_entry,['samedi'],Samedi | Entrée Avant 21H,DICE,45.674834999999995,48.41,1,1
2026-05-06,2026-05-06 19:16:00,samedi,early_entry,['samedi'],Samedi | Entrée Avant 21H,DICE,45.674834999999995,48.41,1,1
2026-05-06,2026-05-06 19:16:00,samedi,early_entry,['samedi'],Samedi | Entrée Avant 21H,DICE,45.674834999999995,48.41,1,1
2026-05-06,2026-05-06 19:16:00,samedi,early_entry,['samedi'],Samedi | Entrée Avant 21H,DICE,45.674834999999995,48.41,1,1
2026-05-06,2026-05-06 19:16:00,samedi,early_entry,['samedi'],Samedi | Entrée Avant 21H,DICE,45.674834999999995,48.41,1,1
2026-05-06,2026-05-06 19:16:00,samedi,early_entry,['samedi'],Samedi | Entrée Avant 21H,DICE,45.674834999999995,48.41,1,1
2026-05-06,2026-05-06 19:16:00,samedi,early_entry,['samedi'],Samedi | Entrée Avant 21H,DICE,45.674834999999995,48.41,1,1
2026-05-06,2026-05-06 19:16:00,samedi,early_entry,['samedi'],Samedi | Entrée Avant 21H,DICE,45.674834999999995,48.41,1,1
2026-05-06,2026-05-06 19:16:00,samedi,early_entry,['samedi'],Samedi | Entrée Avant 21H,DICE,45.674834999999995,48.41,1,1
2026-05-06,2026-05-06 19:16:00,samedi,early_entry,['samedi'],Samedi | Entrée Avant 21H,DICE,45.674834999999995,48.41,1,1
2026-05-06,2026-05-06 19:16:00,samedi,early_entry,['samedi'],Samedi | Entrée Avant 21H,DICE,45.674834999999995,48.41,1,1
2026-05-06,2026-05-06 19:16:00,samedi,early_entry,['samedi'],Samedi | Entrée Avant 21H,DICE,45.674834999999995,48.41,1,1
2026-05-06,2026-05-06 19:16:00,samedi,early_entry,['samedi'],Samedi | Entrée Avant 21H,DICE,45.674834999999995,48.41,1,1
2026-05-06,2026-05-06 19:16:00,vendredi,regular,['vendredi'],Vendredi | Billet Standard,DICE,55.392885,58.71,1,1
2026-05-06,2026-05-06 19:16:00,vendredi,regular,['vendredi'],Vendredi | Billet Standard,DICE,55.392885,58.71,1,1
2026-05-06,2026-05-06 19:16:00,vendredi,regular,['vendredi'],Vendredi | Billet Standard,DICE,55.392885,58.71,1,1
2026-05-06,2026-05-06 19:16:00,vendredi,regular,['vendredi'],Vendredi | Billet Standard,DICE,55.392885,58.71,1,1
2026-05-06,2026-05-06 19:16:00,vendredi,regular,['vendredi'],Vendredi | Billet Standard,DICE,55.392885,58.71,1,1
2026-05-06,2026-05-06 19:16:00,vendredi,regular,['vendredi'],Vendredi | Billet Standard,DICE,55.392885,58.71,1,1
2026-05-06,2026-05-06 19:16:00,vendredi,regular,['vendredi'],Vendredi | Billet Standard,DICE,55.392885,58.71,1,1
2026-05-06,2026-05-06 19:16:00,vendredi,regular,['vendredi'],Vendredi | Billet Standard,DICE,55.392885,58.71,1,1
2026-05-06,2026-05-06 19:16:00,vendredi,regular,['vendredi'],Vendredi | Billet Standard,DICE,55.392885,58.71,1,1
2026-05-06,2026-05-06 19:16:00,vendredi,regular,['vendredi'],Vendredi | Billet Standard,DICE,55.392885,58.71,1,1
2026-05-06,2026-05-06 19:16:00,vendredi,regular,['vendredi'],Vendredi | Billet Standard,DICE,55.392885,58.71,1,1
2026-05-06,2026-05-06 19:16:00,vendredi,regular,['vendredi'],Vendredi | Billet Standard,DICE,55.392885,58.71,1,1
2026-05-06,2026-05-06 19:16:00,vendredi,regular,['vendredi'],Vendredi | Billet Standard,DICE,55.392885,58.71,1,1
2026-05-06,2026-05-06 19:16:00,vendredi,regular,['vendredi'],Vendredi | Billet Standard,DICE,55.392885,58.71,1,1
2026-05-06,2026-05-06 19:16:00,vendredi,regular,['vendredi'],Vendredi | Billet Standard,DICE,55.392885,58.71,1,1
2026-05-06,2026-05-06 19:16:00,vendredi,regular,['vendredi'],Vendredi | Billet Standard,DICE,55.392885,58.71,1,1
2026-05-06,2026-05-06 19:16:00,vendredi,regular,['vendredi'],Vendredi | Billet Standard,DICE,55.392885,58.71,1,1
2026-05-06,2026-05-06 19:16:00,vendredi,regular,['vendredi'],Vendredi | Billet Standard,DICE,55.392885,58.71,1,1
2026-05-06,2026-05-06 19:16:00,vendredi,regular,['vendredi'],Vendredi | Billet Standard,DICE,55.392885,58.71,1,1
2026-05-06,2026-05-06 19:16:00,vendredi,regular,['vendredi'],Vendredi | Billet Standard,DICE,55.392885,58.71,1,1
2026-05-06,2026-05-06 19:16:00,vendredi,regular,['vendredi'],Vendredi | Billet Standard,DICE,55.392885,58.71,1,1
2026-05-06,2026-05-06 19:16:00,vendredi,regular,['vendredi'],Vendredi | Billet Standard,DICE,55.392885,58.71,1,1
2026-05-06,2026-05-06 19:16:00,vendredi,regular,['vendredi'],Vendredi | Billet Standard,DICE,55.392885,58.71,1,1
2026-05-06,2026-05-06 19:16:00,vendredi,regular,['vendredi'],Vendredi | Billet Standard,DICE,55.392885,58.71,1,1
2026-05-06,2026-05-06 19:16:00,vendredi,regular,['vendredi'],Vendredi | Billet Standard,DICE,55.392885,58.71,1,1
2026-05-06,2026-05-06 19:16:00,vendredi,regular,['vendredi'],Vendredi | Billet Standard,DICE,55.392885,58.71,1,1
2026-05-06,2026-05-06 19:16:00,vendredi,regular,['vendredi'],Vendredi | Billet Standard,DICE,55.392885,58.71,1,1
2026-05-06,2026-05-06 19:16:00,vendredi,regular,['vendredi'],Vendredi | Billet Standard,DICE,55.392885,58.71,1,1
2026-05-06,2026-05-06 19:16:00,vendredi,regular,['vendredi'],Vendredi | Billet Standard,DICE,55.392885,58.71,1,1
2026-05-06,2026-05-06 19:16:00,vendredi,regular,['vendredi'],Vendredi | Billet Standard,DICE,55.392885,58.71,1,1
2026-05-06,2026-05-06 19:16:00,vendredi,regular,['vendredi'],Vendredi | Billet Standard,DICE,55.392885,58.71,1,1
2026-05-06,2026-05-06 19:16:00,vendredi,regular,['vendredi'],Vendredi | Billet Standard,DICE,55.392885,58.71,1,1
2026-05-06,2026-05-06 19:16:00,vendredi,regular,['vendredi'],Vendredi | Billet Standard,DICE,55.392885,58.71,1,1
2026-05-06,2026-05-06 19:16:00,vendredi,regular,['vendredi'],Vendredi | Billet Standard,DICE,55.392885,58.71,1,1
2026-05-06,2026-05-06 19:16:00,vendredi,regular,['vendredi'],Vendredi | Billet Standard,DICE,55.392885,58.71,1,1
2026-05-06,2026-05-06 19:16:00,vendredi,regular,['vendredi'],Vendredi | Billet Standard,DICE,55.392885,58.71,1,1
2026-05-06,2026-05-06 19:16:00,vendredi,regular,['vendredi'],Vendredi | Billet Standard,DICE,55.392885,58.71,1,1
2026-05-06,2026-05-06 19:16:00,vendredi,regular,['vendredi'],Vendredi | Billet Standard,DICE,55.392885,58.71,1,1
2026-05-06,2026-05-06 19:16:00,vendredi,regular,['vendredi'],Vendredi | Billet Standard,DICE,55.392885,58.71,1,1
2026-05-06,2026-05-06 19:17:00,vendredi,early_entry,['vendredi'],Vendredi | Entrée Avant 21H,DICE,45.674834999999995,48.41,1,1
2026-05-06,2026-05-06 19:17:00,vendredi,early_entry,['vendredi'],Vendredi | Entrée Avant 21H,DICE,45.674834999999995,48.41,1,1
2026-05-06,2026-05-06 19:17:00,vendredi,early_entry,['vendredi'],Vendredi | Entrée Avant 21H,DICE,45.674834999999995,48.41,1,1
2026-05-06,2026-05-06 19:17:00,vendredi,early_entry,['vendredi'],Vendredi | Entrée Avant 21H,DICE,45.674834999999995,48.41,1,1
2026-05-06,2026-05-06 19:17:00,vendredi,early_entry,['vendredi'],Vendredi | Entrée Avant 21H,DICE,45.674834999999995,48.41,1,1
2026-05-06,2026-05-06 19:17:00,vendredi,early_entry,['vendredi'],Vendredi | Entrée Avant 21H,DICE,45.674834999999995,48.41,1,1
2026-05-06,2026-05-06 19:17:00,vendredi,early_entry,['vendredi'],Vendredi | Entrée Avant 21H,DICE,45.674834999999995,48.41,1,1
2026-05-06,2026-05-06 19:17:00,vendredi,early_entry,['vendredi'],Vendredi | Entrée Avant 21H,DICE,45.674834999999995,48.41,1,1
2026-05-06,2026-05-06 19:17:00,vendredi,early_entry,['vendredi'],Vendredi | Entrée Avant 21H,DICE,45.674834999999995,48.41,1,1
2026-05-06,2026-05-06 19:17:00,vendredi,early_entry,['vendredi'],Vendredi | Entrée Avant 21H,DICE,45.674834999999995,48.41,1,1
2026-05-06,2026-05-06 19:17:00,vendredi,early_entry,['vendredi'],Vendredi | Entrée Avant 21H,DICE,45.674834999999995,48.41,1,1
2026-05-06,2026-05-06 19:17:00,vendredi,early_entry,['vendredi'],Vendredi | Entrée Avant 21H,DICE,45.674834999999995,48.41,1,1
2026-05-06,2026-05-06 19:17:00,vendredi,early_entry,['vendredi'],Vendredi | Entrée Avant 21H,DICE,45.674834999999995,48.41,1,1
2026-05-06,2026-05-06 19:17:00,vendredi,early_entry,['vendredi'],Vendredi | Entrée Avant 21H,DICE,45.674834999999995,48.41,1,1
2026-05-06,2026-05-06 19:17:00,vendredi,early_entry,['vendredi'],Vendredi | Entrée Avant 21H,DICE,45.674834999999995,48.41,1,1
2026-05-06,2026-05-06 19:17:00,vendredi,early_entry,['vendredi'],Vendredi | Entrée Avant 21H,DICE,45.674834999999995,48.41,1,1
2026-05-06,2026-05-06 19:17:00,vendredi,early_entry,['vendredi'],Vendredi | Entrée Avant 21H,DICE,45.674834999999995,48.41,1,1
2026-05-06,2026-05-06 19:17:00,vendredi,early_entry,['vendredi'],Vendredi | Entrée Avant 21H,DICE,45.674834999999995,48.41,1,1
2026-05-06,2026-05-06 19:17:00,vendredi,early_entry,['vendredi'],Vendredi | Entrée Avant 21H,DICE,45.674834999999995,48.41,1,1
2026-05-06,2026-05-06 19:17:00,vendredi,early_entry,['vendredi'],Vendredi | Entrée Avant 21H,DICE,45.674834999999995,48.41,1,1
2026-05-06,2026-05-06 19:17:00,vendredi,early_entry,['vendredi'],Vendredi | Entrée Avant 21H,DICE,45.674834999999995,48.41,1,1
2026-05-06,2026-05-06 19:17:00,vendredi,early_entry,['vendredi'],Vendredi | Entrée Avant 21H,DICE,45.674834999999995,48.41,1,1
2026-05-06,2026-05-06 19:17:00,vendredi,early_entry,['vendredi'],Vendredi | Entrée Avant 21H,DICE,45.674834999999995,48.41,1,1
2026-05-06,2026-05-06 19:17:00,vendredi,early_entry,['vendredi'],Vendredi | Entrée Avant 21H,DICE,45.674834999999995,48.41,1,1
2026-05-06,2026-05-06 19:17:00,vendredi,early_entry,['vendredi'],Vendredi | Entrée Avant 21H,DICE,45.674834999999995,48.41,1,1
2026-05-06,2026-05-06 19:17:00,vendredi,early_entry,['vendredi'],Vendredi | Entrée Avant 21H,DICE,45.674834999999995,48.41,1,1
2026-05-06,2026-05-06 19:17:00,vendredi,early_entry,['vendredi'],Vendredi | Entrée Avant 21H,DICE,45.674834999999995,48.41,1,1
2026-05-06,2026-05-06 19:17:00,vendredi,early_entry,['vendredi'],Vendredi | Entrée Avant 21H,DICE,45.674834999999995,48.41,1,1
2026-05-06,2026-05-06 19:17:00,vendredi,early_entry,['vendredi'],Vendredi | Entrée Avant 21H,DICE,45.674834999999995,48.41,1,1
2026-05-06,2026-05-06 19:17:00,vendredi,early_entry,['vendredi'],Vendredi | Entrée Avant 21H,DICE,45.674834999999995,48.41,1,1
2026-05-06,2026-05-06 19:17:00,samedi,vip,['samedi'],Samedi | Entrée VIP | Billet Standard,DICE,128.27826000000002,135.96,1,1
2026-05-06,2026-05-06 19:17:00,samedi,vip,['samedi'],Samedi | Entrée VIP | Billet Standard,DICE,128.27826000000002,135.96,1,1
2026-05-06,2026-05-06 19:17:00,samedi,vip,['samedi'],Samedi | Entrée VIP | Billet Standard,DICE,128.27826000000002,135.96,1,1
2026-05-06,2026-05-06 19:17:00,samedi,vip,['samedi'],Samedi | Entrée VIP | Billet Standard,DICE,128.27826000000002,135.96,1,1
2026-05-06,2026-05-06 19:17:00,vendredi,vip,['vendredi'],Vendredi | Entrée VIP | Billet Standard,DICE,128.27826000000002,135.96,1,1
2026-05-06,2026-05-06 19:17:00,single_day,vip,,Weekend | Entrée VIP,DICE,250.72569000000001,265.74,1,1
2026-05-06,2026-05-06 19:17:00,single_day,regular,,Weekend | Billet Standard,DICE,89.40606000000001,94.76,1,1
2026-05-06,2026-05-06 19:17:00,single_day,regular,,Weekend | Billet Standard,DICE,89.40606000000001,94.76,1,1
2026-05-06,2026-05-06 19:17:00,single_day,regular,,Weekend | Billet Standard,DICE,89.40606000000001,94.76,1,1
2026-05-06,2026-05-06 19:17:00,single_day,regular,,Weekend | Billet Standard,DICE,89.40606000000001,94.76,1,1
2026-05-06,2026-05-06 19:17:00,single_day,regular,,Weekend | Billet Standard,DICE,89.40606000000001,94.76,1,1
2026-05-06,2026-05-06 19:17:00,single_day,regular,,Weekend | Billet Standard,DICE,89.40606000000001,94.76,1,1
2026-05-06,2026-05-06 19:17:00,single_day,regular,,Weekend | Billet Standard,DICE,89.40606000000001,94.76,1,1
2026-05-06,2026-05-06 19:17:00,single_day,regular,,Weekend | Billet Standard,DICE,89.40606000000001,94.76,1,1
2026-05-06,2026-05-06 19:17:00,single_day,regular,,Weekend | Billet Standard,DICE,89.40606000000001,94.76,1,1
2026-05-06,2026-05-06 19:17:00,single_day,regular,,Weekend | Billet Standard,DICE,89.40606000000001,94.76,1,1
2026-05-06,2026-05-06 19:17:00,single_day,regular,,Weekend | Billet Standard,DICE,89.40606000000001,94.76,1,1
2026-05-06,2026-05-06 19:17:00,single_day,regular,,Weekend | Billet Standard,DICE,89.40606000000001,94.76,1,1
2026-05-06,2026-05-06 19:17:00,single_day,regular,,Weekend | Billet Standard,DICE,89.40606000000001,94.76,1,1
2026-05-06,2026-05-06 19:17:00,single_day,regular,,Weekend | Billet Standard,DICE,89.40606000000001,94.76,1,1
2026-05-06,2026-05-06 19:17:00,single_day,regular,,Weekend | Billet Standard,DICE,89.40606000000001,94.76,1,1
2026-05-06,2026-05-06 19:17:00,single_day,regular,,Weekend | Billet Standard,DICE,89.40606000000001,94.76,1,1
2026-05-06,2026-05-06 19:17:00,single_day,regular,,Weekend | Billet Standard,DICE,89.40606000000001,94.76,1,1
2026-05-06,2026-05-06 19:17:00,single_day,regular,,Weekend | Billet Standard,DICE,89.40606000000001,94.76,1,1
2026-05-06,2026-05-06 19:17:00,single_day,regular,,Weekend | Billet Standard,DICE,89.40606000000001,94.76,1,1
2026-05-06,2026-05-06 19:17:00,single_day,regular,,Weekend | Billet Standard,DICE,89.40606000000001,94.76,1,1
2026-05-06,2026-05-06 19:17:00,single_day,regular,,Weekend | Billet Standard,DICE,89.40606000000001,94.76,1,1
2026-05-06,2026-05-06 19:17:00,single_day,regular,,Weekend | Billet Standard,DICE,89.40606000000001,94.76,1,1
2026-05-06,2026-05-06 19:17:00,single_day,regular,,Weekend | Billet Standard,DICE,89.40606000000001,94.76,1,1
2026-05-06,2026-05-06 19:17:00,single_day,regular,,Weekend | Billet Standard,DICE,89.40606000000001,94.76,1,1
2026-05-06,2026-05-06 19:17:00,single_day,regular,,Weekend | Billet Standard,DICE,89.40606000000001,94.76,1,1
2026-05-06,2026-05-06 19:17:00,single_day,regular,,Weekend | Billet Standard,DICE,89.40606000000001,94.76,1,1
2026-05-06,2026-05-06 19:17:00,single_day,regular,,Weekend | Billet Standard,DICE,89.40606000000001,94.76,1,1
2026-05-06,2026-05-06 19:17:00,single_day,regular,,Weekend | Billet Standard,DICE,89.40606000000001,94.76,1,1
2026-05-06,2026-05-06 19:17:00,single_day,regular,,Weekend | Billet Standard,DICE,89.40606000000001,94.76,1,1
2026-05-06,2026-05-06 19:17:00,single_day,regular,,Weekend | Billet Standard,DICE,89.40606000000001,94.76,1,1
2026-05-06,2026-05-06 19:17:00,single_day,regular,,Weekend | Billet Standard,DICE,89.40606000000001,94.76,1,1
2026-05-06,2026-05-06 19:17:00,samedi,regular,['samedi'],Samedi | Billet Standard,DICE,55.392885,58.71,1,1
2026-05-06,2026-05-06 19:17:00,samedi,regular,['samedi'],Samedi | Billet Standard,DICE,55.392885,58.71,1,1
2026-05-06,2026-05-06 19:17:00,samedi,regular,['samedi'],Samedi | Billet Standard,DICE,55.392885,58.71,1,1
2026-05-06,2026-05-06 19:17:00,samedi,regular,['samedi'],Samedi | Billet Standard,DICE,55.392885,58.71,1,1
2026-05-06,2026-05-06 19:17:00,samedi,regular,['samedi'],Samedi | Billet Standard,DICE,55.392885,58.71,1,1
2026-05-06,2026-05-06 19:17:00,samedi,regular,['samedi'],Samedi | Billet Standard,DICE,55.392885,58.71,1,1
2026-05-06,2026-05-06 19:17:00,samedi,regular,['samedi'],Samedi | Billet Standard,DICE,55.392885,58.71,1,1
2026-05-06,2026-05-06 19:17:00,samedi,regular,['samedi'],Samedi | Billet Standard,DICE,55.392885,58.71,1,1
2026-05-06,2026-05-06 19:17:00,samedi,regular,['samedi'],Samedi | Billet Standard,DICE,55.392885,58.71,1,1
2026-05-06,2026-05-06 19:17:00,samedi,regular,['samedi'],Samedi | Billet Standard,DICE,55.392885,58.71,1,1
2026-05-06,2026-05-06 19:17:00,samedi,regular,['samedi'],Samedi | Billet Standard,DICE,55.392885,58.71,1,1
2026-05-06,2026-05-06 19:17:00,samedi,regular,['samedi'],Samedi | Billet Standard,DICE,55.392885,58.71,1,1
2026-05-06,2026-05-06 19:17:00,samedi,regular,['samedi'],Samedi | Billet Standard,DICE,55.392885,58.71,1,1
2026-05-06,2026-05-06 19:17:00,samedi,regular,['samedi'],Samedi | Billet Standard,DICE,55.392885,58.71,1,1
2026-05-06,2026-05-06 19:17:00,samedi,regular,['samedi'],Samedi | Billet Standard,DICE,55.392885,58.71,1,1
2026-05-06,2026-05-06 19:17:00,samedi,regular,['samedi'],Samedi | Billet Standard,DICE,55.392885,58.71,1,1
2026-05-06,2026-05-06 19:17:00,samedi,regular,['samedi'],Samedi | Billet Standard,DICE,55.392885,58.71,1,1
2026-05-06,2026-05-06 19:17:00,samedi,regular,['samedi'],Samedi | Billet Standard,DICE,55.392885,58.71,1,1
2026-05-06,2026-05-06 19:17:00,samedi,regular,['samedi'],Samedi | Billet Standard,DICE,55.392885,58.71,1,1
2026-05-06,2026-05-06 19:17:00,samedi,regular,['samedi'],Samedi | Billet Standard,DICE,55.392885,58.71,1,1
2026-05-06,2026-05-06 19:17:00,samedi,regular,['samedi'],Samedi | Billet Standard,DICE,55.392885,58.71,1,1
2026-05-06,2026-05-06 19:17:00,samedi,regular,['samedi'],Samedi | Billet Standard,DICE,55.392885,58.71,1,1
2026-05-06,2026-05-06 19:17:00,samedi,regular,['samedi'],Samedi | Billet Standard,DICE,55.392885,58.71,1,1
2026-05-06,2026-05-06 19:17:00,samedi,early_entry,['samedi'],Samedi | Entrée Avant 21H,DICE,45.674834999999995,48.41,1,1
2026-05-06,2026-05-06 19:17:00,samedi,early_entry,['samedi'],Samedi | Entrée Avant 21H,DICE,45.674834999999995,48.41,1,1
2026-05-06,2026-05-06 19:17:00,samedi,early_entry,['samedi'],Samedi | Entrée Avant 21H,DICE,45.674834999999995,48.41,1,1
2026-05-06,2026-05-06 19:17:00,samedi,early_entry,['samedi'],Samedi | Entrée Avant 21H,DICE,45.674834999999995,48.41,1,1
2026-05-06,2026-05-06 19:17:00,samedi,early_entry,['samedi'],Samedi | Entrée Avant 21H,DICE,45.674834999999995,48.41,1,1
2026-05-06,2026-05-06 19:17:00,samedi,early_entry,['samedi'],Samedi | Entrée Avant 21H,DICE,45.674834999999995,48.41,1,1
2026-05-06,2026-05-06 19:17:00,samedi,early_entry,['samedi'],Samedi | Entrée Avant 21H,DICE,45.674834999999995,48.41,1,1
2026-05-06,2026-05-06 19:17:00,samedi,early_entry,['samedi'],Samedi | Entrée Avant 21H,DICE,45.674834999999995,48.41,1,1
2026-05-06,2026-05-06 19:17:00,samedi,early_entry,['samedi'],Samedi | Entrée Avant 21H,DICE,45.674834999999995,48.41,1,1
2026-05-06,2026-05-06 19:17:00,samedi,early_entry,['samedi'],Samedi | Entrée Avant 21H,DICE,45.674834999999995,48.41,1,1
2026-05-06,2026-05-06 19:17:00,samedi,early_entry,['samedi'],Samedi | Entrée Avant 21H,DICE,45.674834999999995,48.41,1,1
2026-05-06,2026-05-06 19:17:00,samedi,early_entry,['samedi'],Samedi | Entrée Avant 21H,DICE,45.674834999999995,48.41,1,1
2026-05-06,2026-05-06 19:17:00,samedi,early_entry,['samedi'],Samedi | Entrée Avant 21H,DICE,45.674834999999995,48.41,1,1
2026-05-06,2026-05-06 19:17:00,vendredi,regular,['vendredi'],Vendredi | Billet Standard,DICE,55.392885,58.71,1,1
2026-05-06,2026-05-06 19:17:00,vendredi,regular,['vendredi'],Vendredi | Billet Standard,DICE,55.392885,58.71,1,1
2026-05-06,2026-05-06 19:17:00,vendredi,regular,['vendredi'],Vendredi | Billet Standard,DICE,55.392885,58.71,1,1
2026-05-06,2026-05-06 19:17:00,vendredi,regular,['vendredi'],Vendredi | Billet Standard,DICE,55.392885,58.71,1,1
2026-05-06,2026-05-06 19:17:00,vendredi,regular,['vendredi'],Vendredi | Billet Standard,DICE,55.392885,58.71,1,1
2026-05-06,2026-05-06 19:17:00,vendredi,regular,['vendredi'],Vendredi | Billet Standard,DICE,55.392885,58.71,1,1
2026-05-06,2026-05-06 19:17:00,vendredi,regular,['vendredi'],Vendredi | Billet Standard,DICE,55.392885,58.71,1,1
2026-05-06,2026-05-06 19:17:00,vendredi,regular,['vendredi'],Vendredi | Billet Standard,DICE,55.392885,58.71,1,1
2026-05-06,2026-05-06 19:17:00,vendredi,regular,['vendredi'],Vendredi | Billet Standard,DICE,55.392885,58.71,1,1
2026-05-06,2026-05-06 19:17:00,vendredi,regular,['vendredi'],Vendredi | Billet Standard,DICE,55.392885,58.71,1,1
2026-05-06,2026-05-06 19:17:00,vendredi,regular,['vendredi'],Vendredi | Billet Standard,DICE,55.392885,58.71,1,1
2026-05-06,2026-05-06 19:17:00,vendredi,regular,['vendredi'],Vendredi | Billet Standard,DICE,55.392885,58.71,1,1
2026-05-06,2026-05-06 19:17:00,vendredi,regular,['vendredi'],Vendredi | Billet Standard,DICE,55.392885,58.71,1,1
2026-05-06,2026-05-06 19:17:00,vendredi,regular,['vendredi'],Vendredi | Billet Standard,DICE,55.392885,58.71,1,1
2026-05-06,2026-05-06 19:17:00,vendredi,regular,['vendredi'],Vendredi | Billet Standard,DICE,55.392885,58.71,1,1
2026-05-06,2026-05-06 19:17:00,vendredi,regular,['vendredi'],Vendredi | Billet Standard,DICE,55.392885,58.71,1,1
2026-05-06,2026-05-06 19:17:00,vendredi,regular,['vendredi'],Vendredi | Billet Standard,DICE,55.392885,58.71,1,1
2026-05-06,2026-05-06 19:17:00,vendredi,regular,['vendredi'],Vendredi | Billet Standard,DICE,55.392885,58.71,1,1
2026-05-06,2026-05-06 19:17:00,vendredi,regular,['vendredi'],Vendredi | Billet Standard,DICE,55.392885,58.71,1,1
2026-05-06,2026-05-06 19:17:00,vendredi,regular,['vendredi'],Vendredi | Billet Standard,DICE,55.392885,58.71,1,1
2026-05-06,2026-05-06 19:17:00,vendredi,regular,['vendredi'],Vendredi | Billet Standard,DICE,55.392885,58.71,1,1
2026-05-06,2026-05-06 19:17:00,vendredi,regular,['vendredi'],Vendredi | Billet Standard,DICE,55.392885,58.71,1,1
2026-05-06,2026-05-06 19:17:00,vendredi,regular,['vendredi'],Vendredi | Billet Standard,DICE,55.392885,58.71,1,1
2026-05-06,2026-05-06 19:17:00,vendredi,regular,['vendredi'],Vendredi | Billet Standard,DICE,55.392885,58.71,1,1
2026-05-06,2026-05-06 19:17:00,vendredi,regular,['vendredi'],Vendredi | Billet Standard,DICE,55.392885,58.71,1,1
2026-05-06,2026-05-06 19:17:00,vendredi,regular,['vendredi'],Vendredi | Billet Standard,DICE,55.392885,58.71,1,1
2026-05-06,2026-05-06 19:17:00,vendredi,regular,['vendredi'],Vendredi | Billet Standard,DICE,55.392885,58.71,1,1
2026-05-06,2026-05-06 19:18:00,vendredi,early_entry,['vendredi'],Vendredi | Entrée Avant 21H,DICE,45.674834999999995,48.41,1,1
2026-05-06,2026-05-06 19:18:00,vendredi,early_entry,['vendredi'],Vendredi | Entrée Avant 21H,DICE,45.674834999999995,48.41,1,1
2026-05-06,2026-05-06 19:18:00,vendredi,early_entry,['vendredi'],Vendredi | Entrée Avant 21H,DICE,45.674834999999995,48.41,1,1
2026-05-06,2026-05-06 19:18:00,vendredi,early_entry,['vendredi'],Vendredi | Entrée Avant 21H,DICE,45.674834999999995,48.41,1,1
2026-05-06,2026-05-06 19:18:00,vendredi,early_entry,['vendredi'],Vendredi | Entrée Avant 21H,DICE,45.674834999999995,48.41,1,1
2026-05-06,2026-05-06 19:18:00,vendredi,early_entry,['vendredi'],Vendredi | Entrée Avant 21H,DICE,45.674834999999995,48.41,1,1
2026-05-06,2026-05-06 19:18:00,vendredi,early_entry,['vendredi'],Vendredi | Entrée Avant 21H,DICE,45.674834999999995,48.41,1,1
2026-05-06,2026-05-06 19:18:00,vendredi,early_entry,['vendredi'],Vendredi | Entrée Avant 21H,DICE,45.674834999999995,48.41,1,1
2026-05-06,2026-05-06 19:18:00,single_day,regular,,Weekend | Billet Standard,DICE,89.40606000000001,94.76,1,1
2026-05-06,2026-05-06 19:18:00,single_day,regular,,Weekend | Billet Standard,DICE,89.40606000000001,94.76,1,1
2026-05-06,2026-05-06 19:18:00,single_day,regular,,Weekend | Billet Standard,DICE,89.40606000000001,94.76,1,1
2026-05-06,2026-05-06 19:18:00,single_day,regular,,Weekend | Billet Standard,DICE,89.40606000000001,94.76,1,1
2026-05-06,2026-05-06 19:18:00,single_day,regular,,Weekend | Billet Standard,DICE,89.40606000000001,94.76,1,1
2026-05-06,2026-05-06 19:18:00,single_day,regular,,Weekend | Billet Standard,DICE,89.40606000000001,94.76,1,1
2026-05-06,2026-05-06 19:18:00,single_day,regular,,Weekend | Billet Standard,DICE,89.40606000000001,94.76,1,1
2026-05-06,2026-05-06 19:18:00,single_day,regular,,Weekend | Billet Standard,DICE,89.40606000000001,94.76,1,1
2026-05-06,2026-05-06 19:18:00,single_day,regular,,Weekend | Billet Standard,DICE,89.40606000000001,94.76,1,1
2026-05-06,2026-05-06 19:18:00,single_day,regular,,Weekend | Billet Standard,DICE,89.40606000000001,94.76,1,1
2026-05-06,2026-05-06 19:18:00,single_day,regular,,Weekend | Billet Standard,DICE,89.40606000000001,94.76,1,1
2026-05-06,2026-05-06 19:18:00,single_day,regular,,Weekend | Billet Standard,DICE,89.40606000000001,94.76,1,1
2026-05-06,2026-05-06 19:18:00,single_day,regular,,Weekend | Billet Standard,DICE,89.40606000000001,94.76,1,1
2026-05-06,2026-05-06 19:18:00,single_day,regular,,Weekend | Billet Standard,DICE,89.40606000000001,94.76,1,1
2026-05-06,2026-05-06 19:18:00,single_day,regular,,Weekend | Billet Standard,DICE,89.40606000000001,94.76,1,1
2026-05-06,2026-05-06 19:18:00,single_day,regular,,Weekend | Billet Standard,DICE,89.40606000000001,94.76,1,1
2026-05-06,2026-05-06 19:18:00,single_day,regular,,Weekend | Billet Standard,DICE,89.40606000000001,94.76,1,1
2026-05-06,2026-05-06 19:18:00,single_day,regular,,Weekend | Billet Standard,DICE,89.40606000000001,94.76,1,1
2026-05-06,2026-05-06 19:18:00,single_day,regular,,Weekend | Billet Standard,DICE,89.40606000000001,94.76,1,1
2026-05-06,2026-05-06 19:18:00,single_day,regular,,Weekend | Billet Standard,DICE,89.40606000000001,94.76,1,1
2026-05-06,2026-05-06 19:18:00,single_day,regular,,Weekend | Billet Standard,DICE,89.40606000000001,94.76,1,1
2026-05-06,2026-05-06 19:18:00,single_day,regular,,Weekend | Billet Standard,DICE,89.40606000000001,94.76,1,1
2026-05-06,2026-05-06 19:18:00,single_day,regular,,Weekend | Billet Standard,DICE,89.40606000000001,94.76,1,1
2026-05-06,2026-05-06 19:18:00,samedi,regular,['samedi'],Samedi | Billet Standard,DICE,55.392885,58.71,1,1
2026-05-06,2026-05-06 19:18:00,samedi,regular,['samedi'],Samedi | Billet Standard,DICE,55.392885,58.71,1,1
2026-05-06,2026-05-06 19:18:00,samedi,regular,['samedi'],Samedi | Billet Standard,DICE,55.392885,58.71,1,1
2026-05-06,2026-05-06 19:18:00,samedi,regular,['samedi'],Samedi | Billet Standard,DICE,55.392885,58.71,1,1
2026-05-06,2026-05-06 19:18:00,samedi,regular,['samedi'],Samedi | Billet Standard,DICE,55.392885,58.71,1,1
2026-05-06,2026-05-06 19:18:00,samedi,regular,['samedi'],Samedi | Billet Standard,DICE,55.392885,58.71,1,1
2026-05-06,2026-05-06 19:18:00,samedi,regular,['samedi'],Samedi | Billet Standard,DICE,55.392885,58.71,1,1
2026-05-06,2026-05-06 19:18:00,samedi,regular,['samedi'],Samedi | Billet Standard,DICE,55.392885,58.71,1,1
2026-05-06,2026-05-06 19:18:00,samedi,regular,['samedi'],Samedi | Billet Standard,DICE,55.392885,58.71,1,1
2026-05-06,2026-05-06 19:18:00,samedi,regular,['samedi'],Samedi | Billet Standard,DICE,55.392885,58.71,1,1
2026-05-06,2026-05-06 19:18:00,samedi,regular,['samedi'],Samedi | Billet Standard,DICE,55.392885,58.71,1,1
2026-05-06,2026-05-06 19:18:00,samedi,regular,['samedi'],Samedi | Billet Standard,DICE,55.392885,58.71,1,1
2026-05-06,2026-05-06 19:18:00,samedi,regular,['samedi'],Samedi | Billet Standard,DICE,55.392885,58.71,1,1
2026-05-06,2026-05-06 19:18:00,samedi,early_entry,['samedi'],Samedi | Entrée Avant 21H,DICE,45.674834999999995,48.41,1,1
2026-05-06,2026-05-06 19:18:00,samedi,early_entry,['samedi'],Samedi | Entrée Avant 21H,DICE,45.674834999999995,48.41,1,1
2026-05-06,2026-05-06 19:18:00,samedi,early_entry,['samedi'],Samedi | Entrée Avant 21H,DICE,45.674834999999995,48.41,1,1
2026-05-06,2026-05-06 19:18:00,samedi,early_entry,['samedi'],Samedi | Entrée Avant 21H,DICE,45.674834999999995,48.41,1,1
2026-05-06,2026-05-06 19:18:00,samedi,early_entry,['samedi'],Samedi | Entrée Avant 21H,DICE,45.674834999999995,48.41,1,1
2026-05-06,2026-05-06 19:18:00,samedi,early_entry,['samedi'],Samedi | Entrée Avant 21H,DICE,45.674834999999995,48.41,1,1
2026-05-06,2026-05-06 19:18:00,samedi,early_entry,['samedi'],Samedi | Entrée Avant 21H,DICE,45.674834999999995,48.41,1,1
2026-05-06,2026-05-06 19:18:00,samedi,early_entry,['samedi'],Samedi | Entrée Avant 21H,DICE,45.674834999999995,48.41,1,1
2026-05-06,2026-05-06 19:18:00,samedi,early_entry,['samedi'],Samedi | Entrée Avant 21H,DICE,45.674834999999995,48.41,1,1
2026-05-06,2026-05-06 19:18:00,samedi,early_entry,['samedi'],Samedi | Entrée Avant 21H,DICE,45.674834999999995,48.41,1,1
2026-05-06,2026-05-06 19:18:00,vendredi,regular,['vendredi'],Vendredi | Billet Standard,DICE,55.392885,58.71,1,1
2026-05-06,2026-05-06 19:18:00,vendredi,regular,['vendredi'],Vendredi | Billet Standard,DICE,55.392885,58.71,1,1
2026-05-06,2026-05-06 19:18:00,vendredi,regular,['vendredi'],Vendredi | Billet Standard,DICE,55.392885,58.71,1,1
2026-05-06,2026-05-06 19:18:00,vendredi,regular,['vendredi'],Vendredi | Billet Standard,DICE,55.392885,58.71,1,1
2026-05-06,2026-05-06 19:18:00,vendredi,regular,['vendredi'],Vendredi | Billet Standard,DICE,55.392885,58.71,1,1
2026-05-06,2026-05-06 19:18:00,vendredi,regular,['vendredi'],Vendredi | Billet Standard,DICE,55.392885,58.71,1,1
2026-05-06,2026-05-06 19:18:00,vendredi,regular,['vendredi'],Vendredi | Billet Standard,DICE,55.392885,58.71,1,1
2026-05-06,2026-05-06 19:18:00,vendredi,regular,['vendredi'],Vendredi | Billet Standard,DICE,55.392885,58.71,1,1
2026-05-06,2026-05-06 19:18:00,vendredi,regular,['vendredi'],Vendredi | Billet Standard,DICE,55.392885,58.71,1,1
2026-05-06,2026-05-06 19:18:00,vendredi,regular,['vendredi'],Vendredi | Billet Standard,DICE,55.392885,58.71,1,1
2026-05-06,2026-05-06 19:18:00,vendredi,regular,['vendredi'],Vendredi | Billet Standard,DICE,55.392885,58.71,1,1
2026-05-06,2026-05-06 19:18:00,vendredi,regular,['vendredi'],Vendredi | Billet Standard,DICE,55.392885,58.71,1,1
2026-05-06,2026-05-06 19:18:00,vendredi,regular,['vendredi'],Vendredi | Billet Standard,DICE,55.392885,58.71,1,1
2026-05-06,2026-05-06 19:18:00,vendredi,regular,['vendredi'],Vendredi | Billet Standard,DICE,55.392885,58.71,1,1
2026-05-06,2026-05-06 19:18:00,vendredi,regular,['vendredi'],Vendredi | Billet Standard,DICE,55.392885,58.71,1,1
2026-05-06,2026-05-06 19:18:00,vendredi,regular,['vendredi'],Vendredi | Billet Standard,DICE,55.392885,58.71,1,1
2026-05-06,2026-05-06 19:18:00,vendredi,regular,['vendredi'],Vendredi | Billet Standard,DICE,55.392885,58.71,1,1
2026-05-06,2026-05-06 19:18:00,vendredi,regular,['vendredi'],Vendredi | Billet Standard,DICE,55.392885,58.71,1,1
2026-05-06,2026-05-06 19:18:00,vendredi,regular,['vendredi'],Vendredi | Billet Standard,DICE,55.392885,58.71,1,1
2026-05-06,2026-05-06 19:19:00,vendredi,early_entry,['vendredi'],Vendredi | Entrée Avant 21H,DICE,45.674834999999995,48.41,1,1
2026-05-06,2026-05-06 19:19:00,vendredi,early_entry,['vendredi'],Vendredi | Entrée Avant 21H,DICE,45.674834999999995,48.41,1,1
2026-05-06,2026-05-06 19:19:00,vendredi,vip,['vendredi'],Vendredi | Entrée VIP | Billet Standard,DICE,128.27826000000002,135.96,1,1
2026-05-06,2026-05-06 19:19:00,single_day,regular,,Weekend | Billet Standard,DICE,89.40606000000001,94.76,1,1
2026-05-06,2026-05-06 19:19:00,single_day,regular,,Weekend | Billet Standard,DICE,89.40606000000001,94.76,1,1
2026-05-06,2026-05-06 19:19:00,single_day,regular,,Weekend | Billet Standard,DICE,89.40606000000001,94.76,1,1
2026-05-06,2026-05-06 19:19:00,single_day,regular,,Weekend | Billet Standard,DICE,89.40606000000001,94.76,1,1
2026-05-06,2026-05-06 19:19:00,single_day,regular,,Weekend | Billet Standard,DICE,89.40606000000001,94.76,1,1
2026-05-06,2026-05-06 19:19:00,single_day,regular,,Weekend | Billet Standard,DICE,89.40606000000001,94.76,1,1
2026-05-06,2026-05-06 19:19:00,single_day,regular,,Weekend | Billet Standard,DICE,89.40606000000001,94.76,1,1
2026-05-06,2026-05-06 19:19:00,single_day,regular,,Weekend | Billet Standard,DICE,89.40606000000001,94.76,1,1
2026-05-06,2026-05-06 19:19:00,single_day,regular,,Weekend | Billet Standard,DICE,89.40606000000001,94.76,1,1
2026-05-06,2026-05-06 19:19:00,single_day,regular,,Weekend | Billet Standard,DICE,89.40606000000001,94.76,1,1
2026-05-06,2026-05-06 19:19:00,single_day,regular,,Weekend | Billet Standard,DICE,89.40606000000001,94.76,1,1
2026-05-06,2026-05-06 19:19:00,single_day,regular,,Weekend | Billet Standard,DICE,89.40606000000001,94.76,1,1
2026-05-06,2026-05-06 19:19:00,samedi,regular,['samedi'],Samedi | Billet Standard,DICE,55.392885,58.71,1,1
2026-05-06,2026-05-06 19:19:00,samedi,regular,['samedi'],Samedi | Billet Standard,DICE,55.392885,58.71,1,1
2026-05-06,2026-05-06 19:19:00,samedi,regular,['samedi'],Samedi | Billet Standard,DICE,55.392885,58.71,1,1
2026-05-06,2026-05-06 19:19:00,samedi,regular,['samedi'],Samedi | Billet Standard,DICE,55.392885,58.71,1,1
2026-05-06,2026-05-06 19:19:00,samedi,regular,['samedi'],Samedi | Billet Standard,DICE,55.392885,58.71,1,1
2026-05-06,2026-05-06 19:19:00,samedi,regular,['samedi'],Samedi | Billet Standard,DICE,55.392885,58.71,1,1
2026-05-06,2026-05-06 19:19:00,samedi,regular,['samedi'],Samedi | Billet Standard,DICE,55.392885,58.71,1,1
2026-05-06,2026-05-06 19:19:00,samedi,regular,['samedi'],Samedi | Billet Standard,DICE,55.392885,58.71,1,1
2026-05-06,2026-05-06 19:19:00,samedi,regular,['samedi'],Samedi | Billet Standard,DICE,55.392885,58.71,1,1
2026-05-06,2026-05-06 19:19:00,samedi,regular,['samedi'],Samedi | Billet Standard,DICE,55.392885,58.71,1,1
2026-05-06,2026-05-06 19:19:00,samedi,regular,['samedi'],Samedi | Billet Standard,DICE,55.392885,58.71,1,1
2026-05-06,2026-05-06 19:19:00,samedi,regular,['samedi'],Samedi | Billet Standard,DICE,55.392885,58.71,1,1
2026-05-06,2026-05-06 19:19:00,samedi,early_entry,['samedi'],Samedi | Entrée Avant 21H,DICE,45.674834999999995,48.41,1,1
2026-05-06,2026-05-06 19:19:00,samedi,early_entry,['samedi'],Samedi | Entrée Avant 21H,DICE,45.674834999999995,48.41,1,1
2026-05-06,2026-05-06 19:19:00,samedi,early_entry,['samedi'],Samedi | Entrée Avant 21H,DICE,45.674834999999995,48.41,1,1
2026-05-06,2026-05-06 19:19:00,samedi,early_entry,['samedi'],Samedi | Entrée Avant 21H,DICE,45.674834999999995,48.41,1,1
2026-05-06,2026-05-06 19:19:00,samedi,early_entry,['samedi'],Samedi | Entrée Avant 21H,DICE,45.674834999999995,48.41,1,1
2026-05-06,2026-05-06 19:19:00,samedi,early_entry,['samedi'],Samedi | Entrée Avant 21H,DICE,45.674834999999995,48.41,1,1
2026-05-06,2026-05-06 19:19:00,samedi,early_entry,['samedi'],Samedi | Entrée Avant 21H,DICE,45.674834999999995,48.41,1,1
2026-05-06,2026-05-06 19:19:00,samedi,early_entry,['samedi'],Samedi | Entrée Avant 21H,DICE,45.674834999999995,48.41,1,1
2026-05-06,2026-05-06 19:19:00,vendredi,regular,['vendredi'],Vendredi | Billet Standard,DICE,55.392885,58.71,1,1
2026-05-06,2026-05-06 19:19:00,vendredi,regular,['vendredi'],Vendredi | Billet Standard,DICE,55.392885,58.71,1,1
2026-05-06,2026-05-06 19:19:00,vendredi,regular,['vendredi'],Vendredi | Billet Standard,DICE,55.392885,58.71,1,1
2026-05-06,2026-05-06 19:19:00,vendredi,regular,['vendredi'],Vendredi | Billet Standard,DICE,55.392885,58.71,1,1
2026-05-06,2026-05-06 19:19:00,vendredi,regular,['vendredi'],Vendredi | Billet Standard,DICE,55.392885,58.71,1,1
2026-05-06,2026-05-06 19:19:00,vendredi,regular,['vendredi'],Vendredi | Billet Standard,DICE,55.392885,58.71,1,1
2026-05-06,2026-05-06 19:19:00,vendredi,regular,['vendredi'],Vendredi | Billet Standard,DICE,55.392885,58.71,1,1
2026-05-06,2026-05-06 19:19:00,vendredi,regular,['vendredi'],Vendredi | Billet Standard,DICE,55.392885,58.71,1,1
2026-05-06,2026-05-06 19:19:00,vendredi,regular,['vendredi'],Vendredi | Billet Standard,DICE,55.392885,58.71,1,1
2026-05-06,2026-05-06 19:19:00,vendredi,regular,['vendredi'],Vendredi | Billet Standard,DICE,55.392885,58.71,1,1
2026-05-06,2026-05-06 19:19:00,vendredi,regular,['vendredi'],Vendredi | Billet Standard,DICE,55.392885,58.71,1,1
2026-05-06,2026-05-06 19:19:00,vendredi,regular,['vendredi'],Vendredi | Billet Standard,DICE,55.392885,58.71,1,1
2026-05-06,2026-05-06 19:19:00,vendredi,regular,['vendredi'],Vendredi | Billet Standard,DICE,55.392885,58.71,1,1
2026-05-06,2026-05-06 19:19:00,vendredi,regular,['vendredi'],Vendredi | Billet Standard,DICE,55.392885,58.71,1,1
2026-05-06,2026-05-06 19:19:00,vendredi,regular,['vendredi'],Vendredi | Billet Standard,DICE,55.392885,58.71,1,1
2026-05-06,2026-05-06 19:19:00,vendredi,regular,['vendredi'],Vendredi | Billet Standard,DICE,55.392885,58.71,1,1
2026-05-06,2026-05-06 19:19:00,vendredi,regular,['vendredi'],Vendredi | Billet Standard,DICE,55.392885,58.71,1,1
2026-05-06,2026-05-06 19:19:00,vendredi,regular,['vendredi'],Vendredi | Billet Standard,DICE,55.392885,58.71,1,1
2026-05-06,2026-05-06 19:19:00,vendredi,regular,['vendredi'],Vendredi | Billet Standard,DICE,55.392885,58.71,1,1
2026-05-06,2026-05-06 19:19:00,vendredi,regular,['vendredi'],Vendredi | Billet Standard,DICE,55.392885,58.71,1,1
2026-05-06,2026-05-06 19:20:00,vendredi,early_entry,['vendredi'],Vendredi | Entrée Avant 21H,DICE,45.674834999999995,48.41,1,1
2026-05-06,2026-05-06 19:20:00,vendredi,early_entry,['vendredi'],Vendredi | Entrée Avant 21H,DICE,45.674834999999995,48.41,1,1
2026-05-06,2026-05-06 19:20:00,vendredi,early_entry,['vendredi'],Vendredi | Entrée Avant 21H,DICE,45.674834999999995,48.41,1,1
2026-05-06,2026-05-06 19:20:00,vendredi,early_entry,['vendredi'],Vendredi | Entrée Avant 21H,DICE,45.674834999999995,48.41,1,1
2026-05-06,2026-05-06 19:20:00,vendredi,early_entry,['vendredi'],Vendredi | Entrée Avant 21H,DICE,45.674834999999995,48.41,1,1
2026-05-06,2026-05-06 19:20:00,vendredi,early_entry,['vendredi'],Vendredi | Entrée Avant 21H,DICE,45.674834999999995,48.41,1,1
2026-05-06,2026-05-06 19:20:00,vendredi,early_entry,['vendredi'],Vendredi | Entrée Avant 21H,DICE,45.674834999999995,48.41,1,1
2026-05-06,2026-05-06 19:20:00,vendredi,early_entry,['vendredi'],Vendredi | Entrée Avant 21H,DICE,45.674834999999995,48.41,1,1
2026-05-06,2026-05-06 19:20:00,vendredi,early_entry,['vendredi'],Vendredi | Entrée Avant 21H,DICE,45.674834999999995,48.41,1,1
2026-05-06,2026-05-06 19:20:00,vendredi,early_entry,['vendredi'],Vendredi | Entrée Avant 21H,DICE,45.674834999999995,48.41,1,1
2026-05-06,2026-05-06 19:20:00,vendredi,early_entry,['vendredi'],Vendredi | Entrée Avant 21H,DICE,45.674834999999995,48.41,1,1
2026-05-06,2026-05-06 19:20:00,single_day,vip,,Weekend | Entrée VIP,DICE,250.72569000000001,265.74,1,1
2026-05-06,2026-05-06 19:20:00,single_day,regular,,Weekend | Billet Standard,DICE,89.40606000000001,94.76,1,1
2026-05-06,2026-05-06 19:20:00,single_day,regular,,Weekend | Billet Standard,DICE,89.40606000000001,94.76,1,1
2026-05-06,2026-05-06 19:20:00,single_day,regular,,Weekend | Billet Standard,DICE,89.40606000000001,94.76,1,1
2026-05-06,2026-05-06 19:20:00,single_day,regular,,Weekend | Billet Standard,DICE,89.40606000000001,94.76,1,1
2026-05-06,2026-05-06 19:20:00,single_day,regular,,Weekend | Billet Standard,DICE,89.40606000000001,94.76,1,1
2026-05-06,2026-05-06 19:20:00,single_day,regular,,Weekend | Billet Standard,DICE,89.40606000000001,94.76,1,1
2026-05-06,2026-05-06 19:20:00,single_day,regular,,Weekend | Billet Standard,DICE,89.40606000000001,94.76,1,1
2026-05-06,2026-05-06 19:20:00,samedi,regular,['samedi'],Samedi | Billet Standard,DICE,55.392885,58.71,1,1
2026-05-06,2026-05-06 19:20:00,samedi,regular,['samedi'],Samedi | Billet Standard,DICE,55.392885,58.71,1,1
2026-05-06,2026-05-06 19:20:00,samedi,regular,['samedi'],Samedi | Billet Standard,DICE,55.392885,58.71,1,1
2026-05-06,2026-05-06 19:20:00,samedi,regular,['samedi'],Samedi | Billet Standard,DICE,55.392885,58.71,1,1
2026-05-06,2026-05-06 19:20:00,samedi,regular,['samedi'],Samedi | Billet Standard,DICE,55.392885,58.71,1,1
2026-05-06,2026-05-06 19:20:00,samedi,regular,['samedi'],Samedi | Billet Standard,DICE,55.392885,58.71,1,1
2026-05-06,2026-05-06 19:20:00,samedi,early_entry,['samedi'],Samedi | Entrée Avant 21H,DICE,45.674834999999995,48.41,1,1
2026-05-06,2026-05-06 19:20:00,samedi,early_entry,['samedi'],Samedi | Entrée Avant 21H,DICE,45.674834999999995,48.41,1,1
2026-05-06,2026-05-06 19:20:00,samedi,early_entry,['samedi'],Samedi | Entrée Avant 21H,DICE,45.674834999999995,48.41,1,1
2026-05-06,2026-05-06 19:20:00,samedi,early_entry,['samedi'],Samedi | Entrée Avant 21H,DICE,45.674834999999995,48.41,1,1
2026-05-06,2026-05-06 19:20:00,samedi,early_entry,['samedi'],Samedi | Entrée Avant 21H,DICE,45.674834999999995,48.41,1,1
2026-05-06,2026-05-06 19:20:00,vendredi,regular,['vendredi'],Vendredi | Billet Standard,DICE,55.392885,58.71,1,1
2026-05-06,2026-05-06 19:20:00,vendredi,regular,['vendredi'],Vendredi | Billet Standard,DICE,55.392885,58.71,1,1
2026-05-06,2026-05-06 19:20:00,vendredi,regular,['vendredi'],Vendredi | Billet Standard,DICE,55.392885,58.71,1,1
2026-05-06,2026-05-06 19:20:00,vendredi,regular,['vendredi'],Vendredi | Billet Standard,DICE,55.392885,58.71,1,1
2026-05-06,2026-05-06 19:21:00,vendredi,early_entry,['vendredi'],Vendredi | Entrée Avant 21H,DICE,45.674834999999995,48.41,1,1
2026-05-06,2026-05-06 19:21:00,vendredi,early_entry,['vendredi'],Vendredi | Entrée Avant 21H,DICE,45.674834999999995,48.41,1,1
2026-05-06,2026-05-06 19:21:00,vendredi,early_entry,['vendredi'],Vendredi | Entrée Avant 21H,DICE,45.674834999999995,48.41,1,1
2026-05-06,2026-05-06 19:21:00,vendredi,vip,['vendredi'],Vendredi | Entrée VIP | Billet Standard,DICE,128.27826000000002,135.96,1,1
2026-05-06,2026-05-06 19:21:00,vendredi,vip,['vendredi'],Vendredi | Entrée VIP | Billet Standard,DICE,128.27826000000002,135.96,1,1
2026-05-06,2026-05-06 19:21:00,single_day,regular,,Weekend | Billet Standard,DICE,89.40606000000001,94.76,1,1
2026-05-06,2026-05-06 19:21:00,single_day,regular,,Weekend | Billet Standard,DICE,89.40606000000001,94.76,1,1
2026-05-06,2026-05-06 19:21:00,single_day,regular,,Weekend | Billet Standard,DICE,89.40606000000001,94.76,1,1
2026-05-06,2026-05-06 19:21:00,single_day,regular,,Weekend | Billet Standard,DICE,89.40606000000001,94.76,1,1
2026-05-06,2026-05-06 19:21:00,single_day,regular,,Weekend | Billet Standard,DICE,89.40606000000001,94.76,1,1
2026-05-06,2026-05-06 19:21:00,single_day,regular,,Weekend | Billet Standard,DICE,89.40606000000001,94.76,1,1
2026-05-06,2026-05-06 19:21:00,samedi,regular,['samedi'],Samedi | Billet Standard,DICE,55.392885,58.71,1,1
2026-05-06,2026-05-06 19:21:00,samedi,regular,['samedi'],Samedi | Billet Standard,DICE,55.392885,58.71,1,1
2026-05-06,2026-05-06 19:21:00,samedi,regular,['samedi'],Samedi | Billet Standard,DICE,55.392885,58.71,1,1
2026-05-06,2026-05-06 19:21:00,samedi,regular,['samedi'],Samedi | Billet Standard,DICE,55.392885,58.71,1,1
2026-05-06,2026-05-06 19:21:00,samedi,regular,['samedi'],Samedi | Billet Standard,DICE,55.392885,58.71,1,1
2026-05-06,2026-05-06 19:21:00,samedi,regular,['samedi'],Samedi | Billet Standard,DICE,55.392885,58.71,1,1
2026-05-06,2026-05-06 19:21:00,samedi,regular,['samedi'],Samedi | Billet Standard,DICE,55.392885,58.71,1,1
2026-05-06,2026-05-06 19:21:00,samedi,regular,['samedi'],Samedi | Billet Standard,DICE,55.392885,58.71,1,1
2026-05-06,2026-05-06 19:21:00,samedi,regular,['samedi'],Samedi | Billet Standard,DICE,55.392885,58.71,1,1
2026-05-06,2026-05-06 19:21:00,samedi,regular,['samedi'],Samedi | Billet Standard,DICE,55.392885,58.71,1,1
2026-05-06,2026-05-06 19:21:00,samedi,early_entry,['samedi'],Samedi | Entrée Avant 21H,DICE,45.674834999999995,48.41,1,1
2026-05-06,2026-05-06 19:21:00,samedi,early_entry,['samedi'],Samedi | Entrée Avant 21H,DICE,45.674834999999995,48.41,1,1
2026-05-06,2026-05-06 19:21:00,samedi,early_entry,['samedi'],Samedi | Entrée Avant 21H,DICE,45.674834999999995,48.41,1,1
2026-05-06,2026-05-06 19:21:00,samedi,early_entry,['samedi'],Samedi | Entrée Avant 21H,DICE,45.674834999999995,48.41,1,1
2026-05-06,2026-05-06 19:21:00,samedi,early_entry,['samedi'],Samedi | Entrée Avant 21H,DICE,45.674834999999995,48.41,1,1
2026-05-06,2026-05-06 19:21:00,samedi,early_entry,['samedi'],Samedi | Entrée Avant 21H,DICE,45.674834999999995,48.41,1,1
2026-05-06,2026-05-06 19:21:00,samedi,early_entry,['samedi'],Samedi | Entrée Avant 21H,DICE,45.674834999999995,48.41,1,1
2026-05-06,2026-05-06 19:21:00,vendredi,regular,['vendredi'],Vendredi | Billet Standard,DICE,55.392885,58.71,1,1
2026-05-06,2026-05-06 19:21:00,vendredi,regular,['vendredi'],Vendredi | Billet Standard,DICE,55.392885,58.71,1,1
2026-05-06,2026-05-06 19:21:00,vendredi,regular,['vendredi'],Vendredi | Billet Standard,DICE,55.392885,58.71,1,1
2026-05-06,2026-05-06 19:21:00,vendredi,regular,['vendredi'],Vendredi | Billet Standard,DICE,55.392885,58.71,1,1
2026-05-06,2026-05-06 19:21:00,vendredi,regular,['vendredi'],Vendredi | Billet Standard,DICE,55.392885,58.71,1,1
2026-05-06,2026-05-06 19:21:00,vendredi,regular,['vendredi'],Vendredi | Billet Standard,DICE,55.392885,58.71,1,1
2026-05-06,2026-05-06 19:21:00,vendredi,regular,['vendredi'],Vendredi | Billet Standard,DICE,55.392885,58.71,1,1
2026-05-06,2026-05-06 19:21:00,vendredi,regular,['vendredi'],Vendredi | Billet Standard,DICE,55.392885,58.71,1,1
2026-05-06,2026-05-06 19:22:00,vendredi,early_entry,['vendredi'],Vendredi | Entrée Avant 21H,DICE,45.674834999999995,48.41,1,1
2026-05-06,2026-05-06 19:22:00,vendredi,early_entry,['vendredi'],Vendredi | Entrée Avant 21H,DICE,45.674834999999995,48.41,1,1
2026-05-06,2026-05-06 19:22:00,vendredi,early_entry,['vendredi'],Vendredi | Entrée Avant 21H,DICE,45.674834999999995,48.41,1,1
2026-05-06,2026-05-06 19:22:00,vendredi,early_entry,['vendredi'],Vendredi | Entrée Avant 21H,DICE,45.674834999999995,48.41,1,1
2026-05-06,2026-05-06 19:22:00,vendredi,vip,['vendredi'],Vendredi | Entrée VIP | Billet Standard,DICE,128.27826000000002,135.96,1,1
2026-05-06,2026-05-06 19:22:00,vendredi,vip,['vendredi'],Vendredi | Entrée VIP | Billet Standard,DICE,128.27826000000002,135.96,1,1
2026-05-06,2026-05-06 19:22:00,vendredi,vip,['vendredi'],Vendredi | Entrée VIP | Billet Standard,DICE,128.27826000000002,135.96,1,1
2026-05-06,2026-05-06 19:22:00,vendredi,vip,['vendredi'],Vendredi | Entrée VIP | Billet Standard,DICE,128.27826000000002,135.96,1,1
2026-05-06,2026-05-06 19:22:00,vendredi,vip,['vendredi'],Vendredi | Entrée VIP | Billet Standard,DICE,128.27826000000002,135.96,1,1
2026-05-06,2026-05-06 19:22:00,vendredi,vip,['vendredi'],Vendredi | Entrée VIP | Billet Standard,DICE,128.27826000000002,135.96,1,1
2026-05-06,2026-05-06 19:22:00,single_day,regular,,Weekend | Billet Standard,DICE,89.40606000000001,94.76,1,1
2026-05-06,2026-05-06 19:22:00,single_day,regular,,Weekend | Billet Standard,DICE,89.40606000000001,94.76,1,1
2026-05-06,2026-05-06 19:22:00,single_day,regular,,Weekend | Billet Standard,DICE,89.40606000000001,94.76,1,1
2026-05-06,2026-05-06 19:22:00,samedi,regular,['samedi'],Samedi | Billet Standard,DICE,55.392885,58.71,1,1
2026-05-06,2026-05-06 19:22:00,samedi,early_entry,['samedi'],Samedi | Entrée Avant 21H,DICE,45.674834999999995,48.41,1,1
2026-05-06,2026-05-06 19:22:00,vendredi,regular,['vendredi'],Vendredi | Billet Standard,DICE,55.392885,58.71,1,1
2026-05-06,2026-05-06 19:22:00,vendredi,regular,['vendredi'],Vendredi | Billet Standard,DICE,55.392885,58.71,1,1
2026-05-06,2026-05-06 19:22:00,vendredi,regular,['vendredi'],Vendredi | Billet Standard,DICE,55.392885,58.71,1,1
2026-05-06,2026-05-06 19:22:00,vendredi,regular,['vendredi'],Vendredi | Billet Standard,DICE,55.392885,58.71,1,1
2026-05-06,2026-05-06 19:23:00,vendredi,early_entry,['vendredi'],Vendredi | Entrée Avant 21H,DICE,45.674834999999995,48.41,1,1
2026-05-06,2026-05-06 19:23:00,vendredi,early_entry,['vendredi'],Vendredi | Entrée Avant 21H,DICE,45.674834999999995,48.41,1,1
2026-05-06,2026-05-06 19:23:00,single_day,regular,,Weekend | Billet Standard,DICE,89.40606000000001,94.76,1,1
2026-05-06,2026-05-06 19:23:00,single_day,regular,,Weekend | Billet Standard,DICE,89.40606000000001,94.76,1,1
2026-05-06,2026-05-06 19:23:00,single_day,regular,,Weekend | Billet Standard,DICE,89.40606000000001,94.76,1,1
2026-05-06,2026-05-06 19:23:00,single_day,regular,,Weekend | Billet Standard,DICE,89.40606000000001,94.76,1,1
2026-05-06,2026-05-06 19:23:00,single_day,regular,,Weekend | Billet Standard,DICE,89.40606000000001,94.76,1,1
2026-05-06,2026-05-06 19:23:00,single_day,regular,,Weekend | Billet Standard,DICE,89.40606000000001,94.76,1,1
2026-05-06,2026-05-06 19:23:00,samedi,regular,['samedi'],Samedi | Billet Standard,DICE,55.392885,58.71,1,1
2026-05-06,2026-05-06 19:23:00,samedi,regular,['samedi'],Samedi | Billet Standard,DICE,55.392885,58.71,1,1
2026-05-06,2026-05-06 19:23:00,samedi,early_entry,['samedi'],Samedi | Entrée Avant 21H,DICE,45.674834999999995,48.41,1,1
2026-05-06,2026-05-06 19:23:00,samedi,early_entry,['samedi'],Samedi | Entrée Avant 21H,DICE,45.674834999999995,48.41,1,1
2026-05-06,2026-05-06 19:23:00,vendredi,regular,['vendredi'],Vendredi | Billet Standard,DICE,55.392885,58.71,1,1
2026-05-06,2026-05-06 19:23:00,vendredi,regular,['vendredi'],Vendredi | Billet Standard,DICE,55.392885,58.71,1,1
2026-05-06,2026-05-06 19:23:00,vendredi,regular,['vendredi'],Vendredi | Billet Standard,DICE,55.392885,58.71,1,1
2026-05-06,2026-05-06 19:23:00,vendredi,regular,['vendredi'],Vendredi | Billet Standard,DICE,55.392885,58.71,1,1
2026-05-06,2026-05-06 19:24:00,vendredi,early_entry,['vendredi'],Vendredi | Entrée Avant 21H,DICE,45.674834999999995,48.41,1,1
2026-05-06,2026-05-06 19:24:00,vendredi,early_entry,['vendredi'],Vendredi | Entrée Avant 21H,DICE,45.674834999999995,48.41,1,1
2026-05-06,2026-05-06 19:24:00,vendredi,early_entry,['vendredi'],Vendredi | Entrée Avant 21H,DICE,45.674834999999995,48.41,1,1
2026-05-06,2026-05-06 19:24:00,vendredi,early_entry,['vendredi'],Vendredi | Entrée Avant 21H,DICE,45.674834999999995,48.41,1,1
2026-05-06,2026-05-06 19:24:00,vendredi,early_entry,['vendredi'],Vendredi | Entrée Avant 21H,DICE,45.674834999999995,48.41,1,1
2026-05-06,2026-05-06 19:24:00,vendredi,early_entry,['vendredi'],Vendredi | Entrée Avant 21H,DICE,45.674834999999995,48.41,1,1
2026-05-06,2026-05-06 19:24:00,vendredi,early_entry,['vendredi'],Vendredi | Entrée Avant 21H,DICE,45.674834999999995,48.41,1,1
2026-05-06,2026-05-06 19:24:00,vendredi,early_entry,['vendredi'],Vendredi | Entrée Avant 21H,DICE,45.674834999999995,48.41,1,1
2026-05-06,2026-05-06 19:24:00,vendredi,early_entry,['vendredi'],Vendredi | Entrée Avant 21H,DICE,45.674834999999995,48.41,1,1
2026-05-06,2026-05-06 19:24:00,vendredi,early_entry,['vendredi'],Vendredi | Entrée Avant 21H,DICE,45.674834999999995,48.41,1,1
2026-05-06,2026-05-06 19:24:00,vendredi,early_entry,['vendredi'],Vendredi | Entrée Avant 21H,DICE,45.674834999999995,48.41,1,1
2026-05-06,2026-05-06 19:24:00,vendredi,early_entry,['vendredi'],Vendredi | Entrée Avant 21H,DICE,45.674834999999995,48.41,1,1
2026-05-06,2026-05-06 19:24:00,vendredi,vip,['vendredi'],Vendredi | Entrée VIP | Billet Standard,DICE,128.27826000000002,135.96,1,1
2026-05-06,2026-05-06 19:24:00,vendredi,vip,['vendredi'],Vendredi | Entrée VIP | Billet Standard,DICE,128.27826000000002,135.96,1,1
2026-05-06,2026-05-06 19:24:00,single_day,regular,,Weekend | Billet Standard,DICE,89.40606000000001,94.76,1,1
2026-05-06,2026-05-06 19:24:00,single_day,regular,,Weekend | Billet Standard,DICE,89.40606000000001,94.76,1,1
2026-05-06,2026-05-06 19:24:00,single_day,regular,,Weekend | Billet Standard,DICE,89.40606000000001,94.76,1,1
2026-05-06,2026-05-06 19:24:00,samedi,regular,['samedi'],Samedi | Billet Standard,DICE,55.392885,58.71,1,1
2026-05-06,2026-05-06 19:24:00,samedi,regular,['samedi'],Samedi | Billet Standard,DICE,55.392885,58.71,1,1
2026-05-06,2026-05-06 19:24:00,samedi,regular,['samedi'],Samedi | Billet Standard,DICE,55.392885,58.71,1,1
2026-05-06,2026-05-06 19:24:00,samedi,regular,['samedi'],Samedi | Billet Standard,DICE,55.392885,58.71,1,1
2026-05-06,2026-05-06 19:24:00,samedi,regular,['samedi'],Samedi | Billet Standard,DICE,55.392885,58.71,1,1
2026-05-06,2026-05-06 19:24:00,samedi,regular,['samedi'],Samedi | Billet Standard,DICE,55.392885,58.71,1,1
2026-05-06,2026-05-06 19:24:00,samedi,regular,['samedi'],Samedi | Billet Standard,DICE,55.392885,58.71,1,1
2026-05-06,2026-05-06 19:24:00,samedi,regular,['samedi'],Samedi | Billet Standard,DICE,55.392885,58.71,1,1
2026-05-06,2026-05-06 19:24:00,samedi,regular,['samedi'],Samedi | Billet Standard,DICE,55.392885,58.71,1,1
2026-05-06,2026-05-06 19:24:00,samedi,regular,['samedi'],Samedi | Billet Standard,DICE,55.392885,58.71,1,1
2026-05-06,2026-05-06 19:24:00,samedi,regular,['samedi'],Samedi | Billet Standard,DICE,55.392885,58.71,1,1
2026-05-06,2026-05-06 19:24:00,samedi,regular,['samedi'],Samedi | Billet Standard,DICE,55.392885,58.71,1,1
2026-05-06,2026-05-06 19:24:00,samedi,early_entry,['samedi'],Samedi | Entrée Avant 21H,DICE,45.674834999999995,48.41,1,1
2026-05-06,2026-05-06 19:24:00,samedi,early_entry,['samedi'],Samedi | Entrée Avant 21H,DICE,45.674834999999995,48.41,1,1
2026-05-06,2026-05-06 19:24:00,samedi,early_entry,['samedi'],Samedi | Entrée Avant 21H,DICE,45.674834999999995,48.41,1,1
2026-05-06,2026-05-06 19:24:00,samedi,early_entry,['samedi'],Samedi | Entrée Avant 21H,DICE,45.674834999999995,48.41,1,1
2026-05-06,2026-05-06 19:24:00,vendredi,regular,['vendredi'],Vendredi | Billet Standard,DICE,55.392885,58.71,1,1
2026-05-06,2026-05-06 19:24:00,vendredi,regular,['vendredi'],Vendredi | Billet Standard,DICE,55.392885,58.71,1,1
2026-05-06,2026-05-06 19:24:00,vendredi,regular,['vendredi'],Vendredi | Billet Standard,DICE,55.392885,58.71,1,1
2026-05-06,2026-05-06 19:24:00,vendredi,regular,['vendredi'],Vendredi | Billet Standard,DICE,55.392885,58.71,1,1
2026-05-06,2026-05-06 19:24:00,vendredi,regular,['vendredi'],Vendredi | Billet Standard,DICE,55.392885,58.71,1,1
2026-05-06,2026-05-06 19:24:00,vendredi,regular,['vendredi'],Vendredi | Billet Standard,DICE,55.392885,58.71,1,1
2026-05-06,2026-05-06 19:25:00,vendredi,early_entry,['vendredi'],Vendredi | Entrée Avant 21H,DICE,45.674834999999995,48.41,1,1
2026-05-06,2026-05-06 19:25:00,vendredi,early_entry,['vendredi'],Vendredi | Entrée Avant 21H,DICE,45.674834999999995,48.41,1,1
2026-05-06,2026-05-06 19:25:00,vendredi,early_entry,['vendredi'],Vendredi | Entrée Avant 21H,DICE,45.674834999999995,48.41,1,1
2026-05-06,2026-05-06 19:25:00,vendredi,early_entry,['vendredi'],Vendredi | Entrée Avant 21H,DICE,45.674834999999995,48.41,1,1
2026-05-06,2026-05-06 19:25:00,single_day,regular,,Weekend | Billet Standard,DICE,89.40606000000001,94.76,1,1
2026-05-06,2026-05-06 19:25:00,single_day,regular,,Weekend | Billet Standard,DICE,89.40606000000001,94.76,1,1
2026-05-06,2026-05-06 19:25:00,samedi,regular,['samedi'],Samedi | Billet Standard,DICE,55.392885,58.71,1,1
2026-05-06,2026-05-06 19:25:00,samedi,regular,['samedi'],Samedi | Billet Standard,DICE,55.392885,58.71,1,1
2026-05-06,2026-05-06 19:25:00,vendredi,regular,['vendredi'],Vendredi | Billet Standard,DICE,55.392885,58.71,1,1
2026-05-06,2026-05-06 19:26:00,single_day,regular,,Weekend | Billet Standard,DICE,89.40606000000001,94.76,1,1
2026-05-06,2026-05-06 19:26:00,single_day,regular,,Weekend | Billet Standard,DICE,89.40606000000001,94.76,1,1
2026-05-06,2026-05-06 19:26:00,single_day,regular,,Weekend | Billet Standard,DICE,89.40606000000001,94.76,1,1
2026-05-06,2026-05-06 19:26:00,single_day,regular,,Weekend | Billet Standard,DICE,89.40606000000001,94.76,1,1
2026-05-06,2026-05-06 19:26:00,single_day,regular,,Weekend | Billet Standard,DICE,89.40606000000001,94.76,1,1
2026-05-06,2026-05-06 19:26:00,single_day,regular,,Weekend | Billet Standard,DICE,89.40606000000001,94.76,1,1
2026-05-06,2026-05-06 19:26:00,single_day,regular,,Weekend | Billet Standard,DICE,89.40606000000001,94.76,1,1
2026-05-06,2026-05-06 19:26:00,samedi,regular,['samedi'],Samedi | Billet Standard,DICE,55.392885,58.71,1,1
2026-05-06,2026-05-06 19:26:00,samedi,early_entry,['samedi'],Samedi | Entrée Avant 21H,DICE,45.674834999999995,48.41,1,1
2026-05-06,2026-05-06 19:26:00,samedi,early_entry,['samedi'],Samedi | Entrée Avant 21H,DICE,45.674834999999995,48.41,1,1
2026-05-06,2026-05-06 19:26:00,samedi,early_entry,['samedi'],Samedi | Entrée Avant 21H,DICE,45.674834999999995,48.41,1,1
2026-05-06,2026-05-06 19:26:00,samedi,early_entry,['samedi'],Samedi | Entrée Avant 21H,DICE,45.674834999999995,48.41,1,1
2026-05-06,2026-05-06 19:26:00,vendredi,regular,['vendredi'],Vendredi | Billet Standard,DICE,55.392885,58.71,1,1
2026-05-06,2026-05-06 19:26:00,vendredi,regular,['vendredi'],Vendredi | Billet Standard,DICE,55.392885,58.71,1,1
2026-05-06,2026-05-06 19:27:00,single_day,regular,,Weekend | Billet Standard,DICE,89.40606000000001,94.76,1,1
2026-05-06,2026-05-06 19:28:00,single_day,regular,,Weekend | Billet Standard,DICE,89.40606000000001,94.76,1,1
2026-05-06,2026-05-06 19:28:00,single_day,regular,,Weekend | Billet Standard,DICE,89.40606000000001,94.76,1,1
2026-05-06,2026-05-06 19:28:00,single_day,regular,,Weekend | Billet Standard,DICE,89.40606000000001,94.76,1,1
2026-05-06,2026-05-06 19:28:00,single_day,regular,,Weekend | Billet Standard,DICE,89.40606000000001,94.76,1,1
2026-05-06,2026-05-06 19:28:00,single_day,regular,,Weekend | Billet Standard,DICE,89.40606000000001,94.76,1,1
2026-05-06,2026-05-06 19:28:00,single_day,regular,,Weekend | Billet Standard,DICE,89.40606000000001,94.76,1,1
2026-05-06,2026-05-06 19:28:00,single_day,regular,,Weekend | Billet Standard,DICE,89.40606000000001,94.76,1,1
2026-05-06,2026-05-06 19:28:00,samedi,regular,['samedi'],Samedi | Billet Standard,DICE,55.392885,58.71,1,1
2026-05-06,2026-05-06 19:28:00,samedi,regular,['samedi'],Samedi | Billet Standard,DICE,55.392885,58.71,1,1
2026-05-06,2026-05-06 19:28:00,samedi,early_entry,['samedi'],Samedi | Entrée Avant 21H,DICE,45.674834999999995,48.41,1,1
2026-05-06,2026-05-06 19:28:00,samedi,early_entry,['samedi'],Samedi | Entrée Avant 21H,DICE,45.674834999999995,48.41,1,1
2026-05-06,2026-05-06 19:28:00,samedi,early_entry,['samedi'],Samedi | Entrée Avant 21H,DICE,45.674834999999995,48.41,1,1
2026-05-06,2026-05-06 19:28:00,vendredi,regular,['vendredi'],Vendredi | Billet Standard,DICE,55.392885,58.71,1,1
2026-05-06,2026-05-06 19:28:00,vendredi,regular,['vendredi'],Vendredi | Billet Standard,DICE,55.392885,58.71,1,1
2026-05-06,2026-05-06 19:28:00,vendredi,regular,['vendredi'],Vendredi | Billet Standard,DICE,55.392885,58.71,1,1
2026-05-06,2026-05-06 19:28:00,vendredi,regular,['vendredi'],Vendredi | Billet Standard,DICE,55.392885,58.71,1,1
2026-05-06,2026-05-06 19:28:00,vendredi,regular,['vendredi'],Vendredi | Billet Standard,DICE,55.392885,58.71,1,1
2026-05-06,2026-05-06 19:29:00,samedi,regular,['samedi'],Samedi | Billet Standard,DICE,55.392885,58.71,1,1
2026-05-06,2026-05-06 19:29:00,samedi,early_entry,['samedi'],Samedi | Entrée Avant 21H,DICE,45.674834999999995,48.41,1,1
2026-05-06,2026-05-06 19:29:00,samedi,early_entry,['samedi'],Samedi | Entrée Avant 21H,DICE,45.674834999999995,48.41,1,1
2026-05-06,2026-05-06 19:29:00,samedi,early_entry,['samedi'],Samedi | Entrée Avant 21H,DICE,45.674834999999995,48.41,1,1
2026-05-06,2026-05-06 19:29:00,vendredi,regular,['vendredi'],Vendredi | Billet Standard,DICE,55.392885,58.71,1,1
2026-05-06,2026-05-06 19:29:00,vendredi,regular,['vendredi'],Vendredi | Billet Standard,DICE,55.392885,58.71,1,1
2026-05-06,2026-05-06 19:29:00,vendredi,regular,['vendredi'],Vendredi | Billet Standard,DICE,55.392885,58.71,1,1
2026-05-06,2026-05-06 19:29:00,vendredi,regular,['vendredi'],Vendredi | Billet Standard,DICE,55.392885,58.71,1,1
2026-05-06,2026-05-06 19:29:00,vendredi,regular,['vendredi'],Vendredi | Billet Standard,DICE,55.392885,58.71,1,1
2026-05-06,2026-05-06 19:29:00,vendredi,regular,['vendredi'],Vendredi | Billet Standard,DICE,55.392885,58.71,1,1
2026-05-06,2026-05-06 19:29:00,vendredi,regular,['vendredi'],Vendredi | Billet Standard,DICE,55.392885,58.71,1,1
2026-05-06,2026-05-06 19:29:00,vendredi,regular,['vendredi'],Vendredi | Billet Standard,DICE,55.392885,58.71,1,1
2026-05-06,2026-05-06 19:29:00,vendredi,regular,['vendredi'],Vendredi | Billet Standard,DICE,55.392885,58.71,1,1
2026-05-06,2026-05-06 19:29:00,vendredi,regular,['vendredi'],Vendredi | Billet Standard,DICE,55.392885,58.71,1,1
2026-05-06,2026-05-06 19:29:00,vendredi,regular,['vendredi'],Vendredi | Billet Standard,DICE,55.392885,58.71,1,1
2026-05-06,2026-05-06 19:30:00,single_day,regular,,Weekend | Billet Standard,DICE,89.40606000000001,94.76,1,1
2026-05-06,2026-05-06 19:30:00,single_day,regular,,Weekend | Billet Standard,DICE,89.40606000000001,94.76,1,1
2026-05-06,2026-05-06 19:30:00,single_day,regular,,Weekend | Billet Standard,DICE,89.40606000000001,94.76,1,1
2026-05-06,2026-05-06 19:30:00,single_day,regular,,Weekend | Billet Standard,DICE,89.40606000000001,94.76,1,1
2026-05-06,2026-05-06 19:30:00,single_day,regular,,Weekend | Billet Standard,DICE,89.40606000000001,94.76,1,1
2026-05-06,2026-05-06 19:30:00,samedi,regular,['samedi'],Samedi | Billet Standard,DICE,55.392885,58.71,1,1
2026-05-06,2026-05-06 19:30:00,samedi,regular,['samedi'],Samedi | Billet Standard,DICE,55.392885,58.71,1,1
2026-05-06,2026-05-06 19:30:00,samedi,regular,['samedi'],Samedi | Billet Standard,DICE,55.392885,58.71,1,1
2026-05-06,2026-05-06 19:30:00,samedi,regular,['samedi'],Samedi | Billet Standard,DICE,55.392885,58.71,1,1
2026-05-06,2026-05-06 19:30:00,samedi,regular,['samedi'],Samedi | Billet Standard,DICE,55.392885,58.71,1,1
2026-05-06,2026-05-06 19:30:00,samedi,regular,['samedi'],Samedi | Billet Standard,DICE,55.392885,58.71,1,1
2026-05-06,2026-05-06 19:30:00,samedi,regular,['samedi'],Samedi | Billet Standard,DICE,55.392885,58.71,1,1
2026-05-06,2026-05-06 19:30:00,samedi,early_entry,['samedi'],Samedi | Entrée Avant 21H,DICE,45.674834999999995,48.41,1,1
2026-05-06,2026-05-06 19:30:00,samedi,early_entry,['samedi'],Samedi | Entrée Avant 21H,DICE,45.674834999999995,48.41,1,1
2026-05-06,2026-05-06 19:30:00,samedi,early_entry,['samedi'],Samedi | Entrée Avant 21H,DICE,45.674834999999995,48.41,1,1
2026-05-06,2026-05-06 19:30:00,samedi,early_entry,['samedi'],Samedi | Entrée Avant 21H,DICE,45.674834999999995,48.41,1,1
2026-05-06,2026-05-06 19:30:00,samedi,early_entry,['samedi'],Samedi | Entrée Avant 21H,DICE,45.674834999999995,48.41,1,1
2026-05-06,2026-05-06 19:30:00,samedi,early_entry,['samedi'],Samedi | Entrée Avant 21H,DICE,45.674834999999995,48.41,1,1
2026-05-06,2026-05-06 19:30:00,samedi,early_entry,['samedi'],Samedi | Entrée Avant 21H,DICE,45.674834999999995,48.41,1,1
2026-05-06,2026-05-06 19:30:00,vendredi,regular,['vendredi'],Vendredi | Billet Standard,DICE,55.392885,58.71,1,1
2026-05-06,2026-05-06 19:31:00,vendredi,early_entry,['vendredi'],Vendredi | Entrée Avant 21H,DICE,45.674834999999995,48.41,1,1
2026-05-06,2026-05-06 19:31:00,vendredi,early_entry,['vendredi'],Vendredi | Entrée Avant 21H,DICE,45.674834999999995,48.41,1,1
2026-05-06,2026-05-06 19:31:00,single_day,regular,,Weekend | Billet Standard,DICE,89.40606000000001,94.76,1,1
2026-05-06,2026-05-06 19:31:00,single_day,regular,,Weekend | Billet Standard,DICE,89.40606000000001,94.76,1,1
2026-05-06,2026-05-06 19:31:00,single_day,regular,,Weekend | Billet Standard,DICE,89.40606000000001,94.76,1,1
2026-05-06,2026-05-06 19:31:00,single_day,regular,,Weekend | Billet Standard,DICE,89.40606000000001,94.76,1,1
2026-05-06,2026-05-06 19:31:00,single_day,regular,,Weekend | Billet Standard,DICE,89.40606000000001,94.76,1,1
2026-05-06,2026-05-06 19:31:00,single_day,regular,,Weekend | Billet Standard,DICE,89.40606000000001,94.76,1,1
2026-05-06,2026-05-06 19:31:00,single_day,regular,,Weekend | Billet Standard,DICE,89.40606000000001,94.76,1,1
2026-05-06,2026-05-06 19:31:00,samedi,regular,['samedi'],Samedi | Billet Standard,DICE,55.392885,58.71,1,1
2026-05-06,2026-05-06 19:31:00,2-jours,regular,,Pass 2 Jours,Shotgun,86.36,97.61,1,1
2026-05-06,2026-05-06 19:31:08,2-jours,regular,,Pass 2 Jours,Shotgun,86.36,97.61,1,1
2026-05-06,2026-05-06 19:32:00,vendredi,early_entry,['vendredi'],Vendredi | Entrée Avant 21H,DICE,45.674834999999995,48.41,1,1
2026-05-06,2026-05-06 19:32:00,vendredi,vip,['vendredi'],Vendredi | Entrée VIP | Billet Standard,DICE,128.27826000000002,135.96,1,1
2026-05-06,2026-05-06 19:32:00,vendredi,vip,['vendredi'],Vendredi | Entrée VIP | Billet Standard,DICE,128.27826000000002,135.96,1,1
2026-05-06,2026-05-06 19:32:00,single_day,regular,,Weekend | Billet Standard,DICE,89.40606000000001,94.76,1,1
2026-05-06,2026-05-06 19:32:00,single_day,regular,,Weekend | Billet Standard,DICE,89.40606000000001,94.76,1,1
2026-05-06,2026-05-06 19:32:00,single_day,regular,,Weekend | Billet Standard,DICE,89.40606000000001,94.76,1,1
2026-05-06,2026-05-06 19:33:00,vendredi,early_entry,['vendredi'],Vendredi | Entrée Avant 21H,DICE,45.674834999999995,48.41,1,1
2026-05-06,2026-05-06 19:33:00,vendredi,early_entry,['vendredi'],Vendredi | Entrée Avant 21H,DICE,45.674834999999995,48.41,1,1
2026-05-06,2026-05-06 19:33:00,vendredi,early_entry,['vendredi'],Vendredi | Entrée Avant 21H,DICE,45.674834999999995,48.41,1,1
2026-05-06,2026-05-06 19:33:00,vendredi,early_entry,['vendredi'],Vendredi | Entrée Avant 21H,DICE,45.674834999999995,48.41,1,1
2026-05-06,2026-05-06 19:33:00,vendredi,early_entry,['vendredi'],Vendredi | Entrée Avant 21H,DICE,45.674834999999995,48.41,1,1
2026-05-06,2026-05-06 19:33:00,vendredi,early_entry,['vendredi'],Vendredi | Entrée Avant 21H,DICE,45.674834999999995,48.41,1,1
2026-05-06,2026-05-06 19:33:00,vendredi,early_entry,['vendredi'],Vendredi | Entrée Avant 21H,DICE,45.674834999999995,48.41,1,1
2026-05-06,2026-05-06 19:33:00,vendredi,early_entry,['vendredi'],Vendredi | Entrée Avant 21H,DICE,45.674834999999995,48.41,1,1
2026-05-06,2026-05-06 19:33:00,single_day,regular,,Weekend | Billet Standard,DICE,89.40606000000001,94.76,1,1
2026-05-06,2026-05-06 19:33:00,samedi,regular,['samedi'],Samedi | Billet Standard,DICE,55.392885,58.71,1,1
2026-05-06,2026-05-06 19:33:30,2-jours,regular,,Pass 2 Jours,Shotgun,86.36,97.61,1,1
2026-05-06,2026-05-06 19:34:00,single_day,regular,,Weekend | Billet Standard,DICE,89.40606000000001,94.76,1,1
2026-05-06,2026-05-06 19:34:00,samedi,early_entry,['samedi'],Samedi | Entrée Avant 21H,DICE,45.674834999999995,48.41,1,1
2026-05-06,2026-05-06 19:34:00,vendredi,regular,['vendredi'],Vendredi | Billet Standard,DICE,55.392885,58.71,1,1
2026-05-06,2026-05-06 19:34:00,vendredi,regular,['vendredi'],Vendredi | Billet Standard,DICE,55.392885,58.71,1,1
2026-05-06,2026-05-06 19:34:00,vendredi,regular,['vendredi'],Vendredi | Billet Standard,DICE,55.392885,58.71,1,1
2026-05-06,2026-05-06 19:35:00,single_day,vip,,Weekend | Entrée VIP,DICE,250.72569000000001,265.74,1,1
2026-05-06,2026-05-06 19:35:00,single_day,vip,,Weekend | Entrée VIP,DICE,250.72569000000001,265.74,1,1
2026-05-06,2026-05-06 19:35:00,single_day,regular,,Weekend | Billet Standard,DICE,89.40606000000001,94.76,1,1
2026-05-06,2026-05-06 19:35:00,single_day,regular,,Weekend | Billet Standard,DICE,89.40606000000001,94.76,1,1
2026-05-06,2026-05-06 19:35:00,single_day,regular,,Weekend | Billet Standard,DICE,89.40606000000001,94.76,1,1
2026-05-06,2026-05-06 19:35:00,samedi,regular,['samedi'],Samedi | Billet Standard,DICE,55.392885,58.71,1,1
2026-05-06,2026-05-06 19:35:00,samedi,regular,['samedi'],Samedi | Billet Standard,DICE,55.392885,58.71,1,1
2026-05-06,2026-05-06 19:35:00,samedi,regular,['samedi'],Samedi | Billet Standard,DICE,55.392885,58.71,1,1
2026-05-06,2026-05-06 19:35:00,samedi,regular,['samedi'],Samedi | Billet Standard,DICE,55.392885,58.71,1,1
2026-05-06,2026-05-06 19:35:00,samedi,regular,['samedi'],Samedi | Billet Standard,DICE,55.392885,58.71,1,1
2026-05-06,2026-05-06 19:35:00,samedi,regular,['samedi'],Samedi | Billet Standard,DICE,55.392885,58.71,1,1
2026-05-06,2026-05-06 19:35:00,samedi,regular,['samedi'],Samedi | Billet Standard,DICE,55.392885,58.71,1,1
2026-05-06,2026-05-06 19:35:00,samedi,regular,['samedi'],Samedi | Billet Standard,DICE,55.392885,58.71,1,1
2026-05-06,2026-05-06 19:35:00,samedi,regular,['samedi'],Samedi | Billet Standard,DICE,55.392885,58.71,1,1
2026-05-06,2026-05-06 19:36:00,vendredi,early_entry,['vendredi'],Vendredi | Entrée Avant 21H,DICE,45.674834999999995,48.41,1,1
2026-05-06,2026-05-06 19:36:00,vendredi,early_entry,['vendredi'],Vendredi | Entrée Avant 21H,DICE,45.674834999999995,48.41,1,1
2026-05-06,2026-05-06 19:36:00,vendredi,early_entry,['vendredi'],Vendredi | Entrée Avant 21H,DICE,45.674834999999995,48.41,1,1
2026-05-06,2026-05-06 19:36:00,single_day,regular,,Weekend | Billet Standard,DICE,89.40606000000001,94.76,1,1
2026-05-06,2026-05-06 19:36:00,samedi,early_entry,['samedi'],Samedi | Entrée Avant 21H,DICE,45.674834999999995,48.41,1,1
2026-05-06,2026-05-06 19:36:00,samedi,early_entry,['samedi'],Samedi | Entrée Avant 21H,DICE,45.674834999999995,48.41,1,1
2026-05-06,2026-05-06 19:36:00,samedi,early_entry,['samedi'],Samedi | Entrée Avant 21H,DICE,45.674834999999995,48.41,1,1
2026-05-06,2026-05-06 19:36:00,vendredi,regular,['vendredi'],Vendredi | Billet Standard,DICE,55.392885,58.71,1,1
2026-05-06,2026-05-06 19:36:00,vendredi,regular,['vendredi'],Vendredi | Billet Standard,DICE,55.392885,58.71,1,1
2026-05-06,2026-05-06 19:37:00,vendredi,early_entry,['vendredi'],Vendredi | Entrée Avant 21H,DICE,45.674834999999995,48.41,1,1
2026-05-06,2026-05-06 19:37:00,vendredi,early_entry,['vendredi'],Vendredi | Entrée Avant 21H,DICE,45.674834999999995,48.41,1,1
2026-05-06,2026-05-06 19:37:00,vendredi,early_entry,['vendredi'],Vendredi | Entrée Avant 21H,DICE,45.674834999999995,48.41,1,1
2026-05-06,2026-05-06 19:37:00,vendredi,early_entry,['vendredi'],Vendredi | Entrée Avant 21H,DICE,45.674834999999995,48.41,1,1
2026-05-06,2026-05-06 19:37:00,single_day,regular,,Weekend | Billet Standard,DICE,89.40606000000001,94.76,1,1
2026-05-06,2026-05-06 19:37:00,single_day,regular,,Weekend | Billet Standard,DICE,89.40606000000001,94.76,1,1
2026-05-06,2026-05-06 19:37:00,samedi,early_entry,['samedi'],Samedi | Entrée Avant 21H,DICE,45.674834999999995,48.41,1,1
2026-05-06,2026-05-06 19:37:00,samedi,early_entry,['samedi'],Samedi | Entrée Avant 21H,DICE,45.674834999999995,48.41,1,1
2026-05-06,2026-05-06 19:37:00,samedi,early_entry,['samedi'],Samedi | Entrée Avant 21H,DICE,45.674834999999995,48.41,1,1
2026-05-06,2026-05-06 19:37:00,vendredi,regular,['vendredi'],Vendredi | Billet Standard,DICE,55.392885,58.71,1,1
2026-05-06,2026-05-06 19:37:00,vendredi,regular,['vendredi'],Vendredi | Billet Standard,DICE,55.392885,58.71,1,1
2026-05-06,2026-05-06 19:37:00,vendredi,regular,['vendredi'],Vendredi | Billet Standard,DICE,55.392885,58.71,1,1
2026-05-06,2026-05-06 19:37:00,vendredi,regular,['vendredi'],Vendredi | Billet Standard,DICE,55.392885,58.71,1,1
2026-05-06,2026-05-06 19:38:00,vendredi,early_entry,['vendredi'],Vendredi | Entrée Avant 21H,DICE,45.674834999999995,48.41,1,1
2026-05-06,2026-05-06 19:38:00,samedi,regular,['samedi'],Samedi | Billet Standard,DICE,55.392885,58.71,1,1
2026-05-06,2026-05-06 19:38:00,samedi,regular,['samedi'],Samedi | Billet Standard,DICE,55.392885,58.71,1,1
2026-05-06,2026-05-06 19:38:00,samedi,regular,['samedi'],Samedi | Billet Standard,DICE,55.392885,58.71,1,1
2026-05-06,2026-05-06 19:38:00,samedi,regular,['samedi'],Samedi | Billet Standard,DICE,55.392885,58.71,1,1
2026-05-06,2026-05-06 19:38:00,samedi,regular,['samedi'],Samedi | Billet Standard,DICE,55.392885,58.71,1,1
2026-05-06,2026-05-06 19:38:00,samedi,regular,['samedi'],Samedi | Billet Standard,DICE,55.392885,58.71,1,1
2026-05-06,2026-05-06 19:38:00,samedi,regular,['samedi'],Samedi | Billet Standard,DICE,55.392885,58.71,1,1
2026-05-06,2026-05-06 19:38:00,vendredi,regular,['vendredi'],Vendredi | Billet Standard,DICE,55.392885,58.71,1,1
2026-05-06,2026-05-06 19:38:00,vendredi,regular,['vendredi'],Vendredi | Billet Standard,DICE,55.392885,58.71,1,1
2026-05-06,2026-05-06 19:38:00,vendredi,regular,['vendredi'],Vendredi | Billet Standard,DICE,55.392885,58.71,1,1
2026-05-06,2026-05-06 19:38:00,vendredi,regular,['vendredi'],Vendredi | Billet Standard,DICE,55.392885,58.71,1,1
2026-05-06,2026-05-06 19:38:00,vendredi,regular,['vendredi'],Vendredi | Billet Standard,DICE,55.392885,58.71,1,1
2026-05-06,2026-05-06 19:39:00,vendredi,early_entry,['vendredi'],Vendredi | Entrée Avant 21H,DICE,45.674834999999995,48.41,1,1
2026-05-06,2026-05-06 19:39:00,vendredi,early_entry,['vendredi'],Vendredi | Entrée Avant 21H,DICE,45.674834999999995,48.41,1,1
2026-05-06,2026-05-06 19:39:00,vendredi,early_entry,['vendredi'],Vendredi | Entrée Avant 21H,DICE,45.674834999999995,48.41,1,1
2026-05-06,2026-05-06 19:39:00,vendredi,early_entry,['vendredi'],Vendredi | Entrée Avant 21H,DICE,45.674834999999995,48.41,1,1
2026-05-06,2026-05-06 19:39:00,vendredi,early_entry,['vendredi'],Vendredi | Entrée Avant 21H,DICE,45.674834999999995,48.41,1,1
2026-05-06,2026-05-06 19:39:00,samedi,vip,['samedi'],Samedi | Entrée VIP | Billet Standard,DICE,128.27826000000002,135.96,1,1
2026-05-06,2026-05-06 19:39:00,samedi,vip,['samedi'],Samedi | Entrée VIP | Billet Standard,DICE,128.27826000000002,135.96,1,1
2026-05-06,2026-05-06 19:39:00,samedi,vip,['samedi'],Samedi | Entrée VIP | Billet Standard,DICE,128.27826000000002,135.96,1,1
2026-05-06,2026-05-06 19:39:00,single_day,regular,,Weekend | Billet Standard,DICE,89.40606000000001,94.76,1,1
2026-05-06,2026-05-06 19:39:00,vendredi,regular,['vendredi'],Vendredi | Billet Standard,DICE,55.392885,58.71,1,1
2026-05-06,2026-05-06 19:39:00,vendredi,regular,['vendredi'],Vendredi | Billet Standard,DICE,55.392885,58.71,1,1
2026-05-06,2026-05-06 19:40:00,vendredi,early_entry,['vendredi'],Vendredi | Entrée Avant 21H,DICE,45.674834999999995,48.41,1,1
2026-05-06,2026-05-06 19:40:00,vendredi,early_entry,['vendredi'],Vendredi | Entrée Avant 21H,DICE,45.674834999999995,48.41,1,1
2026-05-06,2026-05-06 19:40:00,single_day,regular,,Weekend | Billet Standard,DICE,89.40606000000001,94.76,1,1
2026-05-06,2026-05-06 19:40:00,single_day,regular,,Weekend | Billet Standard,DICE,89.40606000000001,94.76,1,1
2026-05-06,2026-05-06 19:40:00,vendredi,regular,['vendredi'],Vendredi | Billet Standard,DICE,55.392885,58.71,1,1
2026-05-06,2026-05-06 19:40:00,vendredi,regular,['vendredi'],Vendredi | Billet Standard,DICE,55.392885,58.71,1,1
2026-05-06,2026-05-06 19:40:00,vendredi,regular,['vendredi'],Vendredi | Billet Standard,DICE,55.392885,58.71,1,1
2026-05-06,2026-05-06 19:40:00,vendredi,regular,['vendredi'],Vendredi | Billet Standard,DICE,55.392885,58.71,1,1
2026-05-06,2026-05-06 19:40:00,vendredi,regular,['vendredi'],Vendredi | Billet Standard,DICE,55.392885,58.71,1,1
2026-05-06,2026-05-06 19:40:00,vendredi,regular,['vendredi'],Vendredi | Billet Standard,DICE,55.392885,58.71,1,1
2026-05-06,2026-05-06 19:41:00,single_day,regular,,Weekend | Billet Standard,DICE,89.40606000000001,94.76,1,1
2026-05-06,2026-05-06 19:41:00,samedi,regular,['samedi'],Samedi | Billet Standard,DICE,55.392885,58.71,1,1
2026-05-06,2026-05-06 19:41:00,samedi,regular,['samedi'],Samedi | Billet Standard,DICE,55.392885,58.71,1,1
2026-05-06,2026-05-06 19:42:00,vendredi,early_entry,['vendredi'],Vendredi | Entrée Avant 21H,DICE,45.674834999999995,48.41,1,1
2026-05-06,2026-05-06 19:42:00,vendredi,early_entry,['vendredi'],Vendredi | Entrée Avant 21H,DICE,45.674834999999995,48.41,1,1
2026-05-06,2026-05-06 19:42:00,vendredi,early_entry,['vendredi'],Vendredi | Entrée Avant 21H,DICE,45.674834999999995,48.41,1,1
2026-05-06,2026-05-06 19:42:00,samedi,regular,['samedi'],Samedi | Billet Standard,DICE,55.392885,58.71,1,1
2026-05-06,2026-05-06 19:42:00,samedi,regular,['samedi'],Samedi | Billet Standard,DICE,55.392885,58.71,1,1
2026-05-06,2026-05-06 19:42:36,2-jours,regular,,Pass 2 Jours,Shotgun,86.36,97.61,1,1
2026-05-06,2026-05-06 19:42:36,2-jours,regular,,Pass 2 Jours,Shotgun,86.36,97.61,1,1
2026-05-06,2026-05-06 19:43:00,vendredi,early_entry,['vendredi'],Vendredi | Entrée Avant 21H,DICE,45.674834999999995,48.41,1,1
2026-05-06,2026-05-06 19:43:00,vendredi,early_entry,['vendredi'],Vendredi | Entrée Avant 21H,DICE,45.674834999999995,48.41,1,1
2026-05-06,2026-05-06 19:43:00,single_day,regular,,Weekend | Billet Standard,DICE,89.40606000000001,94.76,1,1
2026-05-06,2026-05-06 19:43:00,single_day,regular,,Weekend | Billet Standard,DICE,89.40606000000001,94.76,1,1
2026-05-06,2026-05-06 19:44:00,vendredi,early_entry,['vendredi'],Vendredi | Entrée Avant 21H,DICE,45.674834999999995,48.41,1,1
2026-05-06,2026-05-06 19:44:00,single_day,regular,,Weekend | Billet Standard,DICE,89.40606000000001,94.76,1,1
2026-05-06,2026-05-06 19:44:00,single_day,regular,,Weekend | Billet Standard,DICE,89.40606000000001,94.76,1,1
2026-05-06,2026-05-06 19:44:00,samedi,regular,['samedi'],Samedi | Billet Standard,DICE,55.392885,58.71,1,1
2026-05-06,2026-05-06 19:44:00,vendredi,regular,['vendredi'],Vendredi | Billet Standard,DICE,55.392885,58.71,1,1
2026-05-06,2026-05-06 19:44:00,vendredi,regular,['vendredi'],Vendredi | Billet Standard,DICE,55.392885,58.71,1,1
2026-05-06,2026-05-06 19:44:00,vendredi,regular,['vendredi'],Vendredi | Billet Standard,DICE,55.392885,58.71,1,1
2026-05-06,2026-05-06 19:44:00,vendredi,regular,['vendredi'],Vendredi | Billet Standard,DICE,55.392885,58.71,1,1
2026-05-06,2026-05-06 19:45:00,single_day,regular,,Weekend | Billet Standard,DICE,89.40606000000001,94.76,1,1
2026-05-06,2026-05-06 19:46:00,single_day,regular,,Weekend | Billet Standard,DICE,89.40606000000001,94.76,1,1
2026-05-06,2026-05-06 19:46:00,vendredi,regular,['vendredi'],Vendredi | Billet Standard,DICE,55.392885,58.71,1,1
2026-05-06,2026-05-06 19:46:00,vendredi,regular,['vendredi'],Vendredi | Billet Standard,DICE,55.392885,58.71,1,1
2026-05-06,2026-05-06 19:47:00,single_day,regular,,Weekend | Billet Standard,DICE,89.40606000000001,94.76,1,1
2026-05-06,2026-05-06 19:47:00,single_day,regular,,Weekend | Billet Standard,DICE,89.40606000000001,94.76,1,1
2026-05-06,2026-05-06 19:47:00,samedi,regular,['samedi'],Samedi | Billet Standard,DICE,55.392885,58.71,1,1
2026-05-06,2026-05-06 19:47:00,samedi,regular,['samedi'],Samedi | Billet Standard,DICE,55.392885,58.71,1,1
2026-05-06,2026-05-06 19:47:00,samedi,regular,['samedi'],Samedi | Billet Standard,DICE,55.392885,58.71,1,1
2026-05-06,2026-05-06 19:47:00,samedi,regular,['samedi'],Samedi | Billet Standard,DICE,55.392885,58.71,1,1
2026-05-06,2026-05-06 19:48:00,single_day,regular,,Weekend | Billet Standard,DICE,89.40606000000001,94.76,1,1
2026-05-06,2026-05-06 19:49:00,vendredi,early_entry,['vendredi'],Vendredi | Entrée Avant 21H,DICE,45.674834999999995,48.41,1,1
2026-05-06,2026-05-06 19:49:00,vendredi,early_entry,['vendredi'],Vendredi | Entrée Avant 21H,DICE,45.674834999999995,48.41,1,1
2026-05-06,2026-05-06 19:49:00,samedi,regular,['samedi'],Samedi | Billet Standard,DICE,55.392885,58.71,1,1
2026-05-06,2026-05-06 19:49:00,vendredi,regular,['vendredi'],Vendredi | Billet Standard,DICE,55.392885,58.71,1,1
2026-05-06,2026-05-06 19:50:00,samedi,regular,['samedi'],Samedi | Billet Standard,DICE,55.392885,58.71,1,1
2026-05-06,2026-05-06 19:50:00,samedi,regular,['samedi'],Samedi | Billet Standard,DICE,55.392885,58.71,1,1
2026-05-06,2026-05-06 19:51:00,vendredi,early_entry,['vendredi'],Vendredi | Entrée Avant 21H,DICE,45.674834999999995,48.41,1,1
2026-05-06,2026-05-06 19:51:00,samedi,regular,['samedi'],Samedi | Billet Standard,DICE,55.392885,58.71,1,1
2026-05-06,2026-05-06 19:51:00,vendredi,regular,['vendredi'],Vendredi | Billet Standard,DICE,55.392885,58.71,1,1
2026-05-06,2026-05-06 19:51:00,vendredi,regular,['vendredi'],Vendredi | Billet Standard,DICE,55.392885,58.71,1,1
2026-05-06,2026-05-06 19:52:00,vendredi,early_entry,['vendredi'],Vendredi | Entrée Avant 21H,DICE,45.674834999999995,48.41,1,1
2026-05-06,2026-05-06 19:52:00,vendredi,early_entry,['vendredi'],Vendredi | Entrée Avant 21H,DICE,45.674834999999995,48.41,1,1
2026-05-06,2026-05-06 19:53:00,single_day,regular,,Weekend | Billet Standard,DICE,89.40606000000001,94.76,1,1
2026-05-06,2026-05-06 19:53:00,single_day,regular,,Weekend | Billet Standard,DICE,89.40606000000001,94.76,1,1
2026-05-06,2026-05-06 19:53:15,samedi,early_entry,['samedi'],Pass Samedi,Shotgun,45.0,50.86,1,1
2026-05-06,2026-05-06 19:53:15,samedi,early_entry,['samedi'],Pass Samedi,Shotgun,45.0,50.86,1,1
2026-05-06,2026-05-06 19:54:00,samedi,regular,['samedi'],Samedi | Billet Standard,DICE,55.392885,58.71,1,1
2026-05-06,2026-05-06 19:54:00,samedi,regular,['samedi'],Samedi | Billet Standard,DICE,55.392885,58.71,1,1
2026-05-06,2026-05-06 19:54:00,samedi,regular,['samedi'],Samedi | Billet Standard,DICE,55.392885,58.71,1,1
2026-05-06,2026-05-06 19:54:00,samedi,early_entry,['samedi'],Samedi | Entrée Avant 21H,DICE,45.674834999999995,48.41,1,1
2026-05-06,2026-05-06 19:54:00,vendredi,regular,['vendredi'],Vendredi | Billet Standard,DICE,55.392885,58.71,1,1
2026-05-06,2026-05-06 19:54:00,vendredi,regular,['vendredi'],Vendredi | Billet Standard,DICE,55.392885,58.71,1,1
2026-05-06,2026-05-06 19:54:00,vendredi,regular,['vendredi'],Vendredi | Billet Standard,DICE,55.392885,58.71,1,1
2026-05-06,2026-05-06 19:54:00,vendredi,regular,['vendredi'],Vendredi | Billet Standard,DICE,55.392885,58.71,1,1
2026-05-06,2026-05-06 19:55:00,vendredi,early_entry,['vendredi'],Vendredi | Entrée Avant 21H,DICE,45.674834999999995,48.41,1,1
2026-05-06,2026-05-06 19:55:00,vendredi,early_entry,['vendredi'],Vendredi | Entrée Avant 21H,DICE,45.674834999999995,48.41,1,1
2026-05-06,2026-05-06 19:55:00,vendredi,early_entry,['vendredi'],Vendredi | Entrée Avant 21H,DICE,45.674834999999995,48.41,1,1
2026-05-06,2026-05-06 19:55:00,vendredi,early_entry,['vendredi'],Vendredi | Entrée Avant 21H,DICE,45.674834999999995,48.41,1,1
2026-05-06,2026-05-06 19:55:00,vendredi,early_entry,['vendredi'],Vendredi | Entrée Avant 21H,DICE,45.674834999999995,48.41,1,1
2026-05-06,2026-05-06 19:55:00,vendredi,early_entry,['vendredi'],Vendredi | Entrée Avant 21H,DICE,45.674834999999995,48.41,1,1
2026-05-06,2026-05-06 19:55:00,vendredi,early_entry,['vendredi'],Vendredi | Entrée Avant 21H,DICE,45.674834999999995,48.41,1,1
2026-05-06,2026-05-06 19:55:00,vendredi,early_entry,['vendredi'],Vendredi | Entrée Avant 21H,DICE,45.674834999999995,48.41,1,1
2026-05-06,2026-05-06 19:55:00,single_day,regular,,Weekend | Billet Standard,DICE,89.40606000000001,94.76,1,1
2026-05-06,2026-05-06 19:55:00,single_day,regular,,Weekend | Billet Standard,DICE,89.40606000000001,94.76,1,1
2026-05-06,2026-05-06 19:55:00,samedi,regular,['samedi'],Samedi | Billet Standard,DICE,55.392885,58.71,1,1
2026-05-06,2026-05-06 19:55:00,samedi,regular,['samedi'],Samedi | Billet Standard,DICE,55.392885,58.71,1,1
2026-05-06,2026-05-06 19:55:00,samedi,regular,['samedi'],Samedi | Billet Standard,DICE,55.392885,58.71,1,1
2026-05-06,2026-05-06 19:55:00,samedi,regular,['samedi'],Samedi | Billet Standard,DICE,55.392885,58.71,1,1
2026-05-06,2026-05-06 19:55:00,samedi,regular,['samedi'],Samedi | Billet Standard,DICE,55.392885,58.71,1,1
2026-05-06,2026-05-06 19:55:00,samedi,regular,['samedi'],Samedi | Billet Standard,DICE,55.392885,58.71,1,1
2026-05-06,2026-05-06 19:55:00,vendredi,regular,['vendredi'],Vendredi | Billet Standard,DICE,55.392885,58.71,1,1
2026-05-06,2026-05-06 19:55:00,vendredi,regular,['vendredi'],Vendredi | Billet Standard,DICE,55.392885,58.71,1,1
2026-05-06,2026-05-06 19:55:00,vendredi,regular,['vendredi'],Vendredi | Billet Standard,DICE,55.392885,58.71,1,1
2026-05-06,2026-05-06 19:55:00,vendredi,regular,['vendredi'],Vendredi | Billet Standard,DICE,55.392885,58.71,1,1
2026-05-06,2026-05-06 19:55:00,vendredi,regular,['vendredi'],Vendredi | Billet Standard,DICE,55.392885,58.71,1,1
2026-05-06,2026-05-06 19:57:00,single_day,regular,,Weekend | Billet Standard,DICE,89.40606000000001,94.76,1,1
2026-05-06,2026-05-06 19:58:00,samedi,early_entry,['samedi'],Samedi | Entrée Avant 21H,DICE,45.674834999999995,48.41,1,1
2026-05-06,2026-05-06 19:58:00,samedi,early_entry,['samedi'],Samedi | Entrée Avant 21H,DICE,45.674834999999995,48.41,1,1
2026-05-06,2026-05-06 19:58:00,samedi,early_entry,['samedi'],Samedi | Entrée Avant 21H,DICE,45.674834999999995,48.41,1,1
2026-05-06,2026-05-06 19:58:00,samedi,early_entry,['samedi'],Samedi | Entrée Avant 21H,DICE,45.674834999999995,48.41,1,1
2026-05-06,2026-05-06 19:59:00,samedi,vip,['samedi'],Samedi | Entrée VIP | Billet Standard,DICE,128.27826000000002,135.96,1,1
2026-05-06,2026-05-06 19:59:00,samedi,vip,['samedi'],Samedi | Entrée VIP | Billet Standard,DICE,128.27826000000002,135.96,1,1
2026-05-06,2026-05-06 19:59:00,vendredi,regular,['vendredi'],Vendredi | Billet Standard,DICE,55.392885,58.71,1,1
2026-05-06,2026-05-06 19:59:00,vendredi,regular,['vendredi'],Vendredi | Billet Standard,DICE,55.392885,58.71,1,1
2026-05-06,2026-05-06 19:59:00,vendredi,regular,['vendredi'],Vendredi | Billet Standard,DICE,55.392885,58.71,1,1
2026-05-06,2026-05-06 19:59:00,vendredi,regular,['vendredi'],Vendredi | Billet Standard,DICE,55.392885,58.71,1,1
2026-05-06,2026-05-06 19:59:00,vendredi,regular,['vendredi'],Vendredi | Billet Standard,DICE,55.392885,58.71,1,1
2026-05-06,2026-05-06 19:59:00,vendredi,regular,['vendredi'],Vendredi | Billet Standard,DICE,55.392885,58.71,1,1
2026-05-06,2026-05-06 20:00:00,samedi,regular,['samedi'],Samedi | Billet Standard,DICE,55.392885,58.71,1,1
2026-05-06,2026-05-06 20:00:00,samedi,early_entry,['samedi'],Samedi | Entrée Avant 21H,DICE,45.674834999999995,48.41,1,1
2026-05-06,2026-05-06 20:00:00,samedi,early_entry,['samedi'],Samedi | Entrée Avant 21H,DICE,45.674834999999995,48.41,1,1
2026-05-06,2026-05-06 20:00:00,samedi,early_entry,['samedi'],Samedi | Entrée Avant 21H,DICE,45.674834999999995,48.41,1,1
2026-05-06,2026-05-06 20:02:00,vendredi,early_entry,['vendredi'],Vendredi | Entrée Avant 21H,DICE,45.674834999999995,48.41,1,1
2026-05-06,2026-05-06 20:02:00,samedi,early_entry,['samedi'],Samedi | Entrée Avant 21H,DICE,45.674834999999995,48.41,1,1
2026-05-06,2026-05-06 20:03:00,single_day,regular,,Weekend | Billet Standard,DICE,89.40606000000001,94.76,1,1
2026-05-06,2026-05-06 20:03:00,single_day,regular,,Weekend | Billet Standard,DICE,89.40606000000001,94.76,1,1
2026-05-06,2026-05-06 20:03:00,samedi,regular,['samedi'],Samedi | Billet Standard,DICE,55.392885,58.71,1,1
2026-05-06,2026-05-06 20:03:00,samedi,regular,['samedi'],Samedi | Billet Standard,DICE,55.392885,58.71,1,1
2026-05-06,2026-05-06 20:04:00,vendredi,early_entry,['vendredi'],Vendredi | Entrée Avant 21H,DICE,45.674834999999995,48.41,1,1
2026-05-06,2026-05-06 20:04:00,vendredi,early_entry,['vendredi'],Vendredi | Entrée Avant 21H,DICE,45.674834999999995,48.41,1,1
2026-05-06,2026-05-06 20:04:00,samedi,regular,['samedi'],Samedi | Billet Standard,DICE,55.392885,58.71,1,1
2026-05-06,2026-05-06 20:04:00,vendredi,regular,['vendredi'],Vendredi | Billet Standard,DICE,55.392885,58.71,1,1
2026-05-06,2026-05-06 20:04:00,vendredi,regular,['vendredi'],Vendredi | Billet Standard,DICE,55.392885,58.71,1,1
2026-05-06,2026-05-06 20:05:00,vendredi,early_entry,['vendredi'],Vendredi | Entrée Avant 21H,DICE,45.674834999999995,48.41,1,1
2026-05-06,2026-05-06 20:05:00,single_day,regular,,Weekend | Billet Standard,DICE,89.40606000000001,94.76,1,1
2026-05-06,2026-05-06 20:06:00,single_day,regular,,Weekend | Billet Standard,DICE,89.40606000000001,94.76,1,1
2026-05-06,2026-05-06 20:07:00,single_day,regular,,Weekend | Billet Standard,DICE,89.40606000000001,94.76,1,1
2026-05-06,2026-05-06 20:07:00,single_day,regular,,Weekend | Billet Standard,DICE,89.40606000000001,94.76,1,1
2026-05-06,2026-05-06 20:07:00,samedi,regular,['samedi'],Samedi | Billet Standard,DICE,55.392885,58.71,1,1
2026-05-06,2026-05-06 20:07:00,samedi,regular,['samedi'],Samedi | Billet Standard,DICE,55.392885,58.71,1,1
2026-05-06,2026-05-06 20:07:00,samedi,early_entry,['samedi'],Samedi | Entrée Avant 21H,DICE,45.674834999999995,48.41,1,1
2026-05-06,2026-05-06 20:07:00,samedi,early_entry,['samedi'],Samedi | Entrée Avant 21H,DICE,45.674834999999995,48.41,1,1
2026-05-06,2026-05-06 20:07:00,vendredi,regular,['vendredi'],Vendredi | Billet Standard,DICE,55.392885,58.71,1,1
2026-05-06,2026-05-06 20:07:00,vendredi,regular,['vendredi'],Vendredi | Billet Standard,DICE,55.392885,58.71,1,1
2026-05-06,2026-05-06 20:07:00,vendredi,regular,['vendredi'],Vendredi | Billet Standard,DICE,55.392885,58.71,1,1
2026-05-06,2026-05-06 20:07:00,vendredi,regular,['vendredi'],Vendredi | Billet Standard,DICE,55.392885,58.71,1,1
2026-05-06,2026-05-06 20:08:00,samedi,regular,['samedi'],Samedi | Billet Standard,DICE,55.392885,58.71,1,1
2026-05-06,2026-05-06 20:08:00,samedi,regular,['samedi'],Samedi | Billet Standard,DICE,55.392885,58.71,1,1
2026-05-06,2026-05-06 20:08:00,samedi,early_entry,['samedi'],Samedi | Entrée Avant 21H,DICE,45.674834999999995,48.41,1,1
2026-05-06,2026-05-06 20:08:00,vendredi,regular,['vendredi'],Vendredi | Billet Standard,DICE,55.392885,58.71,1,1
2026-05-06,2026-05-06 20:10:00,samedi,early_entry,['samedi'],Samedi | Entrée Avant 21H,DICE,45.674834999999995,48.41,1,1
2026-05-06,2026-05-06 20:10:00,samedi,early_entry,['samedi'],Samedi | Entrée Avant 21H,DICE,45.674834999999995,48.41,1,1
2026-05-06,2026-05-06 20:10:00,vendredi,regular,['vendredi'],Vendredi | Billet Standard,DICE,55.392885,58.71,1,1
2026-05-06,2026-05-06 20:10:00,vendredi,regular,['vendredi'],Vendredi | Billet Standard,DICE,55.392885,58.71,1,1
2026-05-06,2026-05-06 20:10:00,vendredi,regular,['vendredi'],Vendredi | Billet Standard,DICE,55.392885,58.71,1,1
2026-05-06,2026-05-06 20:12:00,samedi,early_entry,['samedi'],Samedi | Entrée Avant 21H,DICE,45.674834999999995,48.41,1,1
2026-05-06,2026-05-06 20:13:00,samedi,regular,['samedi'],Samedi | Billet Standard,DICE,55.392885,58.71,1,1
2026-05-06,2026-05-06 20:13:00,samedi,early_entry,['samedi'],Samedi | Entrée Avant 21H,DICE,45.674834999999995,48.41,1,1
2026-05-06,2026-05-06 20:13:00,samedi,early_entry,['samedi'],Samedi | Entrée Avant 21H,DICE,45.674834999999995,48.41,1,1
2026-05-06,2026-05-06 20:13:00,vendredi,regular,['vendredi'],Vendredi | Billet Standard,DICE,55.392885,58.71,1,1
2026-05-06,2026-05-06 20:14:00,single_day,regular,,Weekend | Billet Standard,DICE,89.40606000000001,94.76,1,1
2026-05-06,2026-05-06 20:14:00,vendredi,regular,['vendredi'],Vendredi | Billet Standard,DICE,55.392885,58.71,1,1
2026-05-06,2026-05-06 20:14:00,vendredi,regular,['vendredi'],Vendredi | Billet Standard,DICE,55.392885,58.71,1,1
2026-05-06,2026-05-06 20:15:00,single_day,regular,,Weekend | Billet Standard,DICE,89.40606000000001,94.76,1,1
2026-05-06,2026-05-06 20:16:00,single_day,regular,,Weekend | Billet Standard,DICE,89.40606000000001,94.76,1,1
2026-05-06,2026-05-06 20:16:00,single_day,regular,,Weekend | Billet Standard,DICE,89.40606000000001,94.76,1,1
2026-05-06,2026-05-06 20:16:00,single_day,regular,,Weekend | Billet Standard,DICE,89.40606000000001,94.76,1,1
2026-05-06,2026-05-06 20:17:00,samedi,regular,['samedi'],Samedi | Billet Standard,DICE,55.392885,58.71,1,1
2026-05-06,2026-05-06 20:17:00,vendredi,regular,['vendredi'],Vendredi | Billet Standard,DICE,55.392885,58.71,1,1
2026-05-06,2026-05-06 20:17:00,vendredi,regular,['vendredi'],Vendredi | Billet Standard,DICE,55.392885,58.71,1,1
2026-05-06,2026-05-06 20:17:00,vendredi,regular,['vendredi'],Vendredi | Billet Standard,DICE,55.392885,58.71,1,1
2026-05-06,2026-05-06 20:18:00,single_day,regular,,Weekend | Billet Standard,DICE,89.40606000000001,94.76,1,1
2026-05-06,2026-05-06 20:18:00,single_day,regular,,Weekend | Billet Standard,DICE,89.40606000000001,94.76,1,1
2026-05-06,2026-05-06 20:18:00,single_day,regular,,Weekend | Billet Standard,DICE,89.40606000000001,94.76,1,1
2026-05-06,2026-05-06 20:20:00,vendredi,early_entry,['vendredi'],Vendredi | Entrée Avant 21H,DICE,45.674834999999995,48.41,1,1
2026-05-06,2026-05-06 20:20:00,vendredi,early_entry,['vendredi'],Vendredi | Entrée Avant 21H,DICE,45.674834999999995,48.41,1,1
2026-05-06,2026-05-06 20:20:00,vendredi,early_entry,['vendredi'],Vendredi | Entrée Avant 21H,DICE,45.674834999999995,48.41,1,1
2026-05-06,2026-05-06 20:20:00,vendredi,regular,['vendredi'],Vendredi | Billet Standard,DICE,55.392885,58.71,1,1
2026-05-06,2026-05-06 20:21:00,vendredi,early_entry,['vendredi'],Vendredi | Entrée Avant 21H,DICE,45.674834999999995,48.41,1,1
2026-05-06,2026-05-06 20:21:00,single_day,regular,,Weekend | Billet Standard,DICE,89.40606000000001,94.76,1,1
2026-05-06,2026-05-06 20:21:00,samedi,regular,['samedi'],Samedi | Billet Standard,DICE,55.392885,58.71,1,1
2026-05-06,2026-05-06 20:22:00,vendredi,regular,['vendredi'],Vendredi | Billet Standard,DICE,55.392885,58.71,1,1
2026-05-06,2026-05-06 20:23:00,vendredi,early_entry,['vendredi'],Vendredi | Entrée Avant 21H,DICE,45.674834999999995,48.41,1,1
2026-05-06,2026-05-06 20:23:00,vendredi,early_entry,['vendredi'],Vendredi | Entrée Avant 21H,DICE,45.674834999999995,48.41,1,1
2026-05-06,2026-05-06 20:25:00,vendredi,early_entry,['vendredi'],Vendredi | Entrée Avant 21H,DICE,45.674834999999995,48.41,1,1
2026-05-06,2026-05-06 20:25:00,vendredi,early_entry,['vendredi'],Vendredi | Entrée Avant 21H,DICE,45.674834999999995,48.41,1,1
2026-05-06,2026-05-06 20:25:00,samedi,regular,['samedi'],Samedi | Billet Standard,DICE,55.392885,58.71,1,1
2026-05-06,2026-05-06 20:25:00,samedi,regular,['samedi'],Samedi | Billet Standard,DICE,55.392885,58.71,1,1
2026-05-06,2026-05-06 20:25:00,samedi,regular,['samedi'],Samedi | Billet Standard,DICE,55.392885,58.71,1,1
2026-05-06,2026-05-06 20:25:00,samedi,regular,['samedi'],Samedi | Billet Standard,DICE,55.392885,58.71,1,1
2026-05-06,2026-05-06 20:27:00,samedi,regular,['samedi'],Samedi | Billet Standard,DICE,55.392885,58.71,1,1
2026-05-06,2026-05-06 20:27:00,samedi,regular,['samedi'],Samedi | Billet Standard,DICE,55.392885,58.71,1,1
2026-05-06,2026-05-06 20:28:00,samedi,regular,['samedi'],Samedi | Billet Standard,DICE,55.392885,58.71,1,1
2026-05-06,2026-05-06 20:28:00,samedi,regular,['samedi'],Samedi | Billet Standard,DICE,55.392885,58.71,1,1
2026-05-06,2026-05-06 20:29:00,vendredi,early_entry,['vendredi'],Vendredi | Entrée Avant 21H,DICE,45.674834999999995,48.41,1,1
2026-05-06,2026-05-06 20:30:00,vendredi,regular,['vendredi'],Vendredi | Billet Standard,DICE,55.392885,58.71,1,1
2026-05-06,2026-05-06 20:32:00,samedi,regular,['samedi'],Samedi | Billet Standard,DICE,55.392885,58.71,1,1
2026-05-06,2026-05-06 20:32:00,samedi,regular,['samedi'],Samedi | Billet Standard,DICE,55.392885,58.71,1,1
2026-05-06,2026-05-06 20:33:16,samedi,regular,['samedi'],Pass Samedi,Shotgun,53.64,60.62,1,1
2026-05-06,2026-05-06 20:34:00,samedi,vip,['samedi'],Samedi | Entrée VIP | Billet Standard,DICE,128.27826000000002,135.96,1,1
2026-05-06,2026-05-06 20:34:00,samedi,vip,['samedi'],Samedi | Entrée VIP | Billet Standard,DICE,128.27826000000002,135.96,1,1
2026-05-06,2026-05-06 20:34:00,samedi,vip,['samedi'],Samedi | Entrée VIP | Billet Standard,DICE,128.27826000000002,135.96,1,1
2026-05-06,2026-05-06 20:34:00,samedi,vip,['samedi'],Samedi | Entrée VIP | Billet Standard,DICE,128.27826000000002,135.96,1,1
2026-05-06,2026-05-06 20:34:00,samedi,vip,['samedi'],Samedi | Entrée VIP | Billet Standard,DICE,128.27826000000002,135.96,1,1
2026-05-06,2026-05-06 20:34:14,vendredi,regular,['vendredi'],Pass Vendredi,Shotgun,53.64,60.62,1,1
2026-05-06,2026-05-06 20:34:14,vendredi,regular,['vendredi'],Pass Vendredi,Shotgun,53.64,60.62,1,1
2026-05-06,2026-05-06 20:35:00,single_day,regular,,Weekend | Billet Standard,DICE,89.40606000000001,94.76,1,1
2026-05-06,2026-05-06 20:36:00,single_day,regular,,Weekend | Billet Standard,DICE,89.40606000000001,94.76,1,1
2026-05-06,2026-05-06 20:36:00,single_day,regular,,Weekend | Billet Standard,DICE,89.40606000000001,94.76,1,1
2026-05-06,2026-05-06 20:36:38,samedi,early_entry,['samedi'],Pass Samedi,Shotgun,45.0,50.86,1,1
2026-05-06,2026-05-06 20:36:38,samedi,early_entry,['samedi'],Pass Samedi,Shotgun,45.0,50.86,1,1
2026-05-06,2026-05-06 20:36:38,samedi,early_entry,['samedi'],Pass Samedi,Shotgun,45.0,50.86,1,1
2026-05-06,2026-05-06 20:37:00,vendredi,early_entry,['vendredi'],Vendredi | Entrée Avant 21H,DICE,45.674834999999995,48.41,1,1
2026-05-06,2026-05-06 20:37:00,samedi,regular,['samedi'],Samedi | Billet Standard,DICE,55.392885,58.71,1,1
2026-05-06,2026-05-06 20:37:00,samedi,regular,['samedi'],Samedi | Billet Standard,DICE,55.392885,58.71,1,1
2026-05-06,2026-05-06 20:37:00,samedi,regular,['samedi'],Samedi | Billet Standard,DICE,55.392885,58.71,1,1
2026-05-06,2026-05-06 20:37:00,samedi,regular,['samedi'],Samedi | Billet Standard,DICE,55.392885,58.71,1,1
2026-05-06,2026-05-06 20:37:00,samedi,early_entry,['samedi'],Samedi | Entrée Avant 21H,DICE,45.674834999999995,48.41,1,1
2026-05-06,2026-05-06 20:37:00,samedi,early_entry,['samedi'],Samedi | Entrée Avant 21H,DICE,45.674834999999995,48.41,1,1
2026-05-06,2026-05-06 20:37:00,samedi,early_entry,['samedi'],Samedi | Entrée Avant 21H,DICE,45.674834999999995,48.41,1,1
2026-05-06,2026-05-06 20:37:00,samedi,early_entry,['samedi'],Samedi | Entrée Avant 21H,DICE,45.674834999999995,48.41,1,1
2026-05-06,2026-05-06 20:39:00,samedi,regular,['samedi'],Samedi | Billet Standard,DICE,55.392885,58.71,1,1
2026-05-06,2026-05-06 20:39:00,samedi,regular,['samedi'],Samedi | Billet Standard,DICE,55.392885,58.71,1,1
2026-05-06,2026-05-06 20:40:00,samedi,regular,['samedi'],Samedi | Billet Standard,DICE,55.392885,58.71,1,1
2026-05-06,2026-05-06 20:40:00,samedi,regular,['samedi'],Samedi | Billet Standard,DICE,55.392885,58.71,1,1
2026-05-06,2026-05-06 20:42:00,vendredi,early_entry,['vendredi'],Vendredi | Entrée Avant 21H,DICE,45.674834999999995,48.41,1,1
2026-05-06,2026-05-06 20:42:00,vendredi,early_entry,['vendredi'],Vendredi | Entrée Avant 21H,DICE,45.674834999999995,48.41,1,1
2026-05-06,2026-05-06 20:42:00,vendredi,vip,['vendredi'],Vendredi | Entrée VIP | Billet Standard,DICE,128.27826000000002,135.96,1,1
2026-05-06,2026-05-06 20:42:00,vendredi,vip,['vendredi'],Vendredi | Entrée VIP | Billet Standard,DICE,128.27826000000002,135.96,1,1
2026-05-06,2026-05-06 20:44:00,single_day,regular,,Weekend | Billet Standard,DICE,89.40606000000001,94.76,1,1
2026-05-06,2026-05-06 20:44:20,vendredi,regular,['vendredi'],Pass Vendredi,Shotgun,53.64,60.62,1,1
2026-05-06,2026-05-06 20:44:20,vendredi,regular,['vendredi'],Pass Vendredi,Shotgun,53.64,60.62,1,1
2026-05-06,2026-05-06 20:46:00,vendredi,early_entry,['vendredi'],Vendredi | Entrée Avant 21H,DICE,45.674834999999995,48.41,1,1
2026-05-06,2026-05-06 20:46:00,vendredi,early_entry,['vendredi'],Vendredi | Entrée Avant 21H,DICE,45.674834999999995,48.41,1,1
2026-05-06,2026-05-06 20:46:00,samedi,early_entry,['samedi'],Samedi | Entrée Avant 21H,DICE,45.674834999999995,48.41,1,1
2026-05-06,2026-05-06 20:46:00,samedi,early_entry,['samedi'],Samedi | Entrée Avant 21H,DICE,45.674834999999995,48.41,1,1
2026-05-06,2026-05-06 20:48:00,single_day,regular,,Weekend | Billet Standard,DICE,89.40606000000001,94.76,1,1
2026-05-06,2026-05-06 20:48:00,single_day,regular,,Weekend | Billet Standard,DICE,89.40606000000001,94.76,1,1
2026-05-06,2026-05-06 20:48:00,single_day,regular,,Weekend | Billet Standard,DICE,89.40606000000001,94.76,1,1
2026-05-06,2026-05-06 20:48:00,vendredi,regular,['vendredi'],Vendredi | Billet Standard,DICE,55.392885,58.71,1,1
2026-05-06,2026-05-06 20:48:00,vendredi,regular,['vendredi'],Vendredi | Billet Standard,DICE,55.392885,58.71,1,1
2026-05-06,2026-05-06 20:49:00,single_day,regular,,Weekend | Billet Standard,DICE,89.40606000000001,94.76,1,1
2026-05-06,2026-05-06 20:51:00,samedi,early_entry,['samedi'],Samedi | Entrée Avant 21H,DICE,45.674834999999995,48.41,1,1
2026-05-06,2026-05-06 20:51:00,samedi,early_entry,['samedi'],Samedi | Entrée Avant 21H,DICE,45.674834999999995,48.41,1,1
2026-05-06,2026-05-06 20:53:00,single_day,regular,,Weekend | Billet Standard,DICE,89.40606000000001,94.76,1,1
2026-05-06,2026-05-06 20:53:00,single_day,regular,,Weekend | Billet Standard,DICE,89.40606000000001,94.76,1,1
2026-05-06,2026-05-06 20:53:00,single_day,regular,,Weekend | Billet Standard,DICE,89.40606000000001,94.76,1,1
2026-05-06,2026-05-06 20:53:00,single_day,regular,,Weekend | Billet Standard,DICE,89.40606000000001,94.76,1,1
2026-05-06,2026-05-06 20:55:00,samedi,regular,['samedi'],Samedi | Billet Standard,DICE,55.392885,58.71,1,1
2026-05-06,2026-05-06 20:56:00,vendredi,regular,['vendredi'],Vendredi | Billet Standard,DICE,55.392885,58.71,1,1
2026-05-06,2026-05-06 20:56:00,vendredi,regular,['vendredi'],Vendredi | Billet Standard,DICE,55.392885,58.71,1,1
2026-05-06,2026-05-06 20:57:00,single_day,regular,,Weekend | Billet Standard,DICE,89.40606000000001,94.76,1,1
2026-05-06,2026-05-06 21:00:00,single_day,vip,,Weekend | Entrée VIP,DICE,250.72569000000001,265.74,1,1
2026-05-06,2026-05-06 21:03:00,vendredi,early_entry,['vendredi'],Vendredi | Entrée Avant 21H,DICE,45.674834999999995,48.41,1,1
2026-05-06,2026-05-06 21:03:00,vendredi,early_entry,['vendredi'],Vendredi | Entrée Avant 21H,DICE,45.674834999999995,48.41,1,1
2026-05-06,2026-05-06 21:03:00,single_day,regular,,Weekend | Billet Standard,DICE,89.40606000000001,94.76,1,1
2026-05-06,2026-05-06 21:03:00,single_day,regular,,Weekend | Billet Standard,DICE,89.40606000000001,94.76,1,1
2026-05-06,2026-05-06 21:04:00,single_day,regular,,Weekend | Billet Standard,DICE,89.40606000000001,94.76,1,1
2026-05-06,2026-05-06 21:07:00,single_day,regular,,Weekend | Billet Standard,DICE,89.40606000000001,94.76,1,1
2026-05-06,2026-05-06 21:07:00,samedi,regular,['samedi'],Samedi | Billet Standard,DICE,55.392885,58.71,1,1
2026-05-06,2026-05-06 21:07:00,samedi,regular,['samedi'],Samedi | Billet Standard,DICE,55.392885,58.71,1,1
2026-05-06,2026-05-06 21:07:00,vendredi,regular,['vendredi'],Vendredi | Billet Standard,DICE,55.392885,58.71,1,1
2026-05-06,2026-05-06 21:07:00,vendredi,regular,['vendredi'],Vendredi | Billet Standard,DICE,55.392885,58.71,1,1
2026-05-06,2026-05-06 21:08:00,vendredi,early_entry,['vendredi'],Vendredi | Entrée Avant 21H,DICE,45.674834999999995,48.41,1,1
2026-05-06,2026-05-06 21:08:00,vendredi,early_entry,['vendredi'],Vendredi | Entrée Avant 21H,DICE,45.674834999999995,48.41,1,1
2026-05-06,2026-05-06 21:08:00,vendredi,early_entry,['vendredi'],Vendredi | Entrée Avant 21H,DICE,45.674834999999995,48.41,1,1
2026-05-06,2026-05-06 21:08:00,vendredi,early_entry,['vendredi'],Vendredi | Entrée Avant 21H,DICE,45.674834999999995,48.41,1,1
2026-05-06,2026-05-06 21:08:00,vendredi,regular,['vendredi'],Vendredi | Billet Standard,DICE,55.392885,58.71,1,1
2026-05-06,2026-05-06 21:08:00,vendredi,regular,['vendredi'],Vendredi | Billet Standard,DICE,55.392885,58.71,1,1
2026-05-06,2026-05-06 21:09:00,samedi,regular,['samedi'],Samedi | Billet Standard,DICE,55.392885,58.71,1,1
2026-05-06,2026-05-06 21:09:00,samedi,regular,['samedi'],Samedi | Billet Standard,DICE,55.392885,58.71,1,1
2026-05-06,2026-05-06 21:10:00,single_day,regular,,Weekend | Billet Standard,DICE,89.40606000000001,94.76,1,1
2026-05-06,2026-05-06 21:10:00,single_day,regular,,Weekend | Billet Standard,DICE,89.40606000000001,94.76,1,1
2026-05-06,2026-05-06 21:10:00,vendredi,regular,['vendredi'],Vendredi | Billet Standard,DICE,55.392885,58.71,1,1
2026-05-06,2026-05-06 21:12:00,vendredi,early_entry,['vendredi'],Vendredi | Entrée Avant 21H,DICE,45.674834999999995,48.41,1,1
2026-05-06,2026-05-06 21:12:00,vendredi,early_entry,['vendredi'],Vendredi | Entrée Avant 21H,DICE,45.674834999999995,48.41,1,1
2026-05-06,2026-05-06 21:12:00,single_day,regular,,Weekend | Billet Standard,DICE,89.40606000000001,94.76,1,1
2026-05-06,2026-05-06 21:12:00,samedi,regular,['samedi'],Samedi | Billet Standard,DICE,55.392885,58.71,1,1
2026-05-06,2026-05-06 21:12:00,samedi,regular,['samedi'],Samedi | Billet Standard,DICE,55.392885,58.71,1,1
2026-05-06,2026-05-06 21:12:00,samedi,regular,['samedi'],Samedi | Billet Standard,DICE,55.392885,58.71,1,1
2026-05-06,2026-05-06 21:12:00,samedi,regular,['samedi'],Samedi | Billet Standard,DICE,55.392885,58.71,1,1
2026-05-06,2026-05-06 21:13:00,vendredi,early_entry,['vendredi'],Vendredi | Entrée Avant 21H,DICE,45.674834999999995,48.41,1,1
2026-05-06,2026-05-06 21:14:00,samedi,regular,['samedi'],Samedi | Billet Standard,DICE,55.392885,58.71,1,1
2026-05-06,2026-05-06 21:14:00,samedi,early_entry,['samedi'],Samedi | Entrée Avant 21H,DICE,45.674834999999995,48.41,1,1
2026-05-06,2026-05-06 21:14:00,samedi,early_entry,['samedi'],Samedi | Entrée Avant 21H,DICE,45.674834999999995,48.41,1,1
2026-05-06,2026-05-06 21:16:00,samedi,regular,['samedi'],Samedi | Billet Standard,DICE,55.392885,58.71,1,1
2026-05-06,2026-05-06 21:16:00,samedi,regular,['samedi'],Samedi | Billet Standard,DICE,55.392885,58.71,1,1
2026-05-06,2026-05-06 21:16:00,samedi,regular,['samedi'],Samedi | Billet Standard,DICE,55.392885,58.71,1,1
2026-05-06,2026-05-06 21:16:00,samedi,regular,['samedi'],Samedi | Billet Standard,DICE,55.392885,58.71,1,1
2026-05-06,2026-05-06 21:17:00,samedi,vip,['samedi'],Samedi | Entrée VIP | Billet Standard,DICE,128.27826000000002,135.96,1,1
2026-05-06,2026-05-06 21:18:00,samedi,early_entry,['samedi'],Samedi | Entrée Avant 21H,DICE,45.674834999999995,48.41,1,1
2026-05-06,2026-05-06 21:18:00,samedi,early_entry,['samedi'],Samedi | Entrée Avant 21H,DICE,45.674834999999995,48.41,1,1
2026-05-06,2026-05-06 21:19:00,samedi,vip,['samedi'],Samedi | Entrée VIP | Billet Standard,DICE,128.27826000000002,135.96,1,1
2026-05-06,2026-05-06 21:19:00,samedi,vip,['samedi'],Samedi | Entrée VIP | Billet Standard,DICE,128.27826000000002,135.96,1,1
2026-05-06,2026-05-06 21:19:00,single_day,regular,,Weekend | Billet Standard,DICE,89.40606000000001,94.76,1,1
2026-05-06,2026-05-06 21:20:00,vendredi,early_entry,['vendredi'],Vendredi | Entrée Avant 21H,DICE,45.674834999999995,48.41,1,1
2026-05-06,2026-05-06 21:20:00,vendredi,early_entry,['vendredi'],Vendredi | Entrée Avant 21H,DICE,45.674834999999995,48.41,1,1
2026-05-06,2026-05-06 21:20:00,samedi,regular,['samedi'],Samedi | Billet Standard,DICE,55.392885,58.71,1,1
2026-05-06,2026-05-06 21:20:00,samedi,regular,['samedi'],Samedi | Billet Standard,DICE,55.392885,58.71,1,1
2026-05-06,2026-05-06 21:22:00,single_day,regular,,Weekend | Billet Standard,DICE,89.40606000000001,94.76,1,1
2026-05-06,2026-05-06 21:22:00,samedi,regular,['samedi'],Samedi | Billet Standard,DICE,55.392885,58.71,1,1
2026-05-06,2026-05-06 21:22:00,samedi,early_entry,['samedi'],Samedi | Entrée Avant 21H,DICE,45.674834999999995,48.41,1,1
2026-05-06,2026-05-06 21:22:00,samedi,early_entry,['samedi'],Samedi | Entrée Avant 21H,DICE,45.674834999999995,48.41,1,1
2026-05-06,2026-05-06 21:22:00,samedi,early_entry,['samedi'],Samedi | Entrée Avant 21H,DICE,45.674834999999995,48.41,1,1
2026-05-06,2026-05-06 21:22:00,samedi,early_entry,['samedi'],Samedi | Entrée Avant 21H,DICE,45.674834999999995,48.41,1,1
2026-05-06,2026-05-06 21:22:00,samedi,early_entry,['samedi'],Samedi | Entrée Avant 21H,DICE,45.674834999999995,48.41,1,1
2026-05-06,2026-05-06 21:23:00,samedi,early_entry,['samedi'],Samedi | Entrée Avant 21H,DICE,45.674834999999995,48.41,1,1
2026-05-06,2026-05-06 21:23:00,samedi,early_entry,['samedi'],Samedi | Entrée Avant 21H,DICE,45.674834999999995,48.41,1,1
2026-05-06,2026-05-06 21:24:00,vendredi,early_entry,['vendredi'],Vendredi | Entrée Avant 21H,DICE,45.674834999999995,48.41,1,1
2026-05-06,2026-05-06 21:24:00,samedi,early_entry,['samedi'],Samedi | Entrée Avant 21H,DICE,45.674834999999995,48.41,1,1
2026-05-06,2026-05-06 21:24:00,samedi,early_entry,['samedi'],Samedi | Entrée Avant 21H,DICE,45.674834999999995,48.41,1,1
2026-05-06,2026-05-06 21:25:00,vendredi,early_entry,['vendredi'],Vendredi | Entrée Avant 21H,DICE,45.674834999999995,48.41,1,1
2026-05-06,2026-05-06 21:25:00,vendredi,early_entry,['vendredi'],Vendredi | Entrée Avant 21H,DICE,45.674834999999995,48.41,1,1
2026-05-06,2026-05-06 21:27:00,single_day,regular,,Weekend | Billet Standard,DICE,89.40606000000001,94.76,1,1
2026-05-06,2026-05-06 21:27:00,samedi,regular,['samedi'],Samedi | Billet Standard,DICE,55.392885,58.71,1,1
2026-05-06,2026-05-06 21:27:00,samedi,regular,['samedi'],Samedi | Billet Standard,DICE,55.392885,58.71,1,1
2026-05-06,2026-05-06 21:27:00,samedi,regular,['samedi'],Samedi | Billet Standard,DICE,55.392885,58.71,1,1
2026-05-06,2026-05-06 21:27:00,samedi,regular,['samedi'],Samedi | Billet Standard,DICE,55.392885,58.71,1,1
2026-05-06,2026-05-06 21:30:00,samedi,regular,['samedi'],Samedi | Billet Standard,DICE,55.392885,58.71,1,1
2026-05-06,2026-05-06 21:30:00,samedi,regular,['samedi'],Samedi | Billet Standard,DICE,55.392885,58.71,1,1
2026-05-06,2026-05-06 21:33:00,vendredi,early_entry,['vendredi'],Vendredi | Entrée Avant 21H,DICE,45.674834999999995,48.41,1,1
2026-05-06,2026-05-06 21:34:00,vendredi,regular,['vendredi'],Vendredi | Billet Standard,DICE,55.392885,58.71,1,1
2026-05-06,2026-05-06 21:36:00,vendredi,early_entry,['vendredi'],Vendredi | Entrée Avant 21H,DICE,45.674834999999995,48.41,1,1
2026-05-06,2026-05-06 21:36:00,vendredi,early_entry,['vendredi'],Vendredi | Entrée Avant 21H,DICE,45.674834999999995,48.41,1,1
2026-05-06,2026-05-06 21:36:00,vendredi,early_entry,['vendredi'],Vendredi | Entrée Avant 21H,DICE,45.674834999999995,48.41,1,1
2026-05-06,2026-05-06 21:36:00,vendredi,early_entry,['vendredi'],Vendredi | Entrée Avant 21H,DICE,45.674834999999995,48.41,1,1
2026-05-06,2026-05-06 21:36:00,single_day,regular,,Weekend | Billet Standard,DICE,89.40606000000001,94.76,1,1
2026-05-06,2026-05-06 21:37:00,samedi,early_entry,['samedi'],Samedi | Entrée Avant 21H,DICE,45.674834999999995,48.41,1,1
2026-05-06,2026-05-06 21:37:00,samedi,early_entry,['samedi'],Samedi | Entrée Avant 21H,DICE,45.674834999999995,48.41,1,1
2026-05-06,2026-05-06 21:38:00,vendredi,early_entry,['vendredi'],Vendredi | Entrée Avant 21H,DICE,45.674834999999995,48.41,1,1
2026-05-06,2026-05-06 21:39:00,single_day,regular,,Weekend | Billet Standard,DICE,89.40606000000001,94.76,1,1
2026-05-06,2026-05-06 21:39:00,single_day,regular,,Weekend | Billet Standard,DICE,89.40606000000001,94.76,1,1
2026-05-06,2026-05-06 21:41:00,samedi,early_entry,['samedi'],Samedi | Entrée Avant 21H,DICE,45.674834999999995,48.41,1,1
2026-05-06,2026-05-06 21:41:00,samedi,early_entry,['samedi'],Samedi | Entrée Avant 21H,DICE,45.674834999999995,48.41,1,1
2026-05-06,2026-05-06 21:41:00,samedi,early_entry,['samedi'],Samedi | Entrée Avant 21H,DICE,45.674834999999995,48.41,1,1
2026-05-06,2026-05-06 21:41:00,samedi,early_entry,['samedi'],Samedi | Entrée Avant 21H,DICE,45.674834999999995,48.41,1,1
2026-05-06,2026-05-06 21:42:00,samedi,early_entry,['samedi'],Samedi | Entrée Avant 21H,DICE,45.674834999999995,48.41,1,1
2026-05-06,2026-05-06 21:46:00,samedi,regular,['samedi'],Samedi | Billet Standard,DICE,55.392885,58.71,1,1
2026-05-06,2026-05-06 21:46:00,samedi,regular,['samedi'],Samedi | Billet Standard,DICE,55.392885,58.71,1,1
2026-05-06,2026-05-06 21:46:00,samedi,regular,['samedi'],Samedi | Billet Standard,DICE,55.392885,58.71,1,1
2026-05-06,2026-05-06 21:46:00,samedi,regular,['samedi'],Samedi | Billet Standard,DICE,55.392885,58.71,1,1
2026-05-06,2026-05-06 21:48:00,vendredi,vip,['vendredi'],Vendredi | Entrée VIP | Billet Standard,DICE,128.27826000000002,135.96,1,1
2026-05-06,2026-05-06 21:48:00,vendredi,regular,['vendredi'],Vendredi | Billet Standard,DICE,55.392885,58.71,1,1
2026-05-06,2026-05-06 21:49:00,samedi,regular,['samedi'],Samedi | Billet Standard,DICE,55.392885,58.71,1,1
2026-05-06,2026-05-06 21:51:00,single_day,regular,,Weekend | Billet Standard,DICE,89.40606000000001,94.76,1,1
2026-05-06,2026-05-06 21:51:00,vendredi,regular,['vendredi'],Vendredi | Billet Standard,DICE,55.392885,58.71,1,1
2026-05-06,2026-05-06 21:52:00,samedi,regular,['samedi'],Samedi | Billet Standard,DICE,55.392885,58.71,1,1
2026-05-06,2026-05-06 21:53:22,2-jours,regular,,Pass 2 Jours,Shotgun,86.36,97.61,1,1
2026-05-06,2026-05-06 21:53:26,2-jours,regular,,Pass 2 Jours,Shotgun,86.36,97.61,1,1
2026-05-06,2026-05-06 21:53:51,2-jours,regular,,Pass 2 Jours,Shotgun,86.36,97.61,1,1
2026-05-06,2026-05-06 22:00:00,vendredi,vip,['vendredi'],Vendredi | Entrée VIP | Billet Standard,DICE,128.27826000000002,135.96,1,1
2026-05-06,2026-05-06 22:00:00,vendredi,vip,['vendredi'],Vendredi | Entrée VIP | Billet Standard,DICE,128.27826000000002,135.96,1,1
2026-05-06,2026-05-06 22:00:00,vendredi,vip,['vendredi'],Vendredi | Entrée VIP | Billet Standard,DICE,128.27826000000002,135.96,1,1
2026-05-06,2026-05-06 22:00:00,single_day,regular,,Weekend | Billet Standard,DICE,89.40606000000001,94.76,1,1
2026-05-06,2026-05-06 22:02:00,vendredi,early_entry,['vendredi'],Vendredi | Entrée Avant 21H,DICE,45.674834999999995,48.41,1,1
2026-05-06,2026-05-06 22:02:00,vendredi,early_entry,['vendredi'],Vendredi | Entrée Avant 21H,DICE,45.674834999999995,48.41,1,1
2026-05-06,2026-05-06 22:03:00,vendredi,early_entry,['vendredi'],Vendredi | Entrée Avant 21H,DICE,45.674834999999995,48.41,1,1
2026-05-06,2026-05-06 22:03:00,vendredi,early_entry,['vendredi'],Vendredi | Entrée Avant 21H,DICE,45.674834999999995,48.41,1,1
2026-05-06,2026-05-06 22:05:00,single_day,regular,,Weekend | Billet Standard,DICE,89.40606000000001,94.76,1,1
2026-05-06,2026-05-06 22:05:00,single_day,regular,,Weekend | Billet Standard,DICE,89.40606000000001,94.76,1,1
2026-05-06,2026-05-06 22:07:00,samedi,early_entry,['samedi'],Samedi | Entrée Avant 21H,DICE,45.674834999999995,48.41,1,1
2026-05-06,2026-05-06 22:07:00,samedi,early_entry,['samedi'],Samedi | Entrée Avant 21H,DICE,45.674834999999995,48.41,1,1
2026-05-06,2026-05-06 22:09:00,samedi,early_entry,['samedi'],Samedi | Entrée Avant 21H,DICE,45.674834999999995,48.41,1,1
2026-05-06,2026-05-06 22:09:00,samedi,early_entry,['samedi'],Samedi | Entrée Avant 21H,DICE,45.674834999999995,48.41,1,1
2026-05-06,2026-05-06 22:09:00,samedi,early_entry,['samedi'],Samedi | Entrée Avant 21H,DICE,45.674834999999995,48.41,1,1
2026-05-06,2026-05-06 22:10:00,single_day,regular,,Weekend | Billet Standard,DICE,89.40606000000001,94.76,1,1
2026-05-06,2026-05-06 22:12:00,vendredi,early_entry,['vendredi'],Vendredi | Entrée Avant 21H,DICE,45.674834999999995,48.41,1,1
2026-05-06,2026-05-06 22:12:00,single_day,regular,,Weekend | Billet Standard,DICE,89.40606000000001,94.76,1,1
2026-05-06,2026-05-06 22:14:00,vendredi,regular,['vendredi'],Vendredi | Billet Standard,DICE,55.392885,58.71,1,1
2026-05-06,2026-05-06 22:14:00,vendredi,regular,['vendredi'],Vendredi | Billet Standard,DICE,55.392885,58.71,1,1
2026-05-06,2026-05-06 22:14:00,vendredi,regular,['vendredi'],Vendredi | Billet Standard,DICE,55.392885,58.71,1,1
2026-05-06,2026-05-06 22:15:00,single_day,regular,,Weekend | Billet Standard,DICE,89.40606000000001,94.76,1,1
2026-05-06,2026-05-06 22:15:00,single_day,regular,,Weekend | Billet Standard,DICE,89.40606000000001,94.76,1,1
2026-05-06,2026-05-06 22:16:00,vendredi,early_entry,['vendredi'],Vendredi | Entrée Avant 21H,DICE,45.674834999999995,48.41,1,1
2026-05-06,2026-05-06 22:16:00,single_day,regular,,Weekend | Billet Standard,DICE,89.40606000000001,94.76,1,1
2026-05-06,2026-05-06 22:16:00,single_day,regular,,Weekend | Billet Standard,DICE,89.40606000000001,94.76,1,1
2026-05-06,2026-05-06 22:17:00,vendredi,early_entry,['vendredi'],Vendredi | Entrée Avant 21H,DICE,45.674834999999995,48.41,1,1
2026-05-06,2026-05-06 22:21:00,single_day,regular,,Weekend | Billet Standard,DICE,89.40606000000001,94.76,1,1
2026-05-06,2026-05-06 22:22:00,vendredi,early_entry,['vendredi'],Vendredi | Entrée Avant 21H,DICE,45.674834999999995,48.41,1,1
2026-05-06,2026-05-06 22:22:00,samedi,regular,['samedi'],Samedi | Billet Standard,DICE,55.392885,58.71,1,1
2026-05-06,2026-05-06 22:22:00,samedi,regular,['samedi'],Samedi | Billet Standard,DICE,55.392885,58.71,1,1
2026-05-06,2026-05-06 22:25:00,vendredi,regular,['vendredi'],Vendredi | Billet Standard,DICE,55.392885,58.71,1,1
2026-05-06,2026-05-06 22:26:00,vendredi,regular,['vendredi'],Vendredi | Billet Standard,DICE,55.392885,58.71,1,1
2026-05-06,2026-05-06 22:28:00,samedi,regular,['samedi'],Samedi | Billet Standard,DICE,55.392885,58.71,1,1
2026-05-06,2026-05-06 22:28:00,samedi,regular,['samedi'],Samedi | Billet Standard,DICE,55.392885,58.71,1,1
2026-05-06,2026-05-06 22:29:00,samedi,regular,['samedi'],Samedi | Billet Standard,DICE,55.392885,58.71,1,1
2026-05-06,2026-05-06 22:29:00,vendredi,regular,['vendredi'],Vendredi | Billet Standard,DICE,55.392885,58.71,1,1
2026-05-06,2026-05-06 22:30:00,vendredi,early_entry,['vendredi'],Vendredi | Entrée Avant 21H,DICE,45.674834999999995,48.41,1,1
2026-05-06,2026-05-06 22:30:00,vendredi,early_entry,['vendredi'],Vendredi | Entrée Avant 21H,DICE,45.674834999999995,48.41,1,1
2026-05-06,2026-05-06 22:30:00,vendredi,early_entry,['vendredi'],Vendredi | Entrée Avant 21H,DICE,45.674834999999995,48.41,1,1
2026-05-06,2026-05-06 22:30:00,vendredi,early_entry,['vendredi'],Vendredi | Entrée Avant 21H,DICE,45.674834999999995,48.41,1,1
2026-05-06,2026-05-06 22:34:00,vendredi,regular,['vendredi'],Vendredi | Billet Standard,DICE,55.392885,58.71,1,1
2026-05-06,2026-05-06 22:36:00,vendredi,early_entry,['vendredi'],Vendredi | Entrée Avant 21H,DICE,45.674834999999995,48.41,1,1
2026-05-06,2026-05-06 22:36:00,vendredi,early_entry,['vendredi'],Vendredi | Entrée Avant 21H,DICE,45.674834999999995,48.41,1,1
2026-05-06,2026-05-06 22:39:00,samedi,regular,['samedi'],Samedi | Billet Standard,DICE,55.392885,58.71,1,1
2026-05-06,2026-05-06 22:39:00,samedi,regular,['samedi'],Samedi | Billet Standard,DICE,55.392885,58.71,1,1
2026-05-06,2026-05-06 22:44:00,vendredi,regular,['vendredi'],Vendredi | Billet Standard,DICE,55.392885,58.71,1,1
2026-05-06,2026-05-06 22:45:00,vendredi,regular,['vendredi'],Vendredi | Billet Standard,DICE,55.392885,58.71,1,1
2026-05-06,2026-05-06 22:45:00,vendredi,regular,['vendredi'],Vendredi | Billet Standard,DICE,55.392885,58.71,1,1
2026-05-06,2026-05-06 22:45:00,vendredi,regular,['vendredi'],Vendredi | Billet Standard,DICE,55.392885,58.71,1,1
2026-05-06,2026-05-06 22:46:00,vendredi,regular,['vendredi'],Vendredi | Billet Standard,DICE,55.392885,58.71,1,1
2026-05-06,2026-05-06 22:47:00,vendredi,early_entry,['vendredi'],Vendredi | Entrée Avant 21H,DICE,45.674834999999995,48.41,1,1
2026-05-06,2026-05-06 22:48:00,vendredi,early_entry,['vendredi'],Vendredi | Entrée Avant 21H,DICE,45.674834999999995,48.41,1,1
2026-05-06,2026-05-06 22:48:00,vendredi,early_entry,['vendredi'],Vendredi | Entrée Avant 21H,DICE,45.674834999999995,48.41,1,1
2026-05-06,2026-05-06 22:48:00,single_day,regular,,Weekend | Billet Standard,DICE,89.40606000000001,94.76,1,1
2026-05-06,2026-05-06 22:48:00,vendredi,regular,['vendredi'],Vendredi | Billet Standard,DICE,55.392885,58.71,1,1
2026-05-06,2026-05-06 22:48:00,vendredi,regular,['vendredi'],Vendredi | Billet Standard,DICE,55.392885,58.71,1,1
2026-05-06,2026-05-06 22:48:00,vendredi,regular,['vendredi'],Vendredi | Billet Standard,DICE,55.392885,58.71,1,1
2026-05-06,2026-05-06 22:49:00,single_day,regular,,Weekend | Billet Standard,DICE,89.40606000000001,94.76,1,1
2026-05-06,2026-05-06 22:50:00,single_day,regular,,Weekend | Billet Standard,DICE,89.40606000000001,94.76,1,1
2026-05-06,2026-05-06 22:55:00,samedi,regular,['samedi'],Samedi | Billet Standard,DICE,55.392885,58.71,1,1
2026-05-06,2026-05-06 22:55:00,samedi,regular,['samedi'],Samedi | Billet Standard,DICE,55.392885,58.71,1,1
2026-05-06,2026-05-06 22:56:00,single_day,regular,,Weekend | Billet Standard,DICE,89.40606000000001,94.76,1,1
2026-05-06,2026-05-06 22:56:00,single_day,regular,,Weekend | Billet Standard,DICE,89.40606000000001,94.76,1,1
2026-05-06,2026-05-06 22:58:00,samedi,early_entry,['samedi'],Samedi | Entrée Avant 21H,DICE,45.674834999999995,48.41,1,1
2026-05-06,2026-05-06 23:03:00,vendredi,regular,['vendredi'],Vendredi | Billet Standard,DICE,55.392885,58.71,1,1
2026-05-06,2026-05-06 23:03:00,vendredi,regular,['vendredi'],Vendredi | Billet Standard,DICE,55.392885,58.71,1,1
2026-05-06,2026-05-06 23:06:00,samedi,early_entry,['samedi'],Samedi | Entrée Avant 21H,DICE,45.674834999999995,48.41,1,1
2026-05-06,2026-05-06 23:06:00,samedi,early_entry,['samedi'],Samedi | Entrée Avant 21H,DICE,45.674834999999995,48.41,1,1
2026-05-06,2026-05-06 23:15:00,samedi,vip,['samedi'],Samedi | Entrée VIP | Billet Standard,DICE,128.27826000000002,135.96,1,1
2026-05-06,2026-05-06 23:22:00,vendredi,early_entry,['vendredi'],Vendredi | Entrée Avant 21H,DICE,45.674834999999995,48.41,1,1
2026-05-06,2026-05-06 23:28:00,vendredi,regular,['vendredi'],Vendredi | Billet Standard,DICE,55.392885,58.71,1,1
2026-05-06,2026-05-06 23:28:00,vendredi,regular,['vendredi'],Vendredi | Billet Standard,DICE,55.392885,58.71,1,1
2026-05-06,2026-05-06 23:29:00,vendredi,regular,['vendredi'],Vendredi | Billet Standard,DICE,55.392885,58.71,1,1
2026-05-06,2026-05-06 23:29:00,vendredi,regular,['vendredi'],Vendredi | Billet Standard,DICE,55.392885,58.71,1,1
2026-05-06,2026-05-06 23:30:00,vendredi,early_entry,['vendredi'],Vendredi | Entrée Avant 21H,DICE,45.674834999999995,48.41,1,1
2026-05-06,2026-05-06 23:33:00,single_day,regular,,Weekend | Billet Standard,DICE,89.40606000000001,94.76,1,1
2026-05-06,2026-05-06 23:38:00,samedi,early_entry,['samedi'],Samedi | Entrée Avant 21H,DICE,45.674834999999995,48.41,1,1
2026-05-06,2026-05-06 23:45:00,vendredi,regular,['vendredi'],Vendredi | Billet Standard,DICE,55.392885,58.71,1,1
2026-05-06,2026-05-06 23:55:00,single_day,regular,,Weekend | Billet Standard,DICE,89.40606000000001,94.76,1,1
2026-05-07,2026-05-07 00:00:00,samedi,early_entry,['samedi'],Samedi | Entrée Avant 21H,DICE,45.674834999999995,48.41,1,1
2026-05-07,2026-05-07 00:10:00,samedi,early_entry,['samedi'],Samedi | Entrée Avant 21H,DICE,45.674834999999995,48.41,1,1
2026-05-07,2026-05-07 00:10:00,samedi,early_entry,['samedi'],Samedi | Entrée Avant 21H,DICE,45.674834999999995,48.41,1,1
2026-05-07,2026-05-07 00:16:00,vendredi,regular,['vendredi'],Vendredi | Billet Standard,DICE,55.392885,58.71,1,1
2026-05-07,2026-05-07 00:24:45,samedi,regular,['samedi'],Pass Samedi,Shotgun,53.64,60.62,1,1
2026-05-07,2026-05-07 00:24:45,samedi,regular,['samedi'],Pass Samedi,Shotgun,53.64,60.62,1,1
2026-05-07,2026-05-07 00:26:00,vendredi,regular,['vendredi'],Vendredi | Billet Standard,DICE,55.392885,58.71,1,1
2026-05-07,2026-05-07 00:27:00,samedi,regular,['samedi'],Samedi | Billet Standard,DICE,55.392885,58.71,1,1
2026-05-07,2026-05-07 00:27:00,samedi,regular,['samedi'],Samedi | Billet Standard,DICE,55.392885,58.71,1,1
2026-05-07,2026-05-07 00:27:00,samedi,regular,['samedi'],Samedi | Billet Standard,DICE,55.392885,58.71,1,1
2026-05-07,2026-05-07 00:49:00,single_day,regular,,Weekend | Billet Standard,DICE,89.40606000000001,94.76,1,1
2026-05-07,2026-05-07 00:49:00,single_day,regular,,Weekend | Billet Standard,DICE,89.40606000000001,94.76,1,1
2026-05-07,2026-05-07 00:50:00,vendredi,early_entry,['vendredi'],Vendredi | Entrée Avant 21H,DICE,45.674834999999995,48.41,1,1
2026-05-07,2026-05-07 00:50:00,vendredi,early_entry,['vendredi'],Vendredi | Entrée Avant 21H,DICE,45.674834999999995,48.41,1,1
2026-05-07,2026-05-07 01:06:00,single_day,regular,,Weekend | Billet Standard,DICE,89.40606000000001,94.76,1,1
2026-05-07,2026-05-07 01:33:00,vendredi,vip,['vendredi'],Vendredi | Entrée VIP | Billet Standard,DICE,128.27826000000002,135.96,1,1
2026-05-07,2026-05-07 01:33:00,vendredi,vip,['vendredi'],Vendredi | Entrée VIP | Billet Standard,DICE,128.27826000000002,135.96,1,1
2026-05-07,2026-05-07 01:33:00,vendredi,vip,['vendredi'],Vendredi | Entrée VIP | Billet Standard,DICE,128.27826000000002,135.96,1,1
2026-05-07,2026-05-07 01:33:00,vendredi,vip,['vendredi'],Vendredi | Entrée VIP | Billet Standard,DICE,128.27826000000002,135.96,1,1
2026-05-07,2026-05-07 01:33:00,vendredi,vip,['vendredi'],Vendredi | Entrée VIP | Billet Standard,DICE,128.27826000000002,135.96,1,1
2026-05-07,2026-05-07 01:33:00,vendredi,vip,['vendredi'],Vendredi | Entrée VIP | Billet Standard,DICE,128.27826000000002,135.96,1,1
2026-05-07,2026-05-07 05:11:47,samedi,regular,['samedi'],Pass Samedi,Shotgun,53.64,60.62,1,1
2026-05-07,2026-05-07 05:55:38,samedi,early_entry,['samedi'],Pass Samedi,Shotgun,45.0,50.86,1,1
2026-05-07,2026-05-07 06:20:00,vendredi,early_entry,['vendredi'],Vendredi | Entrée Avant 21H,DICE,45.674834999999995,48.41,1,1
2026-05-07,2026-05-07 06:20:00,vendredi,early_entry,['vendredi'],Vendredi | Entrée Avant 21H,DICE,45.674834999999995,48.41,1,1
2026-05-07,2026-05-07 06:24:00,samedi,early_entry,['samedi'],Samedi | Entrée Avant 21H,DICE,45.674834999999995,48.41,1,1
2026-05-07,2026-05-07 06:24:00,samedi,early_entry,['samedi'],Samedi | Entrée Avant 21H,DICE,45.674834999999995,48.41,1,1
2026-05-07,2026-05-07 06:27:39,samedi,regular,['samedi'],Pass Samedi,Shotgun,53.64,60.62,1,1
2026-05-07,2026-05-07 06:32:47,vendredi,regular,['vendredi'],Pass Vendredi,Shotgun,53.64,60.62,1,1
2026-05-07,2026-05-07 06:38:00,vendredi,early_entry,['vendredi'],Vendredi | Entrée Avant 21H,DICE,45.674834999999995,48.41,1,1
2026-05-07,2026-05-07 06:42:33,vendredi,regular,['vendredi'],Pass Vendredi,Shotgun,53.64,60.62,1,1
2026-05-07,2026-05-07 06:42:33,vendredi,regular,['vendredi'],Pass Vendredi,Shotgun,53.64,60.62,1,1
2026-05-07,2026-05-07 06:47:00,vendredi,early_entry,['vendredi'],Vendredi | Entrée Avant 21H,DICE,45.674834999999995,48.41,1,1
2026-05-07,2026-05-07 06:47:00,vendredi,early_entry,['vendredi'],Vendredi | Entrée Avant 21H,DICE,45.674834999999995,48.41,1,1
2026-05-07,2026-05-07 06:58:00,vendredi,regular,['vendredi'],Vendredi | Billet Standard,DICE,55.392885,58.71,1,1
2026-05-07,2026-05-07 06:58:51,2-jours,regular,,Pass 2 Jours,Shotgun,86.36,97.61,1,1
2026-05-07,2026-05-07 07:04:00,vendredi,regular,['vendredi'],Vendredi | Billet Standard,DICE,55.392885,58.71,1,1
2026-05-07,2026-05-07 07:17:00,vendredi,early_entry,['vendredi'],Vendredi | Entrée Avant 21H,DICE,45.674834999999995,48.41,1,1
2026-05-07,2026-05-07 07:18:00,vendredi,regular,['vendredi'],Vendredi | Billet Standard,DICE,55.392885,58.71,1,1
2026-05-07,2026-05-07 07:20:00,samedi,early_entry,['samedi'],Samedi | Entrée Avant 21H,DICE,45.674834999999995,48.41,1,1
2026-05-07,2026-05-07 07:34:00,vendredi,early_entry,['vendredi'],Vendredi | Entrée Avant 21H,DICE,45.674834999999995,48.41,1,1
2026-05-07,2026-05-07 07:34:00,vendredi,early_entry,['vendredi'],Vendredi | Entrée Avant 21H,DICE,45.674834999999995,48.41,1,1
2026-05-07,2026-05-07 07:36:00,vendredi,regular,['vendredi'],Vendredi | Billet Standard,DICE,55.392885,58.71,1,1
2026-05-07,2026-05-07 07:36:00,vendredi,regular,['vendredi'],Vendredi | Billet Standard,DICE,55.392885,58.71,1,1
2026-05-07,2026-05-07 07:37:00,samedi,early_entry,['samedi'],Samedi | Entrée Avant 21H,DICE,45.674834999999995,48.41,1,1
2026-05-07,2026-05-07 07:37:00,samedi,early_entry,['samedi'],Samedi | Entrée Avant 21H,DICE,45.674834999999995,48.41,1,1
2026-05-07,2026-05-07 07:38:12,vendredi,regular,['vendredi'],Pass Vendredi,Shotgun,53.64,60.62,1,1
2026-05-07,2026-05-07 07:42:00,vendredi,regular,['vendredi'],Vendredi | Billet Standard,DICE,55.392885,58.71,1,1
2026-05-07,2026-05-07 07:42:00,vendredi,regular,['vendredi'],Vendredi | Billet Standard,DICE,55.392885,58.71,1,1
2026-05-07,2026-05-07 07:42:00,vendredi,regular,['vendredi'],Vendredi | Billet Standard,DICE,55.392885,58.71,1,1
2026-05-07,2026-05-07 07:57:00,single_day,regular,,Weekend | Billet Standard,DICE,89.40606000000001,94.76,1,1
2026-05-07,2026-05-07 08:06:00,samedi,early_entry,['samedi'],Samedi | Entrée Avant 21H,DICE,45.674834999999995,48.41,1,1
2026-05-07,2026-05-07 08:22:00,single_day,regular,,Weekend | Billet Standard,DICE,89.40606000000001,94.76,1,1
2026-05-07,2026-05-07 08:22:00,single_day,regular,,Weekend | Billet Standard,DICE,89.40606000000001,94.76,1,1
2026-05-07,2026-05-07 08:23:00,vendredi,regular,['vendredi'],Vendredi | Billet Standard,DICE,55.392885,58.71,1,1
2026-05-07,2026-05-07 08:23:00,vendredi,regular,['vendredi'],Vendredi | Billet Standard,DICE,55.392885,58.71,1,1
2026-05-07,2026-05-07 08:29:00,vendredi,regular,['vendredi'],Vendredi | Billet Standard,DICE,55.392885,58.71,1,1
2026-05-07,2026-05-07 08:29:00,vendredi,regular,['vendredi'],Vendredi | Billet Standard,DICE,55.392885,58.71,1,1
2026-05-07,2026-05-07 08:35:36,vendredi,regular,['vendredi'],Pass Vendredi,Shotgun,53.64,60.62,1,1
2026-05-07,2026-05-07 08:35:36,vendredi,regular,['vendredi'],Pass Vendredi,Shotgun,53.64,60.62,1,1
2026-05-07,2026-05-07 08:36:00,single_day,regular,,Weekend | Billet Standard,DICE,89.40606000000001,94.76,1,1
2026-05-07,2026-05-07 08:41:00,samedi,regular,['samedi'],Samedi | Billet Standard,DICE,55.392885,58.71,1,1
2026-05-07,2026-05-07 08:46:54,vendredi,regular,['vendredi'],Pass Vendredi,Shotgun,53.64,60.62,1,1
2026-05-07,2026-05-07 08:50:33,vendredi,regular,['vendredi'],Pass Vendredi,Shotgun,53.64,60.62,1,1
2026-05-07,2026-05-07 08:52:00,vendredi,early_entry,['vendredi'],Vendredi | Entrée Avant 21H,DICE,45.674834999999995,48.41,1,1
2026-05-07,2026-05-07 08:53:00,vendredi,vip,['vendredi'],Vendredi | Entrée VIP | Billet Standard,DICE,128.27826000000002,135.96,1,1
2026-05-07,2026-05-07 08:53:00,vendredi,vip,['vendredi'],Vendredi | Entrée VIP | Billet Standard,DICE,128.27826000000002,135.96,1,1
2026-05-07,2026-05-07 08:55:00,vendredi,early_entry,['vendredi'],Vendredi | Entrée Avant 21H,DICE,45.674834999999995,48.41,1,1
2026-05-07,2026-05-07 08:55:00,vendredi,early_entry,['vendredi'],Vendredi | Entrée Avant 21H,DICE,45.674834999999995,48.41,1,1
2026-05-07,2026-05-07 08:55:00,single_day,regular,,Weekend | Billet Standard,DICE,89.40606000000001,94.76,1,1
2026-05-07,2026-05-07 09:00:00,single_day,regular,,Weekend | Billet Standard,DICE,89.40606000000001,94.76,1,1
2026-05-07,2026-05-07 09:18:00,vendredi,regular,['vendredi'],Vendredi | Billet Standard,DICE,55.392885,58.71,1,1
2026-05-07,2026-05-07 09:18:00,vendredi,regular,['vendredi'],Vendredi | Billet Standard,DICE,55.392885,58.71,1,1
2026-05-07,2026-05-07 09:26:00,samedi,early_entry,['samedi'],Samedi | Entrée Avant 21H,DICE,45.674834999999995,48.41,1,1
2026-05-07,2026-05-07 09:26:00,samedi,early_entry,['samedi'],Samedi | Entrée Avant 21H,DICE,45.674834999999995,48.41,1,1
2026-05-07,2026-05-07 09:35:00,samedi,regular,['samedi'],Samedi | Billet Standard,DICE,55.392885,58.71,1,1
2026-05-07,2026-05-07 09:35:00,samedi,regular,['samedi'],Samedi | Billet Standard,DICE,55.392885,58.71,1,1
2026-05-07,2026-05-07 09:40:14,2-jours,regular,,Pass 2 Jours,Shotgun,86.36,97.61,1,1
2026-05-07,2026-05-07 09:44:00,samedi,early_entry,['samedi'],Samedi | Entrée Avant 21H,DICE,45.674834999999995,48.41,1,1
2026-05-07,2026-05-07 09:44:00,samedi,early_entry,['samedi'],Samedi | Entrée Avant 21H,DICE,45.674834999999995,48.41,1,1
2026-05-07,2026-05-07 09:44:00,samedi,early_entry,['samedi'],Samedi | Entrée Avant 21H,DICE,45.674834999999995,48.41,1,1
2026-05-07,2026-05-07 09:44:00,samedi,early_entry,['samedi'],Samedi | Entrée Avant 21H,DICE,45.674834999999995,48.41,1,1
2026-05-07,2026-05-07 09:57:00,single_day,regular,,Weekend | Billet Standard,DICE,89.40606000000001,94.76,1,1
2026-05-07,2026-05-07 10:07:00,vendredi,early_entry,['vendredi'],Vendredi | Entrée Avant 21H,DICE,45.674834999999995,48.41,1,1
2026-05-07,2026-05-07 10:12:00,vendredi,regular,['vendredi'],Vendredi | Billet Standard,DICE,55.392885,58.71,1,1
2026-05-07,2026-05-07 10:12:00,vendredi,regular,['vendredi'],Vendredi | Billet Standard,DICE,55.392885,58.71,1,1
2026-05-07,2026-05-07 10:19:00,samedi,early_entry,['samedi'],Samedi | Entrée Avant 21H,DICE,45.674834999999995,48.41,1,1
2026-05-07,2026-05-07 10:36:00,single_day,regular,,Weekend | Billet Standard,DICE,89.40606000000001,94.76,1,1
2026-05-07,2026-05-07 10:52:00,samedi,regular,['samedi'],Samedi | Billet Standard,DICE,55.392885,58.71,1,1
2026-05-07,2026-05-07 10:52:00,samedi,regular,['samedi'],Samedi | Billet Standard,DICE,55.392885,58.71,1,1
2026-05-07,2026-05-07 10:55:00,vendredi,early_entry,['vendredi'],Vendredi | Entrée Avant 21H,DICE,45.674834999999995,48.41,1,1
2026-05-07,2026-05-07 10:55:00,vendredi,early_entry,['vendredi'],Vendredi | Entrée Avant 21H,DICE,45.674834999999995,48.41,1,1
2026-05-07,2026-05-07 10:55:00,samedi,early_entry,['samedi'],Samedi | Entrée Avant 21H,DICE,45.674834999999995,48.41,1,1
2026-05-07,2026-05-07 10:55:00,samedi,early_entry,['samedi'],Samedi | Entrée Avant 21H,DICE,45.674834999999995,48.41,1,1
2026-05-07,2026-05-07 11:13:00,single_day,regular,,Weekend | Billet Standard,DICE,89.40606000000001,94.76,1,1
2026-05-07,2026-05-07 11:13:00,single_day,regular,,Weekend | Billet Standard,DICE,89.40606000000001,94.76,1,1
2026-05-07,2026-05-07 11:16:00,vendredi,early_entry,['vendredi'],Vendredi | Entrée Avant 21H,DICE,45.674834999999995,48.41,1,1
2026-05-07,2026-05-07 11:19:00,vendredi,early_entry,['vendredi'],Vendredi | Entrée Avant 21H,DICE,45.674834999999995,48.41,1,1
2026-05-07,2026-05-07 11:20:00,samedi,early_entry,['samedi'],Samedi | Entrée Avant 21H,DICE,45.674834999999995,48.41,1,1
2026-05-07,2026-05-07 11:20:00,samedi,early_entry,['samedi'],Samedi | Entrée Avant 21H,DICE,45.674834999999995,48.41,1,1
2026-05-07,2026-05-07 11:36:00,single_day,regular,,Weekend | Billet Standard,DICE,89.40606000000001,94.76,1,1
2026-05-07,2026-05-07 11:52:10,2-jours,regular,,Pass 2 Jours,Shotgun,86.36,97.61,1,1
2026-05-07,2026-05-07 11:55:00,vendredi,regular,['vendredi'],Vendredi | Billet Standard,DICE,55.392885,58.71,1,1
2026-05-07,2026-05-07 11:56:00,vendredi,regular,['vendredi'],Vendredi | Billet Standard,DICE,55.392885,58.71,1,1
2026-05-07,2026-05-07 11:56:00,vendredi,regular,['vendredi'],Vendredi | Billet Standard,DICE,55.392885,58.71,1,1
2026-05-07,2026-05-07 12:07:22,samedi,early_entry,['samedi'],Pass Samedi,Shotgun,45.0,50.86,1,1
2026-05-07,2026-05-07 12:07:22,samedi,early_entry,['samedi'],Pass Samedi,Shotgun,45.0,50.86,1,1
2026-05-07,2026-05-07 12:12:00,samedi,regular,['samedi'],Samedi | Billet Standard,DICE,55.392885,58.71,1,1
2026-05-07,2026-05-07 12:12:00,samedi,regular,['samedi'],Samedi | Billet Standard,DICE,55.392885,58.71,1,1
2026-05-07,2026-05-07 12:13:00,vendredi,regular,['vendredi'],Vendredi | Billet Standard,DICE,55.392885,58.71,1,1
2026-05-07,2026-05-07 12:13:00,vendredi,regular,['vendredi'],Vendredi | Billet Standard,DICE,55.392885,58.71,1,1
2026-05-07,2026-05-07 12:13:00,vendredi,regular,['vendredi'],Vendredi | Billet Standard,DICE,55.392885,58.71,1,1
2026-05-07,2026-05-07 12:27:00,samedi,early_entry,['samedi'],Samedi | Entrée Avant 21H,DICE,45.674834999999995,48.41,1,1
2026-05-07,2026-05-07 12:45:00,samedi,regular,['samedi'],Samedi | Billet Standard,DICE,55.392885,58.71,1,1
2026-05-07,2026-05-07 13:22:00,single_day,regular,,Weekend | Billet Standard,DICE,89.40606000000001,94.76,1,1
2026-05-07,2026-05-07 13:22:06,vendredi,early_entry,['vendredi'],Pass Vendredi,Shotgun,45.0,50.86,1,1
2026-05-07,2026-05-07 13:28:00,single_day,regular,,Weekend | Billet Standard,DICE,89.40606000000001,94.76,1,1
2026-05-07,2026-05-07 13:31:00,single_day,regular,,Weekend | Billet Standard,DICE,89.40606000000001,94.76,1,1
2026-05-07,2026-05-07 13:31:00,single_day,regular,,Weekend | Billet Standard,DICE,89.40606000000001,94.76,1,1
2026-05-07,2026-05-07 13:41:00,samedi,early_entry,['samedi'],Samedi | Entrée Avant 21H,DICE,45.674834999999995,48.41,1,1
2026-05-07,2026-05-07 13:45:44,2-jours,regular,,Pass 2 Jours,Shotgun,86.36,97.61,1,1
2026-05-07,2026-05-07 13:49:00,vendredi,early_entry,['vendredi'],Vendredi | Entrée Avant 21H,DICE,45.674834999999995,48.41,1,1
2026-05-07,2026-05-07 13:49:00,single_day,regular,,Weekend | Billet Standard,DICE,89.40606000000001,94.76,1,1
2026-05-07,2026-05-07 14:10:41,samedi,regular,['samedi'],Pass Samedi,Shotgun,53.64,60.62,1,1
2026-05-07,2026-05-07 14:56:00,vendredi,regular,['vendredi'],Vendredi | Billet Standard,DICE,55.392885,58.71,1,1
2026-05-07,2026-05-07 14:56:00,vendredi,regular,['vendredi'],Vendredi | Billet Standard,DICE,55.392885,58.71,1,1
2026-05-07,2026-05-07 14:56:00,vendredi,regular,['vendredi'],Vendredi | Billet Standard,DICE,55.392885,58.71,1,1
2026-05-07,2026-05-07 14:59:00,vendredi,regular,['vendredi'],Vendredi | Billet Standard,DICE,55.392885,58.71,1,1
2026-05-07,2026-05-07 14:59:00,vendredi,regular,['vendredi'],Vendredi | Billet Standard,DICE,55.392885,58.71,1,1
2026-05-07,2026-05-07 15:04:00,single_day,regular,,Weekend | Billet Standard,DICE,89.40606000000001,94.76,1,1
2026-05-07,2026-05-07 15:35:00,single_day,regular,,Weekend | Billet Standard,DICE,89.40606000000001,94.76,1,1
2026-05-07,2026-05-07 15:35:00,single_day,regular,,Weekend | Billet Standard,DICE,89.40606000000001,94.76,1,1
2026-05-07,2026-05-07 15:46:00,vendredi,early_entry,['vendredi'],Vendredi | Entrée Avant 21H,DICE,45.674834999999995,48.41,1,1
2026-05-07,2026-05-07 15:46:00,vendredi,early_entry,['vendredi'],Vendredi | Entrée Avant 21H,DICE,45.674834999999995,48.41,1,1
2026-05-07,2026-05-07 15:54:00,samedi,vip,['samedi'],Samedi | Entrée VIP | Billet Standard,DICE,128.27826000000002,135.96,1,1
2026-05-07,2026-05-07 15:56:00,samedi,early_entry,['samedi'],Samedi | Entrée Avant 21H,DICE,45.674834999999995,48.41,1,1
2026-05-07,2026-05-07 16:01:00,vendredi,regular,['vendredi'],Vendredi | Billet Standard,DICE,55.392885,58.71,1,1
2026-05-07,2026-05-07 16:31:00,vendredi,vip,['vendredi'],Vendredi | Entrée VIP | Billet Standard,DICE,128.27826000000002,135.96,1,1
2026-05-07,2026-05-07 16:31:00,vendredi,vip,['vendredi'],Vendredi | Entrée VIP | Billet Standard,DICE,128.27826000000002,135.96,1,1
2026-05-07,2026-05-07 16:31:00,vendredi,vip,['vendredi'],Vendredi | Entrée VIP | Billet Standard,DICE,128.27826000000002,135.96,1,1
2026-05-07,2026-05-07 16:48:00,samedi,regular,['samedi'],Samedi | Billet Standard,DICE,55.392885,58.71,1,1
2026-05-07,2026-05-07 16:48:00,samedi,regular,['samedi'],Samedi | Billet Standard,DICE,55.392885,58.71,1,1
2026-05-07,2026-05-07 16:53:00,single_day,regular,,Weekend | Billet Standard,DICE,89.40606000000001,94.76,1,1
2026-05-07,2026-05-07 16:53:00,single_day,regular,,Weekend | Billet Standard,DICE,89.40606000000001,94.76,1,1
2026-05-07,2026-05-07 16:55:16,2-jours,regular,,Pass 2 Jours,Shotgun,86.36,97.61,1,1
2026-05-07,2026-05-07 16:55:16,2-jours,regular,,Pass 2 Jours,Shotgun,86.36,97.61,1,1
2026-05-07,2026-05-07 17:04:26,2-jours,regular,,Pass 2 Jours,Shotgun,86.36,97.61,1,1
2026-05-07,2026-05-07 17:12:00,single_day,regular,,Weekend | Billet Standard,DICE,89.40606000000001,94.76,1,1
2026-05-07,2026-05-07 17:33:00,single_day,regular,,Weekend | Billet Standard,DICE,89.40606000000001,94.76,1,1
2026-05-07,2026-05-07 17:33:00,single_day,regular,,Weekend | Billet Standard,DICE,89.40606000000001,94.76,1,1
2026-05-07,2026-05-07 17:38:00,samedi,regular,['samedi'],Samedi | Billet Standard,DICE,55.392885,58.71,1,1
2026-05-07,2026-05-07 17:42:00,vendredi,regular,['vendredi'],Vendredi | Billet Standard,DICE,55.392885,58.71,1,1
2026-05-07,2026-05-07 17:43:00,single_day,regular,,Weekend | Billet Standard,DICE,89.40606000000001,94.76,1,1
2026-05-07,2026-05-07 17:52:48,vendredi,regular,['vendredi'],Pass Vendredi,Shotgun,53.64,60.62,1,1
2026-05-07,2026-05-07 18:10:00,samedi,regular,['samedi'],Samedi | Billet Standard,DICE,55.392885,58.71,1,1
2026-05-07,2026-05-07 18:10:00,samedi,regular,['samedi'],Samedi | Billet Standard,DICE,55.392885,58.71,1,1
2026-05-07,2026-05-07 18:12:00,samedi,regular,['samedi'],Samedi | Billet Standard,DICE,55.392885,58.71,1,1
2026-05-07,2026-05-07 18:20:37,2-jours,regular,,Pass 2 Jours,Shotgun,86.36,97.61,1,1
2026-05-07,2026-05-07 18:25:00,samedi,regular,['samedi'],Samedi | Billet Standard,DICE,55.392885,58.71,1,1
2026-05-07,2026-05-07 18:42:00,vendredi,regular,['vendredi'],Vendredi | Billet Standard,DICE,55.392885,58.71,1,1
2026-05-07,2026-05-07 18:42:00,vendredi,regular,['vendredi'],Vendredi | Billet Standard,DICE,55.392885,58.71,1,1
2026-05-07,2026-05-07 18:48:00,samedi,regular,['samedi'],Samedi | Billet Standard,DICE,55.392885,58.71,1,1
2026-05-07,2026-05-07 18:48:00,samedi,regular,['samedi'],Samedi | Billet Standard,DICE,55.392885,58.71,1,1
2026-05-07,2026-05-07 18:58:00,samedi,early_entry,['samedi'],Samedi | Entrée Avant 21H,DICE,45.674834999999995,48.41,1,1
2026-05-07,2026-05-07 18:58:00,samedi,early_entry,['samedi'],Samedi | Entrée Avant 21H,DICE,45.674834999999995,48.41,1,1
2026-05-07,2026-05-07 18:58:00,vendredi,regular,['vendredi'],Vendredi | Billet Standard,DICE,55.392885,58.71,1,1
2026-05-07,2026-05-07 18:58:00,vendredi,regular,['vendredi'],Vendredi | Billet Standard,DICE,55.392885,58.71,1,1
2026-05-07,2026-05-07 19:00:00,vendredi,regular,['vendredi'],Vendredi | Billet Standard,DICE,55.392885,58.71,1,1
2026-05-07,2026-05-07 19:00:00,vendredi,regular,['vendredi'],Vendredi | Billet Standard,DICE,55.392885,58.71,1,1
2026-05-07,2026-05-07 19:09:00,single_day,regular,,Weekend | Billet Standard,DICE,89.40606000000001,94.76,1,1
2026-05-07,2026-05-07 19:12:00,samedi,early_entry,['samedi'],Samedi | Entrée Avant 21H,DICE,45.674834999999995,48.41,1,1
2026-05-07,2026-05-07 19:21:00,vendredi,vip,['vendredi'],Vendredi | Entrée VIP | Billet Standard,DICE,128.27826000000002,135.96,1,1
2026-05-07,2026-05-07 19:24:00,vendredi,regular,['vendredi'],Vendredi | Billet Standard,DICE,55.392885,58.71,1,1
2026-05-07,2026-05-07 19:24:00,vendredi,regular,['vendredi'],Vendredi | Billet Standard,DICE,55.392885,58.71,1,1
2026-05-07,2026-05-07 19:24:00,vendredi,regular,['vendredi'],Vendredi | Billet Standard,DICE,55.392885,58.71,1,1
2026-05-07,2026-05-07 19:33:00,vendredi,regular,['vendredi'],Vendredi | Billet Standard,DICE,55.392885,58.71,1,1
2026-05-07,2026-05-07 19:39:00,samedi,early_entry,['samedi'],Samedi | Entrée Avant 21H,DICE,45.674834999999995,48.41,1,1
2026-05-07,2026-05-07 20:03:00,samedi,early_entry,['samedi'],Samedi | Entrée Avant 21H,DICE,45.674834999999995,48.41,1,1
2026-05-07,2026-05-07 20:03:00,samedi,early_entry,['samedi'],Samedi | Entrée Avant 21H,DICE,45.674834999999995,48.41,1,1
2026-05-07,2026-05-07 20:06:00,samedi,vip,['samedi'],Samedi | Entrée VIP | Billet Standard,DICE,128.27826000000002,135.96,1,1
2026-05-07,2026-05-07 20:06:00,samedi,vip,['samedi'],Samedi | Entrée VIP | Billet Standard,DICE,128.27826000000002,135.96,1,1
2026-05-07,2026-05-07 20:09:00,samedi,regular,['samedi'],Samedi | Billet Standard,DICE,55.392885,58.71,1,1
2026-05-07,2026-05-07 20:28:00,vendredi,early_entry,['vendredi'],Vendredi | Entrée Avant 21H,DICE,45.674834999999995,48.41,1,1
2026-05-07,2026-05-07 20:28:00,vendredi,early_entry,['vendredi'],Vendredi | Entrée Avant 21H,DICE,45.674834999999995,48.41,1,1
2026-05-07,2026-05-07 20:49:00,vendredi,regular,['vendredi'],Vendredi | Billet Standard,DICE,55.392885,58.71,1,1
2026-05-07,2026-05-07 21:01:39,vendredi,regular,['vendredi'],Pass Vendredi,Shotgun,53.64,60.62,1,1
2026-05-07,2026-05-07 21:02:49,vendredi,regular,['vendredi'],Pass Vendredi,Shotgun,53.64,60.62,1,1
2026-05-07,2026-05-07 21:41:00,vendredi,regular,['vendredi'],Vendredi | Billet Standard,DICE,55.392885,58.71,1,1
2026-05-07,2026-05-07 21:51:00,samedi,regular,['samedi'],Samedi | Billet Standard,DICE,55.392885,58.71,1,1
2026-05-07,2026-05-07 21:51:00,samedi,regular,['samedi'],Samedi | Billet Standard,DICE,55.392885,58.71,1,1
2026-05-07,2026-05-07 21:51:00,samedi,regular,['samedi'],Samedi | Billet Standard,DICE,55.392885,58.71,1,1
2026-05-07,2026-05-07 21:52:00,vendredi,regular,['vendredi'],Vendredi | Billet Standard,DICE,55.392885,58.71,1,1
2026-05-07,2026-05-07 22:14:00,vendredi,early_entry,['vendredi'],Vendredi | Entrée Avant 21H,DICE,45.674834999999995,48.41,1,1
2026-05-07,2026-05-07 22:14:00,vendredi,early_entry,['vendredi'],Vendredi | Entrée Avant 21H,DICE,45.674834999999995,48.41,1,1
2026-05-07,2026-05-07 22:19:00,vendredi,early_entry,['vendredi'],Vendredi | Entrée Avant 21H,DICE,45.674834999999995,48.41,1,1
2026-05-07,2026-05-07 22:19:00,vendredi,early_entry,['vendredi'],Vendredi | Entrée Avant 21H,DICE,45.674834999999995,48.41,1,1
2026-05-07,2026-05-07 22:23:00,vendredi,regular,['vendredi'],Vendredi | Billet Standard,DICE,55.392885,58.71,1,1
2026-05-07,2026-05-07 22:23:00,vendredi,regular,['vendredi'],Vendredi | Billet Standard,DICE,55.392885,58.71,1,1
2026-05-07,2026-05-07 22:41:00,vendredi,early_entry,['vendredi'],Vendredi | Entrée Avant 21H,DICE,45.674834999999995,48.41,1,1
2026-05-07,2026-05-07 22:41:00,samedi,regular,['samedi'],Samedi | Billet Standard,DICE,55.392885,58.71,1,1
2026-05-07,2026-05-07 22:47:00,vendredi,regular,['vendredi'],Vendredi | Billet Standard,DICE,55.392885,58.71,1,1
2026-05-07,2026-05-07 22:47:00,vendredi,regular,['vendredi'],Vendredi | Billet Standard,DICE,55.392885,58.71,1,1
2026-05-07,2026-05-07 22:47:00,vendredi,regular,['vendredi'],Vendredi | Billet Standard,DICE,55.392885,58.71,1,1
2026-05-07,2026-05-07 22:47:00,vendredi,regular,['vendredi'],Vendredi | Billet Standard,DICE,55.392885,58.71,1,1
2026-05-07,2026-05-07 22:55:00,samedi,regular,['samedi'],Samedi | Billet Standard,DICE,55.392885,58.71,1,1
2026-05-07,2026-05-07 22:55:00,samedi,regular,['samedi'],Samedi | Billet Standard,DICE,55.392885,58.71,1,1
2026-05-07,2026-05-07 22:59:00,samedi,regular,['samedi'],Samedi | Billet Standard,DICE,55.392885,58.71,1,1
2026-05-07,2026-05-07 23:04:00,vendredi,regular,['vendredi'],Vendredi | Billet Standard,DICE,55.392885,58.71,1,1
2026-05-07,2026-05-07 23:04:00,vendredi,regular,['vendredi'],Vendredi | Billet Standard,DICE,55.392885,58.71,1,1
2026-05-07,2026-05-07 23:05:00,samedi,regular,['samedi'],Samedi | Billet Standard,DICE,55.392885,58.71,1,1
2026-05-07,2026-05-07 23:05:00,samedi,regular,['samedi'],Samedi | Billet Standard,DICE,55.392885,58.71,1,1
2026-05-07,2026-05-07 23:09:00,single_day,regular,,Weekend | Billet Standard,DICE,89.40606000000001,94.76,1,1
2026-05-07,2026-05-07 23:54:00,single_day,regular,,Weekend | Billet Standard,DICE,89.40606000000001,94.76,1,1
2026-05-08,2026-05-08 06:02:00,single_day,regular,,Weekend | Billet Standard,DICE,89.40606000000001,94.76,1,1
2026-05-08,2026-05-08 06:02:00,single_day,regular,,Weekend | Billet Standard,DICE,89.40606000000001,94.76,1,1
2026-05-08,2026-05-08 06:03:57,samedi,regular,['samedi'],Pass Samedi,Shotgun,53.64,60.62,1,1
2026-05-08,2026-05-08 06:57:03,vendredi,regular,['vendredi'],Pass Vendredi,Shotgun,53.64,60.62,1,1
2026-05-08,2026-05-08 06:57:03,vendredi,regular,['vendredi'],Pass Vendredi,Shotgun,53.64,60.62,1,1
2026-05-08,2026-05-08 06:57:03,vendredi,regular,['vendredi'],Pass Vendredi,Shotgun,53.64,60.62,1,1
2026-05-08,2026-05-08 07:22:00,vendredi,early_entry,['vendredi'],Vendredi | Entrée Avant 21H,DICE,45.674834999999995,48.41,1,1
2026-05-08,2026-05-08 07:22:00,vendredi,early_entry,['vendredi'],Vendredi | Entrée Avant 21H,DICE,45.674834999999995,48.41,1,1
2026-05-08,2026-05-08 07:28:00,vendredi,early_entry,['vendredi'],Vendredi | Entrée Avant 21H,DICE,45.674834999999995,48.41,1,1
2026-05-08,2026-05-08 08:51:00,samedi,early_entry,['samedi'],Samedi | Entrée Avant 21H,DICE,45.674834999999995,48.41,1,1
2026-05-08,2026-05-08 08:51:00,samedi,early_entry,['samedi'],Samedi | Entrée Avant 21H,DICE,45.674834999999995,48.41,1,1
2026-05-08,2026-05-08 09:34:00,samedi,regular,['samedi'],Samedi | Billet Standard,DICE,55.392885,58.71,1,1
2026-05-08,2026-05-08 09:34:00,samedi,regular,['samedi'],Samedi | Billet Standard,DICE,55.392885,58.71,1,1
2026-05-08,2026-05-08 09:34:00,samedi,regular,['samedi'],Samedi | Billet Standard,DICE,55.392885,58.71,1,1
2026-05-08,2026-05-08 09:34:00,samedi,regular,['samedi'],Samedi | Billet Standard,DICE,55.392885,58.71,1,1
2026-05-08,2026-05-08 09:34:00,samedi,regular,['samedi'],Samedi | Billet Standard,DICE,55.392885,58.71,1,1
2026-05-08,2026-05-08 09:36:00,samedi,early_entry,['samedi'],Samedi | Entrée Avant 21H,DICE,45.674834999999995,48.41,1,1
2026-05-08,2026-05-08 09:36:00,samedi,early_entry,['samedi'],Samedi | Entrée Avant 21H,DICE,45.674834999999995,48.41,1,1
2026-05-08,2026-05-08 09:47:16,samedi,early_entry,['samedi'],Pass Samedi,Shotgun,45.0,50.86,1,1
2026-05-08,2026-05-08 09:49:00,samedi,early_entry,['samedi'],Samedi | Entrée Avant 21H,DICE,45.674834999999995,48.41,1,1
2026-05-08,2026-05-08 09:56:00,single_day,regular,,Weekend | Billet Standard,DICE,89.40606000000001,94.76,1,1
2026-05-08,2026-05-08 09:56:00,single_day,regular,,Weekend | Billet Standard,DICE,89.40606000000001,94.76,1,1
2026-05-08,2026-05-08 09:59:00,vendredi,regular,['vendredi'],Vendredi | Billet Standard,DICE,55.392885,58.71,1,1
2026-05-08,2026-05-08 09:59:00,vendredi,regular,['vendredi'],Vendredi | Billet Standard,DICE,55.392885,58.71,1,1
2026-05-08,2026-05-08 10:10:00,samedi,early_entry,['samedi'],Samedi | Entrée Avant 21H,DICE,45.674834999999995,48.41,1,1
2026-05-08,2026-05-08 10:10:00,samedi,early_entry,['samedi'],Samedi | Entrée Avant 21H,DICE,45.674834999999995,48.41,1,1
2026-05-08,2026-05-08 10:42:00,samedi,regular,['samedi'],Samedi | Billet Standard,DICE,55.392885,58.71,1,1
2026-05-08,2026-05-08 10:59:00,samedi,regular,['samedi'],Samedi | Billet Standard,DICE,55.392885,58.71,1,1
2026-05-08,2026-05-08 10:59:00,samedi,regular,['samedi'],Samedi | Billet Standard,DICE,55.392885,58.71,1,1
2026-05-08,2026-05-08 11:03:00,samedi,regular,['samedi'],Samedi | Billet Standard,DICE,55.392885,58.71,1,1
2026-05-08,2026-05-08 11:03:00,samedi,regular,['samedi'],Samedi | Billet Standard,DICE,55.392885,58.71,1,1
2026-05-08,2026-05-08 11:03:00,samedi,regular,['samedi'],Samedi | Billet Standard,DICE,55.392885,58.71,1,1
2026-05-08,2026-05-08 11:03:00,samedi,regular,['samedi'],Samedi | Billet Standard,DICE,55.392885,58.71,1,1
2026-05-08,2026-05-08 11:18:00,vendredi,vip,['vendredi'],Vendredi | Entrée VIP | Billet Standard,DICE,128.27826000000002,135.96,1,1
2026-05-08,2026-05-08 11:18:00,vendredi,vip,['vendredi'],Vendredi | Entrée VIP | Billet Standard,DICE,128.27826000000002,135.96,1,1
2026-05-08,2026-05-08 12:09:00,single_day,regular,,Weekend | Billet Standard,DICE,89.40606000000001,94.76,1,1
2026-05-08,2026-05-08 12:10:00,vendredi,regular,['vendredi'],Vendredi | Billet Standard,DICE,55.392885,58.71,1,1
2026-05-08,2026-05-08 12:17:00,samedi,regular,['samedi'],Samedi | Billet Standard,DICE,55.392885,58.71,1,1
2026-05-08,2026-05-08 12:17:00,samedi,regular,['samedi'],Samedi | Billet Standard,DICE,55.392885,58.71,1,1
2026-05-08,2026-05-08 12:18:00,samedi,regular,['samedi'],Samedi | Billet Standard,DICE,55.392885,58.71,1,1
2026-05-08,2026-05-08 12:18:00,samedi,regular,['samedi'],Samedi | Billet Standard,DICE,55.392885,58.71,1,1
2026-05-08,2026-05-08 12:18:00,samedi,regular,['samedi'],Samedi | Billet Standard,DICE,55.392885,58.71,1,1
2026-05-08,2026-05-08 12:20:00,vendredi,early_entry,['vendredi'],Vendredi | Entrée Avant 21H,DICE,45.674834999999995,48.41,1,1
2026-05-08,2026-05-08 12:29:00,single_day,regular,,Weekend | Billet Standard,DICE,89.40606000000001,94.76,1,1
2026-05-08,2026-05-08 12:40:00,vendredi,regular,['vendredi'],Vendredi | Billet Standard,DICE,55.392885,58.71,1,1
2026-05-08,2026-05-08 12:41:00,vendredi,vip,['vendredi'],Vendredi | Entrée VIP | Billet Standard,DICE,128.27826000000002,135.96,1,1
2026-05-08,2026-05-08 12:45:00,vendredi,regular,['vendredi'],Vendredi | Billet Standard,DICE,55.392885,58.71,1,1
2026-05-08,2026-05-08 12:55:00,vendredi,vip,['vendredi'],Vendredi | Entrée VIP | Billet Standard,DICE,128.27826000000002,135.96,1,1
2026-05-08,2026-05-08 12:55:00,vendredi,vip,['vendredi'],Vendredi | Entrée VIP | Billet Standard,DICE,128.27826000000002,135.96,1,1
2026-05-08,2026-05-08 12:59:00,single_day,regular,,Weekend | Billet Standard,DICE,89.40606000000001,94.76,1,1
2026-05-08,2026-05-08 13:01:50,vendredi,regular,['vendredi'],Pass Vendredi,Shotgun,53.64,60.62,1,1
2026-05-08,2026-05-08 13:40:00,vendredi,regular,['vendredi'],Vendredi | Billet Standard,DICE,55.392885,58.71,1,1
2026-05-08,2026-05-08 13:40:00,vendredi,regular,['vendredi'],Vendredi | Billet Standard,DICE,55.392885,58.71,1,1
2026-05-08,2026-05-08 13:45:26,2-jours,regular,,Pass 2 Jours,Shotgun,86.36,97.61,1,1
2026-05-08,2026-05-08 14:07:00,vendredi,regular,['vendredi'],Vendredi | Billet Standard,DICE,55.392885,58.71,1,1
2026-05-08,2026-05-08 14:52:00,samedi,regular,['samedi'],Samedi | Billet Standard,DICE,55.392885,58.71,1,1
2026-05-08,2026-05-08 14:52:00,samedi,regular,['samedi'],Samedi | Billet Standard,DICE,55.392885,58.71,1,1
2026-05-08,2026-05-08 15:01:00,single_day,regular,,Weekend | Billet Standard,DICE,89.40606000000001,94.76,1,1
2026-05-08,2026-05-08 15:01:00,single_day,regular,,Weekend | Billet Standard,DICE,89.40606000000001,94.76,1,1
2026-05-08,2026-05-08 15:06:00,vendredi,early_entry,['vendredi'],Vendredi | Entrée Avant 21H,DICE,45.674834999999995,48.41,1,1
2026-05-08,2026-05-08 15:06:00,vendredi,early_entry,['vendredi'],Vendredi | Entrée Avant 21H,DICE,45.674834999999995,48.41,1,1
2026-05-08,2026-05-08 15:11:17,2-jours,regular,,Pass 2 Jours,Shotgun,86.36,97.61,1,1
2026-05-08,2026-05-08 15:47:00,single_day,regular,,Weekend | Billet Standard,DICE,89.40606000000001,94.76,1,1
2026-05-08,2026-05-08 16:52:00,samedi,regular,['samedi'],Samedi | Billet Standard,DICE,55.392885,58.71,1,1
2026-05-08,2026-05-08 16:52:00,samedi,regular,['samedi'],Samedi | Billet Standard,DICE,55.392885,58.71,1,1
2026-05-08,2026-05-08 16:58:47,2-jours,regular,,Pass 2 Jours,Shotgun,86.36,97.61,1,1
2026-05-08,2026-05-08 17:04:00,vendredi,regular,['vendredi'],Vendredi | Billet Standard,DICE,55.392885,58.71,1,1
2026-05-08,2026-05-08 17:04:00,vendredi,regular,['vendredi'],Vendredi | Billet Standard,DICE,55.392885,58.71,1,1
2026-05-08,2026-05-08 17:23:00,vendredi,regular,['vendredi'],Vendredi | Billet Standard,DICE,55.392885,58.71,1,1
2026-05-08,2026-05-08 17:29:00,vendredi,regular,['vendredi'],Vendredi | Billet Standard,DICE,55.392885,58.71,1,1
2026-05-08,2026-05-08 17:29:00,vendredi,regular,['vendredi'],Vendredi | Billet Standard,DICE,55.392885,58.71,1,1
2026-05-08,2026-05-08 17:29:31,2-jours,regular,,Pass 2 Jours,Shotgun,86.36,97.61,1,1
2026-05-08,2026-05-08 17:47:00,vendredi,early_entry,['vendredi'],Vendredi | Entrée Avant 21H,DICE,45.674834999999995,48.41,1,1
2026-05-08,2026-05-08 18:03:00,vendredi,regular,['vendredi'],Vendredi | Billet Standard,DICE,55.392885,58.71,1,1
2026-05-08,2026-05-08 18:09:00,vendredi,early_entry,['vendredi'],Vendredi | Entrée Avant 21H,DICE,45.674834999999995,48.41,1,1
2026-05-08,2026-05-08 18:09:00,vendredi,early_entry,['vendredi'],Vendredi | Entrée Avant 21H,DICE,45.674834999999995,48.41,1,1
2026-05-08,2026-05-08 18:09:00,vendredi,early_entry,['vendredi'],Vendredi | Entrée Avant 21H,DICE,45.674834999999995,48.41,1,1
2026-05-08,2026-05-08 18:09:00,vendredi,early_entry,['vendredi'],Vendredi | Entrée Avant 21H,DICE,45.674834999999995,48.41,1,1
2026-05-08,2026-05-08 18:09:00,samedi,regular,['samedi'],Samedi | Billet Standard,DICE,55.392885,58.71,1,1
2026-05-08,2026-05-08 18:10:00,samedi,regular,['samedi'],Samedi | Billet Standard,DICE,55.392885,58.71,1,1
2026-05-08,2026-05-08 18:35:00,vendredi,early_entry,['vendredi'],Vendredi | Entrée Avant 21H,DICE,45.674834999999995,48.41,1,1
2026-05-08,2026-05-08 18:35:00,vendredi,early_entry,['vendredi'],Vendredi | Entrée Avant 21H,DICE,45.674834999999995,48.41,1,1
2026-05-08,2026-05-08 18:39:00,single_day,regular,,Weekend | Billet Standard,DICE,89.40606000000001,94.76,1,1
2026-05-08,2026-05-08 18:39:00,single_day,regular,,Weekend | Billet Standard,DICE,89.40606000000001,94.76,1,1
2026-05-08,2026-05-08 18:47:58,2-jours,regular,,Pass 2 Jours,Shotgun,86.36,97.61,1,1
2026-05-08,2026-05-08 19:06:46,samedi,regular,['samedi'],Pass Samedi,Shotgun,53.64,60.62,1,1
2026-05-08,2026-05-08 19:06:46,samedi,regular,['samedi'],Pass Samedi,Shotgun,53.64,60.62,1,1
2026-05-08,2026-05-08 19:14:00,vendredi,regular,['vendredi'],Vendredi | Billet Standard,DICE,55.392885,58.71,1,1
2026-05-08,2026-05-08 19:25:00,samedi,early_entry,['samedi'],Samedi | Entrée Avant 21H,DICE,45.674834999999995,48.41,1,1
2026-05-08,2026-05-08 20:20:00,vendredi,early_entry,['vendredi'],Vendredi | Entrée Avant 21H,DICE,45.674834999999995,48.41,1,1
2026-05-08,2026-05-08 20:32:00,vendredi,early_entry,['vendredi'],Vendredi | Entrée Avant 21H,DICE,45.674834999999995,48.41,1,1
2026-05-08,2026-05-08 20:46:00,samedi,early_entry,['samedi'],Samedi | Entrée Avant 21H,DICE,45.674834999999995,48.41,1,1
2026-05-08,2026-05-08 21:09:00,samedi,regular,['samedi'],Samedi | Billet Standard,DICE,55.392885,58.71,1,1
2026-05-08,2026-05-08 21:12:00,samedi,regular,['samedi'],Samedi | Billet Standard,DICE,55.392885,58.71,1,1
2026-05-08,2026-05-08 21:21:00,vendredi,early_entry,['vendredi'],Vendredi | Entrée Avant 21H,DICE,45.674834999999995,48.41,1,1
2026-05-08,2026-05-08 21:21:00,vendredi,early_entry,['vendredi'],Vendredi | Entrée Avant 21H,DICE,45.674834999999995,48.41,1,1
2026-05-08,2026-05-08 21:57:00,samedi,regular,['samedi'],Samedi | Billet Standard,DICE,55.392885,58.71,1,1
2026-05-08,2026-05-08 21:57:00,samedi,regular,['samedi'],Samedi | Billet Standard,DICE,55.392885,58.71,1,1
2026-05-08,2026-05-08 21:57:00,samedi,regular,['samedi'],Samedi | Billet Standard,DICE,55.392885,58.71,1,1
2026-05-08,2026-05-08 21:57:00,samedi,regular,['samedi'],Samedi | Billet Standard,DICE,55.392885,58.71,1,1
2026-05-08,2026-05-08 22:00:00,vendredi,early_entry,['vendredi'],Vendredi | Entrée Avant 21H,DICE,45.674834999999995,48.41,1,1
2026-05-08,2026-05-08 22:00:00,vendredi,early_entry,['vendredi'],Vendredi | Entrée Avant 21H,DICE,45.674834999999995,48.41,1,1
2026-05-08,2026-05-08 22:13:00,vendredi,early_entry,['vendredi'],Vendredi | Entrée Avant 21H,DICE,45.674834999999995,48.41,1,1
2026-05-08,2026-05-08 22:28:00,single_day,regular,,Weekend | Billet Standard,DICE,89.40606000000001,94.76,1,1
2026-05-08,2026-05-08 22:54:00,single_day,regular,,Weekend | Billet Standard,DICE,89.40606000000001,94.76,1,1
2026-05-08,2026-05-08 23:00:00,samedi,regular,['samedi'],Samedi | Billet Standard,DICE,55.392885,58.71,1,1
2026-05-08,2026-05-08 23:10:09,vendredi,regular,['vendredi'],Pass Vendredi,Shotgun,53.64,60.62,1,1
2026-05-08,2026-05-08 23:23:03,samedi,early_entry,['samedi'],Pass Samedi,Shotgun,45.0,50.86,1,1
2026-05-08,2026-05-08 23:41:00,vendredi,regular,['vendredi'],Vendredi | Billet Standard,DICE,55.392885,58.71,1,1
2026-05-08,2026-05-08 23:41:00,vendredi,regular,['vendredi'],Vendredi | Billet Standard,DICE,55.392885,58.71,1,1
2026-05-08,2026-05-08 23:50:00,samedi,regular,['samedi'],Samedi | Billet Standard,DICE,55.392885,58.71,1,1
2026-05-09,2026-05-09 02:32:00,single_day,regular,,Weekend | Billet Standard,DICE,89.40606000000001,94.76,1,1
2026-05-09,2026-05-09 03:21:00,single_day,regular,,Weekend | Billet Standard,DICE,89.40606000000001,94.76,1,1
2026-05-09,2026-05-09 06:50:00,vendredi,regular,['vendredi'],Vendredi | Billet Standard,DICE,55.392885,58.71,1,1
2026-05-09,2026-05-09 06:50:00,vendredi,regular,['vendredi'],Vendredi | Billet Standard,DICE,55.392885,58.71,1,1
2026-05-09,2026-05-09 06:50:00,vendredi,regular,['vendredi'],Vendredi | Billet Standard,DICE,55.392885,58.71,1,1
2026-05-09,2026-05-09 08:22:35,samedi,early_entry,['samedi'],Pass Samedi,Shotgun,45.0,50.86,1,1
2026-05-09,2026-05-09 10:14:00,single_day,vip,,Weekend | Entrée VIP,DICE,250.72569000000001,265.74,1,1
2026-05-09,2026-05-09 10:17:00,vendredi,regular,['vendredi'],Vendredi | Billet Standard,DICE,55.392885,58.71,1,1
2026-05-09,2026-05-09 11:50:00,samedi,early_entry,['samedi'],Samedi | Entrée Avant 21H,DICE,45.674834999999995,48.41,1,1
2026-05-09,2026-05-09 12:33:00,vendredi,regular,['vendredi'],Vendredi | Billet Standard,DICE,55.392885,58.71,1,1
2026-05-09,2026-05-09 12:33:00,vendredi,regular,['vendredi'],Vendredi | Billet Standard,DICE,55.392885,58.71,1,1
2026-05-09,2026-05-09 12:40:00,single_day,regular,,Weekend | Billet Standard,DICE,89.40606000000001,94.76,1,1
2026-05-09,2026-05-09 12:40:00,single_day,regular,,Weekend | Billet Standard,DICE,89.40606000000001,94.76,1,1
2026-05-09,2026-05-09 12:46:00,vendredi,regular,['vendredi'],Vendredi | Billet Standard,DICE,55.392885,58.71,1,1
2026-05-09,2026-05-09 13:18:00,vendredi,regular,['vendredi'],Vendredi | Billet Standard,DICE,55.392885,58.71,1,1
2026-05-09,2026-05-09 13:18:00,vendredi,regular,['vendredi'],Vendredi | Billet Standard,DICE,55.392885,58.71,1,1
2026-05-09,2026-05-09 13:18:00,vendredi,regular,['vendredi'],Vendredi | Billet Standard,DICE,55.392885,58.71,1,1
2026-05-09,2026-05-09 13:33:00,single_day,regular,,Weekend | Billet Standard,DICE,89.40606000000001,94.76,1,1
2026-05-09,2026-05-09 14:03:18,samedi,early_entry,['samedi'],Pass Samedi,Shotgun,45.0,50.86,1,1
2026-05-09,2026-05-09 14:03:18,samedi,early_entry,['samedi'],Pass Samedi,Shotgun,45.0,50.86,1,1
2026-05-09,2026-05-09 14:12:00,vendredi,regular,['vendredi'],Vendredi | Billet Standard,DICE,55.392885,58.71,1,1
2026-05-09,2026-05-09 14:15:54,vendredi,early_entry,['vendredi'],Pass Vendredi,Shotgun,45.0,50.86,1,1
2026-05-09,2026-05-09 14:15:54,vendredi,early_entry,['vendredi'],Pass Vendredi,Shotgun,45.0,50.86,1,1
2026-05-09,2026-05-09 14:19:00,samedi,regular,['samedi'],Samedi | Billet Standard,DICE,55.392885,58.71,1,1
2026-05-09,2026-05-09 14:19:00,vendredi,regular,['vendredi'],Vendredi | Billet Standard,DICE,55.392885,58.71,1,1
2026-05-09,2026-05-09 14:58:00,vendredi,regular,['vendredi'],Vendredi | Billet Standard,DICE,55.392885,58.71,1,1
2026-05-09,2026-05-09 14:58:00,vendredi,regular,['vendredi'],Vendredi | Billet Standard,DICE,55.392885,58.71,1,1
2026-05-09,2026-05-09 15:00:00,samedi,regular,['samedi'],Samedi | Billet Standard,DICE,55.392885,58.71,1,1
2026-05-09,2026-05-09 15:00:00,samedi,regular,['samedi'],Samedi | Billet Standard,DICE,55.392885,58.71,1,1
2026-05-09,2026-05-09 15:05:00,vendredi,regular,['vendredi'],Vendredi | Billet Standard,DICE,55.392885,58.71,1,1
2026-05-09,2026-05-09 15:05:00,vendredi,regular,['vendredi'],Vendredi | Billet Standard,DICE,55.392885,58.71,1,1
2026-05-09,2026-05-09 15:18:00,vendredi,regular,['vendredi'],Vendredi | Billet Standard,DICE,55.392885,58.71,1,1
2026-05-09,2026-05-09 15:19:00,single_day,regular,,Weekend | Billet Standard,DICE,89.40606000000001,94.76,1,1
2026-05-09,2026-05-09 15:19:00,single_day,regular,,Weekend | Billet Standard,DICE,89.40606000000001,94.76,1,1
2026-05-09,2026-05-09 15:19:00,single_day,regular,,Weekend | Billet Standard,DICE,89.40606000000001,94.76,1,1
2026-05-09,2026-05-09 16:50:00,vendredi,early_entry,['vendredi'],Vendredi | Entrée Avant 21H,DICE,45.674834999999995,48.41,1,1
2026-05-09,2026-05-09 16:50:00,vendredi,early_entry,['vendredi'],Vendredi | Entrée Avant 21H,DICE,45.674834999999995,48.41,1,1
2026-05-09,2026-05-09 16:50:00,vendredi,early_entry,['vendredi'],Vendredi | Entrée Avant 21H,DICE,45.674834999999995,48.41,1,1
2026-05-09,2026-05-09 17:07:14,samedi,regular,['samedi'],Pass Samedi,Shotgun,53.64,60.62,1,1
2026-05-09,2026-05-09 17:07:14,2-jours,regular,,Pass 2 Jours,Shotgun,86.36,97.61,1,1
2026-05-09,2026-05-09 17:35:00,samedi,regular,['samedi'],Samedi | Billet Standard,DICE,55.392885,58.71,1,1
2026-05-09,2026-05-09 17:57:35,vendredi,early_entry,['vendredi'],Pass Vendredi,Shotgun,45.0,50.86,1,1
2026-05-09,2026-05-09 17:57:35,vendredi,early_entry,['vendredi'],Pass Vendredi,Shotgun,45.0,50.86,1,1
2026-05-09,2026-05-09 17:57:35,vendredi,early_entry,['vendredi'],Pass Vendredi,Shotgun,45.0,50.86,1,1
2026-05-09,2026-05-09 17:57:35,vendredi,early_entry,['vendredi'],Pass Vendredi,Shotgun,45.0,50.86,1,1
2026-05-09,2026-05-09 18:06:28,samedi,regular,['samedi'],Pass Samedi,Shotgun,53.64,60.62,1,1
2026-05-09,2026-05-09 18:06:28,samedi,regular,['samedi'],Pass Samedi,Shotgun,53.64,60.62,1,1
2026-05-09,2026-05-09 18:06:28,samedi,regular,['samedi'],Pass Samedi,Shotgun,53.64,60.62,1,1
2026-05-09,2026-05-09 18:06:28,samedi,regular,['samedi'],Pass Samedi,Shotgun,53.64,60.62,1,1
2026-05-09,2026-05-09 18:06:28,samedi,regular,['samedi'],Pass Samedi,Shotgun,53.64,60.62,1,1
2026-05-09,2026-05-09 18:11:00,vendredi,regular,['vendredi'],Vendredi | Billet Standard,DICE,55.392885,58.71,1,1
2026-05-09,2026-05-09 18:11:00,vendredi,regular,['vendredi'],Vendredi | Billet Standard,DICE,55.392885,58.71,1,1
2026-05-09,2026-05-09 18:28:16,vendredi,regular,['vendredi'],Pass Vendredi,Shotgun,53.64,60.62,1,1
2026-05-09,2026-05-09 18:45:23,2-jours,regular,,Pass 2 Jours,Shotgun,86.36,97.61,1,1
2026-05-09,2026-05-09 19:04:00,samedi,regular,['samedi'],Samedi | Billet Standard,DICE,55.392885,58.71,1,1
2026-05-09,2026-05-09 19:08:00,samedi,regular,['samedi'],Samedi | Billet Standard,DICE,55.392885,58.71,1,1
2026-05-09,2026-05-09 19:08:00,samedi,regular,['samedi'],Samedi | Billet Standard,DICE,55.392885,58.71,1,1
2026-05-09,2026-05-09 19:14:00,samedi,regular,['samedi'],Samedi | Billet Standard,DICE,55.392885,58.71,1,1
2026-05-09,2026-05-09 19:14:00,samedi,regular,['samedi'],Samedi | Billet Standard,DICE,55.392885,58.71,1,1
2026-05-09,2026-05-09 20:12:00,single_day,regular,,Weekend | Billet Standard,DICE,89.40606000000001,94.76,1,1
2026-05-09,2026-05-09 20:12:00,single_day,regular,,Weekend | Billet Standard,DICE,89.40606000000001,94.76,1,1
2026-05-09,2026-05-09 20:25:22,samedi,regular,['samedi'],Pass Samedi,Shotgun,53.64,60.62,1,1
2026-05-09,2026-05-09 20:25:22,samedi,regular,['samedi'],Pass Samedi,Shotgun,53.64,60.62,1,1
2026-05-09,2026-05-09 20:30:00,single_day,regular,,Weekend | Billet Standard,DICE,89.40606000000001,94.76,1,1
2026-05-09,2026-05-09 20:35:00,vendredi,regular,['vendredi'],Vendredi | Billet Standard,DICE,55.392885,58.71,1,1
2026-05-09,2026-05-09 20:45:00,single_day,regular,,Weekend | Billet Standard,DICE,89.40606000000001,94.76,1,1
2026-05-09,2026-05-09 20:45:00,single_day,regular,,Weekend | Billet Standard,DICE,89.40606000000001,94.76,1,1
2026-05-09,2026-05-09 21:02:00,samedi,regular,['samedi'],Samedi | Billet Standard,DICE,55.392885,58.71,1,1
2026-05-09,2026-05-09 21:02:00,samedi,regular,['samedi'],Samedi | Billet Standard,DICE,55.392885,58.71,1,1
2026-05-09,2026-05-09 21:02:00,samedi,regular,['samedi'],Samedi | Billet Standard,DICE,55.392885,58.71,1,1
2026-05-09,2026-05-09 21:08:00,single_day,regular,,Weekend | Billet Standard,DICE,89.40606000000001,94.76,1,1
2026-05-09,2026-05-09 21:08:00,single_day,regular,,Weekend | Billet Standard,DICE,89.40606000000001,94.76,1,1
2026-05-09,2026-05-09 21:59:00,single_day,regular,,Weekend | Billet Standard,DICE,89.40606000000001,94.76,1,1
2026-05-09,2026-05-09 21:59:00,single_day,regular,,Weekend | Billet Standard,DICE,89.40606000000001,94.76,1,1
2026-05-09,2026-05-09 22:37:00,samedi,early_entry,['samedi'],Samedi | Entrée Avant 21H,DICE,45.674834999999995,48.41,1,1
2026-05-09,2026-05-09 22:37:00,samedi,early_entry,['samedi'],Samedi | Entrée Avant 21H,DICE,45.674834999999995,48.41,1,1
2026-05-09,2026-05-09 23:23:00,single_day,regular,,Weekend | Billet Standard,DICE,89.40606000000001,94.76,1,1
2026-05-09,2026-05-09 23:57:00,samedi,early_entry,['samedi'],Samedi | Entrée Avant 21H,DICE,45.674834999999995,48.41,1,1
2026-05-09,2026-05-09 23:57:00,samedi,early_entry,['samedi'],Samedi | Entrée Avant 21H,DICE,45.674834999999995,48.41,1,1
2026-05-10,2026-05-10 00:14:00,samedi,early_entry,['samedi'],Samedi | Entrée Avant 21H,DICE,45.674834999999995,48.41,1,1
2026-05-10,2026-05-10 00:24:00,single_day,regular,,Weekend | Billet Standard,DICE,89.40606000000001,94.76,1,1
2026-05-10,2026-05-10 00:36:00,single_day,regular,,Weekend | Billet Standard,DICE,89.40606000000001,94.76,1,1
2026-05-10,2026-05-10 00:36:00,single_day,regular,,Weekend | Billet Standard,DICE,89.40606000000001,94.76,1,1
2026-05-10,2026-05-10 04:01:00,vendredi,early_entry,['vendredi'],Vendredi | Entrée Avant 21H,DICE,45.674834999999995,48.41,1,1
2026-05-10,2026-05-10 04:01:00,vendredi,early_entry,['vendredi'],Vendredi | Entrée Avant 21H,DICE,45.674834999999995,48.41,1,1
2026-05-10,2026-05-10 05:14:00,single_day,regular,,Weekend | Billet Standard,DICE,89.40606000000001,94.76,1,1
2026-05-10,2026-05-10 06:16:00,vendredi,regular,['vendredi'],Vendredi | Billet Standard,DICE,55.392885,58.71,1,1
2026-05-10,2026-05-10 07:01:18,vendredi,regular,['vendredi'],Pass Vendredi,Shotgun,53.64,60.62,1,1
2026-05-10,2026-05-10 07:01:18,vendredi,regular,['vendredi'],Pass Vendredi,Shotgun,53.64,60.62,1,1
2026-05-10,2026-05-10 08:31:02,vendredi,regular,['vendredi'],Pass Vendredi,Shotgun,53.64,60.62,1,1
2026-05-10,2026-05-10 08:59:00,samedi,regular,['samedi'],Samedi | Billet Standard,DICE,55.392885,58.71,1,1
2026-05-10,2026-05-10 08:59:00,samedi,regular,['samedi'],Samedi | Billet Standard,DICE,55.392885,58.71,1,1
2026-05-10,2026-05-10 10:06:00,vendredi,early_entry,['vendredi'],Vendredi | Entrée Avant 21H,DICE,45.674834999999995,48.41,1,1
2026-05-10,2026-05-10 10:50:00,single_day,regular,,Weekend | Billet Standard,DICE,89.40606000000001,94.76,1,1
2026-05-10,2026-05-10 10:50:00,single_day,regular,,Weekend | Billet Standard,DICE,89.40606000000001,94.76,1,1
2026-05-10,2026-05-10 10:50:00,single_day,regular,,Weekend | Billet Standard,DICE,89.40606000000001,94.76,1,1
2026-05-10,2026-05-10 10:50:00,single_day,regular,,Weekend | Billet Standard,DICE,89.40606000000001,94.76,1,1
2026-05-10,2026-05-10 10:53:00,vendredi,early_entry,['vendredi'],Vendredi | Entrée Avant 21H,DICE,45.674834999999995,48.41,1,1
2026-05-10,2026-05-10 10:53:00,vendredi,early_entry,['vendredi'],Vendredi | Entrée Avant 21H,DICE,45.674834999999995,48.41,1,1
2026-05-10,2026-05-10 11:02:00,samedi,regular,['samedi'],Samedi | Billet Standard,DICE,55.392885,58.71,1,1
2026-05-10,2026-05-10 11:02:00,vendredi,regular,['vendredi'],Vendredi | Billet Standard,DICE,55.392885,58.71,1,1
2026-05-10,2026-05-10 11:02:30,vendredi,early_entry,['vendredi'],Pass Vendredi,Shotgun,45.0,50.86,1,1
2026-05-10,2026-05-10 12:41:00,samedi,regular,['samedi'],Samedi | Billet Standard,DICE,55.392885,58.71,1,1
2026-05-10,2026-05-10 12:41:00,samedi,regular,['samedi'],Samedi | Billet Standard,DICE,55.392885,58.71,1,1
2026-05-10,2026-05-10 15:30:00,vendredi,early_entry,['vendredi'],Vendredi | Entrée Avant 21H,DICE,45.674834999999995,48.41,1,1
2026-05-10,2026-05-10 15:45:00,vendredi,early_entry,['vendredi'],Vendredi | Entrée Avant 21H,DICE,45.674834999999995,48.41,1,1
2026-05-10,2026-05-10 15:51:36,vendredi,early_entry,['vendredi'],Pass Vendredi,Shotgun,45.0,50.86,1,1
2026-05-10,2026-05-10 15:51:36,vendredi,early_entry,['vendredi'],Pass Vendredi,Shotgun,45.0,50.86,1,1
2026-05-10,2026-05-10 15:51:36,vendredi,early_entry,['vendredi'],Pass Vendredi,Shotgun,45.0,50.86,1,1
2026-05-10,2026-05-10 17:15:00,vendredi,early_entry,['vendredi'],Vendredi | Entrée Avant 21H,DICE,45.674834999999995,48.41,1,1
2026-05-10,2026-05-10 17:35:02,samedi,early_entry,['samedi'],Pass Samedi,Shotgun,45.0,50.86,1,1
2026-05-10,2026-05-10 17:35:02,samedi,early_entry,['samedi'],Pass Samedi,Shotgun,45.0,50.86,1,1
2026-05-10,2026-05-10 17:37:56,samedi,early_entry,['samedi'],Pass Samedi,Shotgun,45.0,50.86,1,1
2026-05-10,2026-05-10 18:13:00,samedi,early_entry,['samedi'],Samedi | Entrée Avant 21H,DICE,45.674834999999995,48.41,1,1
2026-05-10,2026-05-10 18:13:00,samedi,early_entry,['samedi'],Samedi | Entrée Avant 21H,DICE,45.674834999999995,48.41,1,1
2026-05-10,2026-05-10 18:13:00,vendredi,regular,['vendredi'],Vendredi | Billet Standard,DICE,55.392885,58.71,1,1
2026-05-10,2026-05-10 18:13:00,vendredi,regular,['vendredi'],Vendredi | Billet Standard,DICE,55.392885,58.71,1,1
2026-05-10,2026-05-10 19:25:00,vendredi,regular,['vendredi'],Vendredi | Billet Standard,DICE,55.392885,58.71,1,1
2026-05-10,2026-05-10 19:25:00,vendredi,regular,['vendredi'],Vendredi | Billet Standard,DICE,55.392885,58.71,1,1
2026-05-10,2026-05-10 19:25:00,vendredi,regular,['vendredi'],Vendredi | Billet Standard,DICE,55.392885,58.71,1,1
2026-05-10,2026-05-10 20:16:00,vendredi,regular,['vendredi'],Vendredi | Billet Standard,DICE,55.392885,58.71,1,1
2026-05-10,2026-05-10 20:16:00,vendredi,regular,['vendredi'],Vendredi | Billet Standard,DICE,55.392885,58.71,1,1
2026-05-10,2026-05-10 20:16:00,vendredi,regular,['vendredi'],Vendredi | Billet Standard,DICE,55.392885,58.71,1,1
2026-05-10,2026-05-10 20:16:00,vendredi,regular,['vendredi'],Vendredi | Billet Standard,DICE,55.392885,58.71,1,1
2026-05-10,2026-05-10 20:29:00,samedi,regular,['samedi'],Samedi | Billet Standard,DICE,55.392885,58.71,1,1
2026-05-10,2026-05-10 20:29:00,samedi,regular,['samedi'],Samedi | Billet Standard,DICE,55.392885,58.71,1,1
2026-05-10,2026-05-10 20:57:00,single_day,regular,,Weekend | Billet Standard,DICE,89.40606000000001,94.76,1,1
2026-05-10,2026-05-10 22:01:00,vendredi,early_entry,['vendredi'],Vendredi | Entrée Avant 21H,DICE,45.674834999999995,48.41,1,1
2026-05-10,2026-05-10 22:11:00,vendredi,early_entry,['vendredi'],Vendredi | Entrée Avant 21H,DICE,45.674834999999995,48.41,1,1
2026-05-10,2026-05-10 22:30:00,vendredi,vip,['vendredi'],Vendredi | Entrée VIP | Billet Standard,DICE,128.27826000000002,135.96,1,1
2026-05-10,2026-05-10 23:08:00,samedi,regular,['samedi'],Samedi | Billet Standard,DICE,55.392885,58.71,1,1
2026-05-10,2026-05-10 23:08:00,samedi,regular,['samedi'],Samedi | Billet Standard,DICE,55.392885,58.71,1,1
2026-05-10,2026-05-10 23:22:00,vendredi,regular,['vendredi'],Vendredi | Billet Standard,DICE,55.392885,58.71,1,1
2026-05-10,2026-05-10 23:22:00,vendredi,regular,['vendredi'],Vendredi | Billet Standard,DICE,55.392885,58.71,1,1
2026-05-10,2026-05-10 23:24:00,vendredi,regular,['vendredi'],Vendredi | Billet Standard,DICE,55.392885,58.71,1,1
2026-05-10,2026-05-10 23:24:00,vendredi,regular,['vendredi'],Vendredi | Billet Standard,DICE,55.392885,58.71,1,1
2026-05-11,2026-05-11 10:07:00,vendredi,early_entry,['vendredi'],Vendredi | Entrée Avant 21H,DICE,45.674834999999995,48.41,1,1
2026-05-11,2026-05-11 10:07:00,vendredi,early_entry,['vendredi'],Vendredi | Entrée Avant 21H,DICE,45.674834999999995,48.41,1,1
2026-05-11,2026-05-11 10:43:00,single_day,regular,,Weekend | Billet Standard,DICE,89.40606000000001,94.76,1,1
2026-05-11,2026-05-11 11:50:12,samedi,regular,['samedi'],Pass Samedi,Shotgun,53.64,60.62,1,1
2026-05-11,2026-05-11 11:50:12,samedi,regular,['samedi'],Pass Samedi,Shotgun,53.64,60.62,1,1
2026-05-11,2026-05-11 11:54:00,samedi,regular,['samedi'],Samedi | Billet Standard,DICE,55.392885,58.71,1,1
2026-05-11,2026-05-11 12:14:00,vendredi,early_entry,['vendredi'],Vendredi | Entrée Avant 21H,DICE,45.674834999999995,48.41,1,1
2026-05-11,2026-05-11 12:14:00,vendredi,early_entry,['vendredi'],Vendredi | Entrée Avant 21H,DICE,45.674834999999995,48.41,1,1
2026-05-11,2026-05-11 15:22:00,vendredi,early_entry,['vendredi'],Vendredi | Entrée Avant 21H,DICE,45.674834999999995,48.41,1,1
2026-05-11,2026-05-11 16:26:00,single_day,regular,,Weekend | Billet Standard,DICE,89.40606000000001,94.76,1,1
2026-05-11,2026-05-11 17:24:43,samedi,early_entry,['samedi'],Pass Samedi,Shotgun,45.0,50.86,1,1
2026-05-11,2026-05-11 17:51:00,samedi,regular,['samedi'],Samedi | Billet Standard,DICE,55.392885,58.71,1,1
2026-05-11,2026-05-11 17:51:00,samedi,regular,['samedi'],Samedi | Billet Standard,DICE,55.392885,58.71,1,1
2026-05-11,2026-05-11 19:11:00,samedi,early_entry,['samedi'],Samedi | Entrée Avant 21H,DICE,45.674834999999995,48.41,1,1
2026-05-11,2026-05-11 19:11:00,samedi,early_entry,['samedi'],Samedi | Entrée Avant 21H,DICE,45.674834999999995,48.41,1,1
2026-05-11,2026-05-11 20:59:00,samedi,regular,['samedi'],Samedi | Billet Standard,DICE,55.392885,58.71,1,1
2026-05-11,2026-05-11 20:59:00,samedi,regular,['samedi'],Samedi | Billet Standard,DICE,55.392885,58.71,1,1
2026-05-11,2026-05-11 21:30:00,single_day,regular,,Weekend | Billet Standard,DICE,89.40606000000001,94.76,1,1
2026-05-11,2026-05-11 21:30:00,single_day,regular,,Weekend | Billet Standard,DICE,89.40606000000001,94.76,1,1
2026-05-11,2026-05-11 23:41:00,vendredi,regular,['vendredi'],Vendredi | Billet Standard,DICE,55.392885,58.71,1,1
2026-05-11,2026-05-11 23:41:00,vendredi,regular,['vendredi'],Vendredi | Billet Standard,DICE,55.392885,58.71,1,1
2026-05-11,2026-05-11 23:41:00,vendredi,regular,['vendredi'],Vendredi | Billet Standard,DICE,55.392885,58.71,1,1
2026-05-11,2026-05-11 23:50:00,samedi,regular,['samedi'],Samedi | Billet Standard,DICE,55.392885,58.71,1,1
2026-05-11,2026-05-11 23:50:00,samedi,regular,['samedi'],Samedi | Billet Standard,DICE,55.392885,58.71,1,1
2026-05-11,2026-05-11 23:50:00,samedi,regular,['samedi'],Samedi | Billet Standard,DICE,55.392885,58.71,1,1
2026-05-12,2026-05-12 08:07:00,vendredi,regular,['vendredi'],Vendredi | Billet Standard,DICE,55.392885,58.71,1,1
2026-05-12,2026-05-12 08:07:00,vendredi,regular,['vendredi'],Vendredi | Billet Standard,DICE,55.392885,58.71,1,1
2026-05-12,2026-05-12 08:07:00,vendredi,regular,['vendredi'],Vendredi | Billet Standard,DICE,55.392885,58.71,1,1
2026-05-12,2026-05-12 09:53:00,vendredi,vip,['vendredi'],Vendredi | Entrée VIP | Billet Standard,DICE,128.27826000000002,135.96,1,1
2026-05-12,2026-05-12 09:53:00,vendredi,vip,['vendredi'],Vendredi | Entrée VIP | Billet Standard,DICE,128.27826000000002,135.96,1,1
2026-05-12,2026-05-12 11:28:00,single_day,regular,,Weekend | Billet Standard,DICE,89.40606000000001,94.76,1,1
2026-05-12,2026-05-12 14:16:00,vendredi,regular,['vendredi'],Vendredi | Billet Standard,DICE,55.392885,58.71,1,1
2026-05-12,2026-05-12 14:16:00,vendredi,regular,['vendredi'],Vendredi | Billet Standard,DICE,55.392885,58.71,1,1
2026-05-12,2026-05-12 16:57:00,samedi,regular,['samedi'],Samedi | Billet Standard,DICE,55.392885,58.71,1,1
2026-05-12,2026-05-12 16:57:00,samedi,regular,['samedi'],Samedi | Billet Standard,DICE,55.392885,58.71,1,1
2026-05-12,2026-05-12 16:57:00,samedi,regular,['samedi'],Samedi | Billet Standard,DICE,55.392885,58.71,1,1
2026-05-12,2026-05-12 19:53:00,vendredi,early_entry,['vendredi'],Vendredi | Entrée Avant 21H,DICE,45.674834999999995,48.41,1,1
2026-05-12,2026-05-12 19:53:00,vendredi,early_entry,['vendredi'],Vendredi | Entrée Avant 21H,DICE,45.674834999999995,48.41,1,1
2026-05-12,2026-05-12 20:34:00,samedi,early_entry,['samedi'],Samedi | Entrée Avant 21H,DICE,45.674834999999995,48.41,1,1
2026-05-12,2026-05-12 21:00:00,samedi,regular,['samedi'],Samedi | Billet Standard,DICE,55.392885,58.71,1,1
2026-05-12,2026-05-12 22:04:00,samedi,regular,['samedi'],Samedi | Billet Standard,DICE,55.392885,58.71,1,1
2026-05-12,2026-05-12 22:04:00,samedi,regular,['samedi'],Samedi | Billet Standard,DICE,55.392885,58.71,1,1
2026-05-12,2026-05-12 22:16:00,vendredi,vip,['vendredi'],Vendredi | Entrée VIP | Billet Standard,DICE,128.27826000000002,135.96,1,1
2026-05-12,2026-05-12 23:40:00,vendredi,regular,['vendredi'],Vendredi | Billet Standard,DICE,55.392885,58.71,1,1
2026-05-13,2026-05-13 01:18:00,single_day,regular,,Weekend | Billet Standard,DICE,89.40606000000001,94.76,1,1
2026-05-13,2026-05-13 08:34:00,samedi,regular,['samedi'],Samedi | Billet Standard,DICE,55.392885,58.71,1,1
2026-05-13,2026-05-13 09:46:04,samedi,early_entry,['samedi'],Pass Samedi,Shotgun,45.0,50.86,1,1
2026-05-13,2026-05-13 09:46:47,samedi,early_entry,['samedi'],Pass Samedi,Shotgun,45.0,50.86,1,1
2026-05-13,2026-05-13 10:26:00,single_day,regular,,Weekend | Billet Standard,DICE,89.40606000000001,94.76,1,1
2026-05-13,2026-05-13 10:41:00,samedi,regular,['samedi'],Samedi | Billet Standard,DICE,55.392885,58.71,1,1
2026-05-13,2026-05-13 10:41:00,samedi,regular,['samedi'],Samedi | Billet Standard,DICE,55.392885,58.71,1,1
2026-05-13,2026-05-13 10:41:00,samedi,regular,['samedi'],Samedi | Billet Standard,DICE,55.392885,58.71,1,1
2026-05-13,2026-05-13 11:42:00,single_day,regular,,Weekend | Billet Standard,DICE,89.40606000000001,94.76,1,1
2026-05-13,2026-05-13 11:44:00,samedi,early_entry,['samedi'],Samedi | Entrée Avant 21H,DICE,45.674834999999995,48.41,1,1
2026-05-13,2026-05-13 12:12:00,single_day,regular,,Weekend | Billet Standard,DICE,89.40606000000001,94.76,1,1
2026-05-13,2026-05-13 13:04:00,single_day,regular,,Weekend | Billet Standard,DICE,89.40606000000001,94.76,1,1
2026-05-13,2026-05-13 13:50:00,single_day,regular,,Weekend | Billet Standard,DICE,89.40606000000001,94.76,1,1
2026-05-13,2026-05-13 13:50:00,single_day,regular,,Weekend | Billet Standard,DICE,89.40606000000001,94.76,1,1
2026-05-13,2026-05-13 13:52:00,single_day,regular,,Weekend | Billet Standard,DICE,89.40606000000001,94.76,1,1
2026-05-13,2026-05-13 15:06:00,vendredi,regular,['vendredi'],Vendredi | Billet Standard,DICE,55.392885,58.71,1,1
2026-05-13,2026-05-13 16:55:00,samedi,regular,['samedi'],Samedi | Billet Standard,DICE,55.392885,58.71,1,1
2026-05-13,2026-05-13 16:55:00,samedi,regular,['samedi'],Samedi | Billet Standard,DICE,55.392885,58.71,1,1
2026-05-13,2026-05-13 16:55:00,samedi,regular,['samedi'],Samedi | Billet Standard,DICE,55.392885,58.71,1,1
2026-05-13,2026-05-13 19:18:00,vendredi,regular,['vendredi'],Vendredi | Billet Standard,DICE,55.392885,58.71,1,1
2026-05-13,2026-05-13 19:18:00,vendredi,regular,['vendredi'],Vendredi | Billet Standard,DICE,55.392885,58.71,1,1
2026-05-13,2026-05-13 19:30:03,vendredi,early_entry,['vendredi'],Pass Vendredi,Shotgun,45.0,50.86,1,1
2026-05-13,2026-05-13 20:29:00,vendredi,regular,['vendredi'],Vendredi | Billet Standard,DICE,55.392885,58.71,1,1
2026-05-13,2026-05-13 20:29:00,vendredi,regular,['vendredi'],Vendredi | Billet Standard,DICE,55.392885,58.71,1,1
2026-05-13,2026-05-13 20:38:00,samedi,regular,['samedi'],Samedi | Billet Standard,DICE,55.392885,58.71,1,1
2026-05-13,2026-05-13 20:38:00,samedi,regular,['samedi'],Samedi | Billet Standard,DICE,55.392885,58.71,1,1
2026-05-13,2026-05-13 21:04:00,samedi,regular,['samedi'],Samedi | Billet Standard,DICE,55.392885,58.71,1,1
2026-05-13,2026-05-13 21:04:00,samedi,regular,['samedi'],Samedi | Billet Standard,DICE,55.392885,58.71,1,1
2026-05-13,2026-05-13 21:09:00,single_day,regular,,Weekend | Billet Standard,DICE,89.40606000000001,94.76,1,1
2026-05-13,2026-05-13 21:09:00,single_day,regular,,Weekend | Billet Standard,DICE,89.40606000000001,94.76,1,1
2026-05-13,2026-05-13 21:34:00,samedi,early_entry,['samedi'],Samedi | Entrée Avant 21H,DICE,45.674834999999995,48.41,1,1
2026-05-13,2026-05-13 21:34:00,samedi,early_entry,['samedi'],Samedi | Entrée Avant 21H,DICE,45.674834999999995,48.41,1,1
2026-05-13,2026-05-13 21:34:00,samedi,early_entry,['samedi'],Samedi | Entrée Avant 21H,DICE,45.674834999999995,48.41,1,1
2026-05-13,2026-05-13 21:34:00,samedi,early_entry,['samedi'],Samedi | Entrée Avant 21H,DICE,45.674834999999995,48.41,1,1
2026-05-13,2026-05-13 22:13:00,single_day,regular,,Weekend | Billet Standard,DICE,89.40606000000001,94.76,1,1
2026-05-13,2026-05-13 22:13:00,single_day,regular,,Weekend | Billet Standard,DICE,89.40606000000001,94.76,1,1
2026-05-14,2026-05-14 00:06:00,samedi,regular,['samedi'],Samedi | Billet Standard,DICE,55.392885,58.71,1,1
2026-05-14,2026-05-14 00:54:00,samedi,regular,['samedi'],Samedi | Billet Standard,DICE,55.392885,58.71,1,1
2026-05-14,2026-05-14 01:23:01,vendredi,early_entry,['vendredi'],Pass Vendredi,Shotgun,45.0,50.86,1,1
2026-05-14,2026-05-14 03:03:00,single_day,vip,,Weekend | Entrée VIP,DICE,250.72569000000001,265.74,1,1
2026-05-14,2026-05-14 03:03:00,single_day,vip,,Weekend | Entrée VIP,DICE,250.72569000000001,265.74,1,1
2026-05-14,2026-05-14 06:17:54,samedi,early_entry,['samedi'],Pass Samedi,Shotgun,45.0,50.86,1,1
2026-05-14,2026-05-14 06:17:54,samedi,early_entry,['samedi'],Pass Samedi,Shotgun,45.0,50.86,1,1
2026-05-14,2026-05-14 09:19:00,samedi,regular,['samedi'],Samedi | Billet Standard,DICE,55.392885,58.71,1,1
2026-05-14,2026-05-14 09:19:00,samedi,regular,['samedi'],Samedi | Billet Standard,DICE,55.392885,58.71,1,1
2026-05-14,2026-05-14 09:40:00,vendredi,regular,['vendredi'],Vendredi | Billet Standard,DICE,55.392885,58.71,1,1
2026-05-14,2026-05-14 10:18:00,vendredi,regular,['vendredi'],Vendredi | Billet Standard,DICE,55.392885,58.71,1,1
2026-05-14,2026-05-14 10:18:00,vendredi,regular,['vendredi'],Vendredi | Billet Standard,DICE,55.392885,58.71,1,1
2026-05-14,2026-05-14 10:44:00,vendredi,early_entry,['vendredi'],Vendredi | Entrée Avant 21H,DICE,45.674834999999995,48.41,1,1
2026-05-14,2026-05-14 10:44:00,vendredi,early_entry,['vendredi'],Vendredi | Entrée Avant 21H,DICE,45.674834999999995,48.41,1,1
2026-05-14,2026-05-14 12:11:00,single_day,regular,,Weekend | Billet Standard,DICE,89.40606000000001,94.76,1,1
2026-05-14,2026-05-14 12:11:00,single_day,regular,,Weekend | Billet Standard,DICE,89.40606000000001,94.76,1,1
2026-05-14,2026-05-14 12:43:00,samedi,regular,['samedi'],Samedi | Billet Standard,DICE,55.392885,58.71,1,1
2026-05-14,2026-05-14 14:00:00,samedi,regular,['samedi'],Samedi | Billet Standard,DICE,55.392885,58.71,1,1
2026-05-14,2026-05-14 14:37:48,vendredi,early_entry,['vendredi'],Pass Vendredi,Shotgun,45.0,50.86,1,1
2026-05-14,2026-05-14 14:48:28,vendredi,early_entry,['vendredi'],Pass Vendredi,Shotgun,45.0,50.86,1,1
2026-05-14,2026-05-14 15:02:00,single_day,regular,,Weekend | Billet Standard,DICE,89.40606000000001,94.76,1,1
2026-05-14,2026-05-14 15:03:00,samedi,regular,['samedi'],Samedi | Billet Standard,DICE,55.392885,58.71,1,1
2026-05-14,2026-05-14 16:17:00,single_day,regular,,Weekend | Billet Standard,DICE,89.40606000000001,94.76,1,1
2026-05-14,2026-05-14 17:33:00,samedi,early_entry,['samedi'],Samedi | Entrée Avant 21H,DICE,45.674834999999995,48.41,1,1
2026-05-14,2026-05-14 17:33:00,samedi,early_entry,['samedi'],Samedi | Entrée Avant 21H,DICE,45.674834999999995,48.41,1,1
2026-05-14,2026-05-14 18:18:00,vendredi,early_entry,['vendredi'],Vendredi | Entrée Avant 21H,DICE,45.674834999999995,48.41,1,1
2026-05-14,2026-05-14 18:18:00,vendredi,early_entry,['vendredi'],Vendredi | Entrée Avant 21H,DICE,45.674834999999995,48.41,1,1
2026-05-14,2026-05-14 18:33:12,vendredi,regular,['vendredi'],Pass Vendredi,Shotgun,53.64,60.62,1,1
2026-05-14,2026-05-14 18:33:12,vendredi,regular,['vendredi'],Pass Vendredi,Shotgun,53.64,60.62,1,1
2026-05-14,2026-05-14 19:00:00,samedi,regular,['samedi'],Samedi | Billet Standard,DICE,55.392885,58.71,1,1
2026-05-14,2026-05-14 19:00:00,samedi,regular,['samedi'],Samedi | Billet Standard,DICE,55.392885,58.71,1,1
2026-05-14,2026-05-14 19:12:00,vendredi,regular,['vendredi'],Vendredi | Billet Standard,DICE,55.392885,58.71,1,1
2026-05-14,2026-05-14 19:12:00,vendredi,regular,['vendredi'],Vendredi | Billet Standard,DICE,55.392885,58.71,1,1
2026-05-14,2026-05-14 20:00:00,vendredi,early_entry,['vendredi'],Vendredi | Entrée Avant 21H,DICE,45.674834999999995,48.41,1,1
2026-05-14,2026-05-14 20:17:00,vendredi,early_entry,['vendredi'],Vendredi | Entrée Avant 21H,DICE,45.674834999999995,48.41,1,1
2026-05-14,2026-05-14 20:25:00,vendredi,regular,['vendredi'],Vendredi | Billet Standard,DICE,55.392885,58.71,1,1
2026-05-14,2026-05-14 20:40:00,vendredi,early_entry,['vendredi'],Vendredi | Entrée Avant 21H,DICE,45.674834999999995,48.41,1,1
2026-05-14,2026-05-14 20:43:00,samedi,early_entry,['samedi'],Samedi | Entrée Avant 21H,DICE,45.674834999999995,48.41,1,1
2026-05-14,2026-05-14 20:43:00,samedi,early_entry,['samedi'],Samedi | Entrée Avant 21H,DICE,45.674834999999995,48.41,1,1
2026-05-14,2026-05-14 21:05:00,samedi,regular,['samedi'],Samedi | Billet Standard,DICE,55.392885,58.71,1,1
2026-05-14,2026-05-14 21:05:00,samedi,regular,['samedi'],Samedi | Billet Standard,DICE,55.392885,58.71,1,1
2026-05-14,2026-05-14 22:01:00,samedi,early_entry,['samedi'],Samedi | Entrée Avant 21H,DICE,45.674834999999995,48.41,1,1
2026-05-14,2026-05-14 22:01:00,samedi,early_entry,['samedi'],Samedi | Entrée Avant 21H,DICE,45.674834999999995,48.41,1,1
2026-05-14,2026-05-14 22:01:00,samedi,early_entry,['samedi'],Samedi | Entrée Avant 21H,DICE,45.674834999999995,48.41,1,1
2026-05-14,2026-05-14 22:01:00,samedi,early_entry,['samedi'],Samedi | Entrée Avant 21H,DICE,45.674834999999995,48.41,1,1
2026-05-14,2026-05-14 23:19:00,samedi,early_entry,['samedi'],Samedi | Entrée Avant 21H,DICE,45.674834999999995,48.41,1,1
2026-05-14,2026-05-14 23:19:00,samedi,early_entry,['samedi'],Samedi | Entrée Avant 21H,DICE,45.674834999999995,48.41,1,1
2026-05-14,2026-05-14 23:21:00,samedi,early_entry,['samedi'],Samedi | Entrée Avant 21H,DICE,45.674834999999995,48.41,1,1
2026-05-14,2026-05-14 23:21:00,samedi,early_entry,['samedi'],Samedi | Entrée Avant 21H,DICE,45.674834999999995,48.41,1,1
2026-05-15,2026-05-15 10:35:40,vendredi,regular,['vendredi'],Pass Vendredi,Shotgun,53.64,60.62,1,1
2026-05-15,2026-05-15 11:11:00,single_day,regular,,Weekend | Billet Standard,DICE,89.40606000000001,94.76,1,1
2026-05-15,2026-05-15 11:11:00,single_day,regular,,Weekend | Billet Standard,DICE,89.40606000000001,94.76,1,1
2026-05-15,2026-05-15 12:30:00,samedi,early_entry,['samedi'],Samedi | Entrée Avant 21H,DICE,45.674834999999995,48.41,1,1
2026-05-15,2026-05-15 12:30:00,samedi,early_entry,['samedi'],Samedi | Entrée Avant 21H,DICE,45.674834999999995,48.41,1,1
2026-05-15,2026-05-15 12:51:00,vendredi,regular,['vendredi'],Vendredi | Billet Standard,DICE,55.392885,58.71,1,1
2026-05-15,2026-05-15 12:51:00,vendredi,regular,['vendredi'],Vendredi | Billet Standard,DICE,55.392885,58.71,1,1
2026-05-15,2026-05-15 14:22:13,2-jours,regular,,Pass 2 Jours,Shotgun,86.36,97.61,1,1
2026-05-15,2026-05-15 14:22:13,2-jours,regular,,Pass 2 Jours,Shotgun,86.36,97.61,1,1
2026-05-15,2026-05-15 14:23:32,vendredi,early_entry,['vendredi'],Pass Vendredi,Shotgun,45.0,50.86,1,1
2026-05-15,2026-05-15 15:12:11,vendredi,early_entry,['vendredi'],Pass Vendredi,Shotgun,45.0,50.86,1,1
2026-05-15,2026-05-15 15:32:00,vendredi,regular,['vendredi'],Vendredi | Billet Standard,DICE,55.392885,58.71,1,1
2026-05-15,2026-05-15 15:32:00,vendredi,regular,['vendredi'],Vendredi | Billet Standard,DICE,55.392885,58.71,1,1
2026-05-15,2026-05-15 17:18:00,samedi,regular,['samedi'],Samedi | Billet Standard,DICE,55.392885,58.71,1,1
2026-05-15,2026-05-15 17:30:00,samedi,regular,['samedi'],Samedi | Billet Standard,DICE,55.392885,58.71,1,1
2026-05-15,2026-05-15 17:30:00,samedi,regular,['samedi'],Samedi | Billet Standard,DICE,55.392885,58.71,1,1
2026-05-15,2026-05-15 17:39:16,2-jours,regular,,Pass 2 Jours,Shotgun,86.36,97.61,1,1
2026-05-15,2026-05-15 17:41:00,vendredi,early_entry,['vendredi'],Vendredi | Entrée Avant 21H,DICE,45.674834999999995,48.41,1,1
2026-05-15,2026-05-15 17:41:00,samedi,early_entry,['samedi'],Samedi | Entrée Avant 21H,DICE,45.674834999999995,48.41,1,1
2026-05-15,2026-05-15 17:44:00,single_day,regular,,Weekend | Billet Standard,DICE,89.40606000000001,94.76,1,1
2026-05-15,2026-05-15 17:47:00,vendredi,regular,['vendredi'],Vendredi | Billet Standard,DICE,55.392885,58.71,1,1
2026-05-15,2026-05-15 18:33:00,vendredi,regular,['vendredi'],Vendredi | Billet Standard,DICE,55.392885,58.71,1,1
2026-05-15,2026-05-15 18:33:00,vendredi,regular,['vendredi'],Vendredi | Billet Standard,DICE,55.392885,58.71,1,1
2026-05-15,2026-05-15 18:33:00,vendredi,regular,['vendredi'],Vendredi | Billet Standard,DICE,55.392885,58.71,1,1
2026-05-15,2026-05-15 18:33:00,vendredi,regular,['vendredi'],Vendredi | Billet Standard,DICE,55.392885,58.71,1,1
2026-05-15,2026-05-15 18:42:00,samedi,early_entry,['samedi'],Samedi | Entrée Avant 21H,DICE,45.674834999999995,48.41,1,1
2026-05-15,2026-05-15 18:42:00,samedi,early_entry,['samedi'],Samedi | Entrée Avant 21H,DICE,45.674834999999995,48.41,1,1
2026-05-15,2026-05-15 21:08:00,vendredi,vip,['vendredi'],Vendredi | Entrée VIP | Billet Standard,DICE,128.27826000000002,135.96,1,1
2026-05-15,2026-05-15 21:17:00,single_day,regular,,Weekend | Billet Standard,DICE,89.40606000000001,94.76,1,1
2026-05-15,2026-05-15 22:08:00,vendredi,early_entry,['vendredi'],Vendredi | Entrée Avant 21H,DICE,45.674834999999995,48.41,1,1
2026-05-15,2026-05-15 22:08:00,vendredi,early_entry,['vendredi'],Vendredi | Entrée Avant 21H,DICE,45.674834999999995,48.41,1,1
2026-05-15,2026-05-15 22:34:00,vendredi,early_entry,['vendredi'],Vendredi | Entrée Avant 21H,DICE,45.674834999999995,48.41,1,1
2026-05-15,2026-05-15 22:34:00,vendredi,early_entry,['vendredi'],Vendredi | Entrée Avant 21H,DICE,45.674834999999995,48.41,1,1
2026-05-15,2026-05-15 23:06:00,vendredi,regular,['vendredi'],Vendredi | Billet Standard,DICE,55.392885,58.71,1,1
2026-05-15,2026-05-15 23:06:00,vendredi,regular,['vendredi'],Vendredi | Billet Standard,DICE,55.392885,58.71,1,1
2026-05-15,2026-05-15 23:29:00,samedi,regular,['samedi'],Samedi | Billet Standard,DICE,55.392885,58.71,1,1
2026-05-16,2026-05-16 07:00:06,vendredi,regular,['vendredi'],Pass Vendredi,Shotgun,53.64,60.62,1,1
2026-05-16,2026-05-16 07:00:06,vendredi,regular,['vendredi'],Pass Vendredi,Shotgun,53.64,60.62,1,1
2026-05-16,2026-05-16 07:56:32,samedi,early_entry,['samedi'],Pass Samedi,Shotgun,45.0,50.86,1,1
2026-05-16,2026-05-16 09:49:05,vendredi,early_entry,['vendredi'],Pass Vendredi,Shotgun,45.0,50.86,1,1
2026-05-16,2026-05-16 09:57:25,vendredi,early_entry,['vendredi'],Pass Vendredi,Shotgun,45.0,50.86,1,1
2026-05-16,2026-05-16 13:16:59,vendredi,regular,['vendredi'],Pass Vendredi,Shotgun,53.64,60.62,1,1
2026-05-16,2026-05-16 13:31:10,2-jours,regular,,Pass 2 Jours,Shotgun,86.36,97.61,1,1
2026-05-16,2026-05-16 13:39:00,vendredi,early_entry,['vendredi'],Vendredi | Entrée Avant 21H,DICE,45.674834999999995,48.41,1,1
2026-05-16,2026-05-16 13:39:00,vendredi,early_entry,['vendredi'],Vendredi | Entrée Avant 21H,DICE,45.674834999999995,48.41,1,1
2026-05-16,2026-05-16 13:39:00,vendredi,early_entry,['vendredi'],Vendredi | Entrée Avant 21H,DICE,45.674834999999995,48.41,1,1
2026-05-16,2026-05-16 14:49:00,single_day,regular,,Weekend | Billet Standard,DICE,89.40606000000001,94.76,1,1
2026-05-16,2026-05-16 20:00:03,samedi,early_entry,['samedi'],Pass Samedi,Shotgun,45.0,50.86,1,1
2026-05-16,2026-05-16 20:00:03,samedi,early_entry,['samedi'],Pass Samedi,Shotgun,45.0,50.86,1,1
2026-05-16,2026-05-16 20:08:00,samedi,regular,['samedi'],Samedi | Billet Standard,DICE,55.392885,58.71,1,1
2026-05-16,2026-05-16 20:08:00,samedi,regular,['samedi'],Samedi | Billet Standard,DICE,55.392885,58.71,1,1
2026-05-16,2026-05-16 20:23:00,vendredi,regular,['vendredi'],Vendredi | Billet Standard,DICE,55.392885,58.71,1,1
2026-05-16,2026-05-16 20:23:00,vendredi,regular,['vendredi'],Vendredi | Billet Standard,DICE,55.392885,58.71,1,1
2026-05-16,2026-05-16 20:23:00,vendredi,regular,['vendredi'],Vendredi | Billet Standard,DICE,55.392885,58.71,1,1
2026-05-16,2026-05-16 20:52:00,vendredi,early_entry,['vendredi'],Vendredi | Entrée Avant 21H,DICE,45.674834999999995,48.41,1,1
2026-05-16,2026-05-16 21:04:00,vendredi,regular,['vendredi'],Vendredi | Billet Standard,DICE,55.392885,58.71,1,1
2026-05-16,2026-05-16 21:38:43,samedi,early_entry,['samedi'],Pass Samedi,Shotgun,45.0,50.86,1,1
2026-05-16,2026-05-16 22:02:00,vendredi,regular,['vendredi'],Vendredi | Billet Standard,DICE,55.392885,58.71,1,1
2026-05-16,2026-05-16 22:02:00,vendredi,regular,['vendredi'],Vendredi | Billet Standard,DICE,55.392885,58.71,1,1
2026-05-16,2026-05-16 22:02:00,vendredi,regular,['vendredi'],Vendredi | Billet Standard,DICE,55.392885,58.71,1,1
2026-05-16,2026-05-16 22:02:00,vendredi,regular,['vendredi'],Vendredi | Billet Standard,DICE,55.392885,58.71,1,1
2026-05-16,2026-05-16 23:11:56,2-jours,regular,,Pass 2 Jours,Shotgun,86.36,97.61,1,1
2026-05-16,2026-05-16 23:35:00,samedi,regular,['samedi'],Samedi | Billet Standard,DICE,55.392885,58.71,1,1
2026-05-17,2026-05-17 05:18:00,vendredi,early_entry,['vendredi'],Vendredi | Entrée Avant 21H,DICE,45.674834999999995,48.41,1,1
2026-05-17,2026-05-17 05:18:00,vendredi,early_entry,['vendredi'],Vendredi | Entrée Avant 21H,DICE,45.674834999999995,48.41,1,1
2026-05-17,2026-05-17 05:18:00,vendredi,early_entry,['vendredi'],Vendredi | Entrée Avant 21H,DICE,45.674834999999995,48.41,1,1
2026-05-17,2026-05-17 05:18:00,vendredi,early_entry,['vendredi'],Vendredi | Entrée Avant 21H,DICE,45.674834999999995,48.41,1,1
2026-05-17,2026-05-17 05:18:00,vendredi,early_entry,['vendredi'],Vendredi | Entrée Avant 21H,DICE,45.674834999999995,48.41,1,1
2026-05-17,2026-05-17 05:18:00,vendredi,early_entry,['vendredi'],Vendredi | Entrée Avant 21H,DICE,45.674834999999995,48.41,1,1
2026-05-17,2026-05-17 09:20:00,vendredi,early_entry,['vendredi'],Vendredi | Entrée Avant 21H,DICE,45.674834999999995,48.41,1,1
2026-05-17,2026-05-17 09:20:00,vendredi,early_entry,['vendredi'],Vendredi | Entrée Avant 21H,DICE,45.674834999999995,48.41,1,1
2026-05-17,2026-05-17 11:03:00,vendredi,early_entry,['vendredi'],Vendredi | Entrée Avant 21H,DICE,45.674834999999995,48.41,1,1
2026-05-17,2026-05-17 11:03:00,vendredi,early_entry,['vendredi'],Vendredi | Entrée Avant 21H,DICE,45.674834999999995,48.41,1,1
2026-05-17,2026-05-17 11:44:15,vendredi,regular,['vendredi'],Pass Vendredi,Shotgun,53.64,60.62,1,1
2026-05-17,2026-05-17 11:48:56,vendredi,regular,['vendredi'],Pass Vendredi,Shotgun,53.64,60.62,1,1
2026-05-17,2026-05-17 11:48:56,vendredi,regular,['vendredi'],Pass Vendredi,Shotgun,53.64,60.62,1,1
2026-05-17,2026-05-17 13:03:00,samedi,early_entry,['samedi'],Samedi | Entrée Avant 21H,DICE,45.674834999999995,48.41,1,1
2026-05-17,2026-05-17 13:03:00,samedi,early_entry,['samedi'],Samedi | Entrée Avant 21H,DICE,45.674834999999995,48.41,1,1
2026-05-17,2026-05-17 13:06:22,vendredi,early_entry,['vendredi'],Pass Vendredi,Shotgun,45.0,50.86,1,1
2026-05-17,2026-05-17 13:07:00,samedi,regular,['samedi'],Samedi | Billet Standard,DICE,55.392885,58.71,1,1
2026-05-17,2026-05-17 13:07:00,samedi,regular,['samedi'],Samedi | Billet Standard,DICE,55.392885,58.71,1,1
2026-05-17,2026-05-17 14:13:00,single_day,regular,,Weekend | Billet Standard,DICE,89.40606000000001,94.76,1,1
2026-05-17,2026-05-17 15:19:00,samedi,regular,['samedi'],Samedi | Billet Standard,DICE,55.392885,58.71,1,1
2026-05-17,2026-05-17 16:32:00,vendredi,early_entry,['vendredi'],Vendredi | Entrée Avant 21H,DICE,45.674834999999995,48.41,1,1
2026-05-17,2026-05-17 16:32:00,vendredi,early_entry,['vendredi'],Vendredi | Entrée Avant 21H,DICE,45.674834999999995,48.41,1,1
2026-05-17,2026-05-17 16:51:00,vendredi,regular,['vendredi'],Vendredi | Billet Standard,DICE,55.392885,58.71,1,1
2026-05-17,2026-05-17 16:51:00,vendredi,regular,['vendredi'],Vendredi | Billet Standard,DICE,55.392885,58.71,1,1
2026-05-17,2026-05-17 16:51:00,vendredi,regular,['vendredi'],Vendredi | Billet Standard,DICE,55.392885,58.71,1,1
2026-05-17,2026-05-17 16:51:00,vendredi,regular,['vendredi'],Vendredi | Billet Standard,DICE,55.392885,58.71,1,1
2026-05-17,2026-05-17 16:51:00,vendredi,regular,['vendredi'],Vendredi | Billet Standard,DICE,55.392885,58.71,1,1
2026-05-17,2026-05-17 16:51:00,vendredi,regular,['vendredi'],Vendredi | Billet Standard,DICE,55.392885,58.71,1,1
2026-05-17,2026-05-17 16:51:00,vendredi,regular,['vendredi'],Vendredi | Billet Standard,DICE,55.392885,58.71,1,1
2026-05-17,2026-05-17 18:08:00,vendredi,early_entry,['vendredi'],Vendredi | Entrée Avant 21H,DICE,45.674834999999995,48.41,1,1
2026-05-17,2026-05-17 18:08:00,vendredi,early_entry,['vendredi'],Vendredi | Entrée Avant 21H,DICE,45.674834999999995,48.41,1,1
2026-05-17,2026-05-17 18:30:00,samedi,early_entry,['samedi'],Samedi | Entrée Avant 21H,DICE,45.674834999999995,48.41,1,1
2026-05-17,2026-05-17 18:30:00,samedi,early_entry,['samedi'],Samedi | Entrée Avant 21H,DICE,45.674834999999995,48.41,1,1
2026-05-17,2026-05-17 18:30:00,samedi,early_entry,['samedi'],Samedi | Entrée Avant 21H,DICE,45.674834999999995,48.41,1,1
2026-05-17,2026-05-17 18:30:00,samedi,early_entry,['samedi'],Samedi | Entrée Avant 21H,DICE,45.674834999999995,48.41,1,1
2026-05-17,2026-05-17 19:31:00,single_day,regular,,Weekend | Billet Standard,DICE,89.40606000000001,94.76,1,1
2026-05-17,2026-05-17 20:37:00,vendredi,early_entry,['vendredi'],Vendredi | Entrée Avant 21H,DICE,45.674834999999995,48.41,1,1
2026-05-17,2026-05-17 20:37:00,vendredi,early_entry,['vendredi'],Vendredi | Entrée Avant 21H,DICE,45.674834999999995,48.41,1,1
2026-05-17,2026-05-17 20:37:00,vendredi,early_entry,['vendredi'],Vendredi | Entrée Avant 21H,DICE,45.674834999999995,48.41,1,1
2026-05-17,2026-05-17 20:37:00,vendredi,early_entry,['vendredi'],Vendredi | Entrée Avant 21H,DICE,45.674834999999995,48.41,1,1
2026-05-17,2026-05-17 20:37:00,vendredi,early_entry,['vendredi'],Vendredi | Entrée Avant 21H,DICE,45.674834999999995,48.41,1,1
2026-05-17,2026-05-17 20:37:00,vendredi,early_entry,['vendredi'],Vendredi | Entrée Avant 21H,DICE,45.674834999999995,48.41,1,1
2026-05-17,2026-05-17 20:37:00,vendredi,early_entry,['vendredi'],Vendredi | Entrée Avant 21H,DICE,45.674834999999995,48.41,1,1
2026-05-17,2026-05-17 20:46:00,vendredi,regular,['vendredi'],Vendredi | Billet Standard,DICE,55.392885,58.71,1,1
2026-05-17,2026-05-17 20:46:00,vendredi,regular,['vendredi'],Vendredi | Billet Standard,DICE,55.392885,58.71,1,1
2026-05-17,2026-05-17 21:41:00,vendredi,regular,['vendredi'],Vendredi | Billet Standard,DICE,55.392885,58.71,1,1
2026-05-17,2026-05-17 23:03:00,vendredi,regular,['vendredi'],Vendredi | Billet Standard,DICE,55.392885,58.71,1,1
2026-05-17,2026-05-17 23:03:00,vendredi,regular,['vendredi'],Vendredi | Billet Standard,DICE,55.392885,58.71,1,1
2026-05-18,2026-05-18 08:19:00,vendredi,regular,['vendredi'],Vendredi | Billet Standard,DICE,55.392885,58.71,1,1
2026-05-18,2026-05-18 12:29:00,samedi,early_entry,['samedi'],Samedi | Entrée Avant 21H,DICE,45.674834999999995,48.41,1,1
2026-05-18,2026-05-18 12:37:00,vendredi,early_entry,['vendredi'],Vendredi | Entrée Avant 21H,DICE,45.674834999999995,48.41,1,1
2026-05-18,2026-05-18 12:37:00,vendredi,early_entry,['vendredi'],Vendredi | Entrée Avant 21H,DICE,45.674834999999995,48.41,1,1
2026-05-18,2026-05-18 14:46:00,single_day,regular,,Weekend | Billet Standard,DICE,89.40606000000001,94.76,1,1
2026-05-18,2026-05-18 15:03:16,samedi,early_entry,['samedi'],Pass Samedi,Shotgun,45.0,50.86,1,1
2026-05-18,2026-05-18 17:04:00,samedi,early_entry,['samedi'],Samedi | Entrée Avant 21H,DICE,45.674834999999995,48.41,1,1
2026-05-18,2026-05-18 19:53:53,vendredi,regular,['vendredi'],Pass Vendredi,Shotgun,53.64,60.62,1,1
2026-05-18,2026-05-18 19:55:00,vendredi,early_entry,['vendredi'],Vendredi | Entrée Avant 21H,DICE,45.674834999999995,48.41,1,1
2026-05-18,2026-05-18 19:55:00,vendredi,early_entry,['vendredi'],Vendredi | Entrée Avant 21H,DICE,45.674834999999995,48.41,1,1
2026-05-18,2026-05-18 19:55:00,vendredi,early_entry,['vendredi'],Vendredi | Entrée Avant 21H,DICE,45.674834999999995,48.41,1,1
2026-05-18,2026-05-18 19:55:00,vendredi,early_entry,['vendredi'],Vendredi | Entrée Avant 21H,DICE,45.674834999999995,48.41,1,1
2026-05-18,2026-05-18 21:19:40,2-jours,regular,,Pass 2 Jours,Shotgun,86.36,97.61,1,1
2026-05-18,2026-05-18 22:28:00,samedi,regular,['samedi'],Samedi | Billet Standard,DICE,55.392885,58.71,1,1
2026-05-18,2026-05-18 23:11:00,single_day,regular,,Weekend | Billet Standard,DICE,89.40606000000001,94.76,1,1
2026-05-19,2026-05-19 01:31:00,vendredi,vip,['vendredi'],Vendredi | Entrée VIP | Billet Standard,DICE,128.27826000000002,135.96,1,1
2026-05-19,2026-05-19 01:31:00,vendredi,vip,['vendredi'],Vendredi | Entrée VIP | Billet Standard,DICE,128.27826000000002,135.96,1,1
2026-05-19,2026-05-19 08:47:12,vendredi,regular,['vendredi'],Pass Vendredi,Shotgun,53.64,60.62,1,1
2026-05-19,2026-05-19 09:24:11,samedi,regular,['samedi'],Pass Samedi,Shotgun,53.64,60.62,1,1
2026-05-19,2026-05-19 10:32:00,single_day,regular,,Weekend | Billet Standard,DICE,89.40606000000001,94.76,1,1
2026-05-19,2026-05-19 11:32:00,vendredi,vip,['vendredi'],Vendredi | Entrée VIP | Billet Standard,DICE,128.27826000000002,135.96,1,1
2026-05-19,2026-05-19 11:32:00,vendredi,vip,['vendredi'],Vendredi | Entrée VIP | Billet Standard,DICE,128.27826000000002,135.96,1,1
2026-05-19,2026-05-19 12:46:00,samedi,regular,['samedi'],Samedi | Billet Standard,DICE,55.392885,58.71,1,1
2026-05-19,2026-05-19 12:53:07,2-jours,regular,,Pass 2 Jours,Shotgun,86.36,97.61,1,1
2026-05-19,2026-05-19 14:08:00,vendredi,early_entry,['vendredi'],Vendredi | Entrée Avant 21H,DICE,45.674834999999995,48.41,1,1
2026-05-19,2026-05-19 14:08:00,vendredi,early_entry,['vendredi'],Vendredi | Entrée Avant 21H,DICE,45.674834999999995,48.41,1,1
2026-05-19,2026-05-19 14:20:00,samedi,early_entry,['samedi'],Samedi | Entrée Avant 21H,DICE,45.674834999999995,48.41,1,1
2026-05-19,2026-05-19 14:20:00,samedi,early_entry,['samedi'],Samedi | Entrée Avant 21H,DICE,45.674834999999995,48.41,1,1
2026-05-19,2026-05-19 14:37:00,vendredi,regular,['vendredi'],Vendredi | Billet Standard,DICE,55.392885,58.71,1,1
2026-05-19,2026-05-19 15:33:54,2-jours,regular,,Pass 2 Jours,Shotgun,86.36,97.61,1,1
2026-05-19,2026-05-19 16:51:27,2-jours,regular,,Pass 2 Jours,Shotgun,86.36,97.61,1,1
2026-05-19,2026-05-19 19:37:00,samedi,early_entry,['samedi'],Samedi | Entrée Avant 21H,DICE,45.674834999999995,48.41,1,1
2026-05-19,2026-05-19 19:37:00,samedi,early_entry,['samedi'],Samedi | Entrée Avant 21H,DICE,45.674834999999995,48.41,1,1
2026-05-19,2026-05-19 20:43:00,vendredi,regular,['vendredi'],Vendredi | Billet Standard,DICE,55.392885,58.71,1,1
2026-05-19,2026-05-19 21:34:00,samedi,regular,['samedi'],Samedi | Billet Standard,DICE,55.392885,58.71,1,1
2026-05-19,2026-05-19 23:05:00,vendredi,early_entry,['vendredi'],Vendredi | Entrée Avant 21H,DICE,45.674834999999995,48.41,1,1
2026-05-20,2026-05-20 10:42:35,2-jours,regular,,Pass 2 Jours,Shotgun,86.36,97.61,1,1
2026-05-20,2026-05-20 14:15:00,single_day,regular,,Weekend | Billet Standard,DICE,89.40606000000001,94.76,1,1
2026-05-20,2026-05-20 14:15:00,single_day,regular,,Weekend | Billet Standard,DICE,89.40606000000001,94.76,1,1
2026-05-20,2026-05-20 16:29:00,single_day,regular,,Weekend | Billet Standard,DICE,89.40606000000001,94.76,1,1
2026-05-20,2026-05-20 16:56:00,vendredi,regular,['vendredi'],Vendredi | Billet Standard,DICE,55.392885,58.71,1,1
2026-05-20,2026-05-20 18:07:00,vendredi,early_entry,['vendredi'],Vendredi | Entrée Avant 21H,DICE,45.674834999999995,48.41,1,1
2026-05-20,2026-05-20 18:07:00,vendredi,early_entry,['vendredi'],Vendredi | Entrée Avant 21H,DICE,45.674834999999995,48.41,1,1
2026-05-20,2026-05-20 18:07:00,vendredi,early_entry,['vendredi'],Vendredi | Entrée Avant 21H,DICE,45.674834999999995,48.41,1,1
2026-05-20,2026-05-20 21:10:00,samedi,regular,['samedi'],Samedi | Billet Standard,DICE,55.392885,58.71,1,1
2026-05-20,2026-05-20 21:10:00,samedi,regular,['samedi'],Samedi | Billet Standard,DICE,55.392885,58.71,1,1
2026-05-20,2026-05-20 21:18:00,vendredi,early_entry,['vendredi'],Vendredi | Entrée Avant 21H,DICE,45.674834999999995,48.41,1,1
2026-05-20,2026-05-20 21:18:00,single_day,regular,,Weekend | Billet Standard,DICE,89.40606000000001,94.76,1,1
2026-05-20,2026-05-20 22:14:00,vendredi,regular,['vendredi'],Vendredi | Billet Standard,DICE,55.392885,58.71,1,1
2026-05-20,2026-05-20 22:14:00,vendredi,regular,['vendredi'],Vendredi | Billet Standard,DICE,55.392885,58.71,1,1
2026-05-20,2026-05-20 22:14:00,vendredi,regular,['vendredi'],Vendredi | Billet Standard,DICE,55.392885,58.71,1,1
2026-05-21,2026-05-21 06:03:55,vendredi,regular,['vendredi'],Pass Vendredi,Shotgun,53.64,60.62,1,1
2026-05-21,2026-05-21 07:39:00,samedi,regular,['samedi'],Samedi | Billet Standard,DICE,55.392885,58.71,1,1
2026-05-21,2026-05-21 08:03:00,samedi,regular,['samedi'],Samedi | Billet Standard,DICE,55.392885,58.71,1,1
2026-05-21,2026-05-21 10:08:00,vendredi,early_entry,['vendredi'],Vendredi | Entrée Avant 21H,DICE,45.674834999999995,48.41,1,1
2026-05-21,2026-05-21 10:08:00,vendredi,early_entry,['vendredi'],Vendredi | Entrée Avant 21H,DICE,45.674834999999995,48.41,1,1
2026-05-21,2026-05-21 10:08:00,vendredi,early_entry,['vendredi'],Vendredi | Entrée Avant 21H,DICE,45.674834999999995,48.41,1,1
2026-05-21,2026-05-21 10:08:00,vendredi,early_entry,['vendredi'],Vendredi | Entrée Avant 21H,DICE,45.674834999999995,48.41,1,1
2026-05-21,2026-05-21 12:42:01,samedi,regular,['samedi'],Pass Samedi,Shotgun,53.64,60.62,1,1
2026-05-21,2026-05-21 12:42:01,samedi,regular,['samedi'],Pass Samedi,Shotgun,53.64,60.62,1,1
2026-05-21,2026-05-21 12:46:00,vendredi,early_entry,['vendredi'],Vendredi | Entrée Avant 21H,DICE,45.674834999999995,48.41,1,1
2026-05-21,2026-05-21 17:56:00,samedi,regular,['samedi'],Samedi | Billet Standard,DICE,55.392885,58.71,1,1
2026-05-21,2026-05-21 18:34:00,samedi,early_entry,['samedi'],Samedi | Entrée Avant 21H,DICE,45.674834999999995,48.41,1,1
2026-05-21,2026-05-21 18:34:00,samedi,early_entry,['samedi'],Samedi | Entrée Avant 21H,DICE,45.674834999999995,48.41,1,1
2026-05-21,2026-05-21 19:06:07,vendredi,regular,['vendredi'],Pass Vendredi,Shotgun,53.64,60.62,1,1
2026-05-21,2026-05-21 19:06:07,vendredi,regular,['vendredi'],Pass Vendredi,Shotgun,53.64,60.62,1,1
2026-05-21,2026-05-21 21:40:00,vendredi,vip,['vendredi'],Vendredi | Entrée VIP | Billet Standard,DICE,128.27826000000002,135.96,1,1
2026-05-21,2026-05-21 21:52:00,vendredi,vip,['vendredi'],Vendredi | Entrée VIP | Billet Standard,DICE,128.27826000000002,135.96,1,1
2026-05-21,2026-05-21 22:01:00,vendredi,early_entry,['vendredi'],Vendredi | Entrée Avant 21H,DICE,45.674834999999995,48.41,1,1
2026-05-21,2026-05-21 22:16:00,vendredi,early_entry,['vendredi'],Vendredi | Entrée Avant 21H,DICE,45.674834999999995,48.41,1,1
2026-05-21,2026-05-21 22:16:00,vendredi,early_entry,['vendredi'],Vendredi | Entrée Avant 21H,DICE,45.674834999999995,48.41,1,1
2026-05-22,2026-05-22 06:07:36,samedi,early_entry,['samedi'],Pass Samedi,Shotgun,45.0,50.86,1,1
2026-05-22,2026-05-22 09:04:26,2-jours,regular,,Pass 2 Jours,Shotgun,86.36,97.61,1,1
2026-05-22,2026-05-22 10:19:06,2-jours,regular,,Pass 2 Jours,Shotgun,86.36,97.61,1,1
2026-05-22,2026-05-22 10:19:24,2-jours,regular,,Pass 2 Jours,Shotgun,86.36,97.61,1,1
2026-05-22,2026-05-22 13:37:59,vendredi,regular,['vendredi'],Pass Vendredi,Shotgun,53.64,60.62,1,1
2026-05-22,2026-05-22 14:35:02,vendredi,early_entry,['vendredi'],Pass Vendredi,Shotgun,45.0,50.86,1,1
2026-05-22,2026-05-22 14:35:02,vendredi,early_entry,['vendredi'],Pass Vendredi,Shotgun,45.0,50.86,1,1
2026-05-22,2026-05-22 15:12:18,vendredi,early_entry,['vendredi'],Pass Vendredi,Shotgun,45.0,50.86,1,1
2026-05-22,2026-05-22 15:25:55,samedi,regular,['samedi'],Pass Samedi,Shotgun,53.64,60.62,1,1
2026-05-22,2026-05-22 15:25:55,samedi,regular,['samedi'],Pass Samedi,Shotgun,53.64,60.62,1,1
2026-05-22,2026-05-22 15:25:55,samedi,regular,['samedi'],Pass Samedi,Shotgun,53.64,60.62,1,1
2026-05-22,2026-05-22 15:25:55,samedi,regular,['samedi'],Pass Samedi,Shotgun,53.64,60.62,1,1
2026-05-22,2026-05-22 15:48:00,vendredi,regular,['vendredi'],Vendredi | Billet Standard,DICE,55.392885,58.71,1,1
2026-05-22,2026-05-22 15:48:00,vendredi,regular,['vendredi'],Vendredi | Billet Standard,DICE,55.392885,58.71,1,1
2026-05-22,2026-05-22 16:25:31,samedi,early_entry,['samedi'],Pass Samedi,Shotgun,45.0,50.86,1,1
2026-05-22,2026-05-22 17:45:00,samedi,regular,['samedi'],Samedi | Billet Standard,DICE,55.392885,58.71,1,1
2026-05-22,2026-05-22 17:45:00,samedi,regular,['samedi'],Samedi | Billet Standard,DICE,55.392885,58.71,1,1
2026-05-22,2026-05-22 19:10:00,samedi,regular,['samedi'],Samedi | Billet Standard,DICE,55.392885,58.71,1,1
2026-05-22,2026-05-22 20:52:00,samedi,vip,['samedi'],Samedi | Entrée VIP | Billet Standard,DICE,128.27826000000002,135.96,1,1
2026-05-22,2026-05-22 21:09:00,samedi,early_entry,['samedi'],Samedi | Entrée Avant 21H,DICE,45.674834999999995,48.41,1,1
2026-05-22,2026-05-22 21:09:00,samedi,early_entry,['samedi'],Samedi | Entrée Avant 21H,DICE,45.674834999999995,48.41,1,1
2026-05-22,2026-05-22 22:12:00,single_day,regular,,Weekend | Billet Standard,DICE,89.40606000000001,94.76,1,1
2026-05-22,2026-05-22 22:12:00,single_day,regular,,Weekend | Billet Standard,DICE,89.40606000000001,94.76,1,1
2026-05-22,2026-05-22 22:46:00,single_day,regular,,Weekend | Billet Standard,DICE,89.40606000000001,94.76,1,1
2026-05-23,2026-05-23 10:56:00,single_day,regular,,Weekend | Billet Standard,DICE,89.40606000000001,94.76,1,1
2026-05-23,2026-05-23 13:42:00,samedi,regular,['samedi'],Samedi | Billet Standard,DICE,55.392885,58.71,1,1
2026-05-23,2026-05-23 13:42:00,samedi,regular,['samedi'],Samedi | Billet Standard,DICE,55.392885,58.71,1,1
2026-05-23,2026-05-23 13:42:00,samedi,regular,['samedi'],Samedi | Billet Standard,DICE,55.392885,58.71,1,1
2026-05-23,2026-05-23 14:52:49,vendredi,regular,['vendredi'],Pass Vendredi,Shotgun,53.64,60.62,1,1
2026-05-23,2026-05-23 14:52:49,vendredi,regular,['vendredi'],Pass Vendredi,Shotgun,53.64,60.62,1,1
2026-05-23,2026-05-23 14:52:49,vendredi,regular,['vendredi'],Pass Vendredi,Shotgun,53.64,60.62,1,1
2026-05-23,2026-05-23 16:21:00,vendredi,regular,['vendredi'],Vendredi | Billet Standard,DICE,55.392885,58.71,1,1
2026-05-23,2026-05-23 16:24:00,single_day,regular,,Weekend | Billet Standard,DICE,89.40606000000001,94.76,1,1
2026-05-23,2026-05-23 16:24:00,single_day,regular,,Weekend | Billet Standard,DICE,89.40606000000001,94.76,1,1
2026-05-23,2026-05-23 16:59:00,single_day,regular,,Weekend | Billet Standard,DICE,89.40606000000001,94.76,1,1
2026-05-23,2026-05-23 18:09:00,samedi,regular,['samedi'],Samedi | Billet Standard,DICE,55.392885,58.71,1,1
2026-05-23,2026-05-23 18:09:00,samedi,regular,['samedi'],Samedi | Billet Standard,DICE,55.392885,58.71,1,1
2026-05-23,2026-05-23 18:09:00,samedi,regular,['samedi'],Samedi | Billet Standard,DICE,55.392885,58.71,1,1
2026-05-23,2026-05-23 18:23:00,vendredi,regular,['vendredi'],Vendredi | Billet Standard,DICE,55.392885,58.71,1,1
2026-05-23,2026-05-23 18:40:00,single_day,regular,,Weekend | Billet Standard,DICE,89.40606000000001,94.76,1,1
2026-05-23,2026-05-23 18:50:42,2-jours,regular,,Pass 2 Jours,Shotgun,86.36,97.61,1,1
2026-05-23,2026-05-23 19:47:32,vendredi,early_entry,['vendredi'],Pass Vendredi,Shotgun,45.0,50.86,1,1
2026-05-23,2026-05-23 20:38:00,vendredi,regular,['vendredi'],Vendredi | Billet Standard,DICE,55.392885,58.71,1,1
2026-05-23,2026-05-23 20:38:00,vendredi,regular,['vendredi'],Vendredi | Billet Standard,DICE,55.392885,58.71,1,1
2026-05-23,2026-05-23 20:44:00,vendredi,early_entry,['vendredi'],Vendredi | Entrée Avant 21H,DICE,45.674834999999995,48.41,1,1
2026-05-23,2026-05-23 20:44:00,vendredi,early_entry,['vendredi'],Vendredi | Entrée Avant 21H,DICE,45.674834999999995,48.41,1,1
2026-05-23,2026-05-23 21:00:00,vendredi,early_entry,['vendredi'],Vendredi | Entrée Avant 21H,DICE,45.674834999999995,48.41,1,1
2026-05-23,2026-05-23 21:02:00,vendredi,regular,['vendredi'],Vendredi | Billet Standard,DICE,55.392885,58.71,1,1
2026-05-23,2026-05-23 21:49:00,samedi,vip,['samedi'],Samedi | Entrée VIP | Billet Standard,DICE,128.27826000000002,135.96,1,1
2026-05-23,2026-05-23 21:49:00,samedi,vip,['samedi'],Samedi | Entrée VIP | Billet Standard,DICE,128.27826000000002,135.96,1,1
2026-05-24,2026-05-24 00:12:00,samedi,early_entry,['samedi'],Samedi | Entrée Avant 21H,DICE,45.674834999999995,48.41,1,1
2026-05-24,2026-05-24 00:12:00,samedi,early_entry,['samedi'],Samedi | Entrée Avant 21H,DICE,45.674834999999995,48.41,1,1
2026-05-24,2026-05-24 00:12:00,samedi,early_entry,['samedi'],Samedi | Entrée Avant 21H,DICE,45.674834999999995,48.41,1,1
2026-05-24,2026-05-24 09:40:00,samedi,regular,['samedi'],Samedi | Billet Standard,DICE,55.392885,58.71,1,1
2026-05-24,2026-05-24 09:40:00,samedi,regular,['samedi'],Samedi | Billet Standard,DICE,55.392885,58.71,1,1
2026-05-24,2026-05-24 11:46:00,samedi,regular,['samedi'],Samedi | Billet Standard,DICE,55.392885,58.71,1,1
2026-05-24,2026-05-24 12:30:31,samedi,early_entry,['samedi'],Pass Samedi,Shotgun,45.0,50.86,1,1
2026-05-24,2026-05-24 12:30:31,samedi,early_entry,['samedi'],Pass Samedi,Shotgun,45.0,50.86,1,1
2026-05-24,2026-05-24 12:53:17,samedi,early_entry,['samedi'],Pass Samedi,Shotgun,45.0,50.86,1,1
2026-05-24,2026-05-24 14:24:00,samedi,early_entry,['samedi'],Samedi | Entrée Avant 21H,DICE,45.674834999999995,48.41,1,1
2026-05-24,2026-05-24 14:24:00,samedi,early_entry,['samedi'],Samedi | Entrée Avant 21H,DICE,45.674834999999995,48.41,1,1
2026-05-24,2026-05-24 14:38:00,samedi,early_entry,['samedi'],Samedi | Entrée Avant 21H,DICE,45.674834999999995,48.41,1,1
2026-05-24,2026-05-24 14:38:00,samedi,early_entry,['samedi'],Samedi | Entrée Avant 21H,DICE,45.674834999999995,48.41,1,1
2026-05-24,2026-05-24 16:25:00,samedi,regular,['samedi'],Samedi | Billet Standard,DICE,55.392885,58.71,1,1
2026-05-24,2026-05-24 17:47:00,vendredi,early_entry,['vendredi'],Vendredi | Entrée Avant 21H,DICE,45.674834999999995,48.41,1,1
2026-05-24,2026-05-24 17:47:00,vendredi,early_entry,['vendredi'],Vendredi | Entrée Avant 21H,DICE,45.674834999999995,48.41,1,1
2026-05-24,2026-05-24 18:01:00,samedi,early_entry,['samedi'],Samedi | Entrée Avant 21H,DICE,45.674834999999995,48.41,1,1
2026-05-24,2026-05-24 19:05:00,samedi,vip,['samedi'],Samedi | Entrée VIP | Billet Standard,DICE,128.27826000000002,135.96,1,1
2026-05-24,2026-05-24 19:51:25,2-jours,regular,,Pass 2 Jours,Shotgun,86.36,97.61,1,1
2026-05-24,2026-05-24 22:43:00,vendredi,early_entry,['vendredi'],Vendredi | Entrée Avant 21H,DICE,45.674834999999995,48.41,1,1
2026-05-25,2026-05-25 12:01:15,2-jours,regular,,Pass 2 Jours,Shotgun,86.36,97.61,1,1
2026-05-25,2026-05-25 13:41:00,vendredi,regular,['vendredi'],Vendredi | Billet Standard,DICE,55.392885,58.71,1,1
2026-05-25,2026-05-25 16:29:00,samedi,early_entry,['samedi'],Samedi | Entrée Avant 21H,DICE,45.674834999999995,48.41,1,1
2026-05-25,2026-05-25 19:51:00,vendredi,early_entry,['vendredi'],Vendredi | Entrée Avant 21H,DICE,45.674834999999995,48.41,1,1
2026-05-25,2026-05-25 19:51:00,vendredi,early_entry,['vendredi'],Vendredi | Entrée Avant 21H,DICE,45.674834999999995,48.41,1,1
2026-05-25,2026-05-25 21:19:00,samedi,regular,['samedi'],Samedi | Billet Standard,DICE,55.392885,58.71,1,1
2026-05-25,2026-05-25 21:19:00,samedi,regular,['samedi'],Samedi | Billet Standard,DICE,55.392885,58.71,1,1
2026-05-26,2026-05-26 09:02:00,samedi,early_entry,['samedi'],Samedi | Entrée Avant 21H,DICE,45.674834999999995,48.41,1,1
2026-05-26,2026-05-26 10:44:37,2-jours,regular,,Pass 2 Jours,Shotgun,86.36,97.61,1,1
2026-05-26,2026-05-26 10:50:00,vendredi,early_entry,['vendredi'],Vendredi | Entrée Avant 21H,DICE,45.674834999999995,48.41,1,1
2026-05-26,2026-05-26 13:13:00,vendredi,regular,['vendredi'],Vendredi | Billet Standard,DICE,55.392885,58.71,1,1
2026-05-26,2026-05-26 13:13:00,vendredi,regular,['vendredi'],Vendredi | Billet Standard,DICE,55.392885,58.71,1,1
2026-05-26,2026-05-26 15:27:00,samedi,regular,['samedi'],Samedi | Billet Standard,DICE,55.392885,58.71,1,1
2026-05-26,2026-05-26 16:25:00,vendredi,early_entry,['vendredi'],Vendredi | Entrée Avant 21H,DICE,50.533860000000004,53.56,1,1
2026-05-26,2026-05-26 16:25:00,vendredi,early_entry,['vendredi'],Vendredi | Entrée Avant 21H,DICE,50.533860000000004,53.56,1,1
2026-05-26,2026-05-26 18:32:00,samedi,regular,['samedi'],Samedi | Billet Standard,DICE,55.392885,58.71,1,1
2026-05-26,2026-05-26 18:32:00,samedi,regular,['samedi'],Samedi | Billet Standard,DICE,55.392885,58.71,1,1
2026-05-26,2026-05-26 18:32:00,samedi,regular,['samedi'],Samedi | Billet Standard,DICE,55.392885,58.71,1,1
2026-05-26,2026-05-26 18:32:00,samedi,regular,['samedi'],Samedi | Billet Standard,DICE,55.392885,58.71,1,1
2026-05-26,2026-05-26 18:41:00,samedi,early_entry,['samedi'],Samedi | Entrée Avant 21H,DICE,45.674834999999995,48.41,1,1
2026-05-26,2026-05-26 19:58:00,samedi,vip,['samedi'],Samedi | Entrée VIP | Billet Standard,DICE,128.27826000000002,135.96,1,1
2026-05-26,2026-05-26 21:15:00,samedi,early_entry,['samedi'],Samedi | Entrée Avant 21H,DICE,45.674834999999995,48.41,1,1
2026-05-26,2026-05-26 21:18:00,single_day,regular,,Weekend | Billet Standard,DICE,89.40606000000001,94.76,1,1
2026-05-26,2026-05-26 21:18:00,single_day,regular,,Weekend | Billet Standard,DICE,89.40606000000001,94.76,1,1
2026-05-26,2026-05-26 22:15:00,samedi,regular,['samedi'],Samedi | Billet Standard,DICE,55.392885,58.71,1,1
2026-05-26,2026-05-26 22:15:00,samedi,regular,['samedi'],Samedi | Billet Standard,DICE,55.392885,58.71,1,1
2026-05-27,2026-05-27 02:38:00,vendredi,regular,['vendredi'],Vendredi | Billet Standard,DICE,55.392885,58.71,1,1
2026-05-27,2026-05-27 02:38:00,vendredi,regular,['vendredi'],Vendredi | Billet Standard,DICE,55.392885,58.71,1,1
2026-05-27,2026-05-27 08:41:00,samedi,early_entry,['samedi'],Samedi | Entrée Avant 21H,DICE,45.674834999999995,48.41,1,1
2026-05-27,2026-05-27 09:32:00,vendredi,regular,['vendredi'],Vendredi | Billet Standard,DICE,55.392885,58.71,1,1
2026-05-27,2026-05-27 10:39:00,samedi,early_entry,['samedi'],Samedi | Entrée Avant 21H,DICE,45.674834999999995,48.41,1,1
2026-05-27,2026-05-27 10:39:00,samedi,early_entry,['samedi'],Samedi | Entrée Avant 21H,DICE,45.674834999999995,48.41,1,1
2026-05-27,2026-05-27 12:45:00,vendredi,early_entry,['vendredi'],Vendredi | Entrée Avant 21H,DICE,50.533860000000004,53.56,1,1
2026-05-27,2026-05-27 13:54:55,2-jours,regular,,Pass 2 Jours,Shotgun,86.36,97.61,1,1
2026-05-27,2026-05-27 16:29:35,vendredi,regular,['vendredi'],Pass Vendredi,Shotgun,53.64,60.62,1,1
2026-05-27,2026-05-27 16:29:35,vendredi,regular,['vendredi'],Pass Vendredi,Shotgun,53.64,60.62,1,1
2026-05-27,2026-05-27 16:29:35,vendredi,regular,['vendredi'],Pass Vendredi,Shotgun,53.64,60.62,1,1
2026-05-27,2026-05-27 16:53:21,2-jours,regular,,Pass 2 Jours,Shotgun,86.36,97.61,1,1
2026-05-27,2026-05-27 17:33:24,2-jours,regular,,Pass 2 Jours,Shotgun,86.36,97.61,1,1
2026-05-27,2026-05-27 17:34:00,vendredi,regular,['vendredi'],Vendredi | Billet Standard,DICE,55.392885,58.71,1,1
2026-05-27,2026-05-27 17:35:00,vendredi,regular,['vendredi'],Vendredi | Billet Standard,DICE,55.392885,58.71,1,1
2026-05-27,2026-05-27 17:36:00,vendredi,regular,['vendredi'],Vendredi | Billet Standard,DICE,55.392885,58.71,1,1
2026-05-27,2026-05-27 18:04:00,single_day,regular,,Weekend | Billet Standard,DICE,89.40606000000001,94.76,1,1
2026-05-27,2026-05-27 18:04:00,single_day,regular,,Weekend | Billet Standard,DICE,89.40606000000001,94.76,1,1
2026-05-28,2026-05-28 05:57:55,vendredi,early_entry,['vendredi'],Pass Vendredi,Shotgun,45.0,50.86,1,1
2026-05-28,2026-05-28 05:57:55,vendredi,early_entry,['vendredi'],Pass Vendredi,Shotgun,45.0,50.86,1,1
2026-05-28,2026-05-28 07:57:00,vendredi,regular,['vendredi'],Vendredi | Billet Standard,DICE,55.392885,58.71,1,1
2026-05-28,2026-05-28 07:57:00,vendredi,regular,['vendredi'],Vendredi | Billet Standard,DICE,55.392885,58.71,1,1
2026-05-28,2026-05-28 10:53:00,vendredi,regular,['vendredi'],Vendredi | Billet Standard,DICE,55.392885,58.71,1,1
2026-05-28,2026-05-28 10:53:00,vendredi,regular,['vendredi'],Vendredi | Billet Standard,DICE,55.392885,58.71,1,1
2026-05-28,2026-05-28 11:37:00,single_day,regular,,Weekend | Billet Standard,DICE,89.40606000000001,94.76,1,1
2026-05-28,2026-05-28 12:09:00,vendredi,regular,['vendredi'],Vendredi | Billet Standard,DICE,55.392885,58.71,1,1
2026-05-28,2026-05-28 14:34:00,vendredi,early_entry,['vendredi'],Vendredi | Entrée Avant 21H,DICE,50.533860000000004,53.56,1,1
2026-05-28,2026-05-28 14:34:00,vendredi,early_entry,['vendredi'],Vendredi | Entrée Avant 21H,DICE,50.533860000000004,53.56,1,1
2026-05-28,2026-05-28 16:40:45,2-jours,invitation,,Pass 2 Jours,Shotgun,0.0,0.0,1,0
2026-05-28,2026-05-28 16:40:45,2-jours,invitation,,Pass 2 Jours,Shotgun,0.0,0.0,1,0
2026-05-28,2026-05-28 16:40:46,2-jours,invitation,,Pass 2 Jours,Shotgun,0.0,0.0,1,0
2026-05-28,2026-05-28 16:40:46,2-jours,invitation,,Pass 2 Jours,Shotgun,0.0,0.0,1,0
2026-05-28,2026-05-28 16:40:47,2-jours,invitation,,Pass 2 Jours,Shotgun,0.0,0.0,1,0
2026-05-28,2026-05-28 16:40:47,2-jours,invitation,,Pass 2 Jours,Shotgun,0.0,0.0,1,0
2026-05-28,2026-05-28 16:40:47,2-jours,invitation,,Pass 2 Jours,Shotgun,0.0,0.0,1,0
2026-05-28,2026-05-28 16:40:47,2-jours,invitation,,Pass 2 Jours,Shotgun,0.0,0.0,1,0
2026-05-28,2026-05-28 18:47:00,samedi,regular,['samedi'],Samedi | Billet Standard,DICE,55.392885,58.71,1,1
2026-05-28,2026-05-28 19:25:00,vendredi,regular,['vendredi'],Vendredi | Billet Standard,DICE,55.392885,58.71,1,1
2026-05-28,2026-05-28 19:29:00,single_day,regular,,Weekend | Billet Standard,DICE,89.40606000000001,94.76,1,1
2026-05-28,2026-05-28 20:38:00,vendredi,regular,['vendredi'],Vendredi | Billet Standard,DICE,55.392885,58.71,1,1
2026-05-28,2026-05-28 20:38:00,vendredi,regular,['vendredi'],Vendredi | Billet Standard,DICE,55.392885,58.71,1,1
2026-05-28,2026-05-28 22:47:00,single_day,regular,,Weekend | Billet Standard,DICE,89.40606000000001,94.76,1,1
2026-05-29,2026-05-29 06:18:35,vendredi,regular,['vendredi'],Pass Vendredi,Shotgun,53.64,60.62,1,1
2026-05-29,2026-05-29 06:18:35,vendredi,regular,['vendredi'],Pass Vendredi,Shotgun,53.64,60.62,1,1
2026-05-29,2026-05-29 12:46:00,samedi,early_entry,['samedi'],Samedi | Entrée Avant 21H,DICE,45.674834999999995,48.41,1,1
2026-05-29,2026-05-29 12:46:00,samedi,early_entry,['samedi'],Samedi | Entrée Avant 21H,DICE,45.674834999999995,48.41,1,1
2026-05-29,2026-05-29 12:46:00,samedi,early_entry,['samedi'],Samedi | Entrée Avant 21H,DICE,45.674834999999995,48.41,1,1
2026-05-29,2026-05-29 17:38:31,vendredi,regular,['vendredi'],Pass Vendredi,Shotgun,53.64,60.62,1,1
2026-05-29,2026-05-29 18:29:03,2-jours,regular,,Pass 2 Jours,Shotgun,86.36,97.61,1,1
2026-05-29,2026-05-29 19:18:00,single_day,regular,,Weekend | Billet Standard,DICE,89.40606000000001,94.76,1,1
2026-05-29,2026-05-29 19:44:42,2-jours,regular,,Pass 2 Jours,Shotgun,86.36,97.61,1,1
2026-05-29,2026-05-29 19:44:42,2-jours,regular,,Pass 2 Jours,Shotgun,86.36,97.61,1,1
2026-05-29,2026-05-29 20:50:00,samedi,early_entry,['samedi'],Samedi | Entrée Avant 21H,DICE,45.674834999999995,48.41,1,1
2026-05-29,2026-05-29 20:50:00,samedi,early_entry,['samedi'],Samedi | Entrée Avant 21H,DICE,45.674834999999995,48.41,1,1
2026-05-29,2026-05-29 22:17:00,samedi,regular,['samedi'],Samedi | Billet Standard,DICE,55.392885,58.71,1,1
2026-05-29,2026-05-29 22:17:00,samedi,regular,['samedi'],Samedi | Billet Standard,DICE,55.392885,58.71,1,1
2026-05-29,2026-05-29 22:17:00,samedi,regular,['samedi'],Samedi | Billet Standard,DICE,55.392885,58.71,1,1
2026-05-29,2026-05-29 22:32:00,single_day,regular,,Weekend | Billet Standard,DICE,89.40606000000001,94.76,1,1
2026-05-30,2026-05-30 02:45:00,vendredi,early_entry,['vendredi'],Vendredi | Entrée Avant 21H,DICE,50.533860000000004,53.56,1,1
2026-05-30,2026-05-30 02:45:00,samedi,early_entry,['samedi'],Samedi | Entrée Avant 21H,DICE,45.674834999999995,48.41,1,1
2026-05-30,2026-05-30 06:36:00,vendredi,regular,['vendredi'],Vendredi | Billet Standard,DICE,55.392885,58.71,1,1
2026-05-30,2026-05-30 06:36:00,vendredi,regular,['vendredi'],Vendredi | Billet Standard,DICE,55.392885,58.71,1,1
2026-05-30,2026-05-30 08:23:00,vendredi,early_entry,['vendredi'],Vendredi | Entrée Avant 21H,DICE,50.533860000000004,53.56,1,1
2026-05-30,2026-05-30 08:23:00,vendredi,early_entry,['vendredi'],Vendredi | Entrée Avant 21H,DICE,50.533860000000004,53.56,1,1
2026-05-30,2026-05-30 08:23:00,vendredi,early_entry,['vendredi'],Vendredi | Entrée Avant 21H,DICE,50.533860000000004,53.56,1,1
2026-05-30,2026-05-30 10:47:00,vendredi,regular,['vendredi'],Vendredi | Billet Standard,DICE,55.392885,58.71,1,1
2026-05-30,2026-05-30 10:47:00,vendredi,regular,['vendredi'],Vendredi | Billet Standard,DICE,55.392885,58.71,1,1
2026-05-30,2026-05-30 12:39:26,samedi,regular,['samedi'],Pass Samedi,Shotgun,53.64,60.62,1,1
2026-05-30,2026-05-30 14:05:00,single_day,regular,,Weekend | Billet Standard,DICE,89.40606000000001,94.76,1,1
2026-05-30,2026-05-30 14:05:00,samedi,regular,['samedi'],Samedi | Billet Standard,DICE,55.392885,58.71,1,1
2026-05-30,2026-05-30 14:08:00,samedi,early_entry,['samedi'],Samedi | Entrée Avant 21H,DICE,45.674834999999995,48.41,1,1
2026-05-30,2026-05-30 14:15:00,vendredi,regular,['vendredi'],Vendredi | Billet Standard,DICE,55.392885,58.71,1,1
2026-05-30,2026-05-30 14:15:00,vendredi,regular,['vendredi'],Vendredi | Billet Standard,DICE,55.392885,58.71,1,1
2026-05-30,2026-05-30 14:38:00,samedi,regular,['samedi'],Samedi | Billet Standard,DICE,55.392885,58.71,1,1
2026-05-30,2026-05-30 14:38:00,samedi,regular,['samedi'],Samedi | Billet Standard,DICE,55.392885,58.71,1,1
2026-05-30,2026-05-30 15:09:00,vendredi,regular,['vendredi'],Vendredi | Billet Standard,DICE,55.392885,58.71,1,1
2026-05-30,2026-05-30 15:13:00,vendredi,regular,['vendredi'],Vendredi | Billet Standard,DICE,55.392885,58.71,1,1
2026-05-30,2026-05-30 15:39:00,vendredi,regular,['vendredi'],Vendredi | Billet Standard,DICE,55.392885,58.71,1,1
2026-05-30,2026-05-30 15:39:00,vendredi,regular,['vendredi'],Vendredi | Billet Standard,DICE,55.392885,58.71,1,1
2026-05-30,2026-05-30 15:59:00,samedi,early_entry,['samedi'],Samedi | Entrée Avant 21H,DICE,45.674834999999995,48.41,1,1
2026-05-30,2026-05-30 16:03:00,samedi,early_entry,['samedi'],Samedi | Entrée Avant 21H,DICE,45.674834999999995,48.41,1,1
2026-05-30,2026-05-30 16:36:00,vendredi,early_entry,['vendredi'],Vendredi | Entrée Avant 21H,DICE,50.533860000000004,53.56,1,1
2026-05-30,2026-05-30 16:36:00,vendredi,early_entry,['vendredi'],Vendredi | Entrée Avant 21H,DICE,50.533860000000004,53.56,1,1
2026-05-30,2026-05-30 22:27:00,samedi,regular,['samedi'],Samedi | Billet Standard,DICE,55.392885,58.71,1,1
2026-05-30,2026-05-30 22:27:00,samedi,regular,['samedi'],Samedi | Billet Standard,DICE,55.392885,58.71,1,1
2026-05-30,2026-05-30 22:27:00,samedi,regular,['samedi'],Samedi | Billet Standard,DICE,55.392885,58.71,1,1
2026-05-30,2026-05-30 23:00:00,samedi,early_entry,['samedi'],Samedi | Entrée Avant 21H,DICE,45.674834999999995,48.41,1,1
2026-05-30,2026-05-30 23:15:00,vendredi,vip,['vendredi'],Vendredi | Entrée VIP | Billet Standard,DICE,128.27826000000002,135.96,1,1
2026-05-30,2026-05-30 23:45:00,vendredi,early_entry,['vendredi'],Vendredi | Entrée Avant 21H,DICE,50.533860000000004,53.56,1,1
2026-05-30,2026-05-30 23:56:00,single_day,regular,,Weekend | Billet Standard,DICE,89.40606000000001,94.76,1,1
2026-05-31,2026-05-31 00:17:45,2-jours,regular,,Pass 2 Jours,Shotgun,86.36,97.61,1,1
2026-05-31,2026-05-31 00:18:00,2-jours,regular,,Pass 2 Jours,Shotgun,86.36,97.61,1,1
2026-05-31,2026-05-31 00:58:14,samedi,early_entry,['samedi'],Pass Samedi,Shotgun,45.0,50.86,1,1
2026-05-31,2026-05-31 00:58:14,samedi,early_entry,['samedi'],Pass Samedi,Shotgun,45.0,50.86,1,1
2026-05-31,2026-05-31 08:04:57,samedi,regular,['samedi'],Pass Samedi,Shotgun,53.64,60.62,1,1
2026-05-31,2026-05-31 09:03:00,vendredi,regular,['vendredi'],Vendredi | Billet Standard,DICE,55.392885,58.71,1,1
2026-05-31,2026-05-31 10:10:05,samedi,regular,['samedi'],Pass Samedi,Shotgun,53.64,60.62,1,1
2026-05-31,2026-05-31 10:10:05,samedi,regular,['samedi'],Pass Samedi,Shotgun,53.64,60.62,1,1
2026-05-31,2026-05-31 13:44:00,samedi,early_entry,['samedi'],Samedi | Entrée Avant 21H,DICE,45.674834999999995,48.41,1,1
2026-05-31,2026-05-31 15:42:00,vendredi,early_entry,['vendredi'],Vendredi | Entrée Avant 21H,DICE,50.533860000000004,53.56,1,1
2026-05-31,2026-05-31 15:42:00,vendredi,early_entry,['vendredi'],Vendredi | Entrée Avant 21H,DICE,50.533860000000004,53.56,1,1
2026-05-31,2026-05-31 16:45:57,vendredi,early_entry,['vendredi'],Pass Vendredi,Shotgun,45.0,50.86,1,1
2026-05-31,2026-05-31 16:45:57,vendredi,early_entry,['vendredi'],Pass Vendredi,Shotgun,45.0,50.86,1,1
2026-05-31,2026-05-31 17:38:33,2-jours,regular,,Pass 2 Jours,Shotgun,86.36,97.61,1,1
2026-05-31,2026-05-31 18:25:00,vendredi,regular,['vendredi'],Vendredi | Billet Standard,DICE,55.392885,58.71,1,1
2026-05-31,2026-05-31 18:25:00,vendredi,regular,['vendredi'],Vendredi | Billet Standard,DICE,55.392885,58.71,1,1
2026-05-31,2026-05-31 19:45:00,samedi,regular,['samedi'],Samedi | Billet Standard,DICE,55.392885,58.71,1,1
2026-05-31,2026-05-31 21:03:31,2-jours,regular,,Pass 2 Jours,Shotgun,86.36,97.61,1,1
2026-05-31,2026-05-31 21:07:02,2-jours,regular,,Pass 2 Jours,Shotgun,86.36,97.61,1,1
2026-05-31,2026-05-31 21:50:52,2-jours,regular,,Pass 2 Jours,Shotgun,86.36,97.61,1,1
2026-05-31,2026-05-31 21:50:52,2-jours,regular,,Pass 2 Jours,Shotgun,86.36,97.61,1,1
2026-05-31,2026-05-31 21:50:52,2-jours,regular,,Pass 2 Jours,Shotgun,86.36,97.61,1,1
2026-05-31,2026-05-31 22:00:00,vendredi,vip,['vendredi'],Vendredi | Entrée VIP | Billet Standard,DICE,128.27826000000002,135.96,1,1
2026-05-31,2026-05-31 22:00:00,vendredi,vip,['vendredi'],Vendredi | Entrée VIP | Billet Standard,DICE,128.27826000000002,135.96,1,1
2026-05-31,2026-05-31 22:27:00,vendredi,regular,['vendredi'],Pass Vendredi,Shotgun,53.64,60.62,1,1
2026-05-31,2026-05-31 22:39:00,vendredi,regular,['vendredi'],Vendredi | Billet Standard,DICE,55.392885,58.71,1,1
2026-06-01,2026-06-01 00:24:00,samedi,early_entry,['samedi'],Samedi | Entrée Avant 21H,DICE,45.674834999999995,48.41,1,1
2026-06-01,2026-06-01 00:24:00,samedi,early_entry,['samedi'],Samedi | Entrée Avant 21H,DICE,45.674834999999995,48.41,1,1
2026-06-01,2026-06-01 11:04:00,vendredi,regular,['vendredi'],Vendredi | Billet Standard,DICE,55.392885,58.71,1,1
2026-06-01,2026-06-01 11:04:00,vendredi,regular,['vendredi'],Vendredi | Billet Standard,DICE,55.392885,58.71,1,1
2026-06-01,2026-06-01 11:37:00,vendredi,early_entry,['vendredi'],Vendredi | Entrée Avant 21H,DICE,50.533860000000004,53.56,1,1
2026-06-01,2026-06-01 11:37:00,vendredi,early_entry,['vendredi'],Vendredi | Entrée Avant 21H,DICE,50.533860000000004,53.56,1,1
2026-06-01,2026-06-01 12:28:00,samedi,regular,['samedi'],Samedi | Billet Standard,DICE,55.392885,58.71,1,1
2026-06-01,2026-06-01 17:08:00,vendredi,early_entry,['vendredi'],Vendredi | Entrée Avant 21H,DICE,50.533860000000004,53.56,1,1
2026-06-01,2026-06-01 18:34:00,samedi,regular,['samedi'],Samedi | Billet Standard,DICE,55.392885,58.71,1,1
2026-06-01,2026-06-01 18:34:00,samedi,regular,['samedi'],Samedi | Billet Standard,DICE,55.392885,58.71,1,1
2026-06-01,2026-06-01 18:38:00,samedi,regular,['samedi'],Samedi | Billet Standard,DICE,55.392885,58.71,1,1
2026-06-01,2026-06-01 19:06:00,vendredi,early_entry,['vendredi'],Vendredi | Entrée Avant 21H,DICE,50.533860000000004,53.56,1,1
2026-06-01,2026-06-01 19:06:00,vendredi,early_entry,['vendredi'],Vendredi | Entrée Avant 21H,DICE,50.533860000000004,53.56,1,1
2026-06-01,2026-06-01 19:48:00,vendredi,regular,['vendredi'],Vendredi | Billet Standard,DICE,55.392885,58.71,1,1
2026-06-01,2026-06-01 20:01:37,2-jours,regular,,Pass 2 Jours,Shotgun,86.36,97.61,1,1
2026-06-01,2026-06-01 22:07:00,samedi,early_entry,['samedi'],Samedi | Entrée Avant 21H,DICE,45.674834999999995,48.41,1,1
2026-06-01,2026-06-01 22:37:00,single_day,regular,,Weekend | Billet Standard,DICE,89.40606000000001,94.76,1,1
2026-06-01,2026-06-01 22:37:00,single_day,regular,,Weekend | Billet Standard,DICE,89.40606000000001,94.76,1,1
2026-06-01,2026-06-01 23:32:00,samedi,early_entry,['samedi'],Samedi | Entrée Avant 21H,DICE,45.674834999999995,48.41,1,1
2026-06-02,2026-06-02 00:10:00,samedi,regular,['samedi'],Samedi | Billet Standard,DICE,55.392885,58.71,1,1
2026-06-02,2026-06-02 07:03:39,samedi,regular,['samedi'],Pass Samedi,Shotgun,53.64,60.62,1,1
2026-06-02,2026-06-02 10:07:40,vendredi,regular,['vendredi'],Pass Vendredi,Shotgun,53.64,60.62,1,1
2026-06-02,2026-06-02 10:48:00,single_day,vip,,Weekend | Entrée VIP,DICE,250.72569000000001,265.74,1,1
2026-06-02,2026-06-02 10:48:00,single_day,vip,,Weekend | Entrée VIP,DICE,250.72569000000001,265.74,1,1
2026-06-02,2026-06-02 17:17:00,single_day,regular,,Weekend | Billet Standard,DICE,89.40606000000001,94.76,1,1
2026-06-02,2026-06-02 18:01:00,samedi,regular,['samedi'],Samedi | Billet Standard,DICE,55.392885,58.71,1,1
2026-06-02,2026-06-02 18:06:00,samedi,regular,['samedi'],Samedi | Billet Standard,DICE,55.392885,58.71,1,1
2026-06-02,2026-06-02 18:11:00,vendredi,regular,['vendredi'],Vendredi | Billet Standard,DICE,55.392885,58.71,1,1
2026-06-02,2026-06-02 18:19:25,samedi,early_entry,['samedi'],Pass Samedi,Shotgun,45.0,50.86,1,1
2026-06-02,2026-06-02 18:19:25,samedi,early_entry,['samedi'],Pass Samedi,Shotgun,45.0,50.86,1,1
2026-06-02,2026-06-02 18:31:00,vendredi,early_entry,['vendredi'],Vendredi | Entrée Avant 21H,DICE,50.533860000000004,53.56,1,1
2026-06-02,2026-06-02 18:47:00,samedi,early_entry,['samedi'],Samedi | Entrée Avant 21H,DICE,45.674834999999995,48.41,1,1
2026-06-02,2026-06-02 18:47:00,samedi,early_entry,['samedi'],Samedi | Entrée Avant 21H,DICE,45.674834999999995,48.41,1,1
2026-06-02,2026-06-02 19:21:00,samedi,regular,['samedi'],Samedi | Billet Standard,DICE,55.392885,58.71,1,1
2026-06-02,2026-06-02 21:30:00,vendredi,early_entry,['vendredi'],Vendredi | Entrée Avant 21H,DICE,50.533860000000004,53.56,1,1
2026-06-02,2026-06-02 21:30:00,vendredi,early_entry,['vendredi'],Vendredi | Entrée Avant 21H,DICE,50.533860000000004,53.56,1,1
2026-06-02,2026-06-02 21:54:00,vendredi,early_entry,['vendredi'],Vendredi | Entrée Avant 21H,DICE,50.533860000000004,53.56,1,1
2026-06-02,2026-06-02 21:55:00,vendredi,early_entry,['vendredi'],Vendredi | Entrée Avant 21H,DICE,50.533860000000004,53.56,1,1
2026-06-02,2026-06-02 21:55:00,vendredi,early_entry,['vendredi'],Vendredi | Entrée Avant 21H,DICE,50.533860000000004,53.56,1,1
2026-06-02,2026-06-02 22:37:00,vendredi,regular,['vendredi'],Vendredi | Billet Standard,DICE,55.392885,58.71,1,1
2026-06-02,2026-06-02 22:37:00,vendredi,regular,['vendredi'],Vendredi | Billet Standard,DICE,55.392885,58.71,1,1
2026-06-02,2026-06-02 22:42:00,vendredi,regular,['vendredi'],Vendredi | Billet Standard,DICE,55.392885,58.71,1,1
2026-06-02,2026-06-02 22:42:00,vendredi,regular,['vendredi'],Vendredi | Billet Standard,DICE,55.392885,58.71,1,1
2026-06-02,2026-06-02 22:53:00,samedi,regular,['samedi'],Samedi | Billet Standard,DICE,55.392885,58.71,1,1
2026-06-02,2026-06-02 22:53:00,samedi,regular,['samedi'],Samedi | Billet Standard,DICE,55.392885,58.71,1,1
2026-06-02,2026-06-02 23:25:24,2-jours,regular,,Pass 2 Jours,Shotgun,86.36,97.61,1,1
2026-06-02,2026-06-02 23:25:24,2-jours,regular,,Pass 2 Jours,Shotgun,86.36,97.61,1,1
2026-06-02,2026-06-02 23:41:55,2-jours,regular,,Pass 2 Jours,Shotgun,86.36,97.61,1,1
2026-06-02,2026-06-02 23:41:55,2-jours,regular,,Pass 2 Jours,Shotgun,86.36,97.61,1,1
2026-06-03,2026-06-03 00:30:00,samedi,regular,['samedi'],Samedi | Billet Standard,DICE,55.392885,58.71,1,1
2026-06-03,2026-06-03 00:30:00,samedi,regular,['samedi'],Samedi | Billet Standard,DICE,55.392885,58.71,1,1
2026-06-03,2026-06-03 07:30:00,vendredi,regular,['vendredi'],Vendredi | Billet Standard,DICE,55.392885,58.71,1,1
2026-06-03,2026-06-03 07:30:00,vendredi,regular,['vendredi'],Vendredi | Billet Standard,DICE,55.392885,58.71,1,1
2026-06-03,2026-06-03 07:31:00,vendredi,regular,['vendredi'],Vendredi | Billet Standard,DICE,55.392885,58.71,1,1
2026-06-03,2026-06-03 09:16:00,vendredi,regular,['vendredi'],Vendredi | Billet Standard,DICE,55.392885,58.71,1,1
2026-06-03,2026-06-03 09:25:14,vendredi,regular,['vendredi'],Pass Vendredi,Shotgun,53.64,60.62,1,1
2026-06-03,2026-06-03 12:38:00,samedi,early_entry,['samedi'],Samedi | Entrée Avant 21H,DICE,45.674834999999995,48.41,1,1
2026-06-03,2026-06-03 12:54:00,samedi,regular,['samedi'],Samedi | Billet Standard,DICE,55.392885,58.71,1,1
2026-06-03,2026-06-03 13:23:00,vendredi,early_entry,['vendredi'],Vendredi | Entrée Avant 21H,DICE,50.533860000000004,53.56,1,1
2026-06-03,2026-06-03 14:33:00,vendredi,early_entry,['vendredi'],Vendredi | Entrée Avant 21H,DICE,50.533860000000004,53.56,1,1
2026-06-03,2026-06-03 14:33:00,vendredi,early_entry,['vendredi'],Vendredi | Entrée Avant 21H,DICE,50.533860000000004,53.56,1,1
2026-06-03,2026-06-03 15:46:00,vendredi,regular,['vendredi'],Vendredi | Billet Standard,DICE,55.392885,58.71,1,1
2026-06-03,2026-06-03 15:51:34,2-jours,regular,,Pass 2 Jours,Shotgun,86.36,97.61,1,1
2026-06-03,2026-06-03 17:12:00,vendredi,regular,['vendredi'],Vendredi | Billet Standard,DICE,55.392885,58.71,1,1
2026-06-03,2026-06-03 18:26:00,single_day,regular,,Weekend | Billet Standard,DICE,89.40606000000001,94.76,1,1
2026-06-03,2026-06-03 19:17:00,single_day,regular,,Weekend | Billet Standard,DICE,89.40606000000001,94.76,1,1
2026-06-03,2026-06-03 19:34:00,vendredi,regular,['vendredi'],Vendredi | Billet Standard,DICE,55.392885,58.71,1,1
2026-06-03,2026-06-03 19:40:05,vendredi,early_entry,['vendredi'],Pass Vendredi,Shotgun,45.0,50.86,1,1
2026-06-03,2026-06-03 20:54:00,vendredi,regular,['vendredi'],Vendredi | Billet Standard,DICE,55.392885,58.71,1,1
2026-06-03,2026-06-03 22:17:00,single_day,regular,,Weekend | Billet Standard,DICE,89.40606000000001,94.76,1,1
2026-06-04,2026-06-04 00:24:00,single_day,regular,,Weekend | Billet Standard,DICE,89.40606000000001,94.76,1,1
2026-06-04,2026-06-04 06:01:30,vendredi,regular,['vendredi'],Pass Vendredi,Shotgun,53.64,60.62,1,1
2026-06-04,2026-06-04 09:53:00,vendredi,regular,['vendredi'],Vendredi | Billet Standard,DICE,55.392885,58.71,1,1
2026-06-04,2026-06-04 09:53:00,vendredi,regular,['vendredi'],Vendredi | Billet Standard,DICE,55.392885,58.71,1,1
2026-06-04,2026-06-04 10:26:00,samedi,regular,['samedi'],Samedi | Billet Standard,DICE,55.392885,58.71,1,1
2026-06-04,2026-06-04 18:18:10,samedi,early_entry,['samedi'],Pass Samedi,Shotgun,45.0,50.86,1,1
2026-06-04,2026-06-04 19:07:11,2-jours,regular,,Pass 2 Jours,Shotgun,86.36,97.61,1,1
2026-06-04,2026-06-04 20:14:00,samedi,early_entry,['samedi'],Samedi | Entrée Avant 21H,DICE,45.674834999999995,48.41,1,1
2026-06-04,2026-06-04 20:19:00,single_day,regular,,Weekend | Billet Standard,DICE,89.40606000000001,94.76,1,1
2026-06-04,2026-06-04 20:30:36,vendredi,regular,['vendredi'],Pass Vendredi,Shotgun,53.64,60.62,1,1
2026-06-04,2026-06-04 20:30:36,vendredi,regular,['vendredi'],Pass Vendredi,Shotgun,53.64,60.62,1,1
2026-06-04,2026-06-04 20:34:52,2-jours,regular,,Pass 2 Jours,Shotgun,86.36,97.61,1,1
2026-06-04,2026-06-04 20:47:15,2-jours,regular,,Pass 2 Jours,Shotgun,86.36,97.61,1,1
2026-06-04,2026-06-04 20:47:15,2-jours,regular,,Pass 2 Jours,Shotgun,86.36,97.61,1,1
2026-06-04,2026-06-04 21:53:00,single_day,regular,,Weekend | Billet Standard,DICE,89.40606000000001,94.76,1,1
2026-06-04,2026-06-04 21:53:00,single_day,regular,,Weekend | Billet Standard,DICE,89.40606000000001,94.76,1,1
2026-06-04,2026-06-04 22:55:00,samedi,regular,['samedi'],Samedi | Billet Standard,DICE,55.392885,58.71,1,1
2026-06-05,2026-06-05 02:57:00,vendredi,regular,['vendredi'],Vendredi | Billet Standard,DICE,55.392885,58.71,1,1
2026-06-05,2026-06-05 02:57:00,vendredi,regular,['vendredi'],Vendredi | Billet Standard,DICE,55.392885,58.71,1,1
2026-06-05,2026-06-05 02:57:00,vendredi,regular,['vendredi'],Vendredi | Billet Standard,DICE,55.392885,58.71,1,1
2026-06-05,2026-06-05 12:04:26,vendredi,regular,['vendredi'],Pass Vendredi,Shotgun,53.64,60.62,1,1
2026-06-05,2026-06-05 13:23:19,vendredi,early_entry,['vendredi'],Pass Vendredi,Shotgun,45.0,50.86,1,1
2026-06-05,2026-06-05 13:23:19,vendredi,early_entry,['vendredi'],Pass Vendredi,Shotgun,45.0,50.86,1,1
2026-06-05,2026-06-05 14:28:36,vendredi,regular,['vendredi'],Pass Vendredi,Shotgun,53.64,60.62,1,1
2026-06-05,2026-06-05 17:38:14,2-jours,regular,,Pass 2 Jours,Shotgun,86.36,97.61,1,1
2026-06-05,2026-06-05 17:38:14,2-jours,regular,,Pass 2 Jours,Shotgun,86.36,97.61,1,1
2026-06-05,2026-06-05 21:29:47,2-jours,regular,,Pass 2 Jours,Shotgun,86.36,97.61,1,1
2026-06-06,2026-06-06 00:06:00,samedi,early_entry,['samedi'],Samedi | Entrée Avant 21H,DICE,45.674834999999995,48.41,1,1
2026-06-06,2026-06-06 00:08:00,samedi,early_entry,['samedi'],Samedi | Entrée Avant 21H,DICE,45.674834999999995,48.41,1,1
2026-06-06,2026-06-06 02:12:00,samedi,regular,['samedi'],Samedi | Billet Standard,DICE,55.392885,58.71,1,1
2026-06-06,2026-06-06 02:18:00,samedi,vip,['samedi'],Samedi | Entrée VIP | Billet Standard,DICE,128.27826000000002,135.96,1,1
2026-06-06,2026-06-06 08:32:00,vendredi,regular,['vendredi'],Vendredi | Billet Standard,DICE,55.392885,58.71,1,1
2026-06-06,2026-06-06 08:32:00,vendredi,regular,['vendredi'],Vendredi | Billet Standard,DICE,55.392885,58.71,1,1
2026-06-06,2026-06-06 08:32:00,vendredi,regular,['vendredi'],Vendredi | Billet Standard,DICE,55.392885,58.71,1,1
2026-06-06,2026-06-06 10:42:30,samedi,early_entry,['samedi'],Pass Samedi,Shotgun,45.0,50.86,1,1
2026-06-06,2026-06-06 10:42:30,samedi,early_entry,['samedi'],Pass Samedi,Shotgun,45.0,50.86,1,1
2026-06-06,2026-06-06 11:26:00,samedi,early_entry,['samedi'],Samedi | Entrée Avant 21H,DICE,45.674834999999995,48.41,1,1
2026-06-06,2026-06-06 13:04:00,vendredi,regular,['vendredi'],Vendredi | Billet Standard,DICE,55.392885,58.71,1,1
2026-06-06,2026-06-06 13:04:00,vendredi,regular,['vendredi'],Vendredi | Billet Standard,DICE,55.392885,58.71,1,1
2026-06-06,2026-06-06 13:04:00,vendredi,regular,['vendredi'],Vendredi | Billet Standard,DICE,55.392885,58.71,1,1
2026-06-06,2026-06-06 13:04:00,vendredi,regular,['vendredi'],Vendredi | Billet Standard,DICE,55.392885,58.71,1,1
2026-06-06,2026-06-06 13:21:46,vendredi,regular,['vendredi'],Pass Vendredi,Shotgun,53.64,60.62,1,1
2026-06-06,2026-06-06 13:40:52,vendredi,regular,['vendredi'],Pass Vendredi,Shotgun,53.64,60.62,1,1
2026-06-06,2026-06-06 13:51:55,vendredi,regular,['vendredi'],Pass Vendredi,Shotgun,53.64,60.62,1,1
2026-06-06,2026-06-06 13:51:55,vendredi,regular,['vendredi'],Pass Vendredi,Shotgun,53.64,60.62,1,1
2026-06-06,2026-06-06 14:43:00,vendredi,regular,['vendredi'],Vendredi | Billet Standard,DICE,55.392885,58.71,1,1
2026-06-06,2026-06-06 14:43:00,vendredi,regular,['vendredi'],Vendredi | Billet Standard,DICE,55.392885,58.71,1,1
2026-06-06,2026-06-06 14:43:00,vendredi,regular,['vendredi'],Vendredi | Billet Standard,DICE,55.392885,58.71,1,1
2026-06-06,2026-06-06 19:04:00,single_day,regular,,Weekend | Billet Standard,DICE,89.40606000000001,94.76,1,1
2026-06-06,2026-06-06 19:04:00,single_day,regular,,Weekend | Billet Standard,DICE,89.40606000000001,94.76,1,1
2026-06-06,2026-06-06 19:04:00,single_day,regular,,Weekend | Billet Standard,DICE,89.40606000000001,94.76,1,1
2026-06-06,2026-06-06 19:04:00,single_day,regular,,Weekend | Billet Standard,DICE,89.40606000000001,94.76,1,1
2026-06-06,2026-06-06 19:04:00,single_day,regular,,Weekend | Billet Standard,DICE,89.40606000000001,94.76,1,1
2026-06-06,2026-06-06 20:17:00,single_day,regular,,Weekend | Billet Standard,DICE,89.40606000000001,94.76,1,1
2026-06-06,2026-06-06 20:58:21,vendredi,regular,['vendredi'],Pass Vendredi,Shotgun,53.64,60.62,1,1
2026-06-06,2026-06-06 20:58:21,vendredi,regular,['vendredi'],Pass Vendredi,Shotgun,53.64,60.62,1,1
2026-06-06,2026-06-06 20:58:21,vendredi,regular,['vendredi'],Pass Vendredi,Shotgun,53.64,60.62,1,1
2026-06-06,2026-06-06 21:38:00,vendredi,regular,['vendredi'],Vendredi | Billet Standard,DICE,55.392885,58.71,1,1
2026-06-06,2026-06-06 21:38:00,vendredi,regular,['vendredi'],Vendredi | Billet Standard,DICE,55.392885,58.71,1,1
2026-06-07,2026-06-07 07:56:51,vendredi,early_entry,['vendredi'],Pass Vendredi,Shotgun,45.0,50.86,1,1
2026-06-07,2026-06-07 07:59:22,vendredi,early_entry,['vendredi'],Pass Vendredi,Shotgun,45.0,50.86,1,1
2026-06-07,2026-06-07 08:23:21,samedi,regular,['samedi'],Pass Samedi,Shotgun,53.64,60.62,1,1
2026-06-07,2026-06-07 09:06:14,vendredi,regular,['vendredi'],Pass Vendredi,Shotgun,53.64,60.62,1,1
2026-06-07,2026-06-07 11:59:42,samedi,early_entry,['samedi'],Pass Samedi,Shotgun,45.0,50.86,1,1
2026-06-07,2026-06-07 11:59:42,samedi,early_entry,['samedi'],Pass Samedi,Shotgun,45.0,50.86,1,1
2026-06-07,2026-06-07 13:48:00,vendredi,regular,['vendredi'],Vendredi | Billet Standard,DICE,55.392885,58.71,1,1
2026-06-07,2026-06-07 13:48:00,vendredi,regular,['vendredi'],Vendredi | Billet Standard,DICE,55.392885,58.71,1,1
2026-06-07,2026-06-07 13:48:00,vendredi,regular,['vendredi'],Vendredi | Billet Standard,DICE,55.392885,58.71,1,1
2026-06-07,2026-06-07 13:48:00,vendredi,regular,['vendredi'],Vendredi | Billet Standard,DICE,55.392885,58.71,1,1
2026-06-07,2026-06-07 13:48:00,vendredi,regular,['vendredi'],Vendredi | Billet Standard,DICE,55.392885,58.71,1,1
2026-06-07,2026-06-07 13:48:00,vendredi,regular,['vendredi'],Vendredi | Billet Standard,DICE,55.392885,58.71,1,1
2026-06-07,2026-06-07 13:48:00,vendredi,regular,['vendredi'],Vendredi | Billet Standard,DICE,55.392885,58.71,1,1
2026-06-07,2026-06-07 13:48:00,vendredi,regular,['vendredi'],Vendredi | Billet Standard,DICE,55.392885,58.71,1,1
2026-06-07,2026-06-07 13:48:00,vendredi,regular,['vendredi'],Vendredi | Billet Standard,DICE,55.392885,58.71,1,1
2026-06-07,2026-06-07 14:40:00,vendredi,early_entry,['vendredi'],Vendredi | Entrée Avant 21H,DICE,50.533860000000004,53.56,1,1
2026-06-07,2026-06-07 14:40:00,samedi,early_entry,['samedi'],Samedi | Entrée Avant 21H,DICE,45.674834999999995,48.41,1,1
2026-06-07,2026-06-07 15:17:00,samedi,early_entry,['samedi'],Samedi | Entrée Avant 21H,DICE,45.674834999999995,48.41,1,1
2026-06-07,2026-06-07 15:17:00,samedi,early_entry,['samedi'],Samedi | Entrée Avant 21H,DICE,45.674834999999995,48.41,1,1
2026-06-07,2026-06-07 17:54:44,vendredi,early_entry,['vendredi'],Pass Vendredi,Shotgun,45.0,50.86,1,1
2026-06-07,2026-06-07 17:54:44,vendredi,early_entry,['vendredi'],Pass Vendredi,Shotgun,45.0,50.86,1,1
2026-06-07,2026-06-07 17:57:00,samedi,regular,['samedi'],Samedi | Billet Standard,DICE,55.392885,58.71,1,1
2026-06-07,2026-06-07 17:57:00,samedi,regular,['samedi'],Samedi | Billet Standard,DICE,55.392885,58.71,1,1
2026-06-07,2026-06-07 18:36:00,vendredi,regular,['vendredi'],Vendredi | Billet Standard,DICE,55.392885,58.71,1,1
2026-06-07,2026-06-07 18:42:00,single_day,regular,,Weekend | Billet Standard,DICE,89.40606000000001,94.76,1,1
2026-06-07,2026-06-07 19:03:22,vendredi,early_entry,['vendredi'],Pass Vendredi,Shotgun,45.0,50.86,1,1
2026-06-07,2026-06-07 19:03:37,vendredi,regular,['vendredi'],Pass Vendredi,Shotgun,53.64,60.62,1,1
2026-06-07,2026-06-07 19:29:04,samedi,early_entry,['samedi'],Pass Samedi,Shotgun,45.0,50.86,1,1
2026-06-07,2026-06-07 19:29:04,samedi,early_entry,['samedi'],Pass Samedi,Shotgun,45.0,50.86,1,1
2026-06-07,2026-06-07 20:48:53,vendredi,early_entry,['vendredi'],Pass Vendredi,Shotgun,45.0,50.86,1,1
2026-06-07,2026-06-07 20:48:53,vendredi,early_entry,['vendredi'],Pass Vendredi,Shotgun,45.0,50.86,1,1
2026-06-07,2026-06-07 21:39:00,single_day,regular,,Weekend | Billet Standard,DICE,89.40606000000001,94.76,1,1
2026-06-07,2026-06-07 21:39:00,single_day,regular,,Weekend | Billet Standard,DICE,89.40606000000001,94.76,1,1
2026-06-07,2026-06-07 22:30:00,samedi,regular,['samedi'],Samedi | Billet Standard,DICE,55.392885,58.71,1,1
2026-06-08,2026-06-08 08:53:47,2-jours,regular,,Pass 2 Jours,Shotgun,86.36,97.61,1,1
2026-06-08,2026-06-08 09:19:10,vendredi,early_entry,['vendredi'],Pass Vendredi,Shotgun,45.0,50.86,1,1
2026-06-08,2026-06-08 09:19:10,vendredi,early_entry,['vendredi'],Pass Vendredi,Shotgun,45.0,50.86,1,1
2026-06-08,2026-06-08 09:55:31,2-jours,regular,,Pass 2 Jours,Shotgun,86.36,97.61,1,1
2026-06-08,2026-06-08 10:13:00,samedi,regular,['samedi'],Samedi | Billet Standard,DICE,55.392885,58.71,1,1
2026-06-08,2026-06-08 10:13:00,samedi,regular,['samedi'],Samedi | Billet Standard,DICE,55.392885,58.71,1,1
2026-06-08,2026-06-08 10:19:33,2-jours,regular,,Pass 2 Jours,Shotgun,86.36,97.61,1,1
2026-06-08,2026-06-08 10:58:00,samedi,regular,['samedi'],Samedi | Billet Standard,DICE,55.392885,58.71,1,1
2026-06-08,2026-06-08 10:58:00,samedi,regular,['samedi'],Samedi | Billet Standard,DICE,55.392885,58.71,1,1
2026-06-08,2026-06-08 10:58:00,samedi,regular,['samedi'],Samedi | Billet Standard,DICE,55.392885,58.71,1,1
2026-06-08,2026-06-08 11:50:43,2-jours,regular,,Pass 2 Jours,Shotgun,86.36,97.61,1,1
2026-06-08,2026-06-08 11:51:44,2-jours,regular,,Pass 2 Jours,Shotgun,86.36,97.61,1,1
2026-06-08,2026-06-08 12:10:00,vendredi,regular,['vendredi'],Vendredi | Billet Standard,DICE,55.392885,58.71,1,1
2026-06-08,2026-06-08 12:21:51,2-jours,regular,,Pass 2 Jours,Shotgun,86.36,97.61,1,1
2026-06-08,2026-06-08 12:21:51,2-jours,regular,,Pass 2 Jours,Shotgun,86.36,97.61,1,1
2026-06-08,2026-06-08 12:42:00,vendredi,regular,['vendredi'],Vendredi | Billet Standard,DICE,55.392885,58.71,1,1
2026-06-08,2026-06-08 12:42:00,vendredi,regular,['vendredi'],Vendredi | Billet Standard,DICE,55.392885,58.71,1,1
2026-06-08,2026-06-08 12:42:00,vendredi,regular,['vendredi'],Vendredi | Billet Standard,DICE,55.392885,58.71,1,1
2026-06-08,2026-06-08 13:04:29,samedi,regular,['samedi'],Pass Samedi,Shotgun,53.64,60.62,1,1
2026-06-08,2026-06-08 13:04:29,samedi,regular,['samedi'],Pass Samedi,Shotgun,53.64,60.62,1,1
2026-06-08,2026-06-08 13:59:00,samedi,regular,['samedi'],Samedi | Billet Standard,DICE,55.392885,58.71,1,1
2026-06-08,2026-06-08 13:59:00,samedi,regular,['samedi'],Samedi | Billet Standard,DICE,55.392885,58.71,1,1
2026-06-08,2026-06-08 14:34:00,samedi,early_entry,['samedi'],Samedi | Entrée Avant 21H,DICE,45.674834999999995,48.41,1,1
2026-06-08,2026-06-08 14:34:00,samedi,early_entry,['samedi'],Samedi | Entrée Avant 21H,DICE,45.674834999999995,48.41,1,1
2026-06-08,2026-06-08 15:20:00,samedi,regular,['samedi'],Samedi | Billet Standard,DICE,55.392885,58.71,1,1
2026-06-08,2026-06-08 15:20:00,samedi,regular,['samedi'],Samedi | Billet Standard,DICE,55.392885,58.71,1,1
2026-06-08,2026-06-08 15:23:00,single_day,regular,,Weekend | Billet Standard,DICE,89.40606000000001,94.76,1,1
2026-06-08,2026-06-08 15:23:00,single_day,regular,,Weekend | Billet Standard,DICE,89.40606000000001,94.76,1,1
2026-06-08,2026-06-08 16:11:00,samedi,early_entry,['samedi'],Samedi | Entrée Avant 21H,DICE,45.674834999999995,48.41,1,1
2026-06-08,2026-06-08 19:00:00,single_day,regular,,Weekend | Billet Standard,DICE,89.40606000000001,94.76,1,1
2026-06-08,2026-06-08 19:00:00,single_day,regular,,Weekend | Billet Standard,DICE,89.40606000000001,94.76,1,1
2026-06-08,2026-06-08 19:38:58,2-jours,regular,,Pass 2 Jours,Shotgun,86.36,97.61,1,1
2026-06-08,2026-06-08 20:02:00,vendredi,regular,['vendredi'],Pass Vendredi,Shotgun,53.64,60.62,1,1
2026-06-08,2026-06-08 20:02:00,vendredi,regular,['vendredi'],Pass Vendredi,Shotgun,53.64,60.62,1,1
2026-06-08,2026-06-08 20:02:00,vendredi,regular,['vendredi'],Pass Vendredi,Shotgun,53.64,60.62,1,1
2026-06-08,2026-06-08 20:02:00,vendredi,regular,['vendredi'],Pass Vendredi,Shotgun,53.64,60.62,1,1
2026-06-08,2026-06-08 20:17:00,single_day,regular,,Weekend | Billet Standard,DICE,89.40606000000001,94.76,1,1
2026-06-08,2026-06-08 20:19:00,single_day,regular,,Weekend | Billet Standard,DICE,89.40606000000001,94.76,1,1
2026-06-08,2026-06-08 20:24:00,samedi,regular,['samedi'],Samedi | Billet Standard,DICE,55.392885,58.71,1,1
2026-06-08,2026-06-08 20:55:00,single_day,regular,,Weekend | Billet Standard,DICE,89.40606000000001,94.76,1,1
2026-06-08,2026-06-08 20:55:00,single_day,regular,,Weekend | Billet Standard,DICE,89.40606000000001,94.76,1,1
2026-06-08,2026-06-08 22:07:00,vendredi,regular,['vendredi'],Vendredi | Billet Standard,DICE,55.392885,58.71,1,1
2026-06-08,2026-06-08 22:07:00,vendredi,regular,['vendredi'],Vendredi | Billet Standard,DICE,55.392885,58.71,1,1
2026-06-08,2026-06-08 22:43:23,2-jours,regular,,Pass 2 Jours,Shotgun,86.36,97.61,1,1
2026-06-08,2026-06-08 22:43:23,2-jours,regular,,Pass 2 Jours,Shotgun,86.36,97.61,1,1
2026-06-08,2026-06-08 23:07:00,vendredi,early_entry,['vendredi'],Vendredi | Entrée Avant 21H,DICE,50.533860000000004,53.56,1,1
2026-06-08,2026-06-08 23:07:00,vendredi,early_entry,['vendredi'],Vendredi | Entrée Avant 21H,DICE,50.533860000000004,53.56,1,1
2026-06-08,2026-06-08 23:07:00,vendredi,early_entry,['vendredi'],Vendredi | Entrée Avant 21H,DICE,50.533860000000004,53.56,1,1
2026-06-08,2026-06-08 23:14:00,vendredi,regular,['vendredi'],Vendredi | Billet Standard,DICE,55.392885,58.71,1,1
2026-06-08,2026-06-08 23:14:00,vendredi,regular,['vendredi'],Vendredi | Billet Standard,DICE,55.392885,58.71,1,1
2026-06-08,2026-06-08 23:26:00,vendredi,regular,['vendredi'],Vendredi | Billet Standard,DICE,55.392885,58.71,1,1
2026-06-08,2026-06-08 23:26:00,vendredi,regular,['vendredi'],Vendredi | Billet Standard,DICE,55.392885,58.71,1,1
2026-06-09,2026-06-09 05:02:47,vendredi,regular,['vendredi'],Pass Vendredi,Shotgun,53.64,60.62,1,1
2026-06-09,2026-06-09 05:02:47,vendredi,regular,['vendredi'],Pass Vendredi,Shotgun,53.64,60.62,1,1
2026-06-09,2026-06-09 07:03:00,vendredi,regular,['vendredi'],Vendredi | Billet Standard,DICE,55.392885,58.71,1,1
2026-06-09,2026-06-09 10:06:17,samedi,early_entry,['samedi'],Pass Samedi,Shotgun,45.0,50.86,1,1
2026-06-09,2026-06-09 10:35:00,vendredi,regular,['vendredi'],Vendredi | Billet Standard,DICE,55.392885,58.71,1,1
2026-06-09,2026-06-09 11:56:00,vendredi,regular,['vendredi'],Vendredi | Billet Standard,DICE,55.392885,58.71,1,1
2026-06-09,2026-06-09 11:56:00,vendredi,regular,['vendredi'],Vendredi | Billet Standard,DICE,55.392885,58.71,1,1
2026-06-09,2026-06-09 14:02:00,vendredi,regular,['vendredi'],Vendredi | Billet Standard,DICE,55.392885,58.71,1,1
2026-06-09,2026-06-09 14:33:55,2-jours,regular,,Pass 2 Jours,Shotgun,86.36,97.61,1,1
2026-06-09,2026-06-09 14:50:06,vendredi,early_entry,['vendredi'],Pass Vendredi,Shotgun,45.0,50.86,1,1
2026-06-09,2026-06-09 17:48:00,vendredi,regular,['vendredi'],Vendredi | Billet Standard,DICE,55.392885,58.71,1,1
2026-06-09,2026-06-09 18:02:00,vendredi,regular,['vendredi'],Vendredi | Billet Standard,DICE,55.392885,58.71,1,1
2026-06-09,2026-06-09 18:05:06,vendredi,early_entry,['vendredi'],Pass Vendredi,Shotgun,45.0,50.86,1,1
2026-06-09,2026-06-09 18:05:06,vendredi,early_entry,['vendredi'],Pass Vendredi,Shotgun,45.0,50.86,1,1
2026-06-09,2026-06-09 18:05:06,vendredi,early_entry,['vendredi'],Pass Vendredi,Shotgun,45.0,50.86,1,1
2026-06-09,2026-06-09 18:05:06,vendredi,early_entry,['vendredi'],Pass Vendredi,Shotgun,45.0,50.86,1,1
2026-06-09,2026-06-09 18:05:06,vendredi,early_entry,['vendredi'],Pass Vendredi,Shotgun,45.0,50.86,1,1
2026-06-09,2026-06-09 18:05:06,vendredi,early_entry,['vendredi'],Pass Vendredi,Shotgun,45.0,50.86,1,1
2026-06-09,2026-06-09 18:25:04,vendredi,early_entry,['vendredi'],Pass Vendredi,Shotgun,45.0,50.86,1,1
2026-06-09,2026-06-09 18:44:00,vendredi,early_entry,['vendredi'],Vendredi | Entrée Avant 21H,DICE,50.533860000000004,53.56,1,1
2026-06-09,2026-06-09 22:04:45,vendredi,regular,['vendredi'],Pass Vendredi,Shotgun,53.64,60.62,1,1
2026-06-09,2026-06-09 22:24:00,single_day,regular,,Weekend | Billet Standard,DICE,89.40606000000001,94.76,1,1
2026-06-09,2026-06-09 22:24:00,single_day,regular,,Weekend | Billet Standard,DICE,89.40606000000001,94.76,1,1
2026-06-09,2026-06-09 22:24:00,single_day,regular,,Weekend | Billet Standard,DICE,89.40606000000001,94.76,1,1
2026-06-10,2026-06-10 01:36:45,2-jours,regular,,Pass 2 Jours,Shotgun,86.36,97.61,1,1
2026-06-10,2026-06-10 01:36:45,2-jours,regular,,Pass 2 Jours,Shotgun,86.36,97.61,1,1
2026-06-10,2026-06-10 06:23:00,vendredi,early_entry,['vendredi'],Vendredi | Entrée Avant 21H,DICE,50.533860000000004,53.56,1,1
2026-06-10,2026-06-10 12:43:12,vendredi,regular,['vendredi'],Pass Vendredi,Shotgun,53.64,60.62,1,1
2026-06-10,2026-06-10 12:43:12,vendredi,regular,['vendredi'],Pass Vendredi,Shotgun,53.64,60.62,1,1
2026-06-10,2026-06-10 12:43:12,vendredi,regular,['vendredi'],Pass Vendredi,Shotgun,53.64,60.62,1,1
2026-06-10,2026-06-10 13:45:00,samedi,regular,['samedi'],Samedi | Billet Standard,DICE,55.392885,58.71,1,1
2026-06-10,2026-06-10 16:49:00,vendredi,regular,['vendredi'],Vendredi | Billet Standard,DICE,55.392885,58.71,1,1
2026-06-10,2026-06-10 16:57:00,vendredi,regular,['vendredi'],Vendredi | Billet Standard,DICE,55.392885,58.71,1,1
2026-06-10,2026-06-10 17:44:26,samedi,early_entry,['samedi'],Pass Samedi,Shotgun,45.0,50.86,1,1
2026-06-10,2026-06-10 18:05:00,single_day,regular,,Weekend | Billet Standard,DICE,89.40606000000001,94.76,1,1
2026-06-10,2026-06-10 18:05:00,single_day,regular,,Weekend | Billet Standard,DICE,89.40606000000001,94.76,1,1
2026-06-10,2026-06-10 18:21:00,vendredi,regular,['vendredi'],Vendredi | Billet Standard,DICE,55.392885,58.71,1,1
2026-06-10,2026-06-10 19:21:00,samedi,early_entry,['samedi'],Samedi | Entrée Avant 21H,DICE,45.674834999999995,48.41,1,1
2026-06-10,2026-06-10 19:21:00,samedi,early_entry,['samedi'],Samedi | Entrée Avant 21H,DICE,45.674834999999995,48.41,1,1
2026-06-10,2026-06-10 19:56:03,samedi,regular,['samedi'],Pass Samedi,Shotgun,53.64,60.62,1,1
2026-06-10,2026-06-10 20:06:00,samedi,early_entry,['samedi'],Samedi | Entrée Avant 21H,DICE,45.674834999999995,48.41,1,1
2026-06-10,2026-06-10 20:06:00,samedi,early_entry,['samedi'],Samedi | Entrée Avant 21H,DICE,45.674834999999995,48.41,1,1
2026-06-10,2026-06-10 20:33:00,single_day,regular,,Weekend | Billet Standard,DICE,89.40606000000001,94.76,1,1
2026-06-10,2026-06-10 20:50:00,vendredi,early_entry,['vendredi'],Vendredi | Entrée Avant 21H,DICE,50.533860000000004,53.56,1,1
2026-06-10,2026-06-10 20:50:00,vendredi,early_entry,['vendredi'],Vendredi | Entrée Avant 21H,DICE,50.533860000000004,53.56,1,1
2026-06-10,2026-06-10 21:04:00,vendredi,early_entry,['vendredi'],Vendredi | Entrée Avant 21H,DICE,50.533860000000004,53.56,1,1
2026-06-10,2026-06-10 21:16:00,vendredi,regular,['vendredi'],Vendredi | Billet Standard,DICE,55.392885,58.71,1,1
2026-06-10,2026-06-10 21:16:00,vendredi,regular,['vendredi'],Vendredi | Billet Standard,DICE,55.392885,58.71,1,1
2026-06-11,2026-06-11 04:53:45,samedi,regular,['samedi'],Pass Samedi,Shotgun,53.64,60.62,1,1
2026-06-11,2026-06-11 04:53:45,samedi,regular,['samedi'],Pass Samedi,Shotgun,53.64,60.62,1,1
2026-06-11,2026-06-11 07:01:28,vendredi,early_entry,['vendredi'],Pass Vendredi,Shotgun,45.0,50.86,1,1
2026-06-11,2026-06-11 07:45:36,vendredi,regular,['vendredi'],Pass Vendredi,Shotgun,53.64,60.62,1,1
2026-06-11,2026-06-11 07:45:36,vendredi,regular,['vendredi'],Pass Vendredi,Shotgun,53.64,60.62,1,1
2026-06-11,2026-06-11 07:45:36,vendredi,regular,['vendredi'],Pass Vendredi,Shotgun,53.64,60.62,1,1
2026-06-11,2026-06-11 09:47:00,vendredi,regular,['vendredi'],Vendredi | Billet Standard,DICE,55.392885,58.71,1,1
2026-06-11,2026-06-11 09:47:00,vendredi,regular,['vendredi'],Vendredi | Billet Standard,DICE,55.392885,58.71,1,1
2026-06-11,2026-06-11 09:47:00,vendredi,regular,['vendredi'],Vendredi | Billet Standard,DICE,55.392885,58.71,1,1
2026-06-11,2026-06-11 09:58:08,2-jours,regular,,Pass 2 Jours,Shotgun,86.36,97.61,1,1
2026-06-11,2026-06-11 10:01:02,vendredi,regular,['vendredi'],Pass Vendredi,Shotgun,53.64,60.62,1,1
2026-06-11,2026-06-11 14:15:15,samedi,early_entry,['samedi'],Pass Samedi,Shotgun,45.0,50.86,1,1
2026-06-11,2026-06-11 14:15:15,samedi,early_entry,['samedi'],Pass Samedi,Shotgun,45.0,50.86,1,1
2026-06-11,2026-06-11 15:15:00,vendredi,regular,['vendredi'],Vendredi | Billet Standard,DICE,55.392885,58.71,1,1
2026-06-11,2026-06-11 15:15:00,vendredi,regular,['vendredi'],Vendredi | Billet Standard,DICE,55.392885,58.71,1,1
2026-06-11,2026-06-11 15:15:00,vendredi,regular,['vendredi'],Vendredi | Billet Standard,DICE,55.392885,58.71,1,1
2026-06-11,2026-06-11 15:39:44,2-jours,regular,,Pass 2 Jours,Shotgun,86.36,97.61,1,1
2026-06-11,2026-06-11 15:39:44,2-jours,regular,,Pass 2 Jours,Shotgun,86.36,97.61,1,1
2026-06-11,2026-06-11 15:39:44,2-jours,regular,,Pass 2 Jours,Shotgun,86.36,97.61,1,1
2026-06-11,2026-06-11 15:41:42,2-jours,regular,,Pass 2 Jours,Shotgun,86.36,97.61,1,1
2026-06-11,2026-06-11 15:41:42,2-jours,regular,,Pass 2 Jours,Shotgun,86.36,97.61,1,1
2026-06-11,2026-06-11 19:30:58,vendredi,early_entry,['vendredi'],Pass Vendredi,Shotgun,45.0,50.86,1,1
2026-06-11,2026-06-11 19:50:12,vendredi,early_entry,['vendredi'],Pass Vendredi,Shotgun,45.0,50.86,1,1
2026-06-11,2026-06-11 19:56:58,vendredi,early_entry,['vendredi'],Pass Vendredi,Shotgun,45.0,50.86,1,1
2026-06-11,2026-06-11 20:56:00,vendredi,early_entry,['vendredi'],Vendredi | Entrée Avant 21H,DICE,50.533860000000004,53.56,1,1
2026-06-11,2026-06-11 21:51:00,vendredi,early_entry,['vendredi'],Vendredi | Entrée Avant 21H,DICE,50.533860000000004,53.56,1,1
2026-06-11,2026-06-11 23:09:00,vendredi,regular,['vendredi'],Vendredi | Billet Standard,DICE,55.392885,58.71,1,1
2026-06-12,2026-06-12 11:47:03,vendredi,regular,['vendredi'],Pass Vendredi,Shotgun,53.64,60.62,1,1
2026-06-12,2026-06-12 13:07:00,vendredi,regular,['vendredi'],Vendredi | Billet Standard,DICE,55.392885,58.71,1,1
2026-06-12,2026-06-12 13:07:00,vendredi,regular,['vendredi'],Vendredi | Billet Standard,DICE,55.392885,58.71,1,1
2026-06-12,2026-06-12 15:07:00,samedi,early_entry,['samedi'],Samedi | Entrée Avant 21H,DICE,45.674834999999995,48.41,1,1
2026-06-12,2026-06-12 17:26:08,2-jours,regular,,Pass 2 Jours,Shotgun,86.36,97.61,1,1
2026-06-12,2026-06-12 17:26:08,2-jours,regular,,Pass 2 Jours,Shotgun,86.36,97.61,1,1
2026-06-12,2026-06-12 20:00:00,vendredi,regular,['vendredi'],Vendredi | Billet Standard,DICE,55.392885,58.71,1,1
2026-06-12,2026-06-12 20:00:00,vendredi,regular,['vendredi'],Vendredi | Billet Standard,DICE,55.392885,58.71,1,1
2026-06-12,2026-06-12 20:52:00,vendredi,regular,['vendredi'],Vendredi | Billet Standard,DICE,55.392885,58.71,1,1
2026-06-12,2026-06-12 22:21:00,samedi,early_entry,['samedi'],Samedi | Entrée Avant 21H,DICE,45.674834999999995,48.41,1,1
2026-06-12,2026-06-12 22:22:00,samedi,early_entry,['samedi'],Samedi | Entrée Avant 21H,DICE,45.674834999999995,48.41,1,1
2026-06-12,2026-06-12 22:48:53,samedi,early_entry,['samedi'],Pass Samedi,Shotgun,45.0,50.86,1,1
2026-06-13,2026-06-13 08:11:00,samedi,regular,['samedi'],Samedi | Billet Standard,DICE,55.392885,58.71,1,1
2026-06-13,2026-06-13 08:11:00,samedi,regular,['samedi'],Samedi | Billet Standard,DICE,55.392885,58.71,1,1
2026-06-13,2026-06-13 08:15:50,vendredi,regular,['vendredi'],Pass Vendredi,Shotgun,53.64,60.62,1,1
2026-06-13,2026-06-13 08:15:50,vendredi,regular,['vendredi'],Pass Vendredi,Shotgun,53.64,60.62,1,1
2026-06-13,2026-06-13 09:09:09,vendredi,early_entry,['vendredi'],Pass Vendredi,Shotgun,45.0,50.86,1,1
2026-06-13,2026-06-13 09:11:01,vendredi,early_entry,['vendredi'],Pass Vendredi,Shotgun,45.0,50.86,1,1
2026-06-13,2026-06-13 09:21:00,samedi,regular,['samedi'],Samedi | Billet Standard,DICE,55.392885,58.71,1,1
2026-06-13,2026-06-13 09:21:00,samedi,regular,['samedi'],Samedi | Billet Standard,DICE,55.392885,58.71,1,1
2026-06-13,2026-06-13 09:48:00,vendredi,regular,['vendredi'],Vendredi | Billet Standard,DICE,55.392885,58.71,1,1
2026-06-13,2026-06-13 11:04:00,single_day,regular,,Weekend | Billet Standard,DICE,89.40606000000001,94.76,1,1
2026-06-13,2026-06-13 11:04:00,single_day,regular,,Weekend | Billet Standard,DICE,89.40606000000001,94.76,1,1
2026-06-13,2026-06-13 14:53:24,vendredi,regular,['vendredi'],Pass Vendredi,Shotgun,53.64,60.62,1,1
2026-06-13,2026-06-13 14:53:24,vendredi,regular,['vendredi'],Pass Vendredi,Shotgun,53.64,60.62,1,1
2026-06-13,2026-06-13 15:19:00,single_day,regular,,Weekend | Billet Standard,DICE,89.40606000000001,94.76,1,1
2026-06-13,2026-06-13 15:19:00,single_day,regular,,Weekend | Billet Standard,DICE,89.40606000000001,94.76,1,1
2026-06-13,2026-06-13 15:26:07,2-jours,regular,,Pass 2 Jours,Shotgun,86.36,97.61,1,1
2026-06-13,2026-06-13 15:26:07,2-jours,regular,,Pass 2 Jours,Shotgun,86.36,97.61,1,1
2026-06-13,2026-06-13 17:52:00,samedi,regular,['samedi'],Samedi | Billet Standard,DICE,55.392885,58.71,1,1
2026-06-13,2026-06-13 19:19:16,vendredi,regular,['vendredi'],Pass Vendredi,Shotgun,53.64,60.62,1,1
2026-06-13,2026-06-13 19:19:16,vendredi,regular,['vendredi'],Pass Vendredi,Shotgun,53.64,60.62,1,1
2026-06-13,2026-06-13 19:19:16,vendredi,regular,['vendredi'],Pass Vendredi,Shotgun,53.64,60.62,1,1
2026-06-13,2026-06-13 19:19:16,vendredi,regular,['vendredi'],Pass Vendredi,Shotgun,53.64,60.62,1,1
2026-06-13,2026-06-13 19:19:16,vendredi,regular,['vendredi'],Pass Vendredi,Shotgun,53.64,60.62,1,1
2026-06-13,2026-06-13 20:34:00,vendredi,early_entry,['vendredi'],Vendredi | Entrée Avant 21H,DICE,50.533860000000004,53.56,1,1
2026-06-13,2026-06-13 21:00:18,vendredi,regular,['vendredi'],Pass Vendredi,Shotgun,53.64,60.62,1,1
2026-06-13,2026-06-13 21:00:18,vendredi,regular,['vendredi'],Pass Vendredi,Shotgun,53.64,60.62,1,1
2026-06-13,2026-06-13 21:00:18,vendredi,regular,['vendredi'],Pass Vendredi,Shotgun,53.64,60.62,1,1
2026-06-13,2026-06-13 21:07:00,single_day,regular,,Weekend | Billet Standard,DICE,89.40606000000001,94.76,1,1
2026-06-13,2026-06-13 22:04:24,vendredi,early_entry,['vendredi'],Pass Vendredi,Shotgun,45.0,50.86,1,1
2026-06-14,2026-06-14 00:56:01,2-jours,regular,,Pass 2 Jours,Shotgun,86.36,97.61,1,1
2026-06-14,2026-06-14 00:56:01,2-jours,regular,,Pass 2 Jours,Shotgun,86.36,97.61,1,1
2026-06-14,2026-06-14 01:34:00,vendredi,regular,['vendredi'],Vendredi | Billet Standard,DICE,55.392885,58.71,1,1
2026-06-14,2026-06-14 01:34:00,vendredi,regular,['vendredi'],Vendredi | Billet Standard,DICE,55.392885,58.71,1,1
2026-06-14,2026-06-14 12:46:36,vendredi,early_entry,['vendredi'],Pass Vendredi,Shotgun,45.0,50.86,1,1
2026-06-14,2026-06-14 15:04:00,vendredi,vip,['vendredi'],Vendredi | Entrée VIP | Billet Standard,DICE,128.27826000000002,135.96,1,1
2026-06-14,2026-06-14 15:04:00,vendredi,vip,['vendredi'],Vendredi | Entrée VIP | Billet Standard,DICE,128.27826000000002,135.96,1,1
2026-06-14,2026-06-14 16:34:57,vendredi,regular,['vendredi'],Pass Vendredi,Shotgun,53.64,60.62,1,1
2026-06-14,2026-06-14 16:34:57,vendredi,regular,['vendredi'],Pass Vendredi,Shotgun,53.64,60.62,1,1
2026-06-14,2026-06-14 16:34:57,vendredi,regular,['vendredi'],Pass Vendredi,Shotgun,53.64,60.62,1,1
2026-06-14,2026-06-14 16:34:57,vendredi,regular,['vendredi'],Pass Vendredi,Shotgun,53.64,60.62,1,1
2026-06-14,2026-06-14 16:55:00,vendredi,early_entry,['vendredi'],Vendredi | Entrée Avant 21H,DICE,50.533860000000004,53.56,1,1
2026-06-15,2026-06-15 06:44:44,vendredi,regular,['vendredi'],Pass Vendredi,Shotgun,53.64,60.62,1,1
2026-06-15,2026-06-15 13:33:00,samedi,vip,['samedi'],Samedi | Entrée VIP | Billet Standard,DICE,128.27826000000002,135.96,1,1
2026-06-15,2026-06-15 13:33:00,samedi,vip,['samedi'],Samedi | Entrée VIP | Billet Standard,DICE,128.27826000000002,135.96,1,1
2026-06-15,2026-06-15 21:07:58,vendredi,regular,['vendredi'],Pass Vendredi,Shotgun,53.64,60.62,1,1
2026-06-15,2026-06-15 22:39:00,single_day,regular,,Weekend | Billet Standard,DICE,89.40606000000001,94.76,1,1
2026-06-15,2026-06-15 23:02:00,vendredi,early_entry,['vendredi'],Vendredi | Entrée Avant 21H,DICE,50.533860000000004,53.56,1,1
2026-06-15,2026-06-15 23:02:00,vendredi,early_entry,['vendredi'],Vendredi | Entrée Avant 21H,DICE,50.533860000000004,53.56,1,1
2026-06-16,2026-06-16 08:59:00,samedi,regular,['samedi'],Samedi | Billet Standard,DICE,55.392885,58.71,1,1
2026-06-16,2026-06-16 08:59:00,samedi,regular,['samedi'],Samedi | Billet Standard,DICE,55.392885,58.71,1,1
2026-06-16,2026-06-16 11:51:00,vendredi,early_entry,['vendredi'],Vendredi | Entrée Avant 21H,DICE,50.533860000000004,53.56,1,1
2026-06-16,2026-06-16 13:43:35,vendredi,early_entry,['vendredi'],Pass Vendredi,Shotgun,45.0,50.86,1,1
2026-06-16,2026-06-16 13:48:00,single_day,regular,,Weekend | Billet Standard,DICE,89.40606000000001,94.76,1,1
2026-06-16,2026-06-16 13:48:00,vendredi,regular,['vendredi'],Vendredi | Billet Standard,DICE,55.392885,58.71,1,1
2026-06-16,2026-06-16 15:29:00,vendredi,early_entry,['vendredi'],Vendredi | Entrée Avant 21H,DICE,50.533860000000004,53.56,1,1
2026-06-16,2026-06-16 16:22:00,single_day,regular,,Weekend | Billet Standard,DICE,89.40606000000001,94.76,1,1
2026-06-16,2026-06-16 20:49:00,vendredi,regular,['vendredi'],Vendredi | Billet Standard,DICE,55.392885,58.71,1,1
2026-06-16,2026-06-16 20:49:00,vendredi,regular,['vendredi'],Vendredi | Billet Standard,DICE,55.392885,58.71,1,1
2026-06-16,2026-06-16 20:55:55,vendredi,regular,['vendredi'],Pass Vendredi,Shotgun,53.64,60.62,1,1
2026-06-16,2026-06-16 21:31:00,samedi,early_entry,['samedi'],Samedi | Entrée Avant 21H,DICE,45.674834999999995,48.41,1,1
2026-06-16,2026-06-16 21:31:00,samedi,early_entry,['samedi'],Samedi | Entrée Avant 21H,DICE,45.674834999999995,48.41,1,1
2026-06-17,2026-06-17 06:03:17,samedi,regular,['samedi'],Pass Samedi,Shotgun,53.64,60.62,1,1
2026-06-17,2026-06-17 10:30:00,samedi,regular,['samedi'],Samedi | Billet Standard,DICE,55.392885,58.71,1,1
2026-06-17,2026-06-17 11:52:00,vendredi,early_entry,['vendredi'],Vendredi | Entrée Avant 21H,DICE,50.533860000000004,53.56,1,1
2026-06-17,2026-06-17 18:44:56,2-jours,regular,,Pass 2 Jours,Shotgun,86.36,97.61,1,1
2026-06-17,2026-06-17 19:01:00,vendredi,vip,['vendredi'],Vendredi | Entrée VIP | Billet Standard,DICE,128.27826000000002,135.96,1,1
2026-06-17,2026-06-17 19:01:00,vendredi,vip,['vendredi'],Vendredi | Entrée VIP | Billet Standard,DICE,128.27826000000002,135.96,1,1
2026-06-17,2026-06-17 20:31:00,single_day,regular,,Weekend | Billet Standard,DICE,89.40606000000001,94.76,1,1
2026-06-17,2026-06-17 21:11:00,single_day,regular,,Weekend | Billet Standard,DICE,89.40606000000001,94.76,1,1
2026-06-18,2026-06-18 11:24:58,2-jours,regular,,Pass 2 Jours,Shotgun,86.36,97.61,1,1
2026-06-18,2026-06-18 12:07:00,samedi,regular,['samedi'],Samedi | Billet Standard,DICE,55.392885,58.71,1,1
2026-06-18,2026-06-18 12:07:00,samedi,regular,['samedi'],Samedi | Billet Standard,DICE,55.392885,58.71,1,1
2026-06-18,2026-06-18 16:33:13,samedi,regular,['samedi'],Pass Samedi,Shotgun,53.64,60.62,1,1
2026-06-18,2026-06-18 20:02:00,vendredi,vip,['vendredi'],Vendredi | Entrée VIP | Billet Standard,DICE,128.27826000000002,135.96,1,1
2026-06-18,2026-06-18 20:02:00,vendredi,vip,['vendredi'],Vendredi | Entrée VIP | Billet Standard,DICE,128.27826000000002,135.96,1,1
2026-06-18,2026-06-18 20:02:00,vendredi,vip,['vendredi'],Vendredi | Entrée VIP | Billet Standard,DICE,128.27826000000002,135.96,1,1
2026-06-18,2026-06-18 20:32:00,samedi,vip,['samedi'],Samedi | Entrée VIP | Billet Standard,DICE,128.27826000000002,135.96,1,1
2026-06-18,2026-06-18 21:53:00,vendredi,regular,['vendredi'],Vendredi | Billet Standard,DICE,55.392885,58.71,1,1
2026-06-18,2026-06-18 23:08:00,vendredi,regular,['vendredi'],Vendredi | Billet Standard,DICE,55.392885,58.71,1,1
2026-06-19,2026-06-19 00:30:00,vendredi,regular,['vendredi'],Vendredi | Billet Standard,DICE,55.392885,58.71,1,1
2026-06-19,2026-06-19 08:54:00,vendredi,regular,['vendredi'],Vendredi | Billet Standard,DICE,55.392885,58.71,1,1
2026-06-19,2026-06-19 08:54:00,vendredi,regular,['vendredi'],Vendredi | Billet Standard,DICE,55.392885,58.71,1,1
2026-06-19,2026-06-19 10:45:00,samedi,early_entry,['samedi'],Samedi | Entrée Avant 21H,DICE,45.674834999999995,48.41,1,1
2026-06-19,2026-06-19 10:45:00,samedi,early_entry,['samedi'],Samedi | Entrée Avant 21H,DICE,45.674834999999995,48.41,1,1
2026-06-19,2026-06-19 10:56:00,vendredi,regular,['vendredi'],Vendredi | Billet Standard,DICE,55.392885,58.71,1,1
2026-06-19,2026-06-19 10:56:00,vendredi,regular,['vendredi'],Vendredi | Billet Standard,DICE,55.392885,58.71,1,1
2026-06-19,2026-06-19 15:35:52,vendredi,regular,['vendredi'],Pass Vendredi,Shotgun,53.64,60.62,1,1
2026-06-19,2026-06-19 15:35:52,vendredi,regular,['vendredi'],Pass Vendredi,Shotgun,53.64,60.62,1,1
2026-06-19,2026-06-19 16:57:00,samedi,regular,['samedi'],Samedi | Billet Standard,DICE,55.392885,58.71,1,1
2026-06-19,2026-06-19 16:57:00,samedi,regular,['samedi'],Samedi | Billet Standard,DICE,55.392885,58.71,1,1
2026-06-19,2026-06-19 16:57:00,samedi,regular,['samedi'],Samedi | Billet Standard,DICE,55.392885,58.71,1,1
2026-06-19,2026-06-19 16:57:00,samedi,regular,['samedi'],Samedi | Billet Standard,DICE,55.392885,58.71,1,1
2026-06-19,2026-06-19 16:57:00,samedi,regular,['samedi'],Samedi | Billet Standard,DICE,55.392885,58.71,1,1
2026-06-19,2026-06-19 16:57:00,samedi,regular,['samedi'],Samedi | Billet Standard,DICE,55.392885,58.71,1,1
2026-06-19,2026-06-19 17:31:09,vendredi,regular,['vendredi'],Pass Vendredi,Shotgun,53.64,60.62,1,1
2026-06-19,2026-06-19 17:31:09,vendredi,regular,['vendredi'],Pass Vendredi,Shotgun,53.64,60.62,1,1
2026-06-19,2026-06-19 21:16:00,vendredi,regular,['vendredi'],Vendredi | Billet Standard,DICE,55.392885,58.71,1,1
2026-06-19,2026-06-19 21:43:00,samedi,early_entry,['samedi'],Samedi | Entrée Avant 21H,DICE,45.674834999999995,48.41,1,1
2026-06-20,2026-06-20 07:25:00,vendredi,early_entry,['vendredi'],Vendredi | Entrée Avant 21H,DICE,50.533860000000004,53.56,1,1
2026-06-20,2026-06-20 07:25:00,vendredi,early_entry,['vendredi'],Vendredi | Entrée Avant 21H,DICE,50.533860000000004,53.56,1,1
2026-06-20,2026-06-20 10:57:00,vendredi,regular,['vendredi'],Vendredi | Billet Standard,DICE,55.392885,58.71,1,1
2026-06-20,2026-06-20 11:29:00,vendredi,early_entry,['vendredi'],Vendredi | Entrée Avant 21H,DICE,50.533860000000004,53.56,1,1
2026-06-20,2026-06-20 11:29:00,vendredi,early_entry,['vendredi'],Vendredi | Entrée Avant 21H,DICE,50.533860000000004,53.56,1,1
2026-06-20,2026-06-20 11:36:00,vendredi,regular,['vendredi'],Vendredi | Billet Standard,DICE,55.392885,58.71,1,1
2026-06-20,2026-06-20 15:12:00,samedi,regular,['samedi'],Samedi | Billet Standard,DICE,55.392885,58.71,1,1
2026-06-20,2026-06-20 15:12:00,samedi,regular,['samedi'],Samedi | Billet Standard,DICE,55.392885,58.71,1,1
2026-06-20,2026-06-20 17:32:00,samedi,early_entry,['samedi'],Samedi | Entrée Avant 21H,DICE,45.674834999999995,48.41,1,1
2026-06-20,2026-06-20 17:32:00,samedi,early_entry,['samedi'],Samedi | Entrée Avant 21H,DICE,45.674834999999995,48.41,1,1
2026-06-20,2026-06-20 17:49:00,samedi,regular,['samedi'],Samedi | Billet Standard,DICE,55.392885,58.71,1,1
2026-06-20,2026-06-20 17:49:00,samedi,regular,['samedi'],Samedi | Billet Standard,DICE,55.392885,58.71,1,1
2026-06-20,2026-06-20 17:49:00,samedi,regular,['samedi'],Samedi | Billet Standard,DICE,55.392885,58.71,1,1
2026-06-20,2026-06-20 18:26:00,samedi,early_entry,['samedi'],Samedi | Entrée Avant 21H,DICE,45.674834999999995,48.41,1,1
2026-06-20,2026-06-20 18:26:00,samedi,early_entry,['samedi'],Samedi | Entrée Avant 21H,DICE,45.674834999999995,48.41,1,1
2026-06-20,2026-06-20 18:26:00,samedi,early_entry,['samedi'],Samedi | Entrée Avant 21H,DICE,45.674834999999995,48.41,1,1
2026-06-20,2026-06-20 19:17:00,vendredi,regular,['vendredi'],Vendredi | Billet Standard,DICE,55.392885,58.71,1,1
2026-06-20,2026-06-20 20:09:41,vendredi,early_entry,['vendredi'],Pass Vendredi,Shotgun,45.0,50.86,1,1
2026-06-20,2026-06-20 20:09:41,vendredi,early_entry,['vendredi'],Pass Vendredi,Shotgun,45.0,50.86,1,1
2026-06-20,2026-06-20 22:01:00,vendredi,early_entry,['vendredi'],Vendredi | Entrée Avant 21H,DICE,50.533860000000004,53.56,1,1
2026-06-20,2026-06-20 22:01:00,vendredi,early_entry,['vendredi'],Vendredi | Entrée Avant 21H,DICE,50.533860000000004,53.56,1,1
2026-06-20,2026-06-20 22:01:00,vendredi,early_entry,['vendredi'],Vendredi | Entrée Avant 21H,DICE,50.533860000000004,53.56,1,1
2026-06-20,2026-06-20 22:01:00,vendredi,early_entry,['vendredi'],Vendredi | Entrée Avant 21H,DICE,50.533860000000004,53.56,1,1
2026-06-20,2026-06-20 22:04:00,vendredi,early_entry,['vendredi'],Vendredi | Entrée Avant 21H,DICE,50.533860000000004,53.56,1,1
2026-06-20,2026-06-20 22:39:00,samedi,early_entry,['samedi'],Samedi | Entrée Avant 21H,DICE,45.674834999999995,48.41,1,1
2026-06-20,2026-06-20 22:39:00,samedi,early_entry,['samedi'],Samedi | Entrée Avant 21H,DICE,45.674834999999995,48.41,1,1
2026-06-20,2026-06-20 22:39:00,samedi,early_entry,['samedi'],Samedi | Entrée Avant 21H,DICE,45.674834999999995,48.41,1,1
2026-06-20,2026-06-20 23:14:46,vendredi,regular,['vendredi'],Pass Vendredi,Shotgun,53.64,60.62,1,1
2026-06-20,2026-06-20 23:31:00,vendredi,regular,['vendredi'],Vendredi | Billet Standard,DICE,55.392885,58.71,1,1
2026-06-20,2026-06-20 23:31:00,vendredi,regular,['vendredi'],Vendredi | Billet Standard,DICE,55.392885,58.71,1,1
2026-06-20,2026-06-20 23:37:00,samedi,early_entry,['samedi'],Samedi | Entrée Avant 21H,DICE,45.674834999999995,48.41,1,1
2026-06-20,2026-06-20 23:37:00,samedi,early_entry,['samedi'],Samedi | Entrée Avant 21H,DICE,45.674834999999995,48.41,1,1
2026-06-21,2026-06-21 11:10:58,vendredi,regular,['vendredi'],Pass Vendredi,Shotgun,53.64,60.62,1,1
2026-06-21,2026-06-21 11:10:58,vendredi,regular,['vendredi'],Pass Vendredi,Shotgun,53.64,60.62,1,1
2026-06-21,2026-06-21 11:17:00,vendredi,early_entry,['vendredi'],Vendredi | Entrée Avant 21H,DICE,50.533860000000004,53.56,1,1
2026-06-21,2026-06-21 11:17:00,vendredi,early_entry,['vendredi'],Vendredi | Entrée Avant 21H,DICE,50.533860000000004,53.56,1,1
2026-06-21,2026-06-21 14:13:34,vendredi,early_entry,['vendredi'],Pass Vendredi,Shotgun,45.0,50.86,1,1
2026-06-21,2026-06-21 14:13:34,vendredi,early_entry,['vendredi'],Pass Vendredi,Shotgun,45.0,50.86,1,1
2026-06-21,2026-06-21 16:01:20,2-jours,regular,,Pass 2 Jours,Shotgun,86.36,97.61,1,1
2026-06-21,2026-06-21 18:35:00,vendredi,regular,['vendredi'],Vendredi | Billet Standard,DICE,55.392885,58.71,1,1
2026-06-21,2026-06-21 18:35:00,vendredi,regular,['vendredi'],Vendredi | Billet Standard,DICE,55.392885,58.71,1,1
2026-06-21,2026-06-21 22:03:18,vendredi,early_entry,['vendredi'],Pass Vendredi,Shotgun,45.0,50.86,1,1
2026-06-21,2026-06-21 22:03:18,vendredi,early_entry,['vendredi'],Pass Vendredi,Shotgun,45.0,50.86,1,1
2026-06-22,2026-06-22 16:17:00,samedi,early_entry,['samedi'],Samedi | Entrée Avant 21H,DICE,45.674834999999995,48.41,1,1
2026-06-22,2026-06-22 16:17:00,samedi,early_entry,['samedi'],Samedi | Entrée Avant 21H,DICE,45.674834999999995,48.41,1,1
2026-06-22,2026-06-22 16:17:00,samedi,early_entry,['samedi'],Samedi | Entrée Avant 21H,DICE,45.674834999999995,48.41,1,1
2026-06-22,2026-06-22 17:34:00,samedi,early_entry,['samedi'],Samedi | Entrée Avant 21H,DICE,45.674834999999995,48.41,1,1
2026-06-22,2026-06-22 17:36:22,vendredi,regular,['vendredi'],Pass Vendredi,Shotgun,53.64,60.62,1,1
2026-06-22,2026-06-22 17:36:22,vendredi,regular,['vendredi'],Pass Vendredi,Shotgun,53.64,60.62,1,1
2026-06-22,2026-06-22 18:20:00,vendredi,regular,['vendredi'],Vendredi | Billet Standard,DICE,55.392885,58.71,1,1
2026-06-22,2026-06-22 18:33:00,samedi,regular,['samedi'],Samedi | Billet Standard,DICE,55.392885,58.71,1,1
2026-06-22,2026-06-22 18:33:00,samedi,regular,['samedi'],Samedi | Billet Standard,DICE,55.392885,58.71,1,1
2026-06-22,2026-06-22 18:49:16,vendredi,regular,['vendredi'],Pass Vendredi,Shotgun,53.64,60.62,1,1
2026-06-23,2026-06-23 20:07:51,vendredi,regular,['vendredi'],Pass Vendredi,Shotgun,53.64,60.62,1,1
2026-06-23,2026-06-23 20:07:51,vendredi,regular,['vendredi'],Pass Vendredi,Shotgun,53.64,60.62,1,1
2026-06-24,2026-06-24 07:44:32,samedi,regular,['samedi'],Pass Samedi,Shotgun,53.64,60.62,1,1
2026-06-24,2026-06-24 16:26:00,samedi,early_entry,['samedi'],Samedi | Entrée Avant 21H,DICE,45.674834999999995,48.41,1,1
2026-06-24,2026-06-24 16:26:00,samedi,early_entry,['samedi'],Samedi | Entrée Avant 21H,DICE,45.674834999999995,48.41,1,1
2026-06-24,2026-06-24 17:18:57,2-jours,regular,,Pass 2 Jours,Shotgun,86.36,97.61,1,1
2026-06-24,2026-06-24 17:26:09,vendredi,early_entry,['vendredi'],Pass Vendredi,Shotgun,45.0,50.86,1,1
2026-06-24,2026-06-24 17:26:09,vendredi,early_entry,['vendredi'],Pass Vendredi,Shotgun,45.0,50.86,1,1
2026-06-24,2026-06-24 23:19:43,vendredi,early_entry,['vendredi'],Pass Vendredi,Shotgun,45.0,50.86,1,1
2026-06-24,2026-06-24 23:19:43,vendredi,early_entry,['vendredi'],Pass Vendredi,Shotgun,45.0,50.86,1,1
2026-06-25,2026-06-25 11:59:00,samedi,vip,['samedi'],Samedi | Entrée VIP | Billet Standard,DICE,128.27826000000002,135.96,1,1
2026-06-25,2026-06-25 11:59:00,samedi,vip,['samedi'],Samedi | Entrée VIP | Billet Standard,DICE,128.27826000000002,135.96,1,1
2026-06-25,2026-06-25 13:55:00,samedi,regular,['samedi'],Samedi | Billet Standard,DICE,55.392885,58.71,1,1
2026-06-25,2026-06-25 13:55:00,samedi,regular,['samedi'],Samedi | Billet Standard,DICE,55.392885,58.71,1,1
2026-06-25,2026-06-25 13:55:00,samedi,regular,['samedi'],Samedi | Billet Standard,DICE,55.392885,58.71,1,1
2026-06-25,2026-06-25 15:57:00,vendredi,regular,['vendredi'],Vendredi | Billet Standard,DICE,55.392885,58.71,1,1
2026-06-25,2026-06-25 17:19:35,vendredi,regular,['vendredi'],Pass Vendredi,Shotgun,53.64,60.62,1,1
2026-06-25,2026-06-25 18:45:00,vendredi,regular,['vendredi'],Vendredi | Billet Standard,DICE,55.392885,58.71,1,1
2026-06-25,2026-06-25 18:45:00,vendredi,regular,['vendredi'],Vendredi | Billet Standard,DICE,55.392885,58.71,1,1
2026-06-25,2026-06-25 20:38:00,vendredi,regular,['vendredi'],Vendredi | Billet Standard,DICE,55.392885,58.71,1,1
2026-06-26,2026-06-26 16:33:56,vendredi,early_entry,['vendredi'],Pass Vendredi,Shotgun,45.0,50.86,1,1
2026-06-26,2026-06-26 17:49:00,samedi,vip,['samedi'],Samedi | Entrée VIP | Billet Standard,DICE,128.27826000000002,135.96,1,1
2026-06-26,2026-06-26 17:49:00,samedi,vip,['samedi'],Samedi | Entrée VIP | Billet Standard,DICE,128.27826000000002,135.96,1,1
2026-06-26,2026-06-26 18:29:52,2-jours,regular,,Pass 2 Jours,Shotgun,86.36,97.61,1,1
2026-06-26,2026-06-26 18:29:52,2-jours,regular,,Pass 2 Jours,Shotgun,86.36,97.61,1,1
2026-06-26,2026-06-26 19:50:24,2-jours,regular,,Pass 2 Jours,Shotgun,86.36,97.61,1,1
2026-06-26,2026-06-26 20:33:50,samedi,early_entry,['samedi'],Pass Samedi,Shotgun,45.0,50.86,1,1
2026-06-26,2026-06-26 20:36:00,vendredi,regular,['vendredi'],Vendredi | Billet Standard,DICE,55.392885,58.71,1,1
2026-06-26,2026-06-26 20:36:00,vendredi,regular,['vendredi'],Vendredi | Billet Standard,DICE,55.392885,58.71,1,1
2026-06-26,2026-06-26 20:42:35,samedi,regular,['samedi'],Pass Samedi,Shotgun,53.64,60.62,1,1
2026-06-26,2026-06-26 21:02:00,samedi,vip,['samedi'],Samedi | Entrée VIP | Billet Standard,DICE,128.27826000000002,135.96,1,1
2026-06-26,2026-06-26 21:29:46,samedi,early_entry,['samedi'],Pass Samedi,Shotgun,45.0,50.86,1,1
2026-06-26,2026-06-26 21:29:46,samedi,early_entry,['samedi'],Pass Samedi,Shotgun,45.0,50.86,1,1
2026-06-26,2026-06-26 22:54:47,2-jours,regular,,Pass 2 Jours,Shotgun,86.36,97.61,1,1
2026-06-27,2026-06-27 10:24:00,single_day,regular,,Weekend | Billet Standard,DICE,89.40606000000001,94.76,1,1
2026-06-27,2026-06-27 12:38:34,2-jours,regular,,Pass 2 Jours,Shotgun,86.36,97.61,1,1
2026-06-27,2026-06-27 13:49:00,single_day,regular,,Weekend | Billet Standard,DICE,89.40606000000001,94.76,1,1
2026-06-27,2026-06-27 14:17:57,vendredi,early_entry,['vendredi'],Pass Vendredi,Shotgun,45.0,50.86,1,1
2026-06-27,2026-06-27 14:17:57,vendredi,early_entry,['vendredi'],Pass Vendredi,Shotgun,45.0,50.86,1,1
2026-06-27,2026-06-27 14:17:57,vendredi,early_entry,['vendredi'],Pass Vendredi,Shotgun,45.0,50.86,1,1
2026-06-27,2026-06-27 14:17:57,vendredi,early_entry,['vendredi'],Pass Vendredi,Shotgun,45.0,50.86,1,1
2026-06-27,2026-06-27 14:17:57,vendredi,early_entry,['vendredi'],Pass Vendredi,Shotgun,45.0,50.86,1,1
2026-06-27,2026-06-27 14:17:57,vendredi,early_entry,['vendredi'],Pass Vendredi,Shotgun,45.0,50.86,1,1
2026-06-27,2026-06-27 18:02:00,samedi,early_entry,['samedi'],Samedi | Entrée Avant 21H,DICE,50.533860000000004,53.56,1,1
2026-06-27,2026-06-27 18:02:00,samedi,early_entry,['samedi'],Samedi | Entrée Avant 21H,DICE,50.533860000000004,53.56,1,1
2026-06-27,2026-06-27 20:31:37,vendredi,regular,['vendredi'],Pass Vendredi,Shotgun,53.64,60.62,1,1
2026-06-28,2026-06-28 09:04:00,single_day,regular,,Weekend | Billet Standard,DICE,89.40606000000001,94.76,1,1
2026-06-28,2026-06-28 14:20:00,2-jours,regular,,Pass 2 Jours,Shotgun,86.36,97.61,1,1
2026-06-28,2026-06-28 14:20:00,2-jours,regular,,Pass 2 Jours,Shotgun,86.36,97.61,1,1
2026-06-28,2026-06-28 15:00:00,samedi,early_entry,['samedi'],Samedi | Entrée Avant 21H,DICE,50.533860000000004,53.56,1,1
2026-06-28,2026-06-28 15:00:00,samedi,early_entry,['samedi'],Samedi | Entrée Avant 21H,DICE,50.533860000000004,53.56,1,1
2026-06-28,2026-06-28 16:20:00,single_day,regular,,Weekend | Billet Standard,DICE,89.40606000000001,94.76,1,1
2026-06-28,2026-06-28 16:20:00,single_day,regular,,Weekend | Billet Standard,DICE,89.40606000000001,94.76,1,1
2026-06-28,2026-06-28 18:53:01,2-jours,regular,,Pass 2 Jours,Shotgun,86.36,97.61,1,1
2026-06-28,2026-06-28 18:54:36,2-jours,regular,,Pass 2 Jours,Shotgun,86.36,97.61,1,1
2026-06-28,2026-06-28 19:01:15,2-jours,regular,,Pass 2 Jours,Shotgun,86.36,97.61,1,1
2026-06-29,2026-06-29 06:17:40,samedi,early_entry,['samedi'],Pass Samedi,Shotgun,45.0,50.86,1,1
2026-06-29,2026-06-29 12:36:00,samedi,regular,['samedi'],Samedi | Billet Standard,DICE,55.392885,58.71,1,1
2026-06-29,2026-06-29 14:34:00,samedi,regular,['samedi'],Samedi | Billet Standard,DICE,55.392885,58.71,1,1
2026-06-29,2026-06-29 14:34:00,samedi,regular,['samedi'],Samedi | Billet Standard,DICE,55.392885,58.71,1,1
2026-06-29,2026-06-29 15:16:00,vendredi,regular,['vendredi'],Vendredi | Billet Standard,DICE,55.392885,58.71,1,1
2026-06-29,2026-06-29 16:08:00,vendredi,regular,['vendredi'],Vendredi | Billet Standard,DICE,55.392885,58.71,1,1
2026-06-29,2026-06-29 16:08:00,vendredi,regular,['vendredi'],Vendredi | Billet Standard,DICE,55.392885,58.71,1,1
2026-06-29,2026-06-29 16:21:48,samedi,early_entry,['samedi'],Pass Samedi,Shotgun,45.0,50.86,1,1
2026-06-29,2026-06-29 16:27:00,single_day,regular,,Weekend | Billet Standard,DICE,89.40606000000001,94.76,1,1
2026-06-29,2026-06-29 17:29:00,vendredi,regular,['vendredi'],Vendredi | Billet Standard,DICE,55.392885,58.71,1,1
2026-06-29,2026-06-29 17:29:00,vendredi,regular,['vendredi'],Vendredi | Billet Standard,DICE,55.392885,58.71,1,1
2026-06-29,2026-06-29 18:18:00,vendredi,early_entry,['vendredi'],Vendredi | Entrée Avant 21H,DICE,50.533860000000004,53.56,1,1
2026-06-29,2026-06-29 19:20:45,vendredi,regular,['vendredi'],Pass Vendredi,Shotgun,53.64,60.62,1,1
2026-06-29,2026-06-29 19:25:48,2-jours,regular,,Pass 2 Jours,Shotgun,86.36,97.61,1,1
2026-06-29,2026-06-29 20:15:06,2-jours,regular,,Pass 2 Jours,Shotgun,86.36,97.61,1,1
2026-06-29,2026-06-29 20:34:00,vendredi,early_entry,['vendredi'],Vendredi | Entrée Avant 21H,DICE,50.533860000000004,53.56,1,1
2026-06-29,2026-06-29 20:36:27,2-jours,regular,,Pass 2 Jours,Shotgun,86.36,97.61,1,1
2026-06-29,2026-06-29 20:36:27,2-jours,regular,,Pass 2 Jours,Shotgun,86.36,97.61,1,1
2026-06-29,2026-06-29 22:00:00,vendredi,regular,['vendredi'],Vendredi | Billet Standard,DICE,55.392885,58.71,1,1
2026-06-29,2026-06-29 22:00:00,vendredi,regular,['vendredi'],Vendredi | Billet Standard,DICE,55.392885,58.71,1,1
2026-06-29,2026-06-29 22:32:00,single_day,regular,,Weekend | Billet Standard,DICE,89.40606000000001,94.76,1,1
2026-06-30,2026-06-30 00:35:00,single_day,regular,,Weekend | Billet Standard,DICE,89.40606000000001,94.76,1,1
2026-06-30,2026-06-30 00:35:00,single_day,regular,,Weekend | Billet Standard,DICE,89.40606000000001,94.76,1,1
2026-06-30,2026-06-30 00:35:00,single_day,regular,,Weekend | Billet Standard,DICE,89.40606000000001,94.76,1,1
2026-06-30,2026-06-30 07:30:08,samedi,early_entry,['samedi'],Pass Samedi,Shotgun,45.0,50.86,1,1
2026-06-30,2026-06-30 07:30:08,samedi,early_entry,['samedi'],Pass Samedi,Shotgun,45.0,50.86,1,1
2026-06-30,2026-06-30 07:30:08,samedi,early_entry,['samedi'],Pass Samedi,Shotgun,45.0,50.86,1,1
2026-06-30,2026-06-30 10:57:00,samedi,early_entry,['samedi'],Samedi | Entrée Avant 21H,DICE,50.533860000000004,53.56,1,1
2026-06-30,2026-06-30 14:13:00,single_day,regular,,Weekend | Billet Standard,DICE,89.40606000000001,94.76,1,1
2026-06-30,2026-06-30 14:13:00,single_day,regular,,Weekend | Billet Standard,DICE,89.40606000000001,94.76,1,1
2026-06-30,2026-06-30 15:43:00,vendredi,regular,['vendredi'],Vendredi | Billet Standard,DICE,55.392885,58.71,1,1
2026-06-30,2026-06-30 15:45:00,vendredi,regular,['vendredi'],Vendredi | Billet Standard,DICE,55.392885,58.71,1,1
2026-06-30,2026-06-30 15:45:00,vendredi,regular,['vendredi'],Vendredi | Billet Standard,DICE,55.392885,58.71,1,1
2026-06-30,2026-06-30 17:25:00,vendredi,early_entry,['vendredi'],Vendredi | Entrée Avant 21H,DICE,50.533860000000004,53.56,1,1
2026-06-30,2026-06-30 20:42:00,vendredi,regular,['vendredi'],Vendredi | Billet Standard,DICE,55.392885,58.71,1,1
2026-06-30,2026-06-30 22:05:00,vendredi,regular,['vendredi'],Vendredi | Billet Standard,DICE,55.392885,58.71,1,1
2026-06-30,2026-06-30 23:01:00,samedi,vip,['samedi'],Samedi | Entrée VIP | Billet Standard,DICE,128.27826000000002,135.96,1,1
2026-06-30,2026-06-30 23:01:00,samedi,vip,['samedi'],Samedi | Entrée VIP | Billet Standard,DICE,128.27826000000002,135.96,1,1
2026-06-30,2026-06-30 23:01:00,samedi,vip,['samedi'],Samedi | Entrée VIP | Billet Standard,DICE,128.27826000000002,135.96,1,1
2026-07-01,2026-07-01 12:14:00,single_day,regular,,Weekend | Billet Standard,DICE,89.40606000000001,94.76,1,1
2026-07-01,2026-07-01 12:14:00,samedi,regular,['samedi'],Samedi | Billet Standard,DICE,55.392885,58.71,1,1
2026-07-01,2026-07-01 15:10:00,samedi,early_entry,['samedi'],Samedi | Entrée Avant 21H,DICE,50.533860000000004,53.56,1,1
2026-07-01,2026-07-01 15:10:00,samedi,early_entry,['samedi'],Samedi | Entrée Avant 21H,DICE,50.533860000000004,53.56,1,1
2026-07-01,2026-07-01 15:59:00,vendredi,regular,['vendredi'],Vendredi | Billet Standard,DICE,55.392885,58.71,1,1
2026-07-01,2026-07-01 17:05:00,vendredi,regular,['vendredi'],Vendredi | Billet Standard,DICE,55.392885,58.71,1,1
2026-07-01,2026-07-01 17:05:00,vendredi,regular,['vendredi'],Vendredi | Billet Standard,DICE,55.392885,58.71,1,1
2026-07-01,2026-07-01 19:36:00,vendredi,regular,['vendredi'],Vendredi | Billet Standard,DICE,55.392885,58.71,1,1
2026-07-01,2026-07-01 19:36:00,vendredi,regular,['vendredi'],Vendredi | Billet Standard,DICE,55.392885,58.71,1,1
2026-07-01,2026-07-01 19:59:35,samedi,regular,['samedi'],Pass Samedi,Shotgun,53.64,60.62,1,1
2026-07-01,2026-07-01 19:59:35,samedi,regular,['samedi'],Pass Samedi,Shotgun,53.64,60.62,1,1
2026-07-01,2026-07-01 21:30:00,samedi,regular,['samedi'],Samedi | Billet Standard,DICE,55.392885,58.71,1,1
2026-07-01,2026-07-01 21:30:00,samedi,regular,['samedi'],Samedi | Billet Standard,DICE,55.392885,58.71,1,1
2026-07-01,2026-07-01 22:46:00,samedi,regular,['samedi'],Samedi | Billet Standard,DICE,55.392885,58.71,1,1
2026-07-01,2026-07-01 22:46:00,samedi,regular,['samedi'],Samedi | Billet Standard,DICE,55.392885,58.71,1,1
2026-07-01,2026-07-01 22:46:00,samedi,regular,['samedi'],Samedi | Billet Standard,DICE,55.392885,58.71,1,1
2026-07-01,2026-07-01 22:46:00,samedi,regular,['samedi'],Samedi | Billet Standard,DICE,55.392885,58.71,1,1
2026-07-02,2026-07-02 00:15:47,samedi,regular,['samedi'],Pass Samedi,Shotgun,53.64,60.62,1,1
2026-07-02,2026-07-02 00:15:47,samedi,regular,['samedi'],Pass Samedi,Shotgun,53.64,60.62,1,1
2026-07-02,2026-07-02 08:55:00,vendredi,regular,['vendredi'],Vendredi | Billet Standard,DICE,55.392885,58.71,1,1
2026-07-02,2026-07-02 11:19:00,samedi,regular,['samedi'],Samedi | Billet Standard,DICE,55.392885,58.71,1,1
2026-07-02,2026-07-02 11:19:00,samedi,regular,['samedi'],Samedi | Billet Standard,DICE,55.392885,58.71,1,1
2026-07-02,2026-07-02 12:31:00,samedi,early_entry,['samedi'],Samedi | Entrée Avant 21H,DICE,50.533860000000004,53.56,1,1
2026-07-02,2026-07-02 12:31:00,samedi,early_entry,['samedi'],Samedi | Entrée Avant 21H,DICE,50.533860000000004,53.56,1,1
2026-07-02,2026-07-02 13:22:00,samedi,vip,['samedi'],Samedi | Entrée VIP | Billet Standard,DICE,128.27826000000002,135.96,1,1
2026-07-02,2026-07-02 16:31:00,vendredi,regular,['vendredi'],Vendredi | Billet Standard,DICE,55.392885,58.71,1,1
2026-07-02,2026-07-02 17:50:31,2-jours,regular,,Pass 2 Jours,Shotgun,86.36,97.61,1,1
2026-07-02,2026-07-02 19:24:00,samedi,regular,['samedi'],Samedi | Billet Standard,DICE,55.392885,58.71,1,1
2026-07-02,2026-07-02 19:24:00,samedi,regular,['samedi'],Samedi | Billet Standard,DICE,55.392885,58.71,1,1
2026-07-02,2026-07-02 19:46:00,vendredi,regular,['vendredi'],Vendredi | Billet Standard,DICE,55.392885,58.71,1,1
2026-07-02,2026-07-02 19:57:37,2-jours,regular,,Pass 2 Jours,Shotgun,86.36,97.61,1,1
2026-07-02,2026-07-02 22:53:00,samedi,regular,['samedi'],Samedi | Billet Standard,DICE,55.392885,58.71,1,1
2026-07-02,2026-07-02 22:53:00,samedi,regular,['samedi'],Samedi | Billet Standard,DICE,55.392885,58.71,1,1
2026-07-03,2026-07-03 01:15:00,vendredi,regular,['vendredi'],Vendredi | Billet Standard,DICE,55.392885,58.71,1,1
2026-07-03,2026-07-03 01:15:00,vendredi,regular,['vendredi'],Vendredi | Billet Standard,DICE,55.392885,58.71,1,1
2026-07-03,2026-07-03 04:56:00,samedi,regular,['samedi'],Samedi | Billet Standard,DICE,55.392885,58.71,1,1
2026-07-03,2026-07-03 04:56:00,vendredi,regular,['vendredi'],Vendredi | Billet Standard,DICE,55.392885,58.71,1,1
2026-07-03,2026-07-03 10:53:00,samedi,regular,['samedi'],Samedi | Billet Standard,DICE,55.392885,58.71,1,1
2026-07-03,2026-07-03 13:16:00,vendredi,regular,['vendredi'],Vendredi | Billet Standard,DICE,55.392885,58.71,1,1
2026-07-03,2026-07-03 13:54:00,vendredi,vip,['vendredi'],Vendredi | Entrée VIP | Billet Standard,DICE,128.27826000000002,135.96,1,1
2026-07-03,2026-07-03 13:58:00,vendredi,early_entry,['vendredi'],Vendredi | Entrée Avant 21H,DICE,50.533860000000004,53.56,1,1
2026-07-03,2026-07-03 16:29:00,vendredi,regular,['vendredi'],Vendredi | Billet Standard,DICE,55.392885,58.71,1,1
2026-07-03,2026-07-03 18:15:04,vendredi,early_entry,['vendredi'],Pass Vendredi,Shotgun,45.0,50.86,1,1
2026-07-03,2026-07-03 19:22:00,samedi,regular,['samedi'],Samedi | Billet Standard,DICE,55.392885,58.71,1,1
2026-07-03,2026-07-03 19:22:00,samedi,regular,['samedi'],Samedi | Billet Standard,DICE,55.392885,58.71,1,1
2026-07-03,2026-07-03 19:48:00,vendredi,regular,['vendredi'],Vendredi | Billet Standard,DICE,55.392885,58.71,1,1
2026-07-03,2026-07-03 19:48:00,vendredi,regular,['vendredi'],Vendredi | Billet Standard,DICE,55.392885,58.71,1,1
2026-07-03,2026-07-03 19:53:00,single_day,regular,,Weekend | Billet Standard,DICE,89.40606000000001,94.76,1,1
2026-07-03,2026-07-03 19:53:00,single_day,regular,,Weekend | Billet Standard,DICE,89.40606000000001,94.76,1,1
2026-07-03,2026-07-03 20:58:00,single_day,regular,,Weekend | Billet Standard,DICE,89.40606000000001,94.76,1,1
2026-07-03,2026-07-03 21:24:00,vendredi,regular,['vendredi'],Vendredi | Billet Standard,DICE,55.392885,58.71,1,1
2026-07-03,2026-07-03 22:17:07,2-jours,regular,,Pass 2 Jours,Shotgun,86.36,97.61,1,1
2026-07-04,2026-07-04 04:08:23,vendredi,regular,['vendredi'],Pass Vendredi,Shotgun,53.64,60.62,1,1
2026-07-04,2026-07-04 04:08:23,vendredi,regular,['vendredi'],Pass Vendredi,Shotgun,53.64,60.62,1,1
2026-07-04,2026-07-04 05:28:19,vendredi,regular,['vendredi'],Pass Vendredi,Shotgun,53.64,60.62,1,1
2026-07-04,2026-07-04 05:28:19,vendredi,regular,['vendredi'],Pass Vendredi,Shotgun,53.64,60.62,1,1
2026-07-04,2026-07-04 08:12:00,samedi,regular,['samedi'],Samedi | Billet Standard,DICE,55.392885,58.71,1,1
2026-07-04,2026-07-04 08:12:00,samedi,regular,['samedi'],Samedi | Billet Standard,DICE,55.392885,58.71,1,1
2026-07-04,2026-07-04 12:16:18,2-jours,regular,,Pass 2 Jours,Shotgun,86.36,97.61,1,1
2026-07-04,2026-07-04 13:16:00,samedi,early_entry,['samedi'],Samedi | Entrée Avant 21H,DICE,50.533860000000004,53.56,1,1
2026-07-04,2026-07-04 13:16:00,samedi,early_entry,['samedi'],Samedi | Entrée Avant 21H,DICE,50.533860000000004,53.56,1,1
2026-07-04,2026-07-04 20:16:00,samedi,regular,['samedi'],Samedi | Billet Standard,DICE,55.392885,58.71,1,1
2026-07-04,2026-07-04 20:17:00,samedi,regular,['samedi'],Samedi | Billet Standard,DICE,55.392885,58.71,1,1
2026-07-04,2026-07-04 22:46:05,vendredi,early_entry,['vendredi'],Pass Vendredi,Shotgun,45.0,50.86,1,1
2026-07-04,2026-07-04 22:47:08,vendredi,early_entry,['vendredi'],Pass Vendredi,Shotgun,45.0,50.86,1,1
2026-07-04,2026-07-04 22:48:09,vendredi,early_entry,['vendredi'],Pass Vendredi,Shotgun,45.0,50.86,1,1
2026-07-05,2026-07-05 00:19:00,samedi,regular,['samedi'],Samedi | Billet Standard,DICE,55.392885,58.71,1,1
2026-07-05,2026-07-05 08:55:00,samedi,early_entry,['samedi'],Pass Samedi,Shotgun,45.0,50.86,1,1
2026-07-05,2026-07-05 09:27:13,vendredi,early_entry,['vendredi'],Pass Vendredi,Shotgun,45.0,50.86,1,1
2026-07-05,2026-07-05 09:27:13,vendredi,early_entry,['vendredi'],Pass Vendredi,Shotgun,45.0,50.86,1,1
2026-07-05,2026-07-05 13:27:00,vendredi,regular,['vendredi'],Vendredi | Billet Standard,DICE,55.392885,58.71,1,1
2026-07-05,2026-07-05 13:27:00,vendredi,regular,['vendredi'],Vendredi | Billet Standard,DICE,55.392885,58.71,1,1
2026-07-05,2026-07-05 13:30:00,samedi,vip,['samedi'],Samedi | Entrée VIP | Billet Standard,DICE,128.27826000000002,135.96,1,1
2026-07-05,2026-07-05 14:26:00,samedi,regular,['samedi'],Samedi | Billet Standard,DICE,55.392885,58.71,1,1
2026-07-05,2026-07-05 14:26:00,samedi,regular,['samedi'],Samedi | Billet Standard,DICE,55.392885,58.71,1,1
2026-07-05,2026-07-05 19:22:00,vendredi,regular,['vendredi'],Vendredi | Billet Standard,DICE,55.392885,58.71,1,1
2026-07-05,2026-07-05 22:08:00,single_day,regular,,Weekend | Billet Standard,DICE,89.40606000000001,94.76,1,1
2026-07-05,2026-07-05 22:33:00,samedi,regular,['samedi'],Samedi | Billet Standard,DICE,55.392885,58.71,1,1
2026-07-05,2026-07-05 22:33:00,samedi,regular,['samedi'],Samedi | Billet Standard,DICE,55.392885,58.71,1,1
2026-07-06,2026-07-06 07:28:00,2-jours,regular,,Pass 2 Jours,Shotgun,86.36,97.61,1,1
2026-07-06,2026-07-06 09:01:00,samedi,regular,['samedi'],Samedi | Billet Standard,DICE,55.392885,58.71,1,1
2026-07-06,2026-07-06 09:01:00,samedi,regular,['samedi'],Samedi | Billet Standard,DICE,55.392885,58.71,1,1
2026-07-06,2026-07-06 09:25:00,single_day,regular,,Weekend | Billet Standard,DICE,89.40606000000001,94.76,1,1
2026-07-06,2026-07-06 13:16:00,samedi,early_entry,['samedi'],Samedi | Entrée Avant 21H,DICE,50.533860000000004,53.56,1,1
2026-07-06,2026-07-06 13:33:35,vendredi,early_entry,['vendredi'],Pass Vendredi,Shotgun,45.0,50.86,1,1
2026-07-06,2026-07-06 13:33:35,vendredi,early_entry,['vendredi'],Pass Vendredi,Shotgun,45.0,50.86,1,1
2026-07-06,2026-07-06 18:30:05,2-jours,regular,,Pass 2 Jours,Shotgun,86.36,97.61,1,1
2026-07-06,2026-07-06 18:39:09,2-jours,regular,,Pass 2 Jours,Shotgun,86.36,97.61,1,1
2026-07-06,2026-07-06 18:45:00,vendredi,early_entry,['vendredi'],Vendredi | Entrée Avant 21H,DICE,50.533860000000004,53.56,1,1
2026-07-06,2026-07-06 19:37:05,vendredi,early_entry,['vendredi'],Pass Vendredi,Shotgun,45.0,50.86,1,1
2026-07-06,2026-07-06 19:37:05,vendredi,early_entry,['vendredi'],Pass Vendredi,Shotgun,45.0,50.86,1,1
2026-07-06,2026-07-06 21:01:51,2-jours,regular,,Pass 2 Jours,Shotgun,86.36,97.61,1,1
2026-07-06,2026-07-06 21:19:10,vendredi,early_entry,['vendredi'],Pass Vendredi,Shotgun,45.0,50.86,1,1
2026-07-06,2026-07-06 23:10:11,2-jours,regular,,Pass 2 Jours,Shotgun,86.36,97.61,1,1
2026-07-06,2026-07-06 23:10:11,2-jours,regular,,Pass 2 Jours,Shotgun,86.36,97.61,1,1
2026-07-06,2026-07-06 23:39:00,single_day,regular,,Weekend | Billet Standard,DICE,89.40606000000001,94.76,1,1
2026-07-06,2026-07-06 23:58:00,vendredi,regular,['vendredi'],Vendredi | Billet Standard,DICE,55.392885,58.71,1,1
2026-07-06,2026-07-06 23:58:00,vendredi,regular,['vendredi'],Vendredi | Billet Standard,DICE,55.392885,58.71,1,1
2026-07-06,2026-07-06 23:58:00,vendredi,regular,['vendredi'],Vendredi | Billet Standard,DICE,55.392885,58.71,1,1
2026-07-06,2026-07-06 23:58:00,vendredi,regular,['vendredi'],Vendredi | Billet Standard,DICE,55.392885,58.71,1,1
2026-07-06,2026-07-06 23:58:00,vendredi,regular,['vendredi'],Vendredi | Billet Standard,DICE,55.392885,58.71,1,1
2026-07-07,2026-07-07 00:14:32,vendredi,regular,['vendredi'],Pass Vendredi,Shotgun,53.64,60.62,1,1
2026-07-07,2026-07-07 00:14:32,vendredi,regular,['vendredi'],Pass Vendredi,Shotgun,53.64,60.62,1,1
2026-07-07,2026-07-07 01:19:00,single_day,regular,,Weekend | Billet Standard,DICE,89.40606000000001,94.76,1,1
2026-07-07,2026-07-07 01:19:00,single_day,regular,,Weekend | Billet Standard,DICE,89.40606000000001,94.76,1,1
2026-07-07,2026-07-07 06:41:21,vendredi,regular,['vendredi'],Pass Vendredi,Shotgun,53.64,60.62,1,1
2026-07-07,2026-07-07 06:41:21,vendredi,regular,['vendredi'],Pass Vendredi,Shotgun,53.64,60.62,1,1
2026-07-07,2026-07-07 06:41:21,vendredi,regular,['vendredi'],Pass Vendredi,Shotgun,53.64,60.62,1,1
2026-07-07,2026-07-07 06:55:00,vendredi,regular,['vendredi'],Vendredi | Billet Standard,DICE,55.392885,58.71,1,1
2026-07-07,2026-07-07 06:55:00,vendredi,regular,['vendredi'],Vendredi | Billet Standard,DICE,55.392885,58.71,1,1
2026-07-07,2026-07-07 17:23:00,samedi,early_entry,['samedi'],Samedi | Entrée Avant 21H,DICE,50.533860000000004,53.56,1,1
2026-07-07,2026-07-07 18:16:41,2-jours,regular,,Pass 2 Jours,Shotgun,86.36,97.61,1,1
2026-07-07,2026-07-07 18:19:07,2-jours,regular,,Pass 2 Jours,Shotgun,86.36,97.61,1,1
2026-07-07,2026-07-07 19:44:23,2-jours,regular,,Pass 2 Jours,Shotgun,86.36,97.61,1,1
2026-07-07,2026-07-07 19:44:23,2-jours,regular,,Pass 2 Jours,Shotgun,86.36,97.61,1,1
2026-07-07,2026-07-07 20:19:00,samedi,regular,['samedi'],Samedi | Billet Standard,DICE,55.392885,58.71,1,1
2026-07-07,2026-07-07 20:20:00,samedi,regular,['samedi'],Samedi | Billet Standard,DICE,55.392885,58.71,1,1
2026-07-07,2026-07-07 20:37:00,single_day,regular,,Weekend | Billet Standard,DICE,89.40606000000001,94.76,1,1
2026-07-07,2026-07-07 21:14:00,vendredi,regular,['vendredi'],Vendredi | Billet Standard,DICE,55.392885,58.71,1,1
2026-07-07,2026-07-07 21:45:00,single_day,regular,,Weekend | Billet Standard,DICE,89.40606000000001,94.76,1,1
2026-07-07,2026-07-07 21:53:00,single_day,regular,,Weekend | Billet Standard,DICE,89.40606000000001,94.76,1,1
2026-07-08,2026-07-08 00:30:00,single_day,regular,,Weekend | Billet Standard,DICE,89.40606000000001,94.76,1,1
2026-07-08,2026-07-08 00:30:00,single_day,regular,,Weekend | Billet Standard,DICE,89.40606000000001,94.76,1,1
2026-07-08,2026-07-08 09:57:52,vendredi,regular,['vendredi'],Pass Vendredi,Shotgun,53.64,60.62,1,1
2026-07-08,2026-07-08 09:57:52,vendredi,regular,['vendredi'],Pass Vendredi,Shotgun,53.64,60.62,1,1
2026-07-08,2026-07-08 11:05:16,samedi,regular,['samedi'],Pass Samedi,Shotgun,53.64,60.62,1,1
2026-07-08,2026-07-08 11:17:21,samedi,regular,['samedi'],Pass Samedi,Shotgun,53.64,60.62,1,1
2026-07-08,2026-07-08 13:23:58,vendredi,early_entry,['vendredi'],Pass Vendredi,Shotgun,45.0,50.86,1,1
2026-07-08,2026-07-08 14:38:00,vendredi,regular,['vendredi'],Vendredi | Billet Standard,DICE,55.392885,58.71,1,1
2026-07-08,2026-07-08 14:38:00,vendredi,regular,['vendredi'],Vendredi | Billet Standard,DICE,55.392885,58.71,1,1
2026-07-08,2026-07-08 19:28:00,samedi,vip,['samedi'],Samedi | Entrée VIP | Billet Standard,DICE,128.27826000000002,135.96,1,1
2026-07-08,2026-07-08 19:28:00,samedi,vip,['samedi'],Samedi | Entrée VIP | Billet Standard,DICE,128.27826000000002,135.96,1,1
2026-07-08,2026-07-08 21:04:39,samedi,regular,['samedi'],Pass Samedi,Shotgun,53.64,60.62,1,1
2026-07-08,2026-07-08 21:04:39,samedi,regular,['samedi'],Pass Samedi,Shotgun,53.64,60.62,1,1
2026-07-09,2026-07-09 11:13:00,single_day,regular,,Weekend | Billet Standard,DICE,89.40606000000001,94.76,1,1
2026-07-09,2026-07-09 11:33:00,single_day,regular,,Weekend | Billet Standard,DICE,89.40606000000001,94.76,1,1
2026-07-09,2026-07-09 11:33:00,single_day,regular,,Weekend | Billet Standard,DICE,89.40606000000001,94.76,1,1
2026-07-09,2026-07-09 12:06:00,vendredi,regular,['vendredi'],Vendredi | Billet Standard,DICE,55.392885,58.71,1,1
2026-07-09,2026-07-09 12:16:00,single_day,regular,,Weekend | Billet Standard,DICE,89.40606000000001,94.76,1,1
2026-07-09,2026-07-09 12:55:00,single_day,regular,,Weekend | Billet Standard,DICE,89.40606000000001,94.76,1,1
2026-07-09,2026-07-09 13:14:00,samedi,early_entry,['samedi'],Samedi | Entrée Avant 21H,DICE,50.533860000000004,53.56,1,1
2026-07-09,2026-07-09 14:04:00,samedi,early_entry,['samedi'],Samedi | Entrée Avant 21H,DICE,50.533860000000004,53.56,1,1
2026-07-09,2026-07-09 17:32:53,samedi,regular,['samedi'],Pass Samedi,Shotgun,53.64,60.62,1,1
2026-07-09,2026-07-09 17:32:53,samedi,regular,['samedi'],Pass Samedi,Shotgun,53.64,60.62,1,1
2026-07-09,2026-07-09 18:29:12,vendredi,early_entry,['vendredi'],Pass Vendredi,Shotgun,45.0,50.86,1,1
2026-07-09,2026-07-09 18:29:12,vendredi,early_entry,['vendredi'],Pass Vendredi,Shotgun,45.0,50.86,1,1
2026-07-09,2026-07-09 20:21:14,samedi,regular,['samedi'],Pass Samedi,Shotgun,53.64,60.62,1,1
2026-07-09,2026-07-09 20:27:00,vendredi,regular,['vendredi'],Vendredi | Billet Standard,DICE,55.392885,58.71,1,1
2026-07-09,2026-07-09 21:34:00,samedi,regular,['samedi'],Samedi | Billet Standard,DICE,55.392885,58.71,1,1
2026-07-09,2026-07-09 21:34:00,samedi,regular,['samedi'],Samedi | Billet Standard,DICE,55.392885,58.71,1,1
2026-07-09,2026-07-09 21:52:00,samedi,regular,['samedi'],Samedi | Billet Standard,DICE,55.392885,58.71,1,1
2026-07-09,2026-07-09 21:52:00,samedi,regular,['samedi'],Samedi | Billet Standard,DICE,55.392885,58.71,1,1
2026-07-09,2026-07-09 21:52:00,samedi,regular,['samedi'],Samedi | Billet Standard,DICE,55.392885,58.71,1,1
2026-07-09,2026-07-09 21:52:00,samedi,regular,['samedi'],Samedi | Billet Standard,DICE,55.392885,58.71,1,1
2026-07-09,2026-07-09 21:57:00,samedi,regular,['samedi'],Samedi | Billet Standard,DICE,55.392885,58.71,1,1
2026-07-09,2026-07-09 23:29:40,vendredi,early_entry,['vendredi'],Pass Vendredi,Shotgun,45.0,50.86,1,1
2026-07-09,2026-07-09 23:29:40,vendredi,early_entry,['vendredi'],Pass Vendredi,Shotgun,45.0,50.86,1,1
2026-07-10,2026-07-10 15:01:00,vendredi,regular,['vendredi'],Vendredi | Billet Standard,DICE,55.392885,58.71,1,1
2026-07-10,2026-07-10 15:01:00,vendredi,regular,['vendredi'],Vendredi | Billet Standard,DICE,55.392885,58.71,1,1
2026-07-10,2026-07-10 15:01:00,vendredi,regular,['vendredi'],Vendredi | Billet Standard,DICE,55.392885,58.71,1,1
2026-07-10,2026-07-10 15:01:00,vendredi,regular,['vendredi'],Vendredi | Billet Standard,DICE,55.392885,58.71,1,1
2026-07-10,2026-07-10 15:01:00,vendredi,regular,['vendredi'],Vendredi | Billet Standard,DICE,55.392885,58.71,1,1
2026-07-10,2026-07-10 15:01:00,vendredi,regular,['vendredi'],Vendredi | Billet Standard,DICE,55.392885,58.71,1,1
2026-07-10,2026-07-10 15:04:36,samedi,early_entry,['samedi'],Pass Samedi,Shotgun,45.0,50.86,1,1
2026-07-10,2026-07-10 15:04:36,samedi,early_entry,['samedi'],Pass Samedi,Shotgun,45.0,50.86,1,1
2026-07-10,2026-07-10 17:45:42,vendredi,regular,['vendredi'],Pass Vendredi,Shotgun,53.64,60.62,1,1
2026-07-10,2026-07-10 17:45:42,vendredi,regular,['vendredi'],Pass Vendredi,Shotgun,53.64,60.62,1,1
2026-07-10,2026-07-10 18:10:51,vendredi,regular,['vendredi'],Pass Vendredi,Shotgun,53.64,60.62,1,1
2026-07-10,2026-07-10 18:48:30,2-jours,regular,,Pass 2 Jours,Shotgun,86.36,97.61,1,1
2026-07-10,2026-07-10 18:48:30,vendredi,regular,['vendredi'],Pass Vendredi,Shotgun,53.64,60.62,1,1
2026-07-10,2026-07-10 19:02:55,2-jours,regular,,Pass 2 Jours,Shotgun,86.36,97.61,1,1
2026-07-10,2026-07-10 19:40:44,2-jours,regular,,Pass 2 Jours,Shotgun,86.36,97.61,1,1
2026-07-10,2026-07-10 19:40:44,2-jours,regular,,Pass 2 Jours,Shotgun,86.36,97.61,1,1
2026-07-10,2026-07-10 19:58:00,samedi,vip,['samedi'],Samedi | Entrée VIP | Billet Standard,DICE,128.27826000000002,135.96,1,1
2026-07-10,2026-07-10 19:58:00,samedi,vip,['samedi'],Samedi | Entrée VIP | Billet Standard,DICE,128.27826000000002,135.96,1,1
2026-07-11,2026-07-11 11:32:00,single_day,regular,,Weekend | Billet Standard,DICE,89.40606000000001,94.76,1,1
2026-07-11,2026-07-11 11:32:00,single_day,regular,,Weekend | Billet Standard,DICE,89.40606000000001,94.76,1,1
2026-07-11,2026-07-11 13:03:37,2-jours,regular,,Pass 2 Jours,Shotgun,86.36,97.61,1,1
2026-07-11,2026-07-11 14:24:00,vendredi,regular,['vendredi'],Vendredi | Billet Standard,DICE,55.392885,58.71,1,1
2026-07-11,2026-07-11 14:24:00,vendredi,regular,['vendredi'],Vendredi | Billet Standard,DICE,55.392885,58.71,1,1
2026-07-11,2026-07-11 14:24:00,vendredi,regular,['vendredi'],Vendredi | Billet Standard,DICE,55.392885,58.71,1,1
2026-07-11,2026-07-11 16:01:00,vendredi,regular,['vendredi'],Vendredi | Billet Standard,DICE,55.392885,58.71,1,1
2026-07-11,2026-07-11 17:47:00,samedi,regular,['samedi'],Samedi | Billet Standard,DICE,55.392885,58.71,1,1
2026-07-11,2026-07-11 17:47:00,samedi,regular,['samedi'],Samedi | Billet Standard,DICE,55.392885,58.71,1,1
2026-07-11,2026-07-11 18:11:42,2-jours,regular,,Pass 2 Jours,Shotgun,86.36,97.61,1,1
2026-07-11,2026-07-11 19:36:32,samedi,early_entry,['samedi'],Pass Samedi,Shotgun,45.0,50.86,1,1
2026-07-11,2026-07-11 19:36:32,samedi,early_entry,['samedi'],Pass Samedi,Shotgun,45.0,50.86,1,1
2026-07-11,2026-07-11 22:10:00,vendredi,early_entry,['vendredi'],Vendredi | Entrée Avant 21H,DICE,50.533860000000004,53.56,1,1
2026-07-11,2026-07-11 22:10:00,vendredi,early_entry,['vendredi'],Vendredi | Entrée Avant 21H,DICE,50.533860000000004,53.56,1,1
2026-07-11,2026-07-11 22:10:00,vendredi,early_entry,['vendredi'],Vendredi | Entrée Avant 21H,DICE,50.533860000000004,53.56,1,1
2026-07-11,2026-07-11 22:10:00,vendredi,early_entry,['vendredi'],Vendredi | Entrée Avant 21H,DICE,50.533860000000004,53.56,1,1
2026-07-11,2026-07-11 23:28:00,vendredi,early_entry,['vendredi'],Vendredi | Entrée Avant 21H,DICE,50.533860000000004,53.56,1,1
2026-07-11,2026-07-11 23:28:00,vendredi,early_entry,['vendredi'],Vendredi | Entrée Avant 21H,DICE,50.533860000000004,53.56,1,1
2026-07-12,2026-07-12 08:13:00,samedi,early_entry,['samedi'],Samedi | Entrée Avant 21H,DICE,50.533860000000004,53.56,1,1
2026-07-12,2026-07-12 18:37:00,samedi,early_entry,['samedi'],Samedi | Entrée Avant 21H,DICE,50.533860000000004,53.56,1,1
2026-07-12,2026-07-12 18:37:00,samedi,early_entry,['samedi'],Samedi | Entrée Avant 21H,DICE,50.533860000000004,53.56,1,1
2026-07-12,2026-07-12 21:31:51,2-jours,regular,,Pass 2 Jours,Shotgun,86.36,97.61,1,1
2026-07-12,2026-07-12 21:38:33,2-jours,regular,,Pass 2 Jours,Shotgun,86.36,97.61,1,1
2026-07-13,2026-07-13 08:13:47,vendredi,regular,['vendredi'],Pass Vendredi,Shotgun,53.64,60.62,1,1
2026-07-13,2026-07-13 08:14:05,vendredi,regular,['vendredi'],Pass Vendredi,Shotgun,53.64,60.62,1,1
2026-07-13,2026-07-13 12:34:00,vendredi,regular,['vendredi'],Vendredi | Billet Standard,DICE,55.392885,58.71,1,1
2026-07-13,2026-07-13 15:54:19,vendredi,regular,['vendredi'],Pass Vendredi,Shotgun,53.64,60.62,1,1
2026-07-13,2026-07-13 15:54:19,vendredi,regular,['vendredi'],Pass Vendredi,Shotgun,53.64,60.62,1,1
2026-07-13,2026-07-13 20:23:11,vendredi,early_entry,['vendredi'],Pass Vendredi,Shotgun,45.0,50.86,1,1
2026-07-13,2026-07-13 20:23:11,vendredi,early_entry,['vendredi'],Pass Vendredi,Shotgun,45.0,50.86,1,1
2026-07-14,2026-07-14 10:19:10,vendredi,early_entry,['vendredi'],Pass Vendredi,Shotgun,45.0,50.86,1,1
2026-07-14,2026-07-14 10:55:27,samedi,regular,['samedi'],Pass Samedi,Shotgun,53.64,60.62,1,1
2026-07-14,2026-07-14 15:05:13,2-jours,regular,,Pass 2 Jours,Shotgun,86.36,97.61,1,1
2026-07-14,2026-07-14 15:05:13,2-jours,regular,,Pass 2 Jours,Shotgun,86.36,97.61,1,1
2026-07-14,2026-07-14 17:16:00,vendredi,early_entry,['vendredi'],Vendredi | Entrée Avant 21H,DICE,50.533860000000004,53.56,1,1
2026-07-14,2026-07-14 17:19:00,single_day,regular,,Weekend | Billet Standard,DICE,89.40606000000001,94.76,1,1
2026-07-14,2026-07-14 17:58:33,samedi,regular,['samedi'],Pass Samedi,Shotgun,53.64,60.62,1,1
2026-07-14,2026-07-14 18:54:19,samedi,regular,['samedi'],Pass Samedi,Shotgun,53.64,60.62,1,1
2026-07-14,2026-07-14 18:54:19,samedi,regular,['samedi'],Pass Samedi,Shotgun,53.64,60.62,1,1
2026-07-14,2026-07-14 21:12:00,samedi,regular,['samedi'],Samedi | Billet Standard,DICE,55.392885,58.71,1,1
2026-07-14,2026-07-14 22:04:00,single_day,regular,,Weekend | Billet Standard,DICE,89.40606000000001,94.76,1,1
2026-07-14,2026-07-14 22:05:00,single_day,regular,,Weekend | Billet Standard,DICE,89.40606000000001,94.76,1,1
2026-07-14,2026-07-14 22:11:00,single_day,regular,,Weekend | Billet Standard,DICE,89.40606000000001,94.76,1,1
2026-07-15,2026-07-15 01:32:00,single_day,regular,,Weekend | Billet Standard,DICE,89.40606000000001,94.76,1,1
2026-07-15,2026-07-15 01:32:00,single_day,regular,,Weekend | Billet Standard,DICE,89.40606000000001,94.76,1,1
2026-07-15,2026-07-15 01:32:00,single_day,regular,,Weekend | Billet Standard,DICE,89.40606000000001,94.76,1,1
2026-07-15,2026-07-15 01:41:01,vendredi,early_entry,['vendredi'],Pass Vendredi,Shotgun,45.0,50.86,1,1
2026-07-15,2026-07-15 17:45:06,2-jours,regular,,Pass 2 Jours,Shotgun,86.36,97.61,1,1
2026-07-15,2026-07-15 19:02:00,vendredi,regular,['vendredi'],Vendredi | Billet Standard,DICE,55.392885,58.71,1,1
2026-07-15,2026-07-15 19:02:00,vendredi,regular,['vendredi'],Vendredi | Billet Standard,DICE,55.392885,58.71,1,1
2026-07-15,2026-07-15 19:02:00,vendredi,regular,['vendredi'],Vendredi | Billet Standard,DICE,55.392885,58.71,1,1
2026-07-15,2026-07-15 19:42:12,vendredi,regular,['vendredi'],Pass Vendredi,Shotgun,53.64,60.62,1,1
2026-07-15,2026-07-15 19:42:12,vendredi,regular,['vendredi'],Pass Vendredi,Shotgun,53.64,60.62,1,1
2026-07-15,2026-07-15 20:15:00,vendredi,regular,['vendredi'],Vendredi | Billet Standard,DICE,55.392885,58.71,1,1
2026-07-15,2026-07-15 20:20:00,single_day,regular,,Weekend | Billet Standard,DICE,89.40606000000001,94.76,1,1
2026-07-15,2026-07-15 20:28:41,samedi,early_entry,['samedi'],Pass Samedi,Shotgun,45.0,50.86,1,1
2026-07-15,2026-07-15 20:28:41,samedi,early_entry,['samedi'],Pass Samedi,Shotgun,45.0,50.86,1,1
2026-07-15,2026-07-15 20:28:41,samedi,early_entry,['samedi'],Pass Samedi,Shotgun,45.0,50.86,1,1
2026-07-15,2026-07-15 20:33:00,vendredi,regular,['vendredi'],Vendredi | Billet Standard,DICE,55.392885,58.71,1,1
2026-07-15,2026-07-15 21:00:00,vendredi,regular,['vendredi'],Vendredi | Billet Standard,DICE,55.392885,58.71,1,1
2026-07-15,2026-07-15 21:39:00,vendredi,regular,['vendredi'],Vendredi | Billet Standard,DICE,55.392885,58.71,1,1
2026-07-15,2026-07-15 21:49:48,vendredi,regular,['vendredi'],Pass Vendredi,Shotgun,53.64,60.62,1,1
2026-07-15,2026-07-15 21:51:00,samedi,regular,['samedi'],Samedi | Billet Standard,DICE,55.392885,58.71,1,1
2026-07-15,2026-07-15 21:51:00,samedi,regular,['samedi'],Samedi | Billet Standard,DICE,55.392885,58.71,1,1
2026-07-15,2026-07-15 22:34:00,vendredi,early_entry,['vendredi'],Vendredi | Entrée Avant 21H,DICE,50.533860000000004,53.56,1,1
2026-07-15,2026-07-15 22:41:00,vendredi,early_entry,['vendredi'],Vendredi | Entrée Avant 21H,DICE,50.533860000000004,53.56,1,1
2026-07-15,2026-07-15 23:33:00,vendredi,regular,['vendredi'],Vendredi | Billet Standard,DICE,55.392885,58.71,1,1
2026-07-15,2026-07-15 23:33:00,vendredi,regular,['vendredi'],Vendredi | Billet Standard,DICE,55.392885,58.71,1,1
2026-07-16,2026-07-16 01:27:00,vendredi,regular,['vendredi'],Vendredi | Billet Standard,DICE,55.392885,58.71,1,1
2026-07-16,2026-07-16 01:27:00,vendredi,regular,['vendredi'],Vendredi | Billet Standard,DICE,55.392885,58.71,1,1
2026-07-16,2026-07-16 08:53:00,vendredi,regular,['vendredi'],Vendredi | Billet Standard,DICE,55.392885,58.71,1,1
2026-07-16,2026-07-16 08:53:00,vendredi,regular,['vendredi'],Vendredi | Billet Standard,DICE,55.392885,58.71,1,1
2026-07-16,2026-07-16 08:53:00,vendredi,regular,['vendredi'],Vendredi | Billet Standard,DICE,55.392885,58.71,1,1
2026-07-16,2026-07-16 09:29:00,vendredi,vip,['vendredi'],Vendredi | Entrée VIP | Billet Standard,DICE,128.27826000000002,135.96,1,1
2026-07-16,2026-07-16 09:29:00,vendredi,vip,['vendredi'],Vendredi | Entrée VIP | Billet Standard,DICE,128.27826000000002,135.96,1,1
2026-07-16,2026-07-16 09:45:00,vendredi,regular,['vendredi'],Vendredi | Billet Standard,DICE,55.392885,58.71,1,1
2026-07-16,2026-07-16 10:27:06,vendredi,regular,['vendredi'],Pass Vendredi,Shotgun,53.64,60.62,1,1
2026-07-16,2026-07-16 11:19:57,vendredi,early_entry,['vendredi'],Pass Vendredi,Shotgun,45.0,50.86,1,1
2026-07-16,2026-07-16 12:26:58,vendredi,regular,['vendredi'],Pass Vendredi,Shotgun,53.64,60.62,1,1
2026-07-16,2026-07-16 12:26:58,vendredi,regular,['vendredi'],Pass Vendredi,Shotgun,53.64,60.62,1,1
2026-07-16,2026-07-16 12:55:00,single_day,regular,,Weekend | Billet Standard,DICE,89.40606000000001,94.76,1,1
2026-07-16,2026-07-16 14:15:44,vendredi,regular,['vendredi'],Pass Vendredi,Shotgun,53.64,60.62,1,1
2026-07-16,2026-07-16 14:22:00,samedi,early_entry,['samedi'],Samedi | Entrée Avant 21H,DICE,50.533860000000004,53.56,1,1
2026-07-16,2026-07-16 14:22:00,samedi,early_entry,['samedi'],Samedi | Entrée Avant 21H,DICE,50.533860000000004,53.56,1,1
2026-07-16,2026-07-16 14:22:00,samedi,early_entry,['samedi'],Samedi | Entrée Avant 21H,DICE,50.533860000000004,53.56,1,1
2026-07-16,2026-07-16 14:22:00,samedi,early_entry,['samedi'],Samedi | Entrée Avant 21H,DICE,50.533860000000004,53.56,1,1
2026-07-16,2026-07-16 16:38:00,vendredi,early_entry,['vendredi'],Vendredi | Entrée Avant 21H,DICE,50.533860000000004,53.56,1,1
2026-07-16,2026-07-16 17:09:00,vendredi,early_entry,['vendredi'],Vendredi | Entrée Avant 21H,DICE,50.533860000000004,53.56,1,1
2026-07-16,2026-07-16 18:27:00,vendredi,vip,['vendredi'],Vendredi | Entrée VIP | Billet Standard,DICE,128.27826000000002,135.96,1,1
2026-07-16,2026-07-16 18:27:00,vendredi,vip,['vendredi'],Vendredi | Entrée VIP | Billet Standard,DICE,128.27826000000002,135.96,1,1
2026-07-16,2026-07-16 18:43:44,vendredi,regular,['vendredi'],Pass Vendredi,Shotgun,53.64,60.62,1,1
2026-07-16,2026-07-16 22:24:00,samedi,regular,['samedi'],Samedi | Billet Standard,DICE,55.392885,58.71,1,1
2026-07-17,2026-07-17 07:13:00,vendredi,regular,['vendredi'],Vendredi | Billet Standard,DICE,55.392885,58.71,1,1
2026-07-17,2026-07-17 11:29:23,vendredi,early_entry,['vendredi'],Pass Vendredi,Shotgun,45.0,50.86,1,1
2026-07-17,2026-07-17 13:38:00,samedi,regular,['samedi'],Samedi | Billet Standard,DICE,55.392885,58.71,1,1
2026-07-17,2026-07-17 13:38:00,samedi,regular,['samedi'],Samedi | Billet Standard,DICE,55.392885,58.71,1,1
2026-07-17,2026-07-17 14:21:32,vendredi,early_entry,['vendredi'],Pass Vendredi,Shotgun,45.0,50.86,1,1
2026-07-17,2026-07-17 20:20:32,samedi,early_entry,['samedi'],Pass Samedi,Shotgun,45.0,50.86,1,1
2026-07-17,2026-07-17 20:20:32,samedi,early_entry,['samedi'],Pass Samedi,Shotgun,45.0,50.86,1,1
2026-07-17,2026-07-17 21:39:00,single_day,regular,,Weekend | Billet Standard,DICE,89.40606000000001,94.76,1,1
2026-07-17,2026-07-17 23:23:00,samedi,regular,['samedi'],Samedi | Billet Standard,DICE,55.392885,58.71,1,1
2026-07-17,2026-07-17 23:44:25,vendredi,regular,['vendredi'],Pass Vendredi,Shotgun,53.64,60.62,1,1
2026-07-18,2026-07-18 00:52:00,single_day,regular,,Weekend | Billet Standard,DICE,89.40606000000001,94.76,1,1
2026-07-18,2026-07-18 09:32:00,samedi,regular,['samedi'],Samedi | Billet Standard,DICE,55.392885,58.71,1,1
2026-07-18,2026-07-18 09:32:00,samedi,regular,['samedi'],Samedi | Billet Standard,DICE,55.392885,58.71,1,1
2026-07-18,2026-07-18 10:06:00,samedi,regular,['samedi'],Samedi | Billet Standard,DICE,55.392885,58.71,1,1
2026-07-18,2026-07-18 10:06:00,samedi,regular,['samedi'],Samedi | Billet Standard,DICE,55.392885,58.71,1,1
2026-07-18,2026-07-18 10:06:00,samedi,regular,['samedi'],Samedi | Billet Standard,DICE,55.392885,58.71,1,1
2026-07-18,2026-07-18 10:06:00,samedi,regular,['samedi'],Samedi | Billet Standard,DICE,55.392885,58.71,1,1
2026-07-18,2026-07-18 10:55:02,2-jours,regular,,Pass 2 Jours,Shotgun,86.36,97.61,1,1
2026-07-18,2026-07-18 13:56:00,vendredi,regular,['vendredi'],Vendredi | Billet Standard,DICE,55.392885,58.71,1,1
2026-07-18,2026-07-18 14:09:00,single_day,regular,,Weekend | Billet Standard,DICE,89.40606000000001,94.76,1,1
2026-07-18,2026-07-18 15:41:00,vendredi,early_entry,['vendredi'],Vendredi | Entrée Avant 21H,DICE,50.533860000000004,53.56,1,1
2026-07-18,2026-07-18 16:18:00,single_day,regular,,Weekend | Billet Standard,DICE,89.40606000000001,94.76,1,1
2026-07-18,2026-07-18 16:21:00,vendredi,regular,['vendredi'],Vendredi | Billet Standard,DICE,55.392885,58.71,1,1
2026-07-18,2026-07-18 19:32:18,samedi,regular,['samedi'],Pass Samedi,Shotgun,53.64,60.62,1,1
2026-07-19,2026-07-19 10:43:00,vendredi,regular,['vendredi'],Vendredi | Billet Standard,DICE,55.392885,58.71,1,1
2026-07-19,2026-07-19 11:31:32,vendredi,early_entry,['vendredi'],Pass Vendredi,Shotgun,45.0,50.86,1,1
2026-07-19,2026-07-19 11:31:32,vendredi,early_entry,['vendredi'],Pass Vendredi,Shotgun,45.0,50.86,1,1
2026-07-19,2026-07-19 12:18:00,single_day,regular,,Weekend | Billet Standard,DICE,89.40606000000001,94.76,1,1
2026-07-19,2026-07-19 14:11:37,2-jours,regular,,Pass 2 Jours,Shotgun,86.36,97.61,1,1
2026-07-19,2026-07-19 16:06:00,single_day,regular,,Weekend | Billet Standard,DICE,89.40606000000001,94.76,1,1
2026-07-19,2026-07-19 16:06:00,single_day,regular,,Weekend | Billet Standard,DICE,89.40606000000001,94.76,1,1
2026-07-19,2026-07-19 16:07:00,single_day,regular,,Weekend | Billet Standard,DICE,89.40606000000001,94.76,1,1
2026-07-19,2026-07-19 16:07:00,single_day,regular,,Weekend | Billet Standard,DICE,89.40606000000001,94.76,1,1
2026-07-19,2026-07-19 19:09:00,vendredi,regular,['vendredi'],Vendredi | Billet Standard,DICE,55.392885,58.71,1,1
2026-07-19,2026-07-19 19:09:00,vendredi,regular,['vendredi'],Vendredi | Billet Standard,DICE,55.392885,58.71,1,1
2026-07-19,2026-07-19 19:10:00,vendredi,regular,['vendredi'],Vendredi | Billet Standard,DICE,55.392885,58.71,1,1
2026-07-19,2026-07-19 19:38:00,samedi,regular,['samedi'],Samedi | Billet Standard,DICE,55.392885,58.71,1,1
2026-07-19,2026-07-19 19:38:00,samedi,regular,['samedi'],Samedi | Billet Standard,DICE,55.392885,58.71,1,1
2026-07-19,2026-07-19 19:39:00,vendredi,early_entry,['vendredi'],Vendredi | Entrée Avant 21H,DICE,50.533860000000004,53.56,1,1
2026-07-20,2026-07-20 00:43:01,vendredi,early_entry,['vendredi'],Pass Vendredi,Shotgun,45.0,50.86,1,1
2026-07-20,2026-07-20 00:43:01,vendredi,early_entry,['vendredi'],Pass Vendredi,Shotgun,45.0,50.86,1,1
2026-07-20,2026-07-20 09:48:53,2-jours,regular,,Pass 2 Jours,Shotgun,86.36,97.61,1,1
2026-07-20,2026-07-20 09:48:53,2-jours,regular,,Pass 2 Jours,Shotgun,86.36,97.61,1,1
2026-07-20,2026-07-20 11:16:26,samedi,early_entry,['samedi'],Pass Samedi,Shotgun,45.0,50.86,1,1
2026-07-20,2026-07-20 15:57:27,vendredi,early_entry,['vendredi'],Pass Vendredi,Shotgun,45.0,50.86,1,1
2026-07-20,2026-07-20 17:39:00,samedi,regular,['samedi'],Samedi | Billet Standard,DICE,55.392885,58.71,1,1
2026-07-20,2026-07-20 18:53:18,vendredi,early_entry,['vendredi'],Pass Vendredi,Shotgun,45.0,50.86,1,1
2026-07-20,2026-07-20 18:53:18,vendredi,early_entry,['vendredi'],Pass Vendredi,Shotgun,45.0,50.86,1,1
2026-07-20,2026-07-20 18:53:18,vendredi,early_entry,['vendredi'],Pass Vendredi,Shotgun,45.0,50.86,1,1
2026-07-20,2026-07-20 18:53:18,vendredi,early_entry,['vendredi'],Pass Vendredi,Shotgun,45.0,50.86,1,1
2026-07-20,2026-07-20 18:54:00,samedi,regular,['samedi'],Samedi | Billet Standard,DICE,55.392885,58.71,1,1
2026-07-20,2026-07-20 18:54:00,samedi,regular,['samedi'],Samedi | Billet Standard,DICE,55.392885,58.71,1,1
2026-07-20,2026-07-20 19:57:00,samedi,early_entry,['samedi'],Samedi | Entrée Avant 21H,DICE,50.533860000000004,53.56,1,1
2026-07-20,2026-07-20 19:57:00,samedi,early_entry,['samedi'],Samedi | Entrée Avant 21H,DICE,50.533860000000004,53.56,1,1
2026-07-20,2026-07-20 19:57:00,samedi,early_entry,['samedi'],Samedi | Entrée Avant 21H,DICE,50.533860000000004,53.56,1,1
2026-07-20,2026-07-20 21:33:00,single_day,regular,,Weekend | Billet Standard,DICE,99.12411,105.06,1,1
2026-07-20,2026-07-20 21:33:00,single_day,regular,,Weekend | Billet Standard,DICE,99.12411,105.06,1,1
2026-07-20,2026-07-20 22:51:00,single_day,regular,,Weekend | Billet Standard,DICE,99.12411,105.06,1,1
2026-07-20,2026-07-20 22:52:25,2-jours,regular,,Pass 2 Jours,Shotgun,86.36,97.61,1,1
2026-07-20,2026-07-20 22:52:25,2-jours,regular,,Pass 2 Jours,Shotgun,86.36,97.61,1,1
2026-07-21,2026-07-21 08:42:12,vendredi,early_entry,['vendredi'],Pass Vendredi,Shotgun,45.0,50.86,1,1
2026-07-21,2026-07-21 12:03:46,2-jours,regular,,Pass 2 Jours,Shotgun,86.36,97.61,1,1
2026-07-21,2026-07-21 12:32:00,samedi,regular,['samedi'],Samedi | Billet Standard,DICE,55.392885,58.71,1,1
2026-07-21,2026-07-21 13:24:40,2-jours,regular,,Pass 2 Jours,Shotgun,86.36,97.61,1,1
2026-07-21,2026-07-21 13:24:40,2-jours,regular,,Pass 2 Jours,Shotgun,86.36,97.61,1,1
2026-07-21,2026-07-21 13:59:00,samedi,regular,['samedi'],Samedi | Billet Standard,DICE,55.392885,58.71,1,1
2026-07-21,2026-07-21 13:59:00,samedi,regular,['samedi'],Samedi | Billet Standard,DICE,55.392885,58.71,1,1
2026-07-21,2026-07-21 17:47:00,samedi,regular,['samedi'],Samedi | Billet Standard,DICE,55.392885,58.71,1,1
2026-07-21,2026-07-21 19:41:22,vendredi,early_entry,['vendredi'],Pass Vendredi,Shotgun,45.0,50.86,1,1
2026-07-21,2026-07-21 20:38:00,samedi,regular,['samedi'],Samedi | Billet Standard,DICE,55.392885,58.71,1,1
2026-07-21,2026-07-21 21:21:19,samedi,regular,['samedi'],Pass Samedi,Shotgun,53.64,60.62,1,1
2026-07-21,2026-07-21 21:30:02,2-jours,regular,,Pass 2 Jours,Shotgun,86.36,97.61,1,1
2026-07-21,2026-07-21 21:33:05,2-jours,regular,,Pass 2 Jours,Shotgun,86.36,97.61,1,1
2026-07-21,2026-07-21 21:33:05,2-jours,regular,,Pass 2 Jours,Shotgun,86.36,97.61,1,1
2026-07-21,2026-07-21 22:29:00,samedi,regular,['samedi'],Samedi | Billet Standard,DICE,55.392885,58.71,1,1
2026-07-21,2026-07-21 22:49:00,samedi,regular,['samedi'],Samedi | Billet Standard,DICE,55.392885,58.71,1,1
2026-07-22,2026-07-22 10:01:00,vendredi,early_entry,['vendredi'],Vendredi | Entrée Avant 21H,DICE,50.533860000000004,53.56,1,1
2026-07-22,2026-07-22 10:01:00,vendredi,early_entry,['vendredi'],Vendredi | Entrée Avant 21H,DICE,50.533860000000004,53.56,1,1
2026-07-22,2026-07-22 11:55:52,samedi,regular,['samedi'],Pass Samedi,Shotgun,53.64,60.62,1,1
2026-07-22,2026-07-22 11:55:52,samedi,regular,['samedi'],Pass Samedi,Shotgun,53.64,60.62,1,1
2026-07-22,2026-07-22 17:06:11,2-jours,regular,,Pass 2 Jours,Shotgun,86.36,97.61,1,1
2026-07-22,2026-07-22 20:24:00,single_day,regular,,Weekend | Billet Standard,DICE,99.12411,105.06,1,1
2026-07-22,2026-07-22 21:16:00,samedi,regular,['samedi'],Samedi | Billet Standard,DICE,55.392885,58.71,1,1
2026-07-22,2026-07-22 21:18:00,samedi,regular,['samedi'],Samedi | Billet Standard,DICE,55.392885,58.71,1,1
2026-07-23,2026-07-23 01:39:00,vendredi,regular,['vendredi'],Vendredi | Billet Standard,DICE,55.392885,58.71,1,1
2026-07-23,2026-07-23 01:39:00,vendredi,regular,['vendredi'],Vendredi | Billet Standard,DICE,55.392885,58.71,1,1
2026-07-23,2026-07-23 10:55:00,samedi,regular,['samedi'],Samedi | Billet Standard,DICE,55.392885,58.71,1,1
2026-07-23,2026-07-23 11:52:19,samedi,early_entry,['samedi'],Pass Samedi,Shotgun,45.0,50.86,1,1
2026-07-23,2026-07-23 11:52:19,samedi,early_entry,['samedi'],Pass Samedi,Shotgun,45.0,50.86,1,1
2026-07-23,2026-07-23 14:50:00,samedi,early_entry,['samedi'],Samedi | Entrée Avant 21H,DICE,50.533860000000004,53.56,1,1
2026-07-23,2026-07-23 18:43:00,single_day,regular,,Weekend | Billet Standard,DICE,99.12411,105.06,1,1
2026-07-23,2026-07-23 18:49:16,vendredi,regular,['vendredi'],Pass Vendredi,Shotgun,53.64,60.62,1,1
2026-07-23,2026-07-23 19:36:00,vendredi,regular,['vendredi'],Vendredi | Billet Standard,DICE,55.392885,58.71,1,1
2026-07-23,2026-07-23 19:36:00,vendredi,regular,['vendredi'],Vendredi | Billet Standard,DICE,55.392885,58.71,1,1
2026-07-23,2026-07-23 19:36:00,vendredi,regular,['vendredi'],Vendredi | Billet Standard,DICE,55.392885,58.71,1,1
2026-07-23,2026-07-23 23:20:00,vendredi,regular,['vendredi'],Vendredi | Billet Standard,DICE,55.392885,58.71,1,1
2026-07-23,2026-07-23 23:20:00,vendredi,regular,['vendredi'],Vendredi | Billet Standard,DICE,55.392885,58.71,1,1
2026-07-24,2026-07-24 10:56:31,vendredi,regular,['vendredi'],Pass Vendredi,Shotgun,53.64,60.62,1,1
2026-07-24,2026-07-24 10:56:31,vendredi,regular,['vendredi'],Pass Vendredi,Shotgun,53.64,60.62,1,1
2026-07-24,2026-07-24 11:19:00,samedi,regular,['samedi'],Samedi | Billet Standard,DICE,55.392885,58.71,1,1
2026-07-24,2026-07-24 11:19:00,samedi,regular,['samedi'],Samedi | Billet Standard,DICE,55.392885,58.71,1,1
2026-07-24,2026-07-24 13:14:00,samedi,vip,['samedi'],Samedi | Entrée VIP | Billet Standard,DICE,128.27826000000002,135.96,1,1
2026-07-24,2026-07-24 13:22:13,samedi,regular,['samedi'],Pass Samedi,Shotgun,53.64,60.62,1,1
2026-07-24,2026-07-24 16:05:11,vendredi,early_entry,['vendredi'],Pass Vendredi,Shotgun,45.0,50.86,1,1
2026-07-24,2026-07-24 16:05:11,vendredi,early_entry,['vendredi'],Pass Vendredi,Shotgun,45.0,50.86,1,1
2026-07-24,2026-07-24 18:04:19,2-jours,regular,,Pass 2 Jours,Shotgun,86.36,97.61,1,1
2026-07-24,2026-07-24 18:49:52,2-jours,regular,,Pass 2 Jours,Shotgun,86.36,97.61,1,1
2026-07-24,2026-07-24 19:00:02,2-jours,regular,,Pass 2 Jours,Shotgun,86.36,97.61,1,1
2026-07-24,2026-07-24 19:28:00,vendredi,regular,['vendredi'],Vendredi | Billet Standard,DICE,55.392885,58.71,1,1
2026-07-24,2026-07-24 20:29:00,samedi,regular,['samedi'],Samedi | Billet Standard,DICE,55.392885,58.71,1,1
2026-07-24,2026-07-24 20:50:00,single_day,vip,,Weekend | Entrée VIP,DICE,250.72569000000001,265.74,1,1
2026-07-24,2026-07-24 20:53:00,single_day,vip,,Weekend | Entrée VIP,DICE,250.72569000000001,265.74,1,1
2026-07-24,2026-07-24 21:41:00,vendredi,regular,['vendredi'],Vendredi | Billet Standard,DICE,55.392885,58.71,1,1
2026-07-25,2026-07-25 12:02:00,vendredi,regular,['vendredi'],Vendredi | Billet Standard,DICE,55.392885,58.71,1,1
2026-07-25,2026-07-25 12:05:00,vendredi,regular,['vendredi'],Vendredi | Billet Standard,DICE,55.392885,58.71,1,1
2026-07-25,2026-07-25 12:05:00,vendredi,regular,['vendredi'],Vendredi | Billet Standard,DICE,55.392885,58.71,1,1
2026-07-25,2026-07-25 12:46:15,vendredi,regular,['vendredi'],Pass Vendredi,Shotgun,53.64,60.62,1,1
2026-07-25,2026-07-25 16:31:42,2-jours,regular,,Pass 2 Jours,Shotgun,86.36,97.61,1,1
2026-07-25,2026-07-25 16:46:49,vendredi,early_entry,['vendredi'],Pass Vendredi,Shotgun,45.0,50.86,1,1
2026-07-25,2026-07-25 17:16:00,vendredi,vip,['vendredi'],Vendredi | Entrée VIP | Billet Standard,DICE,128.27826000000002,135.96,1,1
2026-07-25,2026-07-25 17:34:06,2-jours,regular,,Pass 2 Jours,Shotgun,86.36,97.61,1,1
2026-07-25,2026-07-25 18:04:41,2-jours,regular,,Pass 2 Jours,Shotgun,86.36,97.61,1,1
2026-07-25,2026-07-25 19:37:11,2-jours,regular,,Pass 2 Jours,Shotgun,86.36,97.61,1,1
2026-07-25,2026-07-25 20:41:18,2-jours,regular,,Pass 2 Jours,Shotgun,86.36,97.61,1,1
2026-07-25,2026-07-25 20:47:59,2-jours,regular,,Pass 2 Jours,Shotgun,86.36,97.61,1,1
2026-07-25,2026-07-25 22:06:00,vendredi,regular,['vendredi'],Vendredi | Billet Standard,DICE,55.392885,58.71,1,1
2026-07-26,2026-07-26 01:57:07,vendredi,early_entry,['vendredi'],Pass Vendredi,Shotgun,45.0,50.86,1,1
2026-07-26,2026-07-26 09:15:38,samedi,regular,['samedi'],Pass Samedi,Shotgun,53.64,60.62,1,1
2026-07-26,2026-07-26 12:38:24,vendredi,regular,['vendredi'],Pass Vendredi,Shotgun,53.64,60.62,1,1
2026-07-26,2026-07-26 13:54:00,samedi,early_entry,['samedi'],Samedi | Entrée Avant 21H,DICE,50.533860000000004,53.56,1,1
2026-07-26,2026-07-26 13:54:00,samedi,early_entry,['samedi'],Samedi | Entrée Avant 21H,DICE,50.533860000000004,53.56,1,1
2026-07-26,2026-07-26 14:03:00,single_day,regular,,Weekend | Billet Standard,DICE,99.12411,105.06,1,1
2026-07-26,2026-07-26 14:03:00,single_day,regular,,Weekend | Billet Standard,DICE,99.12411,105.06,1,1
2026-07-26,2026-07-26 14:23:00,samedi,regular,['samedi'],Samedi | Billet Standard,DICE,55.392885,58.71,1,1
2026-07-26,2026-07-26 15:16:46,samedi,early_entry,['samedi'],Pass Samedi,Shotgun,45.0,50.86,1,1
2026-07-26,2026-07-26 15:28:22,vendredi,early_entry,['vendredi'],Pass Vendredi,Shotgun,45.0,50.86,1,1
2026-07-26,2026-07-26 15:28:22,vendredi,early_entry,['vendredi'],Pass Vendredi,Shotgun,45.0,50.86,1,1
2026-07-26,2026-07-26 16:31:00,samedi,early_entry,['samedi'],Samedi | Entrée Avant 21H,DICE,50.533860000000004,53.56,1,1
2026-07-26,2026-07-26 16:31:00,samedi,early_entry,['samedi'],Samedi | Entrée Avant 21H,DICE,50.533860000000004,53.56,1,1
2026-07-26,2026-07-26 17:54:00,samedi,regular,['samedi'],Samedi | Billet Standard,DICE,55.392885,58.71,1,1
2026-07-26,2026-07-26 17:54:00,samedi,regular,['samedi'],Samedi | Billet Standard,DICE,55.392885,58.71,1,1
2026-07-26,2026-07-26 17:54:00,samedi,regular,['samedi'],Samedi | Billet Standard,DICE,55.392885,58.71,1,1
2026-07-26,2026-07-26 18:00:00,vendredi,regular,['vendredi'],Vendredi | Billet Standard,DICE,55.392885,58.71,1,1
2026-07-26,2026-07-26 18:00:00,vendredi,regular,['vendredi'],Vendredi | Billet Standard,DICE,55.392885,58.71,1,1
2026-07-26,2026-07-26 18:19:08,2-jours,regular,,Pass 2 Jours,Shotgun,86.36,97.61,1,1
2026-07-26,2026-07-26 20:41:00,vendredi,regular,['vendredi'],Vendredi | Billet Standard,DICE,55.392885,58.71,1,1
2026-07-26,2026-07-26 21:06:42,vendredi,early_entry,['vendredi'],Pass Vendredi,Shotgun,45.0,50.86,1,1
2026-07-26,2026-07-26 21:06:42,vendredi,early_entry,['vendredi'],Pass Vendredi,Shotgun,45.0,50.86,1,1
2026-07-26,2026-07-26 22:17:00,single_day,regular,,Weekend | Billet Standard,DICE,99.12411,105.06,1,1
2026-07-27,2026-07-27 09:10:00,samedi,regular,['samedi'],Samedi | Billet Standard,DICE,55.392885,58.71,1,1
2026-07-27,2026-07-27 11:11:31,samedi,early_entry,['samedi'],Pass Samedi,Shotgun,45.0,50.86,1,1
2026-07-27,2026-07-27 11:11:31,samedi,early_entry,['samedi'],Pass Samedi,Shotgun,45.0,50.86,1,1
2026-07-27,2026-07-27 11:11:31,samedi,early_entry,['samedi'],Pass Samedi,Shotgun,45.0,50.86,1,1
2026-07-27,2026-07-27 11:23:17,samedi,early_entry,['samedi'],Pass Samedi,Shotgun,45.0,50.86,1,1
2026-07-27,2026-07-27 12:51:00,vendredi,regular,['vendredi'],Vendredi | Billet Standard,DICE,55.392885,58.71,1,1
2026-07-27,2026-07-27 17:11:56,samedi,regular,['samedi'],Pass Samedi,Shotgun,53.64,60.62,1,1
2026-07-27,2026-07-27 19:12:00,vendredi,regular,['vendredi'],Vendredi | Billet Standard,DICE,55.392885,58.71,1,1
2026-07-27,2026-07-27 19:12:00,vendredi,regular,['vendredi'],Vendredi | Billet Standard,DICE,55.392885,58.71,1,1
2026-07-27,2026-07-27 19:12:54,vendredi,early_entry,['vendredi'],Pass Vendredi,Shotgun,45.0,50.86,1,1
2026-07-27,2026-07-27 19:12:54,vendredi,early_entry,['vendredi'],Pass Vendredi,Shotgun,45.0,50.86,1,1
2026-07-27,2026-07-27 20:10:01,vendredi,early_entry,['vendredi'],Pass Vendredi,Shotgun,45.0,50.86,1,1
2026-07-27,2026-07-27 21:03:00,single_day,regular,,Weekend | Billet Standard,DICE,99.12411,105.06,1,1
2026-07-27,2026-07-27 21:03:00,single_day,regular,,Weekend | Billet Standard,DICE,99.12411,105.06,1,1
2026-07-27,2026-07-27 21:37:00,single_day,regular,,Weekend | Billet Standard,DICE,99.12411,105.06,1,1
2026-07-27,2026-07-27 22:28:00,samedi,regular,['samedi'],Samedi | Billet Standard,DICE,55.392885,58.71,1,1
2026-07-27,2026-07-27 22:35:00,vendredi,regular,['vendredi'],Vendredi | Billet Standard,DICE,55.392885,58.71,1,1
2026-07-27,2026-07-27 23:11:00,vendredi,regular,['vendredi'],Vendredi | Billet Standard,DICE,55.392885,58.71,1,1
2026-07-27,2026-07-27 23:11:00,vendredi,regular,['vendredi'],Vendredi | Billet Standard,DICE,55.392885,58.71,1,1
2026-07-28,2026-07-28 02:19:00,vendredi,early_entry,['vendredi'],Vendredi | Entrée Avant 21H,DICE,50.533860000000004,53.56,1,1
2026-07-28,2026-07-28 02:19:00,vendredi,early_entry,['vendredi'],Vendredi | Entrée Avant 21H,DICE,50.533860000000004,53.56,1,1
2026-07-28,2026-07-28 07:31:00,samedi,regular,['samedi'],Samedi | Billet Standard,DICE,55.392885,58.71,1,1
2026-07-28,2026-07-28 08:29:00,single_day,regular,,Weekend | Billet Standard,DICE,99.12411,105.06,1,1
2026-07-28,2026-07-28 09:12:17,samedi,early_entry,['samedi'],Pass Samedi,Shotgun,45.0,50.86,1,1
2026-07-28,2026-07-28 09:12:17,samedi,early_entry,['samedi'],Pass Samedi,Shotgun,45.0,50.86,1,1
2026-07-28,2026-07-28 11:02:00,vendredi,early_entry,['vendredi'],Vendredi | Entrée Avant 21H,DICE,50.533860000000004,53.56,1,1
2026-07-28,2026-07-28 11:44:09,vendredi,early_entry,['vendredi'],Pass Vendredi,Shotgun,45.0,50.86,1,1
2026-07-28,2026-07-28 11:44:09,vendredi,early_entry,['vendredi'],Pass Vendredi,Shotgun,45.0,50.86,1,1
2026-07-28,2026-07-28 12:21:00,samedi,regular,['samedi'],Samedi | Billet Standard,DICE,55.392885,58.71,1,1
2026-07-28,2026-07-28 14:10:17,2-jours,regular,,Pass 2 Jours,Shotgun,86.36,97.61,1,1
2026-07-28,2026-07-28 15:57:00,samedi,early_entry,['samedi'],Samedi | Entrée Avant 21H,DICE,50.533860000000004,53.56,1,1
2026-07-28,2026-07-28 15:57:00,samedi,early_entry,['samedi'],Samedi | Entrée Avant 21H,DICE,50.533860000000004,53.56,1,1
2026-07-28,2026-07-28 15:57:00,samedi,early_entry,['samedi'],Samedi | Entrée Avant 21H,DICE,50.533860000000004,53.56,1,1
2026-07-28,2026-07-28 18:37:04,2-jours,regular,,Pass 2 Jours,Shotgun,86.36,97.61,1,1
2026-07-28,2026-07-28 18:41:15,2-jours,regular,,Pass 2 Jours,Shotgun,86.36,97.61,1,1
2026-07-28,2026-07-28 19:16:48,2-jours,regular,,Pass 2 Jours,Shotgun,86.36,97.61,1,1
2026-07-28,2026-07-28 19:16:48,2-jours,regular,,Pass 2 Jours,Shotgun,86.36,97.61,1,1
2026-07-28,2026-07-28 19:49:00,vendredi,early_entry,['vendredi'],Vendredi | Entrée Avant 21H,DICE,50.533860000000004,53.56,1,1
2026-07-28,2026-07-28 19:49:00,vendredi,early_entry,['vendredi'],Vendredi | Entrée Avant 21H,DICE,50.533860000000004,53.56,1,1
2026-07-28,2026-07-28 21:30:00,vendredi,early_entry,['vendredi'],Vendredi | Entrée Avant 21H,DICE,50.533860000000004,53.56,1,1
2026-07-28,2026-07-28 21:58:00,vendredi,early_entry,['vendredi'],Vendredi | Entrée Avant 21H,DICE,50.533860000000004,53.56,1,1
2026-07-29,2026-07-29 08:25:59,vendredi,regular,['vendredi'],Pass Vendredi,Shotgun,53.64,60.62,1,1
2026-07-29,2026-07-29 08:55:35,vendredi,early_entry,['vendredi'],Pass Vendredi,Shotgun,45.0,50.86,1,1
2026-07-29,2026-07-29 08:56:02,vendredi,early_entry,['vendredi'],Pass Vendredi,Shotgun,45.0,50.86,1,1
2026-07-29,2026-07-29 10:19:00,single_day,regular,,Weekend | Billet Standard,DICE,99.12411,105.06,1,1
2026-07-29,2026-07-29 10:19:00,single_day,regular,,Weekend | Billet Standard,DICE,99.12411,105.06,1,1
2026-07-29,2026-07-29 10:49:00,vendredi,vip,['vendredi'],Vendredi | Entrée VIP | Billet Standard,DICE,128.27826000000002,135.96,1,1
2026-07-29,2026-07-29 10:49:00,vendredi,vip,['vendredi'],Vendredi | Entrée VIP | Billet Standard,DICE,128.27826000000002,135.96,1,1
2026-07-29,2026-07-29 11:15:00,vendredi,regular,['vendredi'],Vendredi | Billet Standard,DICE,55.392885,58.71,1,1
2026-07-29,2026-07-29 11:15:00,vendredi,regular,['vendredi'],Vendredi | Billet Standard,DICE,55.392885,58.71,1,1
2026-07-29,2026-07-29 11:22:19,2-jours,regular,,Pass 2 Jours,Shotgun,86.36,97.61,1,1
2026-07-29,2026-07-29 11:32:00,samedi,vip,['samedi'],Samedi | Entrée VIP | Billet Standard,DICE,128.27826000000002,135.96,1,1
2026-07-29,2026-07-29 11:32:00,samedi,vip,['samedi'],Samedi | Entrée VIP | Billet Standard,DICE,128.27826000000002,135.96,1,1
2026-07-29,2026-07-29 14:43:00,vendredi,regular,['vendredi'],Vendredi | Billet Standard,DICE,55.392885,58.71,1,1
2026-07-29,2026-07-29 15:48:42,samedi,early_entry,['samedi'],Pass Samedi,Shotgun,45.0,50.86,1,1
2026-07-29,2026-07-29 15:48:42,samedi,early_entry,['samedi'],Pass Samedi,Shotgun,45.0,50.86,1,1
2026-07-29,2026-07-29 16:40:00,vendredi,vip,['vendredi'],Vendredi | Entrée VIP | Billet Standard,DICE,128.27826000000002,135.96,1,1
2026-07-29,2026-07-29 16:40:00,vendredi,vip,['vendredi'],Vendredi | Entrée VIP | Billet Standard,DICE,128.27826000000002,135.96,1,1
2026-07-29,2026-07-29 18:07:10,samedi,regular,['samedi'],Pass Samedi,Shotgun,53.64,60.62,1,1
2026-07-29,2026-07-29 18:56:45,samedi,regular,['samedi'],Pass Samedi,Shotgun,53.64,60.62,1,1
2026-07-29,2026-07-29 19:02:00,vendredi,regular,['vendredi'],Vendredi | Billet Standard,DICE,55.392885,58.71,1,1
2026-07-29,2026-07-29 19:02:00,vendredi,regular,['vendredi'],Vendredi | Billet Standard,DICE,55.392885,58.71,1,1
2026-07-29,2026-07-29 19:12:00,samedi,regular,['samedi'],Samedi | Billet Standard,DICE,55.392885,58.71,1,1
2026-07-29,2026-07-29 19:28:00,samedi,regular,['samedi'],Samedi | Billet Standard,DICE,55.392885,58.71,1,1
2026-07-29,2026-07-29 19:36:31,samedi,regular,['samedi'],Pass Samedi,Shotgun,53.64,60.62,1,1
2026-07-29,2026-07-29 23:30:40,samedi,early_entry,['samedi'],Pass Samedi,Shotgun,45.0,50.86,1,1
2026-07-30,2026-07-30 00:03:07,2-jours,regular,,Pass 2 Jours,Shotgun,86.36,97.61,1,1
2026-07-30,2026-07-30 00:29:00,samedi,regular,['samedi'],Samedi | Billet Standard,DICE,55.392885,58.71,1,1
2026-07-30,2026-07-30 05:47:00,vendredi,early_entry,['vendredi'],Vendredi | Entrée Avant 21H,DICE,50.533860000000004,53.56,1,1
2026-07-30,2026-07-30 05:47:00,vendredi,early_entry,['vendredi'],Vendredi | Entrée Avant 21H,DICE,50.533860000000004,53.56,1,1
2026-07-30,2026-07-30 05:47:00,vendredi,early_entry,['vendredi'],Vendredi | Entrée Avant 21H,DICE,50.533860000000004,53.56,1,1
2026-07-30,2026-07-30 05:47:00,single_day,regular,,Weekend | Billet Standard,DICE,99.12411,105.06,1,1
2026-07-30,2026-07-30 08:29:46,samedi,early_entry,['samedi'],Pass Samedi,Shotgun,45.0,50.86,1,1
2026-07-30,2026-07-30 08:29:46,samedi,early_entry,['samedi'],Pass Samedi,Shotgun,45.0,50.86,1,1
2026-07-30,2026-07-30 13:20:55,vendredi,regular,['vendredi'],Pass Vendredi,Shotgun,53.64,60.62,1,1
2026-07-30,2026-07-30 13:32:29,2-jours,regular,,Pass 2 Jours,Shotgun,86.36,97.61,1,1
2026-07-30,2026-07-30 13:32:29,2-jours,regular,,Pass 2 Jours,Shotgun,86.36,97.61,1,1
2026-07-30,2026-07-30 13:32:29,2-jours,regular,,Pass 2 Jours,Shotgun,86.36,97.61,1,1
2026-07-30,2026-07-30 14:57:39,samedi,early_entry,['samedi'],Pass Samedi,Shotgun,45.0,50.86,1,1
2026-07-30,2026-07-30 14:57:39,samedi,early_entry,['samedi'],Pass Samedi,Shotgun,45.0,50.86,1,1
2026-07-30,2026-07-30 15:04:41,samedi,early_entry,['samedi'],Pass Samedi,Shotgun,45.0,50.86,1,1
2026-07-30,2026-07-30 15:20:55,2-jours,regular,,Pass 2 Jours,Shotgun,86.36,97.61,1,1
2026-07-30,2026-07-30 15:23:37,vendredi,regular,['vendredi'],Pass Vendredi,Shotgun,53.64,60.62,1,1
2026-07-30,2026-07-30 15:36:20,2-jours,regular,,Pass 2 Jours,Shotgun,86.36,97.61,1,1
2026-07-30,2026-07-30 15:43:17,2-jours,regular,,Pass 2 Jours,Shotgun,86.36,97.61,1,1
2026-07-30,2026-07-30 16:03:02,samedi,regular,['samedi'],Pass Samedi,Shotgun,53.64,60.62,1,1
2026-07-30,2026-07-30 16:03:57,samedi,regular,['samedi'],Pass Samedi,Shotgun,53.64,60.62,1,1
2026-07-30,2026-07-30 16:03:57,samedi,regular,['samedi'],Pass Samedi,Shotgun,53.64,60.62,1,1
2026-07-30,2026-07-30 16:12:18,samedi,regular,['samedi'],Pass Samedi,Shotgun,53.64,60.62,1,1
2026-07-30,2026-07-30 16:21:53,2-jours,regular,,Pass 2 Jours,Shotgun,86.36,97.61,1,1
2026-07-30,2026-07-30 16:21:53,2-jours,regular,,Pass 2 Jours,Shotgun,86.36,97.61,1,1
2026-07-30,2026-07-30 16:34:12,vendredi,regular,['vendredi'],Pass Vendredi,Shotgun,53.64,60.62,1,1
2026-07-30,2026-07-30 16:37:07,2-jours,regular,,Pass 2 Jours,Shotgun,86.36,97.61,1,1
2026-07-30,2026-07-30 16:37:07,2-jours,regular,,Pass 2 Jours,Shotgun,86.36,97.61,1,1
2026-07-30,2026-07-30 16:59:12,2-jours,regular,,Pass 2 Jours,Shotgun,86.36,97.61,1,1
2026-07-30,2026-07-30 17:00:00,samedi,regular,['samedi'],Samedi | Billet Standard,DICE,55.392885,58.71,1,1
2026-07-30,2026-07-30 17:01:29,vendredi,regular,['vendredi'],Pass Vendredi,Shotgun,53.64,60.62,1,1
2026-07-30,2026-07-30 17:01:29,vendredi,regular,['vendredi'],Pass Vendredi,Shotgun,53.64,60.62,1,1
2026-07-30,2026-07-30 17:09:09,samedi,regular,['samedi'],Pass Samedi,Shotgun,53.64,60.62,1,1
2026-07-30,2026-07-30 17:13:39,vendredi,early_entry,['vendredi'],Pass Vendredi,Shotgun,45.0,50.86,1,1
2026-07-30,2026-07-30 17:13:39,vendredi,early_entry,['vendredi'],Pass Vendredi,Shotgun,45.0,50.86,1,1
2026-07-30,2026-07-30 17:13:47,vendredi,early_entry,['vendredi'],Pass Vendredi,Shotgun,45.0,50.86,1,1
2026-07-30,2026-07-30 17:13:47,vendredi,early_entry,['vendredi'],Pass Vendredi,Shotgun,45.0,50.86,1,1
2026-07-30,2026-07-30 17:14:00,samedi,regular,['samedi'],Samedi | Billet Standard,DICE,55.392885,58.71,1,1
2026-07-30,2026-07-30 17:17:28,vendredi,early_entry,['vendredi'],Pass Vendredi,Shotgun,45.0,50.86,1,1
2026-07-30,2026-07-30 17:17:28,vendredi,early_entry,['vendredi'],Pass Vendredi,Shotgun,45.0,50.86,1,1
2026-07-30,2026-07-30 17:17:28,vendredi,early_entry,['vendredi'],Pass Vendredi,Shotgun,45.0,50.86,1,1
2026-07-30,2026-07-30 17:17:28,vendredi,early_entry,['vendredi'],Pass Vendredi,Shotgun,45.0,50.86,1,1
2026-07-30,2026-07-30 17:21:00,vendredi,regular,['vendredi'],Vendredi | Billet Standard,DICE,55.392885,58.71,1,1
2026-07-30,2026-07-30 17:24:00,vendredi,regular,['vendredi'],Vendredi | Billet Standard,DICE,55.392885,58.71,1,1
2026-07-30,2026-07-30 17:32:00,samedi,early_entry,['samedi'],Samedi | Entrée Avant 21H,DICE,50.533860000000004,53.56,1,1
2026-07-30,2026-07-30 17:42:16,vendredi,regular,['vendredi'],Pass Vendredi,Shotgun,53.64,60.62,1,1
2026-07-30,2026-07-30 17:42:16,vendredi,regular,['vendredi'],Pass Vendredi,Shotgun,53.64,60.62,1,1
2026-07-30,2026-07-30 17:42:31,vendredi,regular,['vendredi'],Pass Vendredi,Shotgun,53.64,60.62,1,1
2026-07-30,2026-07-30 17:42:31,vendredi,regular,['vendredi'],Pass Vendredi,Shotgun,53.64,60.62,1,1
2026-07-30,2026-07-30 17:46:29,vendredi,regular,['vendredi'],Pass Vendredi,Shotgun,53.64,60.62,1,1
2026-07-30,2026-07-30 18:15:51,samedi,regular,['samedi'],Pass Samedi,Shotgun,53.64,60.62,1,1
2026-07-30,2026-07-30 18:48:11,2-jours,regular,,Pass 2 Jours,Shotgun,86.36,97.61,1,1
2026-07-30,2026-07-30 18:48:11,2-jours,regular,,Pass 2 Jours,Shotgun,86.36,97.61,1,1
2026-07-30,2026-07-30 18:58:00,vendredi,regular,['vendredi'],Vendredi | Billet Standard,DICE,55.392885,58.71,1,1
2026-07-30,2026-07-30 18:58:00,vendredi,regular,['vendredi'],Vendredi | Billet Standard,DICE,55.392885,58.71,1,1
2026-07-30,2026-07-30 19:03:17,vendredi,early_entry,['vendredi'],Pass Vendredi,Shotgun,45.0,50.86,1,1
2026-07-30,2026-07-30 19:03:17,vendredi,early_entry,['vendredi'],Pass Vendredi,Shotgun,45.0,50.86,1,1
2026-07-30,2026-07-30 19:03:17,vendredi,early_entry,['vendredi'],Pass Vendredi,Shotgun,45.0,50.86,1,1
2026-07-30,2026-07-30 19:05:00,samedi,regular,['samedi'],Samedi | Billet Standard,DICE,55.392885,58.71,1,1
2026-07-30,2026-07-30 19:05:00,samedi,regular,['samedi'],Samedi | Billet Standard,DICE,55.392885,58.71,1,1
2026-07-30,2026-07-30 19:06:00,samedi,early_entry,['samedi'],Samedi | Entrée Avant 21H,DICE,50.533860000000004,53.56,1,1
2026-07-30,2026-07-30 19:24:12,samedi,regular,['samedi'],Pass Samedi,Shotgun,53.64,60.62,1,1
2026-07-30,2026-07-30 19:25:46,samedi,early_entry,['samedi'],Pass Samedi,Shotgun,45.0,50.86,1,1
2026-07-30,2026-07-30 19:25:46,samedi,early_entry,['samedi'],Pass Samedi,Shotgun,45.0,50.86,1,1
2026-07-30,2026-07-30 19:52:00,samedi,regular,['samedi'],Samedi | Billet Standard,DICE,55.392885,58.71,1,1
2026-07-30,2026-07-30 19:52:00,samedi,regular,['samedi'],Samedi | Billet Standard,DICE,55.392885,58.71,1,1
2026-07-30,2026-07-30 20:11:20,samedi,early_entry,['samedi'],Pass Samedi,Shotgun,45.0,50.86,1,1
2026-07-30,2026-07-30 20:11:20,samedi,early_entry,['samedi'],Pass Samedi,Shotgun,45.0,50.86,1,1
2026-07-30,2026-07-30 20:24:00,single_day,regular,,Weekend | Billet Standard,DICE,99.12411,105.06,1,1
2026-07-30,2026-07-30 20:24:11,2-jours,regular,,Pass 2 Jours,Shotgun,86.36,97.61,1,1
2026-07-30,2026-07-30 20:32:16,samedi,early_entry,['samedi'],Pass Samedi,Shotgun,45.0,50.86,1,1
2026-07-30,2026-07-30 20:32:16,samedi,early_entry,['samedi'],Pass Samedi,Shotgun,45.0,50.86,1,1
2026-07-30,2026-07-30 20:40:31,vendredi,early_entry,['vendredi'],Pass Vendredi,Shotgun,45.0,50.86,1,1
2026-07-30,2026-07-30 20:48:06,vendredi,regular,['vendredi'],Pass Vendredi,Shotgun,53.64,60.62,1,1
2026-07-30,2026-07-30 20:48:06,vendredi,regular,['vendredi'],Pass Vendredi,Shotgun,53.64,60.62,1,1
2026-07-30,2026-07-30 20:56:51,2-jours,regular,,Pass 2 Jours,Shotgun,86.36,97.61,1,1
2026-07-30,2026-07-30 21:13:23,2-jours,regular,,Pass 2 Jours,Shotgun,86.36,97.61,1,1
2026-07-30,2026-07-30 21:14:43,2-jours,regular,,Pass 2 Jours,Shotgun,86.36,97.61,1,1
2026-07-30,2026-07-30 21:19:38,2-jours,regular,,Pass 2 Jours,Shotgun,86.36,97.61,1,1
2026-07-30,2026-07-30 21:19:42,2-jours,regular,,Pass 2 Jours,Shotgun,86.36,97.61,1,1
2026-07-30,2026-07-30 21:24:26,samedi,early_entry,['samedi'],Pass Samedi,Shotgun,45.0,50.86,1,1
2026-07-30,2026-07-30 21:47:00,samedi,regular,['samedi'],Samedi | Billet Standard,DICE,55.392885,58.71,1,1
2026-07-30,2026-07-30 21:47:00,samedi,regular,['samedi'],Samedi | Billet Standard,DICE,55.392885,58.71,1,1
2026-07-30,2026-07-30 21:48:00,vendredi,regular,['vendredi'],Vendredi | Billet Standard,DICE,55.392885,58.71,1,1
2026-07-30,2026-07-30 22:17:07,vendredi,regular,['vendredi'],Pass Vendredi,Shotgun,53.64,60.62,1,1
2026-07-30,2026-07-30 22:17:07,vendredi,regular,['vendredi'],Pass Vendredi,Shotgun,53.64,60.62,1,1
2026-07-30,2026-07-30 22:46:00,samedi,regular,['samedi'],Samedi | Billet Standard,DICE,55.392885,58.71,1,1
2026-07-30,2026-07-30 22:46:12,samedi,regular,['samedi'],Pass Samedi,Shotgun,53.64,60.62,1,1
2026-07-30,2026-07-30 22:46:12,samedi,regular,['samedi'],Pass Samedi,Shotgun,53.64,60.62,1,1
2026-07-30,2026-07-30 22:52:50,samedi,regular,['samedi'],Pass Samedi,Shotgun,53.64,60.62,1,1
2026-07-30,2026-07-30 22:55:00,samedi,regular,['samedi'],Samedi | Billet Standard,DICE,55.392885,58.71,1,1
2026-07-30,2026-07-30 23:06:18,samedi,regular,['samedi'],Pass Samedi,Shotgun,53.64,60.62,1,1
2026-07-30,2026-07-30 23:06:18,samedi,regular,['samedi'],Pass Samedi,Shotgun,53.64,60.62,1,1
2026-07-30,2026-07-30 23:06:18,samedi,regular,['samedi'],Pass Samedi,Shotgun,53.64,60.62,1,1
2026-07-30,2026-07-30 23:07:00,single_day,regular,,Weekend | Billet Standard,DICE,99.12411,105.06,1,1
2026-07-30,2026-07-30 23:07:00,single_day,regular,,Weekend | Billet Standard,DICE,99.12411,105.06,1,1
2026-07-30,2026-07-30 23:26:00,samedi,regular,['samedi'],Samedi | Billet Standard,DICE,55.392885,58.71,1,1
2026-07-30,2026-07-30 23:26:00,samedi,regular,['samedi'],Samedi | Billet Standard,DICE,55.392885,58.71,1,1
2026-07-30,2026-07-30 23:26:00,samedi,regular,['samedi'],Samedi | Billet Standard,DICE,55.392885,58.71,1,1
2026-07-30,2026-07-30 23:26:38,samedi,early_entry,['samedi'],Pass Samedi,Shotgun,45.0,50.86,1,1
2026-07-30,2026-07-30 23:26:38,samedi,early_entry,['samedi'],Pass Samedi,Shotgun,45.0,50.86,1,1
2026-07-31,2026-07-31 00:21:44,2-jours,regular,,Pass 2 Jours,Shotgun,86.36,97.61,1,1
2026-07-31,2026-07-31 03:24:00,samedi,regular,['samedi'],Samedi | Billet Standard,DICE,55.392885,58.71,1,1
2026-07-31,2026-07-31 03:24:00,samedi,regular,['samedi'],Samedi | Billet Standard,DICE,55.392885,58.71,1,1
2026-07-31,2026-07-31 03:44:29,samedi,regular,['samedi'],Pass Samedi,Shotgun,53.64,60.62,1,1
2026-07-31,2026-07-31 05:46:03,vendredi,regular,['vendredi'],Pass Vendredi,Shotgun,53.64,60.62,1,1
2026-07-31,2026-07-31 06:27:46,2-jours,regular,,Pass 2 Jours,Shotgun,86.36,97.61,1,1
2026-07-31,2026-07-31 06:50:19,vendredi,early_entry,['vendredi'],Pass Vendredi,Shotgun,45.0,50.86,1,1
2026-07-31,2026-07-31 06:52:35,2-jours,regular,,Pass 2 Jours,Shotgun,86.36,97.61,1,1
2026-07-31,2026-07-31 06:52:35,2-jours,regular,,Pass 2 Jours,Shotgun,86.36,97.61,1,1
2026-07-31,2026-07-31 07:46:11,samedi,early_entry,['samedi'],Pass Samedi,Shotgun,45.0,50.86,1,1
2026-07-31,2026-07-31 07:49:27,samedi,regular,['samedi'],Pass Samedi,Shotgun,53.64,60.62,1,1
2026-07-31,2026-07-31 07:50:03,vendredi,regular,['vendredi'],Pass Vendredi,Shotgun,53.64,60.62,1,1
2026-07-31,2026-07-31 07:50:03,vendredi,regular,['vendredi'],Pass Vendredi,Shotgun,53.64,60.62,1,1
2026-07-31,2026-07-31 07:55:37,samedi,early_entry,['samedi'],Pass Samedi,Shotgun,45.0,50.86,1,1
2026-07-31,2026-07-31 07:55:37,samedi,early_entry,['samedi'],Pass Samedi,Shotgun,45.0,50.86,1,1
2026-07-31,2026-07-31 07:55:37,samedi,early_entry,['samedi'],Pass Samedi,Shotgun,45.0,50.86,1,1
2026-07-31,2026-07-31 07:59:41,vendredi,early_entry,['vendredi'],Pass Vendredi,Shotgun,45.0,50.86,1,1
2026-07-31,2026-07-31 08:12:47,vendredi,regular,['vendredi'],Pass Vendredi,Shotgun,53.64,60.62,1,1
2026-07-31,2026-07-31 08:26:20,vendredi,regular,['vendredi'],Pass Vendredi,Shotgun,53.64,60.62,1,1
2026-07-31,2026-07-31 08:26:20,vendredi,regular,['vendredi'],Pass Vendredi,Shotgun,53.64,60.62,1,1
2026-07-31,2026-07-31 08:29:43,2-jours,regular,,Pass 2 Jours,Shotgun,86.36,97.61,1,1
2026-07-31,2026-07-31 08:29:43,2-jours,regular,,Pass 2 Jours,Shotgun,86.36,97.61,1,1
2026-07-31,2026-07-31 08:46:36,vendredi,regular,['vendredi'],Pass Vendredi,Shotgun,53.64,60.62,1,1
2026-07-31,2026-07-31 08:50:40,vendredi,regular,['vendredi'],Pass Vendredi,Shotgun,53.64,60.62,1,1
2026-07-31,2026-07-31 09:00:47,vendredi,regular,['vendredi'],Pass Vendredi,Shotgun,53.64,60.62,1,1
2026-07-31,2026-07-31 09:06:21,samedi,regular,['samedi'],Pass Samedi,Shotgun,53.64,60.62,1,1
2026-07-31,2026-07-31 09:06:21,samedi,regular,['samedi'],Pass Samedi,Shotgun,53.64,60.62,1,1
2026-07-31,2026-07-31 09:07:00,vendredi,regular,['vendredi'],Vendredi | Billet Standard,DICE,55.392885,58.71,1,1
2026-07-31,2026-07-31 09:07:00,vendredi,regular,['vendredi'],Vendredi | Billet Standard,DICE,55.392885,58.71,1,1
2026-07-31,2026-07-31 09:31:32,vendredi,regular,['vendredi'],Pass Vendredi,Shotgun,53.64,60.62,1,1
2026-07-31,2026-07-31 09:38:00,vendredi,regular,['vendredi'],Vendredi | Billet Standard,DICE,55.392885,58.71,1,1
2026-07-31,2026-07-31 09:47:43,vendredi,early_entry,['vendredi'],Pass Vendredi,Shotgun,45.0,50.86,1,1
2026-07-31,2026-07-31 09:54:45,vendredi,early_entry,['vendredi'],Pass Vendredi,Shotgun,45.0,50.86,1,1
2026-07-31,2026-07-31 10:01:00,vendredi,regular,['vendredi'],Vendredi | Billet Standard,DICE,55.392885,58.71,1,1
2026-07-31,2026-07-31 10:56:00,vendredi,regular,['vendredi'],Vendredi | Billet Standard,DICE,55.392885,58.71,1,1
2026-07-31,2026-07-31 11:01:16,samedi,early_entry,['samedi'],Pass Samedi,Shotgun,45.0,50.86,1,1
2026-07-31,2026-07-31 11:01:16,samedi,early_entry,['samedi'],Pass Samedi,Shotgun,45.0,50.86,1,1
2026-07-31,2026-07-31 11:15:17,samedi,early_entry,['samedi'],Pass Samedi,Shotgun,45.0,50.86,1,1
2026-07-31,2026-07-31 11:19:00,vendredi,regular,['vendredi'],Vendredi | Billet Standard,DICE,55.392885,58.71,1,1
2026-07-31,2026-07-31 11:19:00,vendredi,regular,['vendredi'],Vendredi | Billet Standard,DICE,55.392885,58.71,1,1
2026-07-31,2026-07-31 11:23:00,samedi,regular,['samedi'],Samedi | Billet Standard,DICE,55.392885,58.71,1,1
2026-07-31,2026-07-31 11:26:42,2-jours,regular,,Pass 2 Jours,Shotgun,86.36,97.61,1,1
2026-07-31,2026-07-31 11:33:16,vendredi,regular,['vendredi'],Pass Vendredi,Shotgun,53.64,60.62,1,1
2026-07-31,2026-07-31 11:33:16,vendredi,regular,['vendredi'],Pass Vendredi,Shotgun,53.64,60.62,1,1
2026-07-31,2026-07-31 11:33:16,vendredi,regular,['vendredi'],Pass Vendredi,Shotgun,53.64,60.62,1,1
2026-07-31,2026-07-31 11:42:18,vendredi,regular,['vendredi'],Pass Vendredi,Shotgun,53.64,60.62,1,1
2026-07-31,2026-07-31 11:52:25,samedi,early_entry,['samedi'],Pass Samedi,Shotgun,45.0,50.86,1,1
2026-07-31,2026-07-31 11:59:00,vendredi,regular,['vendredi'],Vendredi | Billet Standard,DICE,55.392885,58.71,1,1
2026-07-31,2026-07-31 11:59:00,vendredi,regular,['vendredi'],Vendredi | Billet Standard,DICE,55.392885,58.71,1,1
2026-07-31,2026-07-31 12:12:49,vendredi,regular,['vendredi'],Pass Vendredi,Shotgun,53.64,60.62,1,1
2026-07-31,2026-07-31 12:12:49,vendredi,regular,['vendredi'],Pass Vendredi,Shotgun,53.64,60.62,1,1
2026-07-31,2026-07-31 12:21:05,vendredi,early_entry,['vendredi'],Pass Vendredi,Shotgun,45.0,50.86,1,1
2026-07-31,2026-07-31 12:40:48,vendredi,regular,['vendredi'],Pass Vendredi,Shotgun,53.64,60.62,1,1
2026-07-31,2026-07-31 12:40:48,vendredi,regular,['vendredi'],Pass Vendredi,Shotgun,53.64,60.62,1,1
2026-07-31,2026-07-31 12:41:03,vendredi,regular,['vendredi'],Pass Vendredi,Shotgun,53.64,60.62,1,1
2026-07-31,2026-07-31 12:41:03,vendredi,regular,['vendredi'],Pass Vendredi,Shotgun,53.64,60.62,1,1
2026-07-31,2026-07-31 12:48:42,vendredi,regular,['vendredi'],Pass Vendredi,Shotgun,53.64,60.62,1,1
2026-07-31,2026-07-31 12:48:42,vendredi,regular,['vendredi'],Pass Vendredi,Shotgun,53.64,60.62,1,1
2026-07-31,2026-07-31 13:31:22,vendredi,early_entry,['vendredi'],Pass Vendredi,Shotgun,45.0,50.86,1,1
2026-07-31,2026-07-31 13:38:49,vendredi,early_entry,['vendredi'],Pass Vendredi,Shotgun,45.0,50.86,1,1
2026-07-31,2026-07-31 13:41:38,2-jours,regular,,Pass 2 Jours,Shotgun,86.36,97.61,1,1
2026-07-31,2026-07-31 13:41:38,vendredi,early_entry,['vendredi'],Pass Vendredi,Shotgun,45.0,50.86,1,1
2026-07-31,2026-07-31 13:41:38,vendredi,early_entry,['vendredi'],Pass Vendredi,Shotgun,45.0,50.86,1,1
2026-07-31,2026-07-31 13:41:38,samedi,early_entry,['samedi'],Pass Samedi,Shotgun,45.0,50.86,1,1
2026-07-31,2026-07-31 13:41:59,vendredi,early_entry,['vendredi'],Pass Vendredi,Shotgun,45.0,50.86,1,1
2026-07-31,2026-07-31 13:41:59,vendredi,early_entry,['vendredi'],Pass Vendredi,Shotgun,45.0,50.86,1,1
2026-07-31,2026-07-31 13:41:59,vendredi,early_entry,['vendredi'],Pass Vendredi,Shotgun,45.0,50.86,1,1
2026-07-31,2026-07-31 13:43:00,samedi,early_entry,['samedi'],Samedi | Entrée Avant 21H,DICE,45.674834999999995,48.41,1,1
2026-07-31,2026-07-31 13:46:01,2-jours,regular,,Pass 2 Jours,Shotgun,86.36,97.61,1,1
2026-07-31,2026-07-31 13:54:18,vendredi,regular,['vendredi'],Pass Vendredi,Shotgun,53.64,60.62,1,1
2026-07-31,2026-07-31 13:54:18,vendredi,regular,['vendredi'],Pass Vendredi,Shotgun,53.64,60.62,1,1
2026-07-31,2026-07-31 13:57:20,samedi,early_entry,['samedi'],Pass Samedi,Shotgun,45.0,50.86,1,1
2026-07-31,2026-07-31 13:57:20,samedi,early_entry,['samedi'],Pass Samedi,Shotgun,45.0,50.86,1,1
2026-07-31,2026-07-31 14:09:22,vendredi,regular,['vendredi'],Pass Vendredi,Shotgun,53.64,60.62,1,1
2026-07-31,2026-07-31 14:09:40,vendredi,regular,['vendredi'],Pass Vendredi,Shotgun,53.64,60.62,1,1
2026-07-31,2026-07-31 14:16:00,single_day,regular,,Weekend | Billet Standard,DICE,99.12411,105.06,1,1
2026-07-31,2026-07-31 14:16:00,single_day,regular,,Weekend | Billet Standard,DICE,99.12411,105.06,1,1
2026-07-31,2026-07-31 14:16:00,vendredi,regular,['vendredi'],Vendredi | Billet Standard,DICE,55.392885,58.71,1,1
2026-07-31,2026-07-31 14:16:00,vendredi,regular,['vendredi'],Vendredi | Billet Standard,DICE,55.392885,58.71,1,1
2026-07-31,2026-07-31 14:58:32,vendredi,regular,['vendredi'],Pass Vendredi,Shotgun,53.64,60.62,1,1
2026-07-31,2026-07-31 14:58:32,vendredi,regular,['vendredi'],Pass Vendredi,Shotgun,53.64,60.62,1,1
2026-07-31,2026-07-31 15:02:30,samedi,regular,['samedi'],Pass Samedi,Shotgun,53.64,60.62,1,1
2026-07-31,2026-07-31 15:21:35,vendredi,regular,['vendredi'],Pass Vendredi,Shotgun,53.64,60.62,1,1
2026-07-31,2026-07-31 15:21:35,vendredi,regular,['vendredi'],Pass Vendredi,Shotgun,53.64,60.62,1,1
2026-07-31,2026-07-31 15:23:00,single_day,regular,,Weekend | Billet Standard,DICE,99.12411,105.06,1,1
2026-07-31,2026-07-31 15:23:00,single_day,regular,,Weekend | Billet Standard,DICE,99.12411,105.06,1,1
2026-07-31,2026-07-31 15:23:00,single_day,regular,,Weekend | Billet Standard,DICE,99.12411,105.06,1,1
2026-07-31,2026-07-31 15:23:00,single_day,regular,,Weekend | Billet Standard,DICE,99.12411,105.06,1,1
2026-07-31,2026-07-31 15:35:14,vendredi,early_entry,['vendredi'],Pass Vendredi,Shotgun,45.0,50.86,1,1
2026-07-31,2026-07-31 15:35:14,vendredi,early_entry,['vendredi'],Pass Vendredi,Shotgun,45.0,50.86,1,1
2026-07-31,2026-07-31 16:38:15,2-jours,regular,,Pass 2 Jours,Shotgun,86.36,97.61,1,1
2026-07-31,2026-07-31 16:40:08,samedi,regular,['samedi'],Pass Samedi,Shotgun,53.64,60.62,1,1
2026-07-31,2026-07-31 16:40:08,samedi,regular,['samedi'],Pass Samedi,Shotgun,53.64,60.62,1,1
2026-07-31,2026-07-31 16:41:15,2-jours,regular,,Pass 2 Jours,Shotgun,86.36,97.61,1,1
2026-07-31,2026-07-31 17:27:30,vendredi,regular,['vendredi'],Pass Vendredi,Shotgun,53.64,60.62,1,1
2026-07-31,2026-07-31 17:27:30,vendredi,regular,['vendredi'],Pass Vendredi,Shotgun,53.64,60.62,1,1
2026-07-31,2026-07-31 17:38:32,samedi,early_entry,['samedi'],Pass Samedi,Shotgun,45.0,50.86,1,1
2026-07-31,2026-07-31 17:38:32,samedi,early_entry,['samedi'],Pass Samedi,Shotgun,45.0,50.86,1,1
2026-07-31,2026-07-31 17:42:11,2-jours,regular,,Pass 2 Jours,Shotgun,86.36,97.61,1,1
2026-07-31,2026-07-31 17:48:00,samedi,early_entry,['samedi'],Samedi | Entrée Avant 21H,DICE,50.533860000000004,53.56,1,1
2026-07-31,2026-07-31 17:48:00,samedi,early_entry,['samedi'],Samedi | Entrée Avant 21H,DICE,50.533860000000004,53.56,1,1
2026-07-31,2026-07-31 17:48:00,samedi,early_entry,['samedi'],Samedi | Entrée Avant 21H,DICE,50.533860000000004,53.56,1,1
2026-07-31,2026-07-31 17:50:43,samedi,early_entry,['samedi'],Pass Samedi,Shotgun,45.0,50.86,1,1
2026-07-31,2026-07-31 17:50:43,samedi,early_entry,['samedi'],Pass Samedi,Shotgun,45.0,50.86,1,1
2026-07-31,2026-07-31 17:56:42,samedi,regular,['samedi'],Pass Samedi,Shotgun,53.64,60.62,1,1
2026-07-31,2026-07-31 18:13:59,vendredi,regular,['vendredi'],Pass Vendredi,Shotgun,53.64,60.62,1,1
2026-07-31,2026-07-31 18:32:56,vendredi,regular,['vendredi'],Pass Vendredi,Shotgun,53.64,60.62,1,1
2026-07-31,2026-07-31 18:32:56,vendredi,regular,['vendredi'],Pass Vendredi,Shotgun,53.64,60.62,1,1
2026-07-31,2026-07-31 18:47:42,samedi,regular,['samedi'],Pass Samedi,Shotgun,53.64,60.62,1,1
2026-07-31,2026-07-31 18:48:05,vendredi,early_entry,['vendredi'],Pass Vendredi,Shotgun,45.0,50.86,1,1
2026-07-31,2026-07-31 18:48:05,vendredi,early_entry,['vendredi'],Pass Vendredi,Shotgun,45.0,50.86,1,1
2026-07-31,2026-07-31 18:48:05,vendredi,early_entry,['vendredi'],Pass Vendredi,Shotgun,45.0,50.86,1,1
2026-07-31,2026-07-31 18:58:00,single_day,regular,,Weekend | Billet Standard,DICE,99.12411,105.06,1,1
2026-07-31,2026-07-31 19:16:57,vendredi,regular,['vendredi'],Pass Vendredi,Shotgun,53.64,60.62,1,1
2026-07-31,2026-07-31 19:26:23,vendredi,regular,['vendredi'],Pass Vendredi,Shotgun,53.64,60.62,1,1
2026-07-31,2026-07-31 19:29:45,2-jours,regular,,Pass 2 Jours,Shotgun,86.36,97.61,1,1
2026-07-31,2026-07-31 19:29:46,2-jours,regular,,Pass 2 Jours,Shotgun,86.36,97.61,1,1
2026-07-31,2026-07-31 19:49:00,samedi,regular,['samedi'],Samedi | Billet Standard,DICE,55.392885,58.71,1,1
2026-07-31,2026-07-31 19:50:00,samedi,early_entry,['samedi'],Samedi | Entrée Avant 21H,DICE,50.533860000000004,53.56,1,1
2026-07-31,2026-07-31 19:50:00,samedi,early_entry,['samedi'],Samedi | Entrée Avant 21H,DICE,50.533860000000004,53.56,1,1
2026-07-31,2026-07-31 19:50:36,vendredi,early_entry,['vendredi'],Pass Vendredi,Shotgun,45.0,50.86,1,1
2026-07-31,2026-07-31 19:53:45,samedi,early_entry,['samedi'],Pass Samedi,Shotgun,45.0,50.86,1,1
2026-07-31,2026-07-31 20:01:29,2-jours,regular,,Pass 2 Jours,Shotgun,86.36,97.61,1,1
2026-07-31,2026-07-31 20:04:20,vendredi,early_entry,['vendredi'],Pass Vendredi,Shotgun,45.0,50.86,1,1
2026-07-31,2026-07-31 20:04:20,vendredi,early_entry,['vendredi'],Pass Vendredi,Shotgun,45.0,50.86,1,1
2026-07-31,2026-07-31 21:11:23,vendredi,early_entry,['vendredi'],Pass Vendredi,Shotgun,45.0,50.86,1,1
2026-07-31,2026-07-31 21:11:23,vendredi,early_entry,['vendredi'],Pass Vendredi,Shotgun,45.0,50.86,1,1
2026-07-31,2026-07-31 21:12:32,2-jours,regular,,Pass 2 Jours,Shotgun,86.36,97.61,1,1
2026-07-31,2026-07-31 21:19:00,vendredi,regular,['vendredi'],Vendredi | Billet Standard,DICE,55.392885,58.71,1,1
2026-07-31,2026-07-31 21:33:40,2-jours,regular,,Pass 2 Jours,Shotgun,86.36,97.61,1,1
2026-07-31,2026-07-31 22:14:00,samedi,regular,['samedi'],Samedi | Billet Standard,DICE,55.392885,58.71,1,1
2026-07-31,2026-07-31 23:38:00,samedi,early_entry,['samedi'],Samedi | Entrée Avant 21H,DICE,50.533860000000004,53.56,1,1
2026-07-31,2026-07-31 23:38:00,samedi,early_entry,['samedi'],Samedi | Entrée Avant 21H,DICE,50.533860000000004,53.56,1,1
2026-07-31,2026-07-31 23:55:00,samedi,regular,['samedi'],Samedi | Billet Standard,DICE,55.392885,58.71,1,1
2026-07-31,2026-07-31 23:55:00,samedi,regular,['samedi'],Samedi | Billet Standard,DICE,55.392885,58.71,1,1
2026-08-01,2026-08-01 05:39:56,samedi,early_entry,['samedi'],Pass Samedi,Shotgun,45.0,50.86,1,1
2026-08-01,2026-08-01 05:51:10,2-jours,regular,,Pass 2 Jours,Shotgun,86.36,97.61,1,1
2026-08-01,2026-08-01 07:04:07,vendredi,regular,['vendredi'],Pass Vendredi,Shotgun,53.64,60.62,1,1
2026-08-01,2026-08-01 07:32:54,vendredi,early_entry,['vendredi'],Pass Vendredi,Shotgun,45.0,50.86,1,1
2026-08-01,2026-08-01 08:33:36,2-jours,regular,,Pass 2 Jours,Shotgun,86.36,97.61,1,1
2026-08-01,2026-08-01 08:33:36,2-jours,regular,,Pass 2 Jours,Shotgun,86.36,97.61,1,1
2026-08-01,2026-08-01 09:29:42,vendredi,early_entry,['vendredi'],Pass Vendredi,Shotgun,45.0,50.86,1,1
2026-08-01,2026-08-01 09:33:29,vendredi,regular,['vendredi'],Pass Vendredi,Shotgun,53.64,60.62,1,1
2026-08-01,2026-08-01 10:18:00,vendredi,regular,['vendredi'],Vendredi | Billet Standard,DICE,55.392885,58.71,1,1
2026-08-01,2026-08-01 10:18:00,vendredi,regular,['vendredi'],Vendredi | Billet Standard,DICE,55.392885,58.71,1,1
2026-08-01,2026-08-01 10:29:56,2-jours,regular,,Pass 2 Jours,Shotgun,86.36,97.61,1,1
2026-08-01,2026-08-01 11:12:53,vendredi,early_entry,['vendredi'],Pass Vendredi,Shotgun,45.0,50.86,1,1
2026-08-01,2026-08-01 11:31:59,samedi,early_entry,['samedi'],Pass Samedi,Shotgun,45.0,50.86,1,1
2026-08-01,2026-08-01 12:26:27,vendredi,regular,['vendredi'],Pass Vendredi,Shotgun,53.64,60.62,1,1
2026-08-01,2026-08-01 12:27:43,samedi,early_entry,['samedi'],Pass Samedi,Shotgun,45.0,50.86,1,1
2026-08-01,2026-08-01 12:27:43,samedi,early_entry,['samedi'],Pass Samedi,Shotgun,45.0,50.86,1,1
2026-08-01,2026-08-01 12:32:00,single_day,regular,,Weekend | Billet Standard,DICE,99.12411,105.06,1,1
2026-08-01,2026-08-01 12:32:00,single_day,regular,,Weekend | Billet Standard,DICE,99.12411,105.06,1,1
2026-08-01,2026-08-01 13:56:24,samedi,early_entry,['samedi'],Pass Samedi,Shotgun,45.0,50.86,1,1
2026-08-01,2026-08-01 14:02:01,2-jours,regular,,Pass 2 Jours,Shotgun,86.36,97.61,1,1
2026-08-01,2026-08-01 14:03:13,2-jours,regular,,Pass 2 Jours,Shotgun,86.36,97.61,1,1
2026-08-01,2026-08-01 15:42:56,vendredi,regular,['vendredi'],Pass Vendredi,Shotgun,53.64,60.62,1,1
2026-08-01,2026-08-01 15:42:56,vendredi,regular,['vendredi'],Pass Vendredi,Shotgun,53.64,60.62,1,1
2026-08-01,2026-08-01 16:01:49,2-jours,regular,,Pass 2 Jours,Shotgun,86.36,97.61,1,1
2026-08-01,2026-08-01 16:01:49,2-jours,regular,,Pass 2 Jours,Shotgun,86.36,97.61,1,1
2026-08-01,2026-08-01 16:07:00,vendredi,regular,['vendredi'],Vendredi | Billet Standard,DICE,55.392885,58.71,1,1
2026-08-01,2026-08-01 16:12:33,vendredi,early_entry,['vendredi'],Pass Vendredi,Shotgun,45.0,50.86,1,1
2026-08-01,2026-08-01 16:12:33,vendredi,early_entry,['vendredi'],Pass Vendredi,Shotgun,45.0,50.86,1,1
2026-08-01,2026-08-01 17:23:13,vendredi,regular,['vendredi'],Pass Vendredi,Shotgun,53.64,60.62,1,1
2026-08-01,2026-08-01 17:32:12,vendredi,early_entry,['vendredi'],Pass Vendredi,Shotgun,45.0,50.86,1,1
2026-08-01,2026-08-01 17:40:43,vendredi,early_entry,['vendredi'],Pass Vendredi,Shotgun,45.0,50.86,1,1
2026-08-01,2026-08-01 17:40:43,vendredi,early_entry,['vendredi'],Pass Vendredi,Shotgun,45.0,50.86,1,1
2026-08-01,2026-08-01 17:42:11,vendredi,early_entry,['vendredi'],Pass Vendredi,Shotgun,45.0,50.86,1,1
2026-08-01,2026-08-01 17:42:11,vendredi,early_entry,['vendredi'],Pass Vendredi,Shotgun,45.0,50.86,1,1
2026-08-01,2026-08-01 18:10:23,samedi,early_entry,['samedi'],Pass Samedi,Shotgun,45.0,50.86,1,1
2026-08-01,2026-08-01 18:12:30,samedi,early_entry,['samedi'],Pass Samedi,Shotgun,45.0,50.86,1,1
2026-08-01,2026-08-01 18:20:57,2-jours,regular,,Pass 2 Jours,Shotgun,86.36,97.61,1,1
2026-08-01,2026-08-01 18:22:06,2-jours,regular,,Pass 2 Jours,Shotgun,86.36,97.61,1,1
2026-08-01,2026-08-01 18:22:53,samedi,early_entry,['samedi'],Pass Samedi,Shotgun,45.0,50.86,1,1
2026-08-01,2026-08-01 18:24:09,2-jours,regular,,Pass 2 Jours,Shotgun,86.36,97.61,1,1
2026-08-01,2026-08-01 18:24:09,2-jours,regular,,Pass 2 Jours,Shotgun,86.36,97.61,1,1
2026-08-01,2026-08-01 18:26:26,2-jours,regular,,Pass 2 Jours,Shotgun,86.36,97.61,1,1
2026-08-01,2026-08-01 18:28:45,vendredi,early_entry,['vendredi'],Pass Vendredi,Shotgun,45.0,50.86,1,1
2026-08-01,2026-08-01 18:31:56,vendredi,early_entry,['vendredi'],Pass Vendredi,Shotgun,45.0,50.86,1,1
2026-08-01,2026-08-01 19:03:35,samedi,regular,['samedi'],Pass Samedi,Shotgun,53.64,60.62,1,1
2026-08-01,2026-08-01 19:38:00,samedi,regular,['samedi'],Samedi | Billet Standard,DICE,55.392885,58.71,1,1
2026-08-01,2026-08-01 19:38:00,samedi,regular,['samedi'],Samedi | Billet Standard,DICE,55.392885,58.71,1,1
2026-08-01,2026-08-01 19:49:09,vendredi,early_entry,['vendredi'],Pass Vendredi,Shotgun,45.0,50.86,1,1
2026-08-01,2026-08-01 19:49:09,vendredi,early_entry,['vendredi'],Pass Vendredi,Shotgun,45.0,50.86,1,1
2026-08-01,2026-08-01 20:16:00,samedi,regular,['samedi'],Samedi | Billet Standard,DICE,55.392885,58.71,1,1
2026-08-01,2026-08-01 20:16:00,samedi,regular,['samedi'],Samedi | Billet Standard,DICE,55.392885,58.71,1,1
2026-08-01,2026-08-01 21:17:18,2-jours,regular,,Pass 2 Jours,Shotgun,86.36,97.61,1,1
2026-08-01,2026-08-01 21:37:00,single_day,regular,,Weekend | Billet Standard,DICE,99.12411,105.06,1,1
2026-08-01,2026-08-01 21:44:17,vendredi,early_entry,['vendredi'],Pass Vendredi,Shotgun,45.0,50.86,1,1
2026-08-01,2026-08-01 21:44:17,vendredi,early_entry,['vendredi'],Pass Vendredi,Shotgun,45.0,50.86,1,1
2026-08-01,2026-08-01 21:45:29,vendredi,early_entry,['vendredi'],Pass Vendredi,Shotgun,45.0,50.86,1,1
2026-08-01,2026-08-01 22:03:13,vendredi,regular,['vendredi'],Pass Vendredi,Shotgun,53.64,60.62,1,1
2026-08-01,2026-08-01 22:03:13,vendredi,regular,['vendredi'],Pass Vendredi,Shotgun,53.64,60.62,1,1
2026-08-01,2026-08-01 22:03:13,vendredi,regular,['vendredi'],Pass Vendredi,Shotgun,53.64,60.62,1,1
2026-08-01,2026-08-01 22:03:13,vendredi,regular,['vendredi'],Pass Vendredi,Shotgun,53.64,60.62,1,1
2026-08-01,2026-08-01 22:03:13,vendredi,regular,['vendredi'],Pass Vendredi,Shotgun,53.64,60.62,1,1
2026-08-01,2026-08-01 22:03:13,vendredi,regular,['vendredi'],Pass Vendredi,Shotgun,53.64,60.62,1,1
2026-08-01,2026-08-01 22:21:42,2-jours,regular,,Pass 2 Jours,Shotgun,86.36,97.61,1,1
2026-08-01,2026-08-01 22:22:00,samedi,early_entry,['samedi'],Samedi | Entrée Avant 21H,DICE,50.533860000000004,53.56,1,1
2026-08-01,2026-08-01 22:22:00,samedi,early_entry,['samedi'],Samedi | Entrée Avant 21H,DICE,50.533860000000004,53.56,1,1
2026-08-01,2026-08-01 23:15:03,2-jours,regular,,Pass 2 Jours,Shotgun,86.36,97.61,1,1
2026-08-01,2026-08-01 23:15:03,2-jours,regular,,Pass 2 Jours,Shotgun,86.36,97.61,1,1
2026-08-01,2026-08-01 23:34:00,vendredi,early_entry,['vendredi'],Vendredi | Entrée Avant 21H,DICE,50.533860000000004,53.56,1,1
2026-08-02,2026-08-02 00:40:00,samedi,early_entry,['samedi'],Samedi | Entrée Avant 21H,DICE,50.533860000000004,53.56,1,1
2026-08-02,2026-08-02 01:03:40,vendredi,regular,['vendredi'],Pass Vendredi,Shotgun,53.64,60.62,1,1
2026-08-02,2026-08-02 01:03:40,vendredi,regular,['vendredi'],Pass Vendredi,Shotgun,53.64,60.62,1,1
2026-08-02,2026-08-02 05:59:20,samedi,early_entry,['samedi'],Pass Samedi,Shotgun,45.0,50.86,1,1
2026-08-02,2026-08-02 07:19:00,samedi,vip,['samedi'],Samedi | Entrée VIP | Billet Standard,DICE,128.27826000000002,135.96,1,1
2026-08-02,2026-08-02 07:30:00,samedi,vip,['samedi'],Samedi | Entrée VIP | Billet Standard,DICE,128.27826000000002,135.96,1,1
2026-08-02,2026-08-02 07:37:07,vendredi,regular,['vendredi'],Pass Vendredi,Shotgun,53.64,60.62,1,1
2026-08-02,2026-08-02 07:51:12,samedi,regular,['samedi'],Pass Samedi,Shotgun,53.64,60.62,1,1
2026-08-02,2026-08-02 07:51:12,samedi,regular,['samedi'],Pass Samedi,Shotgun,53.64,60.62,1,1
2026-08-02,2026-08-02 08:49:35,samedi,regular,['samedi'],Pass Samedi,Shotgun,53.64,60.62,1,1
2026-08-02,2026-08-02 08:49:35,samedi,regular,['samedi'],Pass Samedi,Shotgun,53.64,60.62,1,1
2026-08-02,2026-08-02 09:35:33,2-jours,regular,,Pass 2 Jours,Shotgun,86.36,97.61,1,1
2026-08-02,2026-08-02 09:35:33,2-jours,regular,,Pass 2 Jours,Shotgun,86.36,97.61,1,1
2026-08-02,2026-08-02 10:27:10,vendredi,early_entry,['vendredi'],Pass Vendredi,Shotgun,45.0,50.86,1,1
2026-08-02,2026-08-02 10:27:10,vendredi,early_entry,['vendredi'],Pass Vendredi,Shotgun,45.0,50.86,1,1
2026-08-02,2026-08-02 10:42:00,samedi,early_entry,['samedi'],Samedi | Entrée Avant 21H,DICE,50.533860000000004,53.56,1,1
2026-08-02,2026-08-02 11:00:00,vendredi,regular,['vendredi'],Pass Vendredi,Shotgun,53.64,60.62,1,1
2026-08-02,2026-08-02 11:10:44,vendredi,regular,['vendredi'],Pass Vendredi,Shotgun,53.64,60.62,1,1
2026-08-02,2026-08-02 11:53:06,2-jours,regular,,Pass 2 Jours,Shotgun,86.36,97.61,1,1
2026-08-02,2026-08-02 11:55:23,2-jours,regular,,Pass 2 Jours,Shotgun,86.36,97.61,1,1
2026-08-02,2026-08-02 11:57:34,2-jours,regular,,Pass 2 Jours,Shotgun,86.36,97.61,1,1
2026-08-02,2026-08-02 13:07:32,vendredi,regular,['vendredi'],Pass Vendredi,Shotgun,53.64,60.62,1,1
2026-08-02,2026-08-02 14:12:08,vendredi,early_entry,['vendredi'],Pass Vendredi,Shotgun,45.0,50.86,1,1
2026-08-02,2026-08-02 15:46:56,vendredi,early_entry,['vendredi'],Pass Vendredi,Shotgun,45.0,50.86,1,1
2026-08-02,2026-08-02 15:54:21,2-jours,regular,,Pass 2 Jours,Shotgun,86.36,97.61,1,1
2026-08-02,2026-08-02 16:27:40,vendredi,regular,['vendredi'],Pass Vendredi,Shotgun,53.64,60.62,1,1
2026-08-02,2026-08-02 16:36:32,2-jours,regular,,Pass 2 Jours,Shotgun,86.36,97.61,1,1
2026-08-02,2026-08-02 17:02:33,vendredi,regular,['vendredi'],Pass Vendredi,Shotgun,53.64,60.62,1,1
2026-08-02,2026-08-02 17:08:28,samedi,early_entry,['samedi'],Pass Samedi,Shotgun,45.0,50.86,1,1
2026-08-02,2026-08-02 17:08:28,samedi,early_entry,['samedi'],Pass Samedi,Shotgun,45.0,50.86,1,1
2026-08-02,2026-08-02 17:50:00,single_day,regular,,Weekend | Billet Standard,DICE,99.12411,105.06,1,1
2026-08-02,2026-08-02 18:17:50,vendredi,early_entry,['vendredi'],Pass Vendredi,Shotgun,45.0,50.86,1,1
2026-08-02,2026-08-02 18:26:37,vendredi,early_entry,['vendredi'],Pass Vendredi,Shotgun,45.0,50.86,1,1
2026-08-02,2026-08-02 18:31:41,vendredi,regular,['vendredi'],Pass Vendredi,Shotgun,53.64,60.62,1,1
2026-08-02,2026-08-02 18:45:00,samedi,regular,['samedi'],Samedi | Billet Standard,DICE,55.392885,58.71,1,1
2026-08-02,2026-08-02 18:45:00,samedi,regular,['samedi'],Samedi | Billet Standard,DICE,55.392885,58.71,1,1
2026-08-02,2026-08-02 18:50:00,vendredi,regular,['vendredi'],Vendredi | Billet Standard,DICE,55.392885,58.71,1,1
2026-08-02,2026-08-02 18:53:21,samedi,regular,['samedi'],Pass Samedi,Shotgun,53.64,60.62,1,1
2026-08-02,2026-08-02 18:57:00,samedi,early_entry,['samedi'],Samedi | Entrée Avant 21H,DICE,50.533860000000004,53.56,1,1
2026-08-02,2026-08-02 19:02:44,vendredi,regular,['vendredi'],Pass Vendredi,Shotgun,53.64,60.62,1,1
2026-08-02,2026-08-02 19:02:44,vendredi,regular,['vendredi'],Pass Vendredi,Shotgun,53.64,60.62,1,1
2026-08-02,2026-08-02 19:56:05,samedi,early_entry,['samedi'],Pass Samedi,Shotgun,45.0,50.86,1,1
2026-08-02,2026-08-02 19:56:05,samedi,early_entry,['samedi'],Pass Samedi,Shotgun,45.0,50.86,1,1
2026-08-02,2026-08-02 20:17:00,vendredi,early_entry,['vendredi'],Vendredi | Entrée Avant 21H,DICE,50.533860000000004,53.56,1,1
2026-08-02,2026-08-02 20:18:46,2-jours,regular,,Pass 2 Jours,Shotgun,86.36,97.61,1,1
2026-08-02,2026-08-02 20:42:00,single_day,regular,,Weekend | Billet Standard,DICE,99.12411,105.06,1,1
2026-08-02,2026-08-02 20:42:00,single_day,regular,,Weekend | Billet Standard,DICE,99.12411,105.06,1,1
2026-08-02,2026-08-02 20:52:00,vendredi,early_entry,['vendredi'],Vendredi | Entrée Avant 21H,DICE,50.533860000000004,53.56,1,1
2026-08-02,2026-08-02 20:55:00,vendredi,early_entry,['vendredi'],Vendredi | Entrée Avant 21H,DICE,50.533860000000004,53.56,1,1
2026-08-02,2026-08-02 20:55:00,vendredi,early_entry,['vendredi'],Vendredi | Entrée Avant 21H,DICE,50.533860000000004,53.56,1,1
2026-08-02,2026-08-02 21:41:16,vendredi,early_entry,['vendredi'],Pass Vendredi,Shotgun,45.0,50.86,1,1
2026-08-02,2026-08-02 21:41:16,vendredi,early_entry,['vendredi'],Pass Vendredi,Shotgun,45.0,50.86,1,1
2026-08-02,2026-08-02 22:23:20,vendredi,regular,['vendredi'],Pass Vendredi,Shotgun,53.64,60.62,1,1
2026-08-02,2026-08-02 22:35:02,2-jours,regular,,Pass 2 Jours,Shotgun,86.36,97.61,1,1
2026-08-02,2026-08-02 22:40:00,vendredi,early_entry,['vendredi'],Vendredi | Entrée Avant 21H,DICE,50.533860000000004,53.56,1,1
2026-08-03,2026-08-03 05:35:01,vendredi,regular,['vendredi'],Pass Vendredi,Shotgun,53.64,60.62,1,1
2026-08-03,2026-08-03 05:35:01,vendredi,regular,['vendredi'],Pass Vendredi,Shotgun,53.64,60.62,1,1
2026-08-03,2026-08-03 07:51:55,vendredi,regular,['vendredi'],Pass Vendredi,Shotgun,53.64,60.62,1,1
2026-08-03,2026-08-03 08:12:00,vendredi,early_entry,['vendredi'],Vendredi | Entrée Avant 21H,DICE,50.533860000000004,53.56,1,1
2026-08-03,2026-08-03 08:37:13,2-jours,regular,,Pass 2 Jours,Shotgun,86.36,97.61,1,1
2026-08-03,2026-08-03 08:46:22,2-jours,regular,,Pass 2 Jours,Shotgun,86.36,97.61,1,1
2026-08-03,2026-08-03 08:53:55,vendredi,regular,['vendredi'],Pass Vendredi,Shotgun,53.64,60.62,1,1
2026-08-03,2026-08-03 08:53:55,vendredi,regular,['vendredi'],Pass Vendredi,Shotgun,53.64,60.62,1,1
2026-08-03,2026-08-03 09:14:39,vendredi,early_entry,['vendredi'],Pass Vendredi,Shotgun,45.0,50.86,1,1
2026-08-03,2026-08-03 09:23:39,samedi,early_entry,['samedi'],Pass Samedi,Shotgun,45.0,50.86,1,1
2026-08-03,2026-08-03 09:23:39,samedi,early_entry,['samedi'],Pass Samedi,Shotgun,45.0,50.86,1,1
2026-08-03,2026-08-03 09:23:39,samedi,early_entry,['samedi'],Pass Samedi,Shotgun,45.0,50.86,1,1
2026-08-03,2026-08-03 09:53:00,vendredi,early_entry,['vendredi'],Vendredi | Entrée Avant 21H,DICE,50.533860000000004,53.56,1,1
2026-08-03,2026-08-03 10:21:38,samedi,regular,['samedi'],Pass Samedi,Shotgun,53.64,60.62,1,1
2026-08-03,2026-08-03 10:49:54,2-jours,regular,,Pass 2 Jours,Shotgun,86.36,97.61,1,1
2026-08-03,2026-08-03 10:54:00,vendredi,regular,['vendredi'],Vendredi | Billet Standard,DICE,55.392885,58.71,1,1
2026-08-03,2026-08-03 10:54:00,vendredi,regular,['vendredi'],Vendredi | Billet Standard,DICE,55.392885,58.71,1,1
2026-08-03,2026-08-03 11:06:29,vendredi,early_entry,['vendredi'],Pass Vendredi,Shotgun,45.0,50.86,1,1
2026-08-03,2026-08-03 11:12:47,2-jours,regular,,Pass 2 Jours,Shotgun,86.36,97.61,1,1
2026-08-03,2026-08-03 11:12:47,2-jours,regular,,Pass 2 Jours,Shotgun,86.36,97.61,1,1
2026-08-03,2026-08-03 12:07:31,vendredi,early_entry,['vendredi'],Pass Vendredi,Shotgun,45.0,50.86,1,1
2026-08-03,2026-08-03 12:18:01,vendredi,early_entry,['vendredi'],Pass Vendredi,Shotgun,45.0,50.86,1,1
2026-08-03,2026-08-03 12:26:46,vendredi,early_entry,['vendredi'],Pass Vendredi,Shotgun,45.0,50.86,1,1
2026-08-03,2026-08-03 12:26:46,vendredi,early_entry,['vendredi'],Pass Vendredi,Shotgun,45.0,50.86,1,1
2026-08-03,2026-08-03 12:27:58,2-jours,regular,,Pass 2 Jours,Shotgun,86.36,97.61,1,1
2026-08-03,2026-08-03 12:38:42,samedi,regular,['samedi'],Pass Samedi,Shotgun,53.64,60.62,1,1
2026-08-03,2026-08-03 13:11:00,samedi,regular,['samedi'],Samedi | Billet Standard,DICE,55.392885,58.71,1,1
2026-08-03,2026-08-03 13:11:00,samedi,regular,['samedi'],Samedi | Billet Standard,DICE,55.392885,58.71,1,1
2026-08-03,2026-08-03 13:11:00,samedi,regular,['samedi'],Samedi | Billet Standard,DICE,55.392885,58.71,1,1
2026-08-03,2026-08-03 13:17:14,vendredi,regular,['vendredi'],Pass Vendredi,Shotgun,53.64,60.62,1,1
2026-08-03,2026-08-03 13:17:14,vendredi,regular,['vendredi'],Pass Vendredi,Shotgun,53.64,60.62,1,1
2026-08-03,2026-08-03 13:17:14,vendredi,regular,['vendredi'],Pass Vendredi,Shotgun,53.64,60.62,1,1
2026-08-03,2026-08-03 13:25:33,samedi,early_entry,['samedi'],Pass Samedi,Shotgun,45.0,50.86,1,1
2026-08-03,2026-08-03 13:39:28,2-jours,regular,,Pass 2 Jours,Shotgun,86.36,97.61,1,1
2026-08-03,2026-08-03 14:37:22,2-jours,regular,,Pass 2 Jours,Shotgun,86.36,97.61,1,1
2026-08-03,2026-08-03 14:43:00,samedi,regular,['samedi'],Samedi | Billet Standard,DICE,55.392885,58.71,1,1
2026-08-03,2026-08-03 15:08:00,single_day,regular,,Weekend | Billet Standard,DICE,99.12411,105.06,1,1
2026-08-03,2026-08-03 16:31:37,vendredi,regular,['vendredi'],Pass Vendredi,Shotgun,53.64,60.62,1,1
2026-08-03,2026-08-03 16:31:37,vendredi,regular,['vendredi'],Pass Vendredi,Shotgun,53.64,60.62,1,1
2026-08-03,2026-08-03 17:45:45,2-jours,regular,,Pass 2 Jours,Shotgun,86.36,97.61,1,1
2026-08-03,2026-08-03 18:14:04,vendredi,early_entry,['vendredi'],Pass Vendredi,Shotgun,45.0,50.86,1,1
2026-08-03,2026-08-03 19:02:24,vendredi,regular,['vendredi'],Pass Vendredi,Shotgun,53.64,60.62,1,1
2026-08-03,2026-08-03 19:02:24,vendredi,regular,['vendredi'],Pass Vendredi,Shotgun,53.64,60.62,1,1
2026-08-03,2026-08-03 19:02:24,vendredi,regular,['vendredi'],Pass Vendredi,Shotgun,53.64,60.62,1,1
2026-08-03,2026-08-03 19:02:24,vendredi,regular,['vendredi'],Pass Vendredi,Shotgun,53.64,60.62,1,1
2026-08-03,2026-08-03 19:13:41,2-jours,regular,,Pass 2 Jours,Shotgun,86.36,97.61,1,1
2026-08-03,2026-08-03 19:14:19,2-jours,regular,,Pass 2 Jours,Shotgun,86.36,97.61,1,1
2026-08-03,2026-08-03 19:35:00,samedi,early_entry,['samedi'],Samedi | Entrée Avant 21H,DICE,50.533860000000004,53.56,1,1
2026-08-03,2026-08-03 19:45:39,samedi,early_entry,['samedi'],Pass Samedi,Shotgun,45.0,50.86,1,1
2026-08-03,2026-08-03 20:50:11,2-jours,regular,,Pass 2 Jours,Shotgun,86.36,97.61,1,1
2026-08-04,2026-08-04 05:47:17,2-jours,regular,,Pass 2 Jours,Shotgun,86.36,97.61,1,1
2026-08-04,2026-08-04 06:56:33,2-jours,regular,,Pass 2 Jours,Shotgun,86.36,97.61,1,1
2026-08-04,2026-08-04 08:16:18,vendredi,early_entry,['vendredi'],Pass Vendredi,Shotgun,45.0,50.86,1,1
2026-08-04,2026-08-04 08:57:00,vendredi,regular,['vendredi'],Vendredi | Billet Standard,DICE,55.392885,58.71,1,1
2026-08-04,2026-08-04 09:45:00,vendredi,early_entry,['vendredi'],Vendredi | Entrée Avant 21H,DICE,50.533860000000004,53.56,1,1
2026-08-04,2026-08-04 09:45:00,vendredi,early_entry,['vendredi'],Vendredi | Entrée Avant 21H,DICE,50.533860000000004,53.56,1,1
2026-08-04,2026-08-04 09:53:04,2-jours,regular,,Pass 2 Jours,Shotgun,86.36,97.61,1,1
2026-08-04,2026-08-04 09:53:04,2-jours,regular,,Pass 2 Jours,Shotgun,86.36,97.61,1,1
2026-08-04,2026-08-04 09:53:04,vendredi,regular,['vendredi'],Pass Vendredi,Shotgun,53.64,60.62,1,1
2026-08-04,2026-08-04 09:53:04,vendredi,regular,['vendredi'],Pass Vendredi,Shotgun,53.64,60.62,1,1
2026-08-04,2026-08-04 11:01:00,vendredi,regular,['vendredi'],Vendredi | Billet Standard,DICE,55.392885,58.71,1,1
2026-08-04,2026-08-04 11:01:00,vendredi,regular,['vendredi'],Vendredi | Billet Standard,DICE,55.392885,58.71,1,1
2026-08-04,2026-08-04 11:01:49,vendredi,regular,['vendredi'],Pass Vendredi,Shotgun,53.64,60.62,1,1
2026-08-04,2026-08-04 11:01:49,vendredi,regular,['vendredi'],Pass Vendredi,Shotgun,53.64,60.62,1,1
2026-08-04,2026-08-04 12:10:34,vendredi,early_entry,['vendredi'],Pass Vendredi,Shotgun,45.0,50.86,1,1
2026-08-04,2026-08-04 12:41:29,2-jours,regular,,Pass 2 Jours,Shotgun,86.36,97.61,1,1
2026-08-04,2026-08-04 13:23:42,vendredi,early_entry,['vendredi'],Pass Vendredi,Shotgun,45.0,50.86,1,1
2026-08-04,2026-08-04 14:56:31,vendredi,early_entry,['vendredi'],Pass Vendredi,Shotgun,45.0,50.86,1,1
2026-08-04,2026-08-04 16:02:39,samedi,early_entry,['samedi'],Pass Samedi,Shotgun,45.0,50.86,1,1
2026-08-04,2026-08-04 16:13:23,samedi,early_entry,['samedi'],Pass Samedi,Shotgun,45.0,50.86,1,1
2026-08-04,2026-08-04 16:13:23,samedi,early_entry,['samedi'],Pass Samedi,Shotgun,45.0,50.86,1,1
2026-08-04,2026-08-04 16:22:06,samedi,early_entry,['samedi'],Pass Samedi,Shotgun,45.0,50.86,1,1
2026-08-04,2026-08-04 16:22:06,samedi,early_entry,['samedi'],Pass Samedi,Shotgun,45.0,50.86,1,1
2026-08-04,2026-08-04 16:46:04,samedi,early_entry,['samedi'],Pass Samedi,Shotgun,45.0,50.86,1,1
2026-08-04,2026-08-04 17:01:00,samedi,vip,['samedi'],Samedi | Entrée VIP | Billet Standard,DICE,128.27826000000002,135.96,1,1
2026-08-04,2026-08-04 17:34:50,vendredi,early_entry,['vendredi'],Pass Vendredi,Shotgun,45.0,50.86,1,1
2026-08-04,2026-08-04 17:38:17,vendredi,early_entry,['vendredi'],Pass Vendredi,Shotgun,45.0,50.86,1,1
2026-08-04,2026-08-04 17:38:17,vendredi,early_entry,['vendredi'],Pass Vendredi,Shotgun,45.0,50.86,1,1
2026-08-04,2026-08-04 17:38:48,2-jours,regular,,Pass 2 Jours,Shotgun,86.36,97.61,1,1
2026-08-04,2026-08-04 17:46:35,2-jours,regular,,Pass 2 Jours,Shotgun,86.36,97.61,1,1
2026-08-04,2026-08-04 17:46:35,2-jours,regular,,Pass 2 Jours,Shotgun,86.36,97.61,1,1
2026-08-04,2026-08-04 17:52:34,2-jours,regular,,Pass 2 Jours,Shotgun,86.36,97.61,1,1
2026-08-04,2026-08-04 17:58:00,vendredi,regular,['vendredi'],Vendredi | Billet Standard,DICE,55.392885,58.71,1,1
2026-08-04,2026-08-04 17:59:47,vendredi,regular,['vendredi'],Pass Vendredi,Shotgun,53.64,60.62,1,1
2026-08-04,2026-08-04 18:48:47,vendredi,regular,['vendredi'],Pass Vendredi,Shotgun,53.64,60.62,1,1
2026-08-04,2026-08-04 18:48:47,vendredi,regular,['vendredi'],Pass Vendredi,Shotgun,53.64,60.62,1,1
2026-08-04,2026-08-04 18:52:23,2-jours,regular,,Pass 2 Jours,Shotgun,86.36,97.61,1,1
2026-08-04,2026-08-04 18:52:23,2-jours,regular,,Pass 2 Jours,Shotgun,86.36,97.61,1,1
2026-08-04,2026-08-04 19:00:13,2-jours,regular,,Pass 2 Jours,Shotgun,86.36,97.61,1,1
2026-08-04,2026-08-04 19:00:13,2-jours,regular,,Pass 2 Jours,Shotgun,86.36,97.61,1,1
2026-08-04,2026-08-04 19:08:46,2-jours,regular,,Pass 2 Jours,Shotgun,86.36,97.61,1,1
2026-08-04,2026-08-04 19:15:00,vendredi,vip,['vendredi'],Vendredi | Entrée VIP | Billet Standard,DICE,128.27826000000002,135.96,1,1
2026-08-04,2026-08-04 19:15:00,vendredi,vip,['vendredi'],Vendredi | Entrée VIP | Billet Standard,DICE,128.27826000000002,135.96,1,1
2026-08-04,2026-08-04 19:45:09,2-jours,regular,,Pass 2 Jours,Shotgun,86.36,97.61,1,1
2026-08-04,2026-08-04 19:56:32,samedi,regular,['samedi'],Pass Samedi,Shotgun,53.64,60.62,1,1
2026-08-04,2026-08-04 20:15:41,vendredi,regular,['vendredi'],Pass Vendredi,Shotgun,53.64,60.62,1,1
2026-08-04,2026-08-04 20:19:04,vendredi,regular,['vendredi'],Pass Vendredi,Shotgun,53.64,60.62,1,1
2026-08-04,2026-08-04 20:25:47,2-jours,regular,,Pass 2 Jours,Shotgun,86.36,97.61,1,1
2026-08-04,2026-08-04 20:57:00,single_day,regular,,Weekend | Billet Standard,DICE,99.12411,105.06,1,1
2026-08-04,2026-08-04 20:57:00,single_day,regular,,Weekend | Billet Standard,DICE,99.12411,105.06,1,1
2026-08-04,2026-08-04 22:51:00,single_day,regular,,Weekend | Billet Standard,DICE,99.12411,105.06,1,1
2026-08-05,2026-08-05 03:07:34,vendredi,regular,['vendredi'],Pass Vendredi,Shotgun,53.64,60.62,1,1
2026-08-05,2026-08-05 05:01:47,2-jours,regular,,Pass 2 Jours,Shotgun,86.36,97.61,1,1
2026-08-05,2026-08-05 06:51:10,2-jours,regular,,Pass 2 Jours,Shotgun,86.36,97.61,1,1
2026-08-05,2026-08-05 06:56:00,vendredi,early_entry,['vendredi'],Vendredi | Entrée Avant 21H,DICE,50.533860000000004,53.56,1,1
2026-08-05,2026-08-05 08:00:16,vendredi,regular,['vendredi'],Pass Vendredi,Shotgun,53.64,60.62,1,1
2026-08-05,2026-08-05 08:00:16,vendredi,regular,['vendredi'],Pass Vendredi,Shotgun,53.64,60.62,1,1
2026-08-05,2026-08-05 08:05:37,vendredi,regular,['vendredi'],Pass Vendredi,Shotgun,53.64,60.62,1,1
2026-08-05,2026-08-05 08:31:00,samedi,regular,['samedi'],Samedi | Billet Standard,DICE,55.392885,58.71,1,1
2026-08-05,2026-08-05 08:31:00,samedi,regular,['samedi'],Samedi | Billet Standard,DICE,55.392885,58.71,1,1
2026-08-05,2026-08-05 10:32:41,2-jours,regular,,Pass 2 Jours,Shotgun,86.36,97.61,1,1
2026-08-05,2026-08-05 11:35:59,vendredi,regular,['vendredi'],Pass Vendredi,Shotgun,53.64,60.62,1,1
2026-08-05,2026-08-05 12:00:37,vendredi,regular,['vendredi'],Pass Vendredi,Shotgun,53.64,60.62,1,1
2026-08-05,2026-08-05 12:00:37,vendredi,regular,['vendredi'],Pass Vendredi,Shotgun,53.64,60.62,1,1
2026-08-05,2026-08-05 12:36:22,2-jours,regular,,Pass 2 Jours,Shotgun,86.36,97.61,1,1
2026-08-05,2026-08-05 12:48:43,2-jours,regular,,Pass 2 Jours,Shotgun,86.36,97.61,1,1
2026-08-05,2026-08-05 14:20:28,samedi,regular,['samedi'],Pass Samedi,Shotgun,53.64,60.62,1,1
2026-08-05,2026-08-05 15:11:48,samedi,early_entry,['samedi'],Pass Samedi,Shotgun,45.0,50.86,1,1
2026-08-05,2026-08-05 15:11:48,samedi,early_entry,['samedi'],Pass Samedi,Shotgun,45.0,50.86,1,1
2026-08-05,2026-08-05 15:25:24,vendredi,regular,['vendredi'],Pass Vendredi,Shotgun,53.64,60.62,1,1
2026-08-05,2026-08-05 15:25:24,vendredi,regular,['vendredi'],Pass Vendredi,Shotgun,53.64,60.62,1,1
2026-08-05,2026-08-05 15:29:41,samedi,early_entry,['samedi'],Pass Samedi,Shotgun,45.0,50.86,1,1
2026-08-05,2026-08-05 16:15:41,2-jours,regular,,Pass 2 Jours,Shotgun,86.36,97.61,1,1
2026-08-05,2026-08-05 16:25:32,samedi,early_entry,['samedi'],Pass Samedi,Shotgun,45.0,50.86,1,1
2026-08-05,2026-08-05 16:27:52,2-jours,regular,,Pass 2 Jours,Shotgun,86.36,97.61,1,1
2026-08-05,2026-08-05 16:35:53,vendredi,regular,['vendredi'],Pass Vendredi,Shotgun,53.64,60.62,1,1
2026-08-05,2026-08-05 16:35:53,vendredi,regular,['vendredi'],Pass Vendredi,Shotgun,53.64,60.62,1,1
2026-08-05,2026-08-05 16:42:36,vendredi,regular,['vendredi'],Pass Vendredi,Shotgun,53.64,60.62,1,1
2026-08-05,2026-08-05 16:54:31,2-jours,regular,,Pass 2 Jours,Shotgun,86.36,97.61,1,1
2026-08-05,2026-08-05 17:11:00,samedi,early_entry,['samedi'],Samedi | Entrée Avant 21H,DICE,50.533860000000004,53.56,1,1
2026-08-05,2026-08-05 17:11:00,samedi,early_entry,['samedi'],Samedi | Entrée Avant 21H,DICE,50.533860000000004,53.56,1,1
2026-08-05,2026-08-05 17:20:09,2-jours,regular,,Pass 2 Jours,Shotgun,86.36,97.61,1,1
2026-08-05,2026-08-05 17:20:09,2-jours,regular,,Pass 2 Jours,Shotgun,86.36,97.61,1,1
2026-08-05,2026-08-05 17:48:00,vendredi,early_entry,['vendredi'],Vendredi | Entrée Avant 21H,DICE,50.533860000000004,53.56,1,1
2026-08-05,2026-08-05 17:51:00,vendredi,regular,['vendredi'],Vendredi | Billet Standard,DICE,55.392885,58.71,1,1
2026-08-05,2026-08-05 18:07:05,vendredi,regular,['vendredi'],Pass Vendredi,Shotgun,53.64,60.62,1,1
2026-08-05,2026-08-05 18:07:05,vendredi,regular,['vendredi'],Pass Vendredi,Shotgun,53.64,60.62,1,1
2026-08-05,2026-08-05 18:30:37,2-jours,regular,,Pass 2 Jours,Shotgun,86.36,97.61,1,1
2026-08-05,2026-08-05 18:41:42,2-jours,regular,,Pass 2 Jours,Shotgun,86.36,97.61,1,1
2026-08-05,2026-08-05 18:41:42,2-jours,regular,,Pass 2 Jours,Shotgun,86.36,97.61,1,1
2026-08-05,2026-08-05 18:41:42,2-jours,regular,,Pass 2 Jours,Shotgun,86.36,97.61,1,1
2026-08-05,2026-08-05 18:41:42,2-jours,regular,,Pass 2 Jours,Shotgun,86.36,97.61,1,1
2026-08-05,2026-08-05 18:41:53,vendredi,regular,['vendredi'],Pass Vendredi,Shotgun,53.64,60.62,1,1
2026-08-05,2026-08-05 18:41:53,vendredi,regular,['vendredi'],Pass Vendredi,Shotgun,53.64,60.62,1,1
2026-08-05,2026-08-05 19:26:02,2-jours,regular,,Pass 2 Jours,Shotgun,86.36,97.61,1,1
2026-08-05,2026-08-05 19:26:02,2-jours,regular,,Pass 2 Jours,Shotgun,86.36,97.61,1,1
2026-08-05,2026-08-05 19:26:02,2-jours,regular,,Pass 2 Jours,Shotgun,86.36,97.61,1,1
2026-08-05,2026-08-05 19:26:02,2-jours,regular,,Pass 2 Jours,Shotgun,86.36,97.61,1,1
2026-08-05,2026-08-05 19:28:41,vendredi,regular,['vendredi'],Pass Vendredi,Shotgun,53.64,60.62,1,1
2026-08-05,2026-08-05 19:37:15,samedi,early_entry,['samedi'],Pass Samedi,Shotgun,45.0,50.86,1,1
2026-08-05,2026-08-05 19:37:15,samedi,early_entry,['samedi'],Pass Samedi,Shotgun,45.0,50.86,1,1
2026-08-05,2026-08-05 19:47:02,2-jours,regular,,Pass 2 Jours,Shotgun,86.36,97.61,1,1
2026-08-05,2026-08-05 19:47:02,2-jours,regular,,Pass 2 Jours,Shotgun,86.36,97.61,1,1
2026-08-05,2026-08-05 20:19:10,vendredi,regular,['vendredi'],Pass Vendredi,Shotgun,53.64,60.62,1,1
2026-08-05,2026-08-05 20:19:10,vendredi,regular,['vendredi'],Pass Vendredi,Shotgun,53.64,60.62,1,1
2026-08-05,2026-08-05 20:19:17,2-jours,regular,,Pass 2 Jours,Shotgun,86.36,97.61,1,1
2026-08-05,2026-08-05 20:19:17,2-jours,regular,,Pass 2 Jours,Shotgun,86.36,97.61,1,1
2026-08-05,2026-08-05 20:24:23,2-jours,regular,,Pass 2 Jours,Shotgun,86.36,97.61,1,1
2026-08-05,2026-08-05 20:29:00,single_day,regular,,Weekend | Billet Standard,DICE,99.12411,105.06,1,1
2026-08-05,2026-08-05 20:47:29,vendredi,regular,['vendredi'],Pass Vendredi,Shotgun,53.64,60.62,1,1
2026-08-05,2026-08-05 21:21:19,vendredi,regular,['vendredi'],Pass Vendredi,Shotgun,53.64,60.62,1,1
2026-08-05,2026-08-05 21:24:00,samedi,early_entry,['samedi'],Samedi | Entrée Avant 21H,DICE,50.533860000000004,53.56,1,1
2026-08-05,2026-08-05 21:24:00,samedi,early_entry,['samedi'],Samedi | Entrée Avant 21H,DICE,50.533860000000004,53.56,1,1
2026-08-05,2026-08-05 21:25:00,single_day,regular,,Weekend | Billet Standard,DICE,99.12411,105.06,1,1
2026-08-05,2026-08-05 21:48:00,samedi,early_entry,['samedi'],Samedi | Entrée Avant 21H,DICE,50.533860000000004,53.56,1,1
2026-08-05,2026-08-05 22:00:00,samedi,early_entry,['samedi'],Samedi | Entrée Avant 21H,DICE,50.533860000000004,53.56,1,1
2026-08-05,2026-08-05 22:28:58,samedi,regular,['samedi'],Pass Samedi,Shotgun,53.64,60.62,1,1
2026-08-05,2026-08-05 22:28:58,samedi,regular,['samedi'],Pass Samedi,Shotgun,53.64,60.62,1,1
2026-08-05,2026-08-05 23:06:32,samedi,regular,['samedi'],Pass Samedi,Shotgun,53.64,60.62,1,1
2026-08-05,2026-08-05 23:06:32,samedi,regular,['samedi'],Pass Samedi,Shotgun,53.64,60.62,1,1
2026-08-06,2026-08-06 03:50:25,2-jours,regular,,Pass 2 Jours,Shotgun,86.36,97.61,1,1
2026-08-06,2026-08-06 05:20:55,vendredi,regular,['vendredi'],Pass Vendredi,Shotgun,53.64,60.62,1,1
2026-08-06,2026-08-06 05:20:55,vendredi,regular,['vendredi'],Pass Vendredi,Shotgun,53.64,60.62,1,1
2026-08-06,2026-08-06 06:46:00,vendredi,regular,['vendredi'],Pass Vendredi,Shotgun,53.64,60.62,1,1
2026-08-06,2026-08-06 06:46:00,vendredi,regular,['vendredi'],Pass Vendredi,Shotgun,53.64,60.62,1,1
2026-08-06,2026-08-06 07:22:10,samedi,regular,['samedi'],Pass Samedi,Shotgun,53.64,60.62,1,1
2026-08-06,2026-08-06 07:41:14,vendredi,regular,['vendredi'],Pass Vendredi,Shotgun,53.64,60.62,1,1
2026-08-06,2026-08-06 08:44:00,single_day,regular,,Weekend | Billet Standard,DICE,99.12411,105.06,1,1
2026-08-06,2026-08-06 08:55:00,vendredi,regular,['vendredi'],Vendredi | Billet Standard,DICE,55.392885,58.71,1,1
2026-08-06,2026-08-06 10:05:03,vendredi,regular,['vendredi'],Pass Vendredi,Shotgun,53.64,60.62,1,1
2026-08-06,2026-08-06 10:05:03,vendredi,regular,['vendredi'],Pass Vendredi,Shotgun,53.64,60.62,1,1
2026-08-06,2026-08-06 11:51:59,vendredi,regular,['vendredi'],Pass Vendredi,Shotgun,53.64,60.62,1,1
2026-08-06,2026-08-06 12:03:55,vendredi,regular,['vendredi'],Pass Vendredi,Shotgun,53.64,60.62,1,1
2026-08-06,2026-08-06 12:05:00,vendredi,early_entry,['vendredi'],Vendredi | Entrée Avant 21H,DICE,50.533860000000004,53.56,1,1
2026-08-06,2026-08-06 12:05:00,vendredi,early_entry,['vendredi'],Vendredi | Entrée Avant 21H,DICE,50.533860000000004,53.56,1,1
2026-08-06,2026-08-06 12:10:44,2-jours,regular,,Pass 2 Jours,Shotgun,86.36,97.61,1,1
2026-08-06,2026-08-06 12:10:44,2-jours,regular,,Pass 2 Jours,Shotgun,86.36,97.61,1,1
2026-08-06,2026-08-06 12:48:30,2-jours,regular,,Pass 2 Jours,Shotgun,86.36,97.61,1,1
2026-08-06,2026-08-06 13:31:09,vendredi,regular,['vendredi'],Pass Vendredi,Shotgun,53.64,60.62,1,1
2026-08-06,2026-08-06 13:31:09,vendredi,regular,['vendredi'],Pass Vendredi,Shotgun,53.64,60.62,1,1
2026-08-06,2026-08-06 13:31:09,vendredi,regular,['vendredi'],Pass Vendredi,Shotgun,53.64,60.62,1,1
2026-08-06,2026-08-06 13:31:09,vendredi,regular,['vendredi'],Pass Vendredi,Shotgun,53.64,60.62,1,1
2026-08-06,2026-08-06 15:43:41,vendredi,regular,['vendredi'],Pass Vendredi,Shotgun,53.64,60.62,1,1
2026-08-06,2026-08-06 15:44:16,vendredi,regular,['vendredi'],Pass Vendredi,Shotgun,53.64,60.62,1,1
2026-08-06,2026-08-06 15:44:16,vendredi,regular,['vendredi'],Pass Vendredi,Shotgun,53.64,60.62,1,1
2026-08-06,2026-08-06 15:57:00,samedi,regular,['samedi'],Samedi | Billet Standard,DICE,55.392885,58.71,1,1
2026-08-06,2026-08-06 16:04:21,vendredi,regular,['vendredi'],Pass Vendredi,Shotgun,53.64,60.62,1,1
2026-08-06,2026-08-06 16:04:21,vendredi,regular,['vendredi'],Pass Vendredi,Shotgun,53.64,60.62,1,1
2026-08-06,2026-08-06 16:54:53,vendredi,regular,['vendredi'],Pass Vendredi,Shotgun,53.64,60.62,1,1
2026-08-06,2026-08-06 17:11:54,2-jours,regular,,Pass 2 Jours,Shotgun,86.36,97.61,1,1
2026-08-06,2026-08-06 17:15:09,samedi,regular,['samedi'],Pass Samedi,Shotgun,53.64,60.62,1,1
2026-08-06,2026-08-06 17:39:57,samedi,regular,['samedi'],Pass Samedi,Shotgun,53.64,60.62,1,1
2026-08-06,2026-08-06 18:41:50,vendredi,regular,['vendredi'],Pass Vendredi,Shotgun,53.64,60.62,1,1
2026-08-06,2026-08-06 18:56:23,2-jours,regular,,Pass 2 Jours,Shotgun,86.36,97.61,1,1
2026-08-06,2026-08-06 19:02:09,samedi,early_entry,['samedi'],Pass Samedi,Shotgun,45.0,50.86,1,1
2026-08-06,2026-08-06 20:02:35,vendredi,regular,['vendredi'],Pass Vendredi,Shotgun,53.64,60.62,1,1
2026-08-06,2026-08-06 20:02:35,vendredi,regular,['vendredi'],Pass Vendredi,Shotgun,53.64,60.62,1,1
2026-08-06,2026-08-06 20:03:35,vendredi,regular,['vendredi'],Pass Vendredi,Shotgun,53.64,60.62,1,1
2026-08-06,2026-08-06 20:06:44,samedi,early_entry,['samedi'],Pass Samedi,Shotgun,45.0,50.86,1,1
2026-08-06,2026-08-06 20:06:44,samedi,early_entry,['samedi'],Pass Samedi,Shotgun,45.0,50.86,1,1
2026-08-06,2026-08-06 20:06:44,samedi,early_entry,['samedi'],Pass Samedi,Shotgun,45.0,50.86,1,1
2026-08-06,2026-08-06 21:05:39,samedi,early_entry,['samedi'],Pass Samedi,Shotgun,45.0,50.86,1,1
2026-08-06,2026-08-06 21:15:38,vendredi,regular,['vendredi'],Pass Vendredi,Shotgun,53.64,60.62,1,1
2026-08-06,2026-08-06 21:31:04,samedi,early_entry,['samedi'],Pass Samedi,Shotgun,45.0,50.86,1,1
2026-08-06,2026-08-06 21:31:31,samedi,early_entry,['samedi'],Pass Samedi,Shotgun,45.0,50.86,1,1
2026-08-06,2026-08-06 21:44:16,vendredi,regular,['vendredi'],Pass Vendredi,Shotgun,53.64,60.62,1,1
2026-08-06,2026-08-06 22:41:08,samedi,early_entry,['samedi'],Pass Samedi,Shotgun,45.0,50.86,1,1
2026-08-06,2026-08-06 22:41:08,samedi,early_entry,['samedi'],Pass Samedi,Shotgun,45.0,50.86,1,1
2026-08-07,2026-08-07 01:05:59,vendredi,regular,['vendredi'],Pass Vendredi,Shotgun,53.64,60.62,1,1
2026-08-07,2026-08-07 01:05:59,vendredi,regular,['vendredi'],Pass Vendredi,Shotgun,53.64,60.62,1,1
2026-08-07,2026-08-07 11:02:20,samedi,regular,['samedi'],Pass Samedi,Shotgun,53.64,60.62,1,1
2026-08-07,2026-08-07 11:59:11,vendredi,regular,['vendredi'],Pass Vendredi,Shotgun,53.64,60.62,1,1
2026-08-07,2026-08-07 11:59:11,vendredi,regular,['vendredi'],Pass Vendredi,Shotgun,53.64,60.62,1,1
2026-08-07,2026-08-07 11:59:11,vendredi,regular,['vendredi'],Pass Vendredi,Shotgun,53.64,60.62,1,1
2026-08-07,2026-08-07 12:38:36,samedi,regular,['samedi'],Pass Samedi,Shotgun,53.64,60.62,1,1
2026-08-07,2026-08-07 12:53:15,vendredi,regular,['vendredi'],Pass Vendredi,Shotgun,53.64,60.62,1,1
2026-08-07,2026-08-07 12:53:15,vendredi,regular,['vendredi'],Pass Vendredi,Shotgun,53.64,60.62,1,1
2026-08-07,2026-08-07 14:52:09,samedi,regular,['samedi'],Pass Samedi,Shotgun,53.64,60.62,1,1
2026-08-07,2026-08-07 14:52:09,vendredi,regular,['vendredi'],Pass Vendredi,Shotgun,53.64,60.62,1,1
2026-08-07,2026-08-07 16:38:36,samedi,regular,['samedi'],Pass Samedi,Shotgun,53.64,60.62,1,1
2026-08-07,2026-08-07 16:52:55,samedi,regular,['samedi'],Pass Samedi,Shotgun,53.64,60.62,1,1
2026-08-07,2026-08-07 17:23:22,samedi,regular,['samedi'],Pass Samedi,Shotgun,53.64,60.62,1,1
2026-08-07,2026-08-07 17:23:22,samedi,regular,['samedi'],Pass Samedi,Shotgun,53.64,60.62,1,1
2026-08-07,2026-08-07 17:34:24,samedi,regular,['samedi'],Pass Samedi,Shotgun,53.64,60.62,1,1
2026-08-07,2026-08-07 18:02:08,vendredi,regular,['vendredi'],Pass Vendredi,Shotgun,53.64,60.62,1,1
2026-08-07,2026-08-07 18:02:08,vendredi,regular,['vendredi'],Pass Vendredi,Shotgun,53.64,60.62,1,1
2026-08-07,2026-08-07 18:02:08,vendredi,regular,['vendredi'],Pass Vendredi,Shotgun,53.64,60.62,1,1
2026-08-07,2026-08-07 18:03:09,samedi,regular,['samedi'],Pass Samedi,Shotgun,53.64,60.62,1,1
2026-08-07,2026-08-07 18:03:09,samedi,regular,['samedi'],Pass Samedi,Shotgun,53.64,60.62,1,1
2026-08-07,2026-08-07 18:48:43,vendredi,regular,['vendredi'],Pass Vendredi,Shotgun,53.64,60.62,1,1
2026-08-07,2026-08-07 18:48:43,vendredi,regular,['vendredi'],Pass Vendredi,Shotgun,53.64,60.62,1,1
2026-08-07,2026-08-07 19:32:24,samedi,regular,['samedi'],Pass Samedi,Shotgun,53.64,60.62,1,1
2026-08-07,2026-08-07 19:33:50,vendredi,regular,['vendredi'],Pass Vendredi,Shotgun,53.64,60.62,1,1
2026-08-07,2026-08-07 20:22:20,vendredi,regular,['vendredi'],Pass Vendredi,Shotgun,53.64,60.62,1,1
2026-08-07,2026-08-07 20:32:59,vendredi,regular,['vendredi'],Pass Vendredi,Shotgun,53.64,60.62,1,1
2026-08-07,2026-08-07 20:32:59,vendredi,regular,['vendredi'],Pass Vendredi,Shotgun,53.64,60.62,1,1
2026-08-07,2026-08-07 20:51:26,vendredi,regular,['vendredi'],Pass Vendredi,Shotgun,53.64,60.62,1,1
2026-08-07,2026-08-07 20:51:26,vendredi,regular,['vendredi'],Pass Vendredi,Shotgun,53.64,60.62,1,1
2026-08-07,2026-08-07 20:51:26,vendredi,regular,['vendredi'],Pass Vendredi,Shotgun,53.64,60.62,1,1
2026-08-07,2026-08-07 20:51:26,vendredi,regular,['vendredi'],Pass Vendredi,Shotgun,53.64,60.62,1,1
2026-08-07,2026-08-07 20:51:26,samedi,early_entry,['samedi'],Pass Samedi,Shotgun,45.0,50.86,1,1
2026-08-07,2026-08-07 20:51:26,samedi,early_entry,['samedi'],Pass Samedi,Shotgun,45.0,50.86,1,1
2026-08-07,2026-08-07 20:51:26,samedi,early_entry,['samedi'],Pass Samedi,Shotgun,45.0,50.86,1,1
2026-08-07,2026-08-07 20:51:26,samedi,early_entry,['samedi'],Pass Samedi,Shotgun,45.0,50.86,1,1
2026-08-07,2026-08-07 21:44:34,samedi,regular,['samedi'],Pass Samedi,Shotgun,53.64,60.62,1,1
2026-08-07,2026-08-07 22:04:10,vendredi,regular,['vendredi'],Pass Vendredi,Shotgun,53.64,60.62,1,1
2026-08-07,2026-08-07 22:04:10,vendredi,regular,['vendredi'],Pass Vendredi,Shotgun,53.64,60.62,1,1
2026-08-08,2026-08-08 06:06:41,samedi,early_entry,['samedi'],Pass Samedi,Shotgun,45.0,50.86,1,1
2026-08-08,2026-08-08 06:06:41,samedi,early_entry,['samedi'],Pass Samedi,Shotgun,45.0,50.86,1,1
2026-08-08,2026-08-08 08:11:14,vendredi,regular,['vendredi'],Pass Vendredi,Shotgun,53.64,60.62,1,1
2026-08-08,2026-08-08 08:11:14,vendredi,regular,['vendredi'],Pass Vendredi,Shotgun,53.64,60.62,1,1
2026-08-08,2026-08-08 08:11:14,samedi,regular,['samedi'],Pass Samedi,Shotgun,53.64,60.62,1,1
2026-08-08,2026-08-08 08:11:14,samedi,regular,['samedi'],Pass Samedi,Shotgun,53.64,60.62,1,1
2026-08-08,2026-08-08 09:40:17,vendredi,regular,['vendredi'],Pass Vendredi,Shotgun,53.64,60.62,1,1
2026-08-08,2026-08-08 09:40:17,samedi,regular,['samedi'],Pass Samedi,Shotgun,53.64,60.62,1,1
2026-08-08,2026-08-08 11:31:48,vendredi,regular,['vendredi'],Pass Vendredi,Shotgun,53.64,60.62,1,1
2026-08-08,2026-08-08 12:41:36,samedi,early_entry,['samedi'],Pass Samedi,Shotgun,45.0,50.86,1,1
2026-08-08,2026-08-08 12:41:36,samedi,early_entry,['samedi'],Pass Samedi,Shotgun,45.0,50.86,1,1
2026-08-08,2026-08-08 13:24:20,vendredi,regular,['vendredi'],Pass Vendredi,Shotgun,53.64,60.62,1,1
2026-08-08,2026-08-08 13:24:20,vendredi,regular,['vendredi'],Pass Vendredi,Shotgun,53.64,60.62,1,1
2026-08-08,2026-08-08 14:47:00,samedi,regular,['samedi'],Pass Samedi,Shotgun,53.64,60.62,1,1
2026-08-08,2026-08-08 14:47:00,vendredi,regular,['vendredi'],Pass Vendredi,Shotgun,53.64,60.62,1,1
2026-08-08,2026-08-08 14:53:58,vendredi,regular,['vendredi'],Pass Vendredi,Shotgun,53.64,60.62,1,1
2026-08-08,2026-08-08 14:53:58,vendredi,regular,['vendredi'],Pass Vendredi,Shotgun,53.64,60.62,1,1
2026-08-08,2026-08-08 17:03:39,vendredi,regular,['vendredi'],Pass Vendredi,Shotgun,53.64,60.62,1,1
2026-08-08,2026-08-08 17:03:39,vendredi,regular,['vendredi'],Pass Vendredi,Shotgun,53.64,60.62,1,1
2026-08-08,2026-08-08 17:10:25,vendredi,regular,['vendredi'],Pass Vendredi,Shotgun,53.64,60.62,1,1
2026-08-08,2026-08-08 17:47:52,vendredi,regular,['vendredi'],Pass Vendredi,Shotgun,53.64,60.62,1,1
2026-08-08,2026-08-08 17:47:52,vendredi,regular,['vendredi'],Pass Vendredi,Shotgun,53.64,60.62,1,1
2026-08-08,2026-08-08 18:42:32,vendredi,regular,['vendredi'],Pass Vendredi,Shotgun,53.64,60.62,1,1
2026-08-08,2026-08-08 18:42:32,samedi,regular,['samedi'],Pass Samedi,Shotgun,53.64,60.62,1,1
2026-08-08,2026-08-08 18:45:00,vendredi,regular,['vendredi'],Pass Vendredi,Shotgun,53.64,60.62,1,1
2026-08-08,2026-08-08 18:45:00,samedi,regular,['samedi'],Pass Samedi,Shotgun,53.64,60.62,1,1
2026-08-08,2026-08-08 19:40:59,vendredi,regular,['vendredi'],Pass Vendredi,Shotgun,53.64,60.62,1,1
2026-08-08,2026-08-08 19:40:59,vendredi,regular,['vendredi'],Pass Vendredi,Shotgun,53.64,60.62,1,1
2026-08-08,2026-08-08 19:42:21,samedi,early_entry,['samedi'],Pass Samedi,Shotgun,45.0,50.86,1,1
2026-08-08,2026-08-08 19:42:21,samedi,early_entry,['samedi'],Pass Samedi,Shotgun,45.0,50.86,1,1
2026-08-08,2026-08-08 19:42:21,samedi,early_entry,['samedi'],Pass Samedi,Shotgun,45.0,50.86,1,1
2026-08-08,2026-08-08 19:42:21,samedi,early_entry,['samedi'],Pass Samedi,Shotgun,45.0,50.86,1,1
2026-08-08,2026-08-08 19:42:21,samedi,early_entry,['samedi'],Pass Samedi,Shotgun,45.0,50.86,1,1
2026-08-08,2026-08-08 19:42:21,samedi,early_entry,['samedi'],Pass Samedi,Shotgun,45.0,50.86,1,1
2026-08-08,2026-08-08 22:08:33,samedi,regular,['samedi'],Pass Samedi,Shotgun,53.64,60.62,1,1
2026-08-08,2026-08-08 22:08:33,samedi,regular,['samedi'],Pass Samedi,Shotgun,53.64,60.62,1,1
2026-08-08,2026-08-08 22:08:33,samedi,regular,['samedi'],Pass Samedi,Shotgun,53.64,60.62,1,1
2026-08-08,2026-08-08 23:24:54,vendredi,regular,['vendredi'],Pass Vendredi,Shotgun,53.64,60.62,1,1
2026-08-09,2026-08-09 01:01:23,vendredi,regular,['vendredi'],Pass Vendredi,Shotgun,53.64,60.62,1,1
2026-08-09,2026-08-09 01:01:23,vendredi,regular,['vendredi'],Pass Vendredi,Shotgun,53.64,60.62,1,1
2026-08-09,2026-08-09 06:19:21,vendredi,regular,['vendredi'],Pass Vendredi,Shotgun,53.64,60.62,1,1
2026-08-09,2026-08-09 07:12:03,samedi,early_entry,['samedi'],Pass Samedi,Shotgun,45.0,50.86,1,1
2026-08-09,2026-08-09 08:47:56,samedi,early_entry,['samedi'],Pass Samedi,Shotgun,45.0,50.86,1,1
2026-08-09,2026-08-09 08:47:56,samedi,early_entry,['samedi'],Pass Samedi,Shotgun,45.0,50.86,1,1
2026-08-09,2026-08-09 10:22:03,vendredi,regular,['vendredi'],Pass Vendredi,Shotgun,53.64,60.62,1,1
2026-08-09,2026-08-09 10:46:31,vendredi,regular,['vendredi'],Pass Vendredi,Shotgun,53.64,60.62,1,1
2026-08-09,2026-08-09 10:46:31,vendredi,regular,['vendredi'],Pass Vendredi,Shotgun,53.64,60.62,1,1
2026-08-09,2026-08-09 10:51:13,samedi,early_entry,['samedi'],Pass Samedi,Shotgun,45.0,50.86,1,1
2026-08-09,2026-08-09 14:06:39,vendredi,regular,['vendredi'],Pass Vendredi,Shotgun,53.64,60.62,1,1
2026-08-09,2026-08-09 14:06:39,vendredi,regular,['vendredi'],Pass Vendredi,Shotgun,53.64,60.62,1,1
2026-08-09,2026-08-09 14:25:58,samedi,regular,['samedi'],Pass Samedi,Shotgun,53.64,60.62,1,1
2026-08-09,2026-08-09 16:11:29,vendredi,regular,['vendredi'],Pass Vendredi,Shotgun,53.64,60.62,1,1
2026-08-09,2026-08-09 16:11:29,vendredi,regular,['vendredi'],Pass Vendredi,Shotgun,53.64,60.62,1,1
2026-08-09,2026-08-09 16:20:15,vendredi,regular,['vendredi'],Pass Vendredi,Shotgun,53.64,60.62,1,1
2026-08-09,2026-08-09 16:20:15,vendredi,regular,['vendredi'],Pass Vendredi,Shotgun,53.64,60.62,1,1
2026-08-09,2026-08-09 16:20:15,vendredi,regular,['vendredi'],Pass Vendredi,Shotgun,53.64,60.62,1,1
2026-08-09,2026-08-09 16:20:15,vendredi,regular,['vendredi'],Pass Vendredi,Shotgun,53.64,60.62,1,1
2026-08-09,2026-08-09 16:43:01,vendredi,regular,['vendredi'],Pass Vendredi,Shotgun,53.64,60.62,1,1
2026-08-09,2026-08-09 16:51:31,vendredi,regular,['vendredi'],Pass Vendredi,Shotgun,53.64,60.62,1,1
2026-08-09,2026-08-09 17:10:10,samedi,early_entry,['samedi'],Pass Samedi,Shotgun,45.0,50.86,1,1
2026-08-09,2026-08-09 17:51:58,samedi,early_entry,['samedi'],Pass Samedi,Shotgun,45.0,50.86,1,1
2026-08-09,2026-08-09 17:57:10,samedi,regular,['samedi'],Pass Samedi,Shotgun,53.64,60.62,1,1
2026-08-09,2026-08-09 17:57:10,samedi,regular,['samedi'],Pass Samedi,Shotgun,53.64,60.62,1,1
2026-08-09,2026-08-09 18:02:40,vendredi,regular,['vendredi'],Pass Vendredi,Shotgun,53.64,60.62,1,1
2026-08-09,2026-08-09 18:02:40,vendredi,regular,['vendredi'],Pass Vendredi,Shotgun,53.64,60.62,1,1
2026-08-09,2026-08-09 18:02:40,samedi,early_entry,['samedi'],Pass Samedi,Shotgun,45.0,50.86,1,1
2026-08-09,2026-08-09 18:02:40,samedi,early_entry,['samedi'],Pass Samedi,Shotgun,45.0,50.86,1,1
2026-08-09,2026-08-09 18:04:52,samedi,regular,['samedi'],Pass Samedi,Shotgun,53.64,60.62,1,1
2026-08-09,2026-08-09 19:12:09,samedi,early_entry,['samedi'],Pass Samedi,Shotgun,45.0,50.86,1,1
2026-08-09,2026-08-09 19:38:56,vendredi,regular,['vendredi'],Pass Vendredi,Shotgun,53.64,60.62,1,1
2026-08-09,2026-08-09 19:38:56,samedi,regular,['samedi'],Pass Samedi,Shotgun,53.64,60.62,1,1
2026-08-09,2026-08-09 19:45:08,vendredi,regular,['vendredi'],Pass Vendredi,Shotgun,53.64,60.62,1,1
2026-08-09,2026-08-09 19:45:08,samedi,regular,['samedi'],Pass Samedi,Shotgun,53.64,60.62,1,1
2026-08-09,2026-08-09 19:52:54,vendredi,regular,['vendredi'],Pass Vendredi,Shotgun,53.64,60.62,1,1
2026-08-09,2026-08-09 21:24:08,samedi,early_entry,['samedi'],Pass Samedi,Shotgun,45.0,50.86,1,1
2026-08-09,2026-08-09 21:31:24,vendredi,regular,['vendredi'],Pass Vendredi,Shotgun,53.64,60.62,1,1
2026-08-09,2026-08-09 21:31:24,vendredi,regular,['vendredi'],Pass Vendredi,Shotgun,53.64,60.62,1,1
2026-08-10,2026-08-10 00:00:59,samedi,regular,['samedi'],Pass Samedi,Shotgun,53.64,60.62,1,1
2026-08-10,2026-08-10 06:37:56,vendredi,regular,['vendredi'],Pass Vendredi,Shotgun,53.64,60.62,1,1
2026-08-10,2026-08-10 06:37:56,vendredi,regular,['vendredi'],Pass Vendredi,Shotgun,53.64,60.62,1,1
2026-08-10,2026-08-10 07:17:37,samedi,early_entry,['samedi'],Pass Samedi,Shotgun,45.0,50.86,1,1
2026-08-10,2026-08-10 07:27:53,vendredi,regular,['vendredi'],Pass Vendredi,Shotgun,53.64,60.62,1,1
2026-08-10,2026-08-10 07:27:53,vendredi,regular,['vendredi'],Pass Vendredi,Shotgun,53.64,60.62,1,1
2026-08-10,2026-08-10 07:27:53,vendredi,regular,['vendredi'],Pass Vendredi,Shotgun,53.64,60.62,1,1
2026-08-10,2026-08-10 07:27:53,vendredi,regular,['vendredi'],Pass Vendredi,Shotgun,53.64,60.62,1,1
2026-08-10,2026-08-10 07:27:53,samedi,regular,['samedi'],Pass Samedi,Shotgun,53.64,60.62,1,1
2026-08-10,2026-08-10 07:27:53,samedi,regular,['samedi'],Pass Samedi,Shotgun,53.64,60.62,1,1
2026-08-10,2026-08-10 07:27:53,samedi,regular,['samedi'],Pass Samedi,Shotgun,53.64,60.62,1,1
2026-08-10,2026-08-10 07:27:53,samedi,regular,['samedi'],Pass Samedi,Shotgun,53.64,60.62,1,1
2026-08-10,2026-08-10 07:32:12,vendredi,regular,['vendredi'],Pass Vendredi,Shotgun,53.64,60.62,1,1
2026-08-10,2026-08-10 07:32:12,vendredi,regular,['vendredi'],Pass Vendredi,Shotgun,53.64,60.62,1,1
2026-08-10,2026-08-10 10:17:40,samedi,early_entry,['samedi'],Pass Samedi,Shotgun,45.0,50.86,1,1
2026-08-10,2026-08-10 10:39:49,samedi,early_entry,['samedi'],Pass Samedi,Shotgun,45.0,50.86,1,1
2026-08-10,2026-08-10 10:59:17,vendredi,regular,['vendredi'],Pass Vendredi,Shotgun,53.64,60.62,1,1
2026-08-10,2026-08-10 10:59:52,vendredi,regular,['vendredi'],Pass Vendredi,Shotgun,53.64,60.62,1,1
2026-08-10,2026-08-10 11:28:36,vendredi,regular,['vendredi'],Pass Vendredi,Shotgun,53.64,60.62,1,1
2026-08-10,2026-08-10 11:28:36,vendredi,regular,['vendredi'],Pass Vendredi,Shotgun,53.64,60.62,1,1
2026-08-10,2026-08-10 11:34:52,samedi,regular,['samedi'],Pass Samedi,Shotgun,53.64,60.62,1,1
2026-08-10,2026-08-10 11:34:52,samedi,regular,['samedi'],Pass Samedi,Shotgun,53.64,60.62,1,1
2026-08-10,2026-08-10 11:36:08,vendredi,regular,['vendredi'],Pass Vendredi,Shotgun,53.64,60.62,1,1
2026-08-10,2026-08-10 11:36:08,samedi,early_entry,['samedi'],Pass Samedi,Shotgun,45.0,50.86,1,1
2026-08-10,2026-08-10 11:42:23,vendredi,regular,['vendredi'],Pass Vendredi,Shotgun,53.64,60.62,1,1
2026-08-10,2026-08-10 11:42:23,samedi,early_entry,['samedi'],Pass Samedi,Shotgun,45.0,50.86,1,1
2026-08-10,2026-08-10 11:51:07,vendredi,regular,['vendredi'],Pass Vendredi,Shotgun,53.64,60.62,1,1
2026-08-10,2026-08-10 11:51:07,samedi,early_entry,['samedi'],Pass Samedi,Shotgun,45.0,50.86,1,1
2026-08-10,2026-08-10 12:07:31,samedi,regular,['samedi'],Pass Samedi,Shotgun,53.64,60.62,1,1
2026-08-10,2026-08-10 13:20:39,samedi,regular,['samedi'],Pass Samedi,Shotgun,53.64,60.62,1,1
2026-08-10,2026-08-10 13:20:39,samedi,regular,['samedi'],Pass Samedi,Shotgun,53.64,60.62,1,1
2026-08-10,2026-08-10 14:03:22,vendredi,regular,['vendredi'],Pass Vendredi,Shotgun,53.64,60.62,1,1
2026-08-10,2026-08-10 14:03:22,vendredi,regular,['vendredi'],Pass Vendredi,Shotgun,53.64,60.62,1,1
2026-08-10,2026-08-10 14:03:22,samedi,regular,['samedi'],Pass Samedi,Shotgun,53.64,60.62,1,1
2026-08-10,2026-08-10 14:03:22,samedi,regular,['samedi'],Pass Samedi,Shotgun,53.64,60.62,1,1
2026-08-10,2026-08-10 15:20:58,vendredi,regular,['vendredi'],Pass Vendredi,Shotgun,53.64,60.62,1,1
2026-08-10,2026-08-10 15:22:14,vendredi,regular,['vendredi'],Pass Vendredi,Shotgun,53.64,60.62,1,1
2026-08-10,2026-08-10 15:24:00,vendredi,regular,['vendredi'],Pass Vendredi,Shotgun,53.64,60.62,1,1
2026-08-10,2026-08-10 15:24:00,samedi,regular,['samedi'],Pass Samedi,Shotgun,53.64,60.62,1,1
2026-08-10,2026-08-10 15:31:26,vendredi,regular,['vendredi'],Pass Vendredi,Shotgun,53.64,60.62,1,1
2026-08-10,2026-08-10 15:44:18,vendredi,regular,['vendredi'],Pass Vendredi,Shotgun,53.64,60.62,1,1
2026-08-10,2026-08-10 16:18:57,vendredi,regular,['vendredi'],Pass Vendredi,Shotgun,53.64,60.62,1,1
2026-08-10,2026-08-10 16:18:57,samedi,regular,['samedi'],Pass Samedi,Shotgun,53.64,60.62,1,1
2026-08-10,2026-08-10 18:10:43,vendredi,regular,['vendredi'],Pass Vendredi,Shotgun,53.64,60.62,1,1
2026-08-10,2026-08-10 18:22:42,vendredi,regular,['vendredi'],Pass Vendredi,Shotgun,53.64,60.62,1,1
2026-08-10,2026-08-10 18:22:42,vendredi,regular,['vendredi'],Pass Vendredi,Shotgun,53.64,60.62,1,1
2026-08-10,2026-08-10 18:31:53,vendredi,regular,['vendredi'],Pass Vendredi,Shotgun,53.64,60.62,1,1
2026-08-10,2026-08-10 18:31:53,vendredi,regular,['vendredi'],Pass Vendredi,Shotgun,53.64,60.62,1,1
2026-08-10,2026-08-10 18:38:00,samedi,regular,['samedi'],Pass Samedi,Shotgun,53.64,60.62,1,1
2026-08-10,2026-08-10 18:42:40,vendredi,regular,['vendredi'],Pass Vendredi,Shotgun,53.64,60.62,1,1
2026-08-10,2026-08-10 18:51:00,samedi,regular,['samedi'],Pass Samedi,Shotgun,53.64,60.62,1,1
2026-08-10,2026-08-10 18:51:00,samedi,regular,['samedi'],Pass Samedi,Shotgun,53.64,60.62,1,1
2026-08-10,2026-08-10 18:51:00,samedi,regular,['samedi'],Pass Samedi,Shotgun,53.64,60.62,1,1
2026-08-10,2026-08-10 19:21:37,samedi,regular,['samedi'],Pass Samedi,Shotgun,53.64,60.62,1,1
2026-08-10,2026-08-10 19:34:08,vendredi,regular,['vendredi'],Pass Vendredi,Shotgun,53.64,60.62,1,1
2026-08-10,2026-08-10 19:43:02,vendredi,regular,['vendredi'],Pass Vendredi,Shotgun,53.64,60.62,1,1
2026-08-10,2026-08-10 19:43:02,vendredi,regular,['vendredi'],Pass Vendredi,Shotgun,53.64,60.62,1,1
2026-08-10,2026-08-10 20:01:44,vendredi,regular,['vendredi'],Pass Vendredi,Shotgun,53.64,60.62,1,1
2026-08-10,2026-08-10 20:01:44,samedi,regular,['samedi'],Pass Samedi,Shotgun,53.64,60.62,1,1
2026-08-10,2026-08-10 20:10:21,vendredi,regular,['vendredi'],Pass Vendredi,Shotgun,53.64,60.62,1,1
2026-08-10,2026-08-10 20:11:14,vendredi,regular,['vendredi'],Pass Vendredi,Shotgun,53.64,60.62,1,1
2026-08-10,2026-08-10 20:11:14,vendredi,regular,['vendredi'],Pass Vendredi,Shotgun,53.64,60.62,1,1
2026-08-10,2026-08-10 20:13:53,vendredi,regular,['vendredi'],Pass Vendredi,Shotgun,53.64,60.62,1,1
2026-08-10,2026-08-10 20:30:44,samedi,regular,['samedi'],Pass Samedi,Shotgun,53.64,60.62,1,1
2026-08-10,2026-08-10 20:30:44,samedi,regular,['samedi'],Pass Samedi,Shotgun,53.64,60.62,1,1
2026-08-10,2026-08-10 20:40:56,samedi,regular,['samedi'],Pass Samedi,Shotgun,53.64,60.62,1,1
2026-08-10,2026-08-10 21:19:35,samedi,regular,['samedi'],Pass Samedi,Shotgun,53.64,60.62,1,1
2026-08-10,2026-08-10 21:20:31,vendredi,regular,['vendredi'],Pass Vendredi,Shotgun,53.64,60.62,1,1
2026-08-10,2026-08-10 21:28:59,vendredi,regular,['vendredi'],Pass Vendredi,Shotgun,53.64,60.62,1,1
2026-08-10,2026-08-10 21:45:44,vendredi,regular,['vendredi'],Pass Vendredi,Shotgun,53.64,60.62,1,1
2026-08-10,2026-08-10 22:50:30,vendredi,regular,['vendredi'],Pass Vendredi,Shotgun,53.64,60.62,1,1
2026-08-10,2026-08-10 23:34:20,vendredi,regular,['vendredi'],Pass Vendredi,Shotgun,53.64,60.62,1,1
2026-08-11,2026-08-11 06:29:04,samedi,regular,['samedi'],Pass Samedi,Shotgun,53.64,60.62,1,1
2026-08-11,2026-08-11 06:50:23,vendredi,regular,['vendredi'],Pass Vendredi,Shotgun,53.64,60.62,1,1
2026-08-11,2026-08-11 06:50:23,vendredi,regular,['vendredi'],Pass Vendredi,Shotgun,53.64,60.62,1,1
2026-08-11,2026-08-11 07:12:11,vendredi,regular,['vendredi'],Pass Vendredi,Shotgun,53.64,60.62,1,1
2026-08-11,2026-08-11 07:53:51,vendredi,regular,['vendredi'],Pass Vendredi,Shotgun,53.64,60.62,1,1
2026-08-11,2026-08-11 07:53:52,vendredi,regular,['vendredi'],Pass Vendredi,Shotgun,53.64,60.62,1,1
2026-08-11,2026-08-11 08:53:50,vendredi,regular,['vendredi'],Pass Vendredi,Shotgun,53.64,60.62,1,1
2026-08-11,2026-08-11 10:01:29,vendredi,regular,['vendredi'],Pass Vendredi,Shotgun,53.64,60.62,1,1
2026-08-11,2026-08-11 10:01:29,vendredi,regular,['vendredi'],Pass Vendredi,Shotgun,53.64,60.62,1,1
2026-08-11,2026-08-11 10:14:49,vendredi,regular,['vendredi'],Pass Vendredi,Shotgun,53.64,60.62,1,1
2026-08-11,2026-08-11 10:47:06,vendredi,regular,['vendredi'],Pass Vendredi,Shotgun,53.64,60.62,1,1
2026-08-11,2026-08-11 10:50:37,vendredi,regular,['vendredi'],Pass Vendredi,Shotgun,53.64,60.62,1,1
2026-08-11,2026-08-11 10:55:58,vendredi,regular,['vendredi'],Pass Vendredi,Shotgun,53.64,60.62,1,1
2026-08-11,2026-08-11 10:57:53,vendredi,regular,['vendredi'],Pass Vendredi,Shotgun,53.64,60.62,1,1
2026-08-11,2026-08-11 10:57:53,vendredi,regular,['vendredi'],Pass Vendredi,Shotgun,53.64,60.62,1,1
2026-08-11,2026-08-11 11:05:27,vendredi,regular,['vendredi'],Pass Vendredi,Shotgun,53.64,60.62,1,1
2026-08-11,2026-08-11 11:41:47,vendredi,regular,['vendredi'],Pass Vendredi,Shotgun,53.64,60.62,1,1
2026-08-11,2026-08-11 11:55:46,vendredi,regular,['vendredi'],Pass Vendredi,Shotgun,53.64,60.62,1,1
2026-08-11,2026-08-11 13:21:50,vendredi,regular,['vendredi'],Pass Vendredi,Shotgun,53.64,60.62,1,1
2026-08-11,2026-08-11 13:21:50,vendredi,regular,['vendredi'],Pass Vendredi,Shotgun,53.64,60.62,1,1
2026-08-11,2026-08-11 14:03:51,vendredi,regular,['vendredi'],Pass Vendredi,Shotgun,53.64,60.62,1,1
2026-08-11,2026-08-11 14:03:51,samedi,regular,['samedi'],Pass Samedi,Shotgun,53.64,60.62,1,1
2026-08-11,2026-08-11 14:27:18,2-jours,regular,,Pass 2 Jours,Shotgun,100.0,113.03,1,1
2026-08-11,2026-08-11 14:38:28,vendredi,regular,['vendredi'],Pass Vendredi,Shotgun,55.0,62.16,1,1
2026-08-11,2026-08-11 14:55:33,2-jours,regular,,Pass 2 Jours,Shotgun,100.0,113.03,1,1
2026-08-11,2026-08-11 15:02:12,samedi,regular,['samedi'],Pass Samedi,Shotgun,55.0,62.16,1,1
2026-08-11,2026-08-11 15:03:32,samedi,regular,['samedi'],Pass Samedi,Shotgun,55.0,62.16,1,1
2026-08-11,2026-08-11 15:09:39,samedi,regular,['samedi'],Pass Samedi,Shotgun,55.0,62.16,1,1
2026-08-11,2026-08-11 16:48:57,samedi,early_entry,['samedi'],Pass Samedi,Shotgun,50.0,56.51,1,1
2026-08-11,2026-08-11 16:48:57,samedi,early_entry,['samedi'],Pass Samedi,Shotgun,50.0,56.51,1,1
2026-08-11,2026-08-11 17:22:51,vendredi,regular,['vendredi'],Pass Vendredi,Shotgun,55.0,62.16,1,1
2026-08-11,2026-08-11 17:27:53,2-jours,regular,,Pass 2 Jours,Shotgun,100.0,113.03,1,1
2026-08-11,2026-08-11 17:29:03,2-jours,regular,,Pass 2 Jours,Shotgun,100.0,113.03,1,1
2026-08-11,2026-08-11 18:34:41,samedi,early_entry,['samedi'],Pass Samedi,Shotgun,50.0,56.51,1,1
2026-08-11,2026-08-11 19:52:56,2-jours,regular,,Pass 2 Jours,Shotgun,100.0,113.03,1,1
2026-08-11,2026-08-11 20:02:43,2-jours,regular,,Pass 2 Jours,Shotgun,100.0,113.03,1,1
2026-08-11,2026-08-11 20:07:57,2-jours,regular,,Pass 2 Jours,Shotgun,100.0,113.03,1,1
2026-08-11,2026-08-11 23:16:37,vendredi,regular,['vendredi'],Pass Vendredi,Shotgun,55.0,62.16,1,1
2026-08-12,2026-08-12 04:35:38,2-jours,regular,,Pass 2 Jours,Shotgun,100.0,113.03,1,1
2026-08-12,2026-08-12 07:27:59,vendredi,regular,['vendredi'],Pass Vendredi,Shotgun,55.0,62.16,1,1
2026-08-12,2026-08-12 08:05:58,samedi,early_entry,['samedi'],Pass Samedi,Shotgun,45.0,50.86,1,1
2026-08-12,2026-08-12 08:05:58,samedi,early_entry,['samedi'],Pass Samedi,Shotgun,45.0,50.86,1,1
2026-08-12,2026-08-12 08:18:44,vendredi,regular,['vendredi'],Pass Vendredi,Shotgun,55.0,62.16,1,1
2026-08-12,2026-08-12 08:19:31,vendredi,early_entry,['vendredi'],Pass Vendredi,Shotgun,50.0,56.51,1,1
2026-08-12,2026-08-12 08:53:02,2-jours,regular,,Pass 2 Jours,Shotgun,100.0,113.03,1,1
