order_date,order_datetime,ticket_type,access_level,attendance_days,product_name,platform,price,gross_price,quantity,is_paid
2026-06-02,2026-06-02 17:00:14,2-jours,regular,,Pass 2 Jours,DICE,88.77,93.5,1,1
2026-06-02,2026-06-02 17:00:15,2-jours,regular,,Pass 2 Jours,DICE,88.77,93.5,1,1
2026-06-02,2026-06-02 17:00:15,2-jours,regular,,Pass 2 Jours,DICE,88.77,93.5,1,1
2026-06-02,2026-06-02 17:00:15,2-jours,regular,,Pass 2 Jours,DICE,88.77,93.5,1,1
2026-06-02,2026-06-02 17:00:16,2-jours,regular,,Pass 2 Jours,DICE,88.77,93.5,1,1
2026-06-02,2026-06-02 17:00:17,samedi,regular,['samedi'],Pass Samedi,DICE,46.05,49.5,1,1
2026-06-02,2026-06-02 17:00:17,samedi,regular,['samedi'],Pass Samedi,DICE,46.05,49.5,1,1
2026-06-02,2026-06-02 17:00:17,2-jours,regular,,Pass 2 Jours,DICE,88.77,93.5,1,1
2026-06-02,2026-06-02 17:00:18,2-jours,regular,,Pass 2 Jours,DICE,88.77,93.5,1,1
2026-06-02,2026-06-02 17:00:18,vendredi,regular,['vendredi'],Pass Vendredi,DICE,46.05,49.5,1,1
2026-06-02,2026-06-02 17:00:18,vendredi,regular,['vendredi'],Pass Vendredi,DICE,46.05,49.5,1,1
2026-06-02,2026-06-02 17:00:18,vendredi,regular,['vendredi'],Pass Vendredi,DICE,46.05,49.5,1,1
2026-06-02,2026-06-02 17:00:19,2-jours,regular,,Pass 2 Jours,DICE,88.77,93.5,1,1
2026-06-02,2026-06-02 17:00:19,2-jours,regular,,Pass 2 Jours,DICE,88.77,93.5,1,1
2026-06-02,2026-06-02 17:00:19,2-jours,regular,,Pass 2 Jours,DICE,88.77,93.5,1,1
2026-06-02,2026-06-02 17:00:19,2-jours,regular,,Pass 2 Jours,DICE,88.77,93.5,1,1
2026-06-02,2026-06-02 17:00:20,2-jours,regular,,Pass 2 Jours,DICE,88.77,93.5,1,1
2026-06-02,2026-06-02 17:00:20,2-jours,regular,,Pass 2 Jours,DICE,88.77,93.5,1,1
2026-06-02,2026-06-02 17:00:21,2-jours,regular,,Pass 2 Jours,DICE,88.77,93.5,1,1
2026-06-02,2026-06-02 17:00:21,2-jours,regular,,Pass 2 Jours,DICE,88.77,93.5,1,1
2026-06-02,2026-06-02 17:00:22,samedi,regular,['samedi'],Pass Samedi,DICE,46.05,49.5,1,1
2026-06-02,2026-06-02 17:00:23,2-jours,regular,,Pass 2 Jours,DICE,88.77,93.5,1,1
2026-06-02,2026-06-02 17:00:23,2-jours,regular,,Pass 2 Jours,DICE,88.77,93.5,1,1
2026-06-02,2026-06-02 17:00:23,2-jours,regular,,Pass 2 Jours,DICE,88.77,93.5,1,1
2026-06-02,2026-06-02 17:00:24,2-jours,regular,,Pass 2 Jours,DICE,88.77,93.5,1,1
2026-06-02,2026-06-02 17:00:24,2-jours,regular,,Pass 2 Jours,DICE,88.77,93.5,1,1
2026-06-02,2026-06-02 17:00:24,samedi,regular,['samedi'],Pass Samedi,DICE,46.05,49.5,1,1
2026-06-02,2026-06-02 17:00:24,samedi,regular,['samedi'],Pass Samedi,DICE,46.05,49.5,1,1
2026-06-02,2026-06-02 17:00:24,samedi,regular,['samedi'],Pass Samedi,DICE,46.05,49.5,1,1
2026-06-02,2026-06-02 17:00:24,samedi,regular,['samedi'],Pass Samedi,DICE,46.05,49.5,1,1
2026-06-02,2026-06-02 17:00:25,samedi,regular,['samedi'],Pass Samedi,Shotgun,45.0,50.86,1,1
2026-06-02,2026-06-02 17:00:27,2-jours,regular,,Pass 2 Jours,DICE,88.77,93.5,1,1
2026-06-02,2026-06-02 17:00:28,2-jours,regular,,Pass 2 Jours,DICE,88.77,93.5,1,1
2026-06-02,2026-06-02 17:00:28,2-jours,regular,"['vendredi', 'samedi']",Pass 2 Jours,Shotgun,85.0,96.07,1,1
2026-06-02,2026-06-02 17:00:29,vendredi,regular,['vendredi'],Pass Vendredi,DICE,46.05,49.5,1,1
2026-06-02,2026-06-02 17:00:30,samedi,regular,['samedi'],Pass Samedi,DICE,46.05,49.5,1,1
2026-06-02,2026-06-02 17:00:30,samedi,regular,['samedi'],Pass Samedi,DICE,46.05,49.5,1,1
2026-06-02,2026-06-02 17:00:30,samedi,regular,['samedi'],Pass Samedi,DICE,46.05,49.5,1,1
2026-06-02,2026-06-02 17:00:31,2-jours,regular,,Pass 2 Jours,DICE,88.77,93.5,1,1
2026-06-02,2026-06-02 17:00:32,2-jours,regular,,Pass 2 Jours,DICE,88.77,93.5,1,1
2026-06-02,2026-06-02 17:00:33,2-jours,regular,,Pass 2 Jours,DICE,88.77,93.5,1,1
2026-06-02,2026-06-02 17:00:33,2-jours,regular,,Pass 2 Jours,DICE,88.77,93.5,1,1
2026-06-02,2026-06-02 17:00:33,2-jours,regular,,Pass 2 Jours,DICE,88.77,93.5,1,1
2026-06-02,2026-06-02 17:00:33,samedi,regular,['samedi'],Pass Samedi,DICE,46.05,49.5,1,1
2026-06-02,2026-06-02 17:00:33,samedi,regular,['samedi'],Pass Samedi,DICE,46.05,49.5,1,1
2026-06-02,2026-06-02 17:00:34,2-jours,regular,,Pass 2 Jours,DICE,88.77,93.5,1,1
2026-06-02,2026-06-02 17:00:34,vendredi,regular,['vendredi'],Pass Vendredi,DICE,46.05,49.5,1,1
2026-06-02,2026-06-02 17:00:34,2-jours,regular,,Pass 2 Jours,DICE,88.77,93.5,1,1
2026-06-02,2026-06-02 17:00:34,2-jours,regular,"['vendredi', 'samedi']",Pass 2 Jours,Shotgun,85.0,96.07,1,1
2026-06-02,2026-06-02 17:00:34,samedi,regular,['samedi'],Pass Samedi,Shotgun,45.0,50.86,1,1
2026-06-02,2026-06-02 17:00:35,vendredi,regular,['vendredi'],Pass Vendredi,DICE,46.05,49.5,1,1
2026-06-02,2026-06-02 17:00:35,vendredi,regular,['vendredi'],Pass Vendredi,DICE,46.05,49.5,1,1
2026-06-02,2026-06-02 17:00:35,vendredi,regular,['vendredi'],Pass Vendredi,DICE,46.05,49.5,1,1
2026-06-02,2026-06-02 17:00:35,2-jours,regular,,Pass 2 Jours,DICE,88.77,93.5,1,1
2026-06-02,2026-06-02 17:00:35,2-jours,regular,,Pass 2 Jours,DICE,88.77,93.5,1,1
2026-06-02,2026-06-02 17:00:36,2-jours,regular,,Pass 2 Jours,DICE,88.77,93.5,1,1
2026-06-02,2026-06-02 17:00:36,2-jours,regular,,Pass 2 Jours,DICE,88.77,93.5,1,1
2026-06-02,2026-06-02 17:00:36,samedi,regular,['samedi'],Pass Samedi,DICE,46.05,49.5,1,1
2026-06-02,2026-06-02 17:00:37,2-jours,regular,,Pass 2 Jours,DICE,88.77,93.5,1,1
2026-06-02,2026-06-02 17:00:37,2-jours,regular,,Pass 2 Jours,DICE,88.77,93.5,1,1
2026-06-02,2026-06-02 17:00:37,samedi,regular,['samedi'],Pass Samedi,DICE,46.05,49.5,1,1
2026-06-02,2026-06-02 17:00:37,samedi,regular,['samedi'],Pass Samedi,DICE,46.05,49.5,1,1
2026-06-02,2026-06-02 17:00:37,2-jours,regular,"['vendredi', 'samedi']",Pass 2 Jours,Shotgun,85.0,96.07,1,1
2026-06-02,2026-06-02 17:00:37,2-jours,regular,"['vendredi', 'samedi']",Pass 2 Jours,Shotgun,85.0,96.07,1,1
2026-06-02,2026-06-02 17:00:38,samedi,regular,['samedi'],Pass Samedi,DICE,46.05,49.5,1,1
2026-06-02,2026-06-02 17:00:38,samedi,regular,['samedi'],Pass Samedi,DICE,46.05,49.5,1,1
2026-06-02,2026-06-02 17:00:38,2-jours,regular,,Pass 2 Jours,DICE,88.77,93.5,1,1
2026-06-02,2026-06-02 17:00:38,2-jours,regular,,Pass 2 Jours,DICE,88.77,93.5,1,1
2026-06-02,2026-06-02 17:00:38,2-jours,regular,,Pass 2 Jours,DICE,88.77,93.5,1,1
2026-06-02,2026-06-02 17:00:39,samedi,regular,['samedi'],Pass Samedi,DICE,46.05,49.5,1,1
2026-06-02,2026-06-02 17:00:40,2-jours,regular,,Pass 2 Jours,DICE,88.77,93.5,1,1
2026-06-02,2026-06-02 17:00:40,2-jours,regular,,Pass 2 Jours,DICE,88.77,93.5,1,1
2026-06-02,2026-06-02 17:00:40,samedi,regular,['samedi'],Pass Samedi,DICE,46.05,49.5,1,1
2026-06-02,2026-06-02 17:00:40,samedi,regular,['samedi'],Pass Samedi,DICE,46.05,49.5,1,1
2026-06-02,2026-06-02 17:00:40,samedi,regular,['samedi'],Pass Samedi,DICE,46.05,49.5,1,1
2026-06-02,2026-06-02 17:00:40,samedi,regular,['samedi'],Pass Samedi,DICE,46.05,49.5,1,1
2026-06-02,2026-06-02 17:00:40,2-jours,regular,,Pass 2 Jours,DICE,88.77,93.5,1,1
2026-06-02,2026-06-02 17:00:40,2-jours,regular,,Pass 2 Jours,DICE,88.77,93.5,1,1
2026-06-02,2026-06-02 17:00:40,2-jours,regular,,Pass 2 Jours,DICE,88.77,93.5,1,1
2026-06-02,2026-06-02 17:00:40,vendredi,regular,['vendredi'],Pass Vendredi,DICE,46.05,49.5,1,1
2026-06-02,2026-06-02 17:00:42,2-jours,regular,,Pass 2 Jours,DICE,88.77,93.5,1,1
2026-06-02,2026-06-02 17:00:43,samedi,regular,['samedi'],Pass Samedi,DICE,46.05,49.5,1,1
2026-06-02,2026-06-02 17:00:43,samedi,regular,['samedi'],Pass Samedi,DICE,46.05,49.5,1,1
2026-06-02,2026-06-02 17:00:43,2-jours,regular,,Pass 2 Jours,DICE,88.77,93.5,1,1
2026-06-02,2026-06-02 17:00:43,2-jours,regular,,Pass 2 Jours,DICE,88.77,93.5,1,1
2026-06-02,2026-06-02 17:00:43,2-jours,regular,,Pass 2 Jours,DICE,88.77,93.5,1,1
2026-06-02,2026-06-02 17:00:43,samedi,regular,['samedi'],Pass Samedi,DICE,46.05,49.5,1,1
2026-06-02,2026-06-02 17:00:43,samedi,regular,['samedi'],Pass Samedi,DICE,46.05,49.5,1,1
2026-06-02,2026-06-02 17:00:43,2-jours,regular,,Pass 2 Jours,DICE,88.77,93.5,1,1
2026-06-02,2026-06-02 17:00:43,2-jours,regular,"['vendredi', 'samedi']",Pass 2 Jours,Shotgun,85.0,96.07,1,1
2026-06-02,2026-06-02 17:00:45,samedi,regular,['samedi'],Pass Samedi,DICE,46.05,49.5,1,1
2026-06-02,2026-06-02 17:00:45,samedi,regular,['samedi'],Pass Samedi,DICE,46.05,49.5,1,1
2026-06-02,2026-06-02 17:00:47,samedi,regular,['samedi'],Pass Samedi,DICE,46.05,49.5,1,1
2026-06-02,2026-06-02 17:00:47,samedi,regular,['samedi'],Pass Samedi,DICE,46.05,49.5,1,1
2026-06-02,2026-06-02 17:00:47,2-jours,regular,"['vendredi', 'samedi']",Pass 2 Jours,Shotgun,85.0,96.07,1,1
2026-06-02,2026-06-02 17:00:49,2-jours,regular,,Pass 2 Jours,DICE,88.77,93.5,1,1
2026-06-02,2026-06-02 17:00:49,2-jours,regular,"['vendredi', 'samedi']",Pass 2 Jours,Shotgun,85.0,96.07,1,1
2026-06-02,2026-06-02 17:00:49,2-jours,regular,"['vendredi', 'samedi']",Pass 2 Jours,Shotgun,85.0,96.07,1,1
2026-06-02,2026-06-02 17:00:49,2-jours,regular,"['vendredi', 'samedi']",Pass 2 Jours,Shotgun,85.0,96.07,1,1
2026-06-02,2026-06-02 17:00:50,samedi,regular,['samedi'],Pass Samedi,DICE,46.05,49.5,1,1
2026-06-02,2026-06-02 17:00:50,samedi,regular,['samedi'],Pass Samedi,DICE,46.05,49.5,1,1
2026-06-02,2026-06-02 17:00:50,2-jours,regular,,Pass 2 Jours,DICE,88.77,93.5,1,1
2026-06-02,2026-06-02 17:00:50,2-jours,regular,,Pass 2 Jours,DICE,88.77,93.5,1,1
2026-06-02,2026-06-02 17:00:50,samedi,regular,['samedi'],Pass Samedi,DICE,46.05,49.5,1,1
2026-06-02,2026-06-02 17:00:50,2-jours,regular,"['vendredi', 'samedi']",Pass 2 Jours,Shotgun,85.0,96.07,1,1
2026-06-02,2026-06-02 17:00:51,2-jours,regular,,Pass 2 Jours,DICE,88.77,93.5,1,1
2026-06-02,2026-06-02 17:00:53,vendredi,regular,['vendredi'],Pass Vendredi,DICE,46.05,49.5,1,1
2026-06-02,2026-06-02 17:00:53,vendredi,regular,['vendredi'],Pass Vendredi,DICE,46.05,49.5,1,1
2026-06-02,2026-06-02 17:00:54,vendredi,regular,['vendredi'],Pass Vendredi,DICE,46.05,49.5,1,1
2026-06-02,2026-06-02 17:00:54,vendredi,regular,['vendredi'],Pass Vendredi,DICE,46.05,49.5,1,1
2026-06-02,2026-06-02 17:00:54,vendredi,regular,['vendredi'],Pass Vendredi,DICE,46.05,49.5,1,1
2026-06-02,2026-06-02 17:00:54,vendredi,regular,['vendredi'],Pass Vendredi,DICE,46.05,49.5,1,1
2026-06-02,2026-06-02 17:00:55,samedi,regular,['samedi'],Pass Samedi,DICE,46.05,49.5,1,1
2026-06-02,2026-06-02 17:00:55,2-jours,regular,,Pass 2 Jours,DICE,88.77,93.5,1,1
2026-06-02,2026-06-02 17:00:55,2-jours,regular,,Pass 2 Jours,DICE,88.77,93.5,1,1
2026-06-02,2026-06-02 17:00:57,2-jours,regular,,Pass 2 Jours,DICE,88.77,93.5,1,1
2026-06-02,2026-06-02 17:00:57,2-jours,regular,,Pass 2 Jours,DICE,88.77,93.5,1,1
2026-06-02,2026-06-02 17:00:58,2-jours,regular,,Pass 2 Jours,DICE,88.77,93.5,1,1
2026-06-02,2026-06-02 17:00:58,2-jours,regular,,Pass 2 Jours,DICE,88.77,93.5,1,1
2026-06-02,2026-06-02 17:00:59,2-jours,regular,,Pass 2 Jours,DICE,88.77,93.5,1,1
2026-06-02,2026-06-02 17:01:01,2-jours,regular,"['vendredi', 'samedi']",Pass 2 Jours,Shotgun,85.0,96.07,1,1
2026-06-02,2026-06-02 17:01:04,samedi,regular,['samedi'],Pass Samedi,DICE,46.05,49.5,1,1
2026-06-02,2026-06-02 17:01:04,samedi,regular,['samedi'],Pass Samedi,DICE,46.05,49.5,1,1
2026-06-02,2026-06-02 17:01:04,samedi,regular,['samedi'],Pass Samedi,DICE,46.05,49.5,1,1
2026-06-02,2026-06-02 17:01:07,2-jours,regular,"['vendredi', 'samedi']",Pass 2 Jours,Shotgun,85.0,96.07,1,1
2026-06-02,2026-06-02 17:01:08,vendredi,regular,['vendredi'],Pass Vendredi,DICE,46.05,49.5,1,1
2026-06-02,2026-06-02 17:01:08,2-jours,regular,"['vendredi', 'samedi']",Pass 2 Jours,Shotgun,85.0,96.07,1,1
2026-06-02,2026-06-02 17:01:09,samedi,regular,['samedi'],Pass Samedi,DICE,46.05,49.5,1,1
2026-06-02,2026-06-02 17:01:09,samedi,regular,['samedi'],Pass Samedi,DICE,46.05,49.5,1,1
2026-06-02,2026-06-02 17:01:09,samedi,regular,['samedi'],Pass Samedi,DICE,46.05,49.5,1,1
2026-06-02,2026-06-02 17:01:09,samedi,regular,['samedi'],Pass Samedi,DICE,46.05,49.5,1,1
2026-06-02,2026-06-02 17:01:09,samedi,regular,['samedi'],Pass Samedi,DICE,46.05,49.5,1,1
2026-06-02,2026-06-02 17:01:09,samedi,regular,['samedi'],Pass Samedi,DICE,46.05,49.5,1,1
2026-06-02,2026-06-02 17:01:09,2-jours,regular,,Pass 2 Jours,DICE,88.77,93.5,1,1
2026-06-02,2026-06-02 17:01:09,2-jours,regular,,Pass 2 Jours,DICE,88.77,93.5,1,1
2026-06-02,2026-06-02 17:01:10,2-jours,regular,,Pass 2 Jours,DICE,88.77,93.5,1,1
2026-06-02,2026-06-02 17:01:10,samedi,regular,['samedi'],Pass Samedi,DICE,46.05,49.5,1,1
2026-06-02,2026-06-02 17:01:10,samedi,regular,['samedi'],Pass Samedi,DICE,46.05,49.5,1,1
2026-06-02,2026-06-02 17:01:10,2-jours,regular,"['vendredi', 'samedi']",Pass 2 Jours,Shotgun,85.0,96.07,1,1
2026-06-02,2026-06-02 17:01:12,2-jours,regular,,Pass 2 Jours,DICE,88.77,93.5,1,1
2026-06-02,2026-06-02 17:01:12,samedi,regular,['samedi'],Pass Samedi,Shotgun,45.0,50.86,1,1
2026-06-02,2026-06-02 17:01:13,2-jours,regular,,Pass 2 Jours,DICE,88.77,93.5,1,1
2026-06-02,2026-06-02 17:01:13,2-jours,regular,,Pass 2 Jours,DICE,88.77,93.5,1,1
2026-06-02,2026-06-02 17:01:13,2-jours,regular,,Pass 2 Jours,DICE,88.77,93.5,1,1
2026-06-02,2026-06-02 17:01:14,vendredi,regular,['vendredi'],Pass Vendredi,Shotgun,45.0,50.86,1,1
2026-06-02,2026-06-02 17:01:14,vendredi,regular,['vendredi'],Pass Vendredi,Shotgun,45.0,50.86,1,1
2026-06-02,2026-06-02 17:01:14,vendredi,regular,['vendredi'],Pass Vendredi,Shotgun,45.0,50.86,1,1
2026-06-02,2026-06-02 17:01:16,2-jours,regular,,Pass 2 Jours,DICE,88.77,93.5,1,1
2026-06-02,2026-06-02 17:01:16,vendredi,regular,['vendredi'],Pass Vendredi,DICE,46.05,49.5,1,1
2026-06-02,2026-06-02 17:01:16,vendredi,regular,['vendredi'],Pass Vendredi,DICE,46.05,49.5,1,1
2026-06-02,2026-06-02 17:01:17,samedi,regular,['samedi'],Pass Samedi,Shotgun,45.0,50.86,1,1
2026-06-02,2026-06-02 17:01:17,samedi,regular,['samedi'],Pass Samedi,Shotgun,45.0,50.86,1,1
2026-06-02,2026-06-02 17:01:18,2-jours,regular,,Pass 2 Jours,DICE,88.77,93.5,1,1
2026-06-02,2026-06-02 17:01:19,2-jours,regular,,Pass 2 Jours,DICE,88.77,93.5,1,1
2026-06-02,2026-06-02 17:01:19,2-jours,regular,,Pass 2 Jours,DICE,88.77,93.5,1,1
2026-06-02,2026-06-02 17:01:20,vendredi,regular,['vendredi'],Pass Vendredi,Shotgun,45.0,50.86,1,1
2026-06-02,2026-06-02 17:01:22,samedi,regular,['samedi'],Pass Samedi,DICE,46.05,49.5,1,1
2026-06-02,2026-06-02 17:01:25,2-jours,regular,,Pass 2 Jours,DICE,88.77,93.5,1,1
2026-06-02,2026-06-02 17:01:25,2-jours,regular,,Pass 2 Jours,DICE,88.77,93.5,1,1
2026-06-02,2026-06-02 17:01:25,2-jours,regular,,Pass 2 Jours,DICE,88.77,93.5,1,1
2026-06-02,2026-06-02 17:01:25,vendredi,regular,['vendredi'],Pass Vendredi,DICE,46.05,49.5,1,1
2026-06-02,2026-06-02 17:01:25,samedi,regular,['samedi'],Pass Samedi,DICE,46.05,49.5,1,1
2026-06-02,2026-06-02 17:01:25,2-jours,regular,"['vendredi', 'samedi']",Pass 2 Jours,Shotgun,85.0,96.07,1,1
2026-06-02,2026-06-02 17:01:25,2-jours,regular,"['vendredi', 'samedi']",Pass 2 Jours,Shotgun,85.0,96.07,1,1
2026-06-02,2026-06-02 17:01:25,2-jours,regular,"['vendredi', 'samedi']",Pass 2 Jours,Shotgun,85.0,96.07,1,1
2026-06-02,2026-06-02 17:01:27,samedi,regular,['samedi'],Pass Samedi,DICE,46.05,49.5,1,1
2026-06-02,2026-06-02 17:01:27,samedi,regular,['samedi'],Pass Samedi,DICE,46.05,49.5,1,1
2026-06-02,2026-06-02 17:01:27,samedi,regular,['samedi'],Pass Samedi,Shotgun,45.0,50.86,1,1
2026-06-02,2026-06-02 17:01:30,vendredi,regular,['vendredi'],Pass Vendredi,DICE,46.05,49.5,1,1
2026-06-02,2026-06-02 17:01:30,vendredi,regular,['vendredi'],Pass Vendredi,DICE,46.05,49.5,1,1
2026-06-02,2026-06-02 17:01:32,2-jours,regular,,Pass 2 Jours,DICE,88.77,93.5,1,1
2026-06-02,2026-06-02 17:01:35,samedi,regular,['samedi'],Pass Samedi,DICE,46.05,49.5,1,1
2026-06-02,2026-06-02 17:01:37,samedi,regular,['samedi'],Pass Samedi,DICE,46.05,49.5,1,1
2026-06-02,2026-06-02 17:01:37,samedi,regular,['samedi'],Pass Samedi,DICE,46.05,49.5,1,1
2026-06-02,2026-06-02 17:01:37,samedi,regular,['samedi'],Pass Samedi,DICE,46.05,49.5,1,1
2026-06-02,2026-06-02 17:01:37,samedi,regular,['samedi'],Pass Samedi,DICE,46.05,49.5,1,1
2026-06-02,2026-06-02 17:01:38,2-jours,regular,,Pass 2 Jours,DICE,88.77,93.5,1,1
2026-06-02,2026-06-02 17:01:38,2-jours,regular,,Pass 2 Jours,DICE,88.77,93.5,1,1
2026-06-02,2026-06-02 17:01:38,2-jours,regular,,Pass 2 Jours,DICE,88.77,93.5,1,1
2026-06-02,2026-06-02 17:01:39,samedi,regular,['samedi'],Pass Samedi,DICE,46.05,49.5,1,1
2026-06-02,2026-06-02 17:01:39,samedi,regular,['samedi'],Pass Samedi,DICE,46.05,49.5,1,1
2026-06-02,2026-06-02 17:01:40,2-jours,regular,"['vendredi', 'samedi']",Pass 2 Jours,Shotgun,85.0,96.07,1,1
2026-06-02,2026-06-02 17:01:40,2-jours,regular,"['vendredi', 'samedi']",Pass 2 Jours,Shotgun,85.0,96.07,1,1
2026-06-02,2026-06-02 17:01:40,2-jours,regular,"['vendredi', 'samedi']",Pass 2 Jours,Shotgun,85.0,96.07,1,1
2026-06-02,2026-06-02 17:01:42,2-jours,regular,"['vendredi', 'samedi']",Pass 2 Jours,Shotgun,85.0,96.07,1,1
2026-06-02,2026-06-02 17:01:48,samedi,regular,['samedi'],Pass Samedi,DICE,46.05,49.5,1,1
2026-06-02,2026-06-02 17:01:48,vendredi,regular,['vendredi'],Pass Vendredi,Shotgun,45.0,50.86,1,1
2026-06-02,2026-06-02 17:01:49,2-jours,regular,,Pass 2 Jours,DICE,88.77,93.5,1,1
2026-06-02,2026-06-02 17:01:50,vendredi,regular,['vendredi'],Pass Vendredi,DICE,46.05,49.5,1,1
2026-06-02,2026-06-02 17:01:50,2-jours,regular,,Pass 2 Jours,DICE,88.77,93.5,1,1
2026-06-02,2026-06-02 17:01:50,2-jours,regular,,Pass 2 Jours,DICE,88.77,93.5,1,1
2026-06-02,2026-06-02 17:01:50,2-jours,regular,"['vendredi', 'samedi']",Pass 2 Jours,Shotgun,85.0,96.07,1,1
2026-06-02,2026-06-02 17:01:50,2-jours,regular,"['vendredi', 'samedi']",Pass 2 Jours,Shotgun,85.0,96.07,1,1
2026-06-02,2026-06-02 17:01:53,2-jours,regular,,Pass 2 Jours,DICE,88.77,93.5,1,1
2026-06-02,2026-06-02 17:01:53,2-jours,regular,,Pass 2 Jours,DICE,88.77,93.5,1,1
2026-06-02,2026-06-02 17:01:53,samedi,regular,['samedi'],Pass Samedi,DICE,46.05,49.5,1,1
2026-06-02,2026-06-02 17:01:53,2-jours,regular,,Pass 2 Jours,DICE,88.77,93.5,1,1
2026-06-02,2026-06-02 17:01:53,2-jours,regular,,Pass 2 Jours,DICE,88.77,93.5,1,1
2026-06-02,2026-06-02 17:01:55,2-jours,regular,"['vendredi', 'samedi']",Pass 2 Jours,Shotgun,85.0,96.07,1,1
2026-06-02,2026-06-02 17:01:55,2-jours,regular,"['vendredi', 'samedi']",Pass 2 Jours,Shotgun,85.0,96.07,1,1
2026-06-02,2026-06-02 17:01:57,2-jours,regular,,Pass 2 Jours,DICE,88.77,93.5,1,1
2026-06-02,2026-06-02 17:01:59,samedi,regular,['samedi'],Pass Samedi,DICE,46.05,49.5,1,1
2026-06-02,2026-06-02 17:01:59,samedi,regular,['samedi'],Pass Samedi,DICE,46.05,49.5,1,1
2026-06-02,2026-06-02 17:02:01,2-jours,regular,,Pass 2 Jours,DICE,88.77,93.5,1,1
2026-06-02,2026-06-02 17:02:01,2-jours,regular,"['vendredi', 'samedi']",Pass 2 Jours,Shotgun,85.0,96.07,1,1
2026-06-02,2026-06-02 17:02:01,2-jours,regular,"['vendredi', 'samedi']",Pass 2 Jours,Shotgun,85.0,96.07,1,1
2026-06-02,2026-06-02 17:02:03,samedi,regular,['samedi'],Pass Samedi,DICE,46.05,49.5,1,1
2026-06-02,2026-06-02 17:02:03,samedi,regular,['samedi'],Pass Samedi,DICE,46.05,49.5,1,1
2026-06-02,2026-06-02 17:02:04,2-jours,regular,,Pass 2 Jours,DICE,88.77,93.5,1,1
2026-06-02,2026-06-02 17:02:04,2-jours,regular,,Pass 2 Jours,DICE,88.77,93.5,1,1
2026-06-02,2026-06-02 17:02:04,samedi,regular,['samedi'],Pass Samedi,DICE,46.05,49.5,1,1
2026-06-02,2026-06-02 17:02:05,2-jours,regular,,Pass 2 Jours,DICE,88.77,93.5,1,1
2026-06-02,2026-06-02 17:02:05,2-jours,regular,,Pass 2 Jours,DICE,88.77,93.5,1,1
2026-06-02,2026-06-02 17:02:05,2-jours,regular,"['vendredi', 'samedi']",Pass 2 Jours,Shotgun,85.0,96.07,1,1
2026-06-02,2026-06-02 17:02:06,2-jours,regular,"['vendredi', 'samedi']",Pass 2 Jours,Shotgun,85.0,96.07,1,1
2026-06-02,2026-06-02 17:02:07,samedi,regular,['samedi'],Pass Samedi,DICE,46.05,49.5,1,1
2026-06-02,2026-06-02 17:02:10,2-jours,regular,,Pass 2 Jours,DICE,88.77,93.5,1,1
2026-06-02,2026-06-02 17:02:15,samedi,regular,['samedi'],Pass Samedi,DICE,46.05,49.5,1,1
2026-06-02,2026-06-02 17:02:15,samedi,regular,['samedi'],Pass Samedi,DICE,46.05,49.5,1,1
2026-06-02,2026-06-02 17:02:15,samedi,regular,['samedi'],Pass Samedi,DICE,46.05,49.5,1,1
2026-06-02,2026-06-02 17:02:16,samedi,regular,['samedi'],Pass Samedi,DICE,46.05,49.5,1,1
2026-06-02,2026-06-02 17:02:16,samedi,regular,['samedi'],Pass Samedi,DICE,46.05,49.5,1,1
2026-06-02,2026-06-02 17:02:17,2-jours,regular,,Pass 2 Jours,DICE,88.77,93.5,1,1
2026-06-02,2026-06-02 17:02:18,2-jours,regular,,Pass 2 Jours,DICE,88.77,93.5,1,1
2026-06-02,2026-06-02 17:02:21,2-jours,regular,,Pass 2 Jours,DICE,88.77,93.5,1,1
2026-06-02,2026-06-02 17:02:22,samedi,regular,['samedi'],Pass Samedi,DICE,46.05,49.5,1,1
2026-06-02,2026-06-02 17:02:22,samedi,regular,['samedi'],Pass Samedi,DICE,46.05,49.5,1,1
2026-06-02,2026-06-02 17:02:22,2-jours,regular,,Pass 2 Jours,DICE,88.77,93.5,1,1
2026-06-02,2026-06-02 17:02:24,2-jours,regular,,Pass 2 Jours,DICE,88.77,93.5,1,1
2026-06-02,2026-06-02 17:02:24,2-jours,regular,,Pass 2 Jours,DICE,88.77,93.5,1,1
2026-06-02,2026-06-02 17:02:24,2-jours,regular,,Pass 2 Jours,DICE,88.77,93.5,1,1
2026-06-02,2026-06-02 17:02:24,2-jours,regular,"['vendredi', 'samedi']",Pass 2 Jours,Shotgun,85.0,96.07,1,1
2026-06-02,2026-06-02 17:02:24,2-jours,regular,"['vendredi', 'samedi']",Pass 2 Jours,Shotgun,85.0,96.07,1,1
2026-06-02,2026-06-02 17:02:26,2-jours,regular,,Pass 2 Jours,DICE,88.77,93.5,1,1
2026-06-02,2026-06-02 17:02:26,2-jours,regular,,Pass 2 Jours,DICE,88.77,93.5,1,1
2026-06-02,2026-06-02 17:02:26,samedi,regular,['samedi'],Pass Samedi,DICE,46.05,49.5,1,1
2026-06-02,2026-06-02 17:02:26,samedi,regular,['samedi'],Pass Samedi,DICE,46.05,49.5,1,1
2026-06-02,2026-06-02 17:02:26,samedi,regular,['samedi'],Pass Samedi,DICE,46.05,49.5,1,1
2026-06-02,2026-06-02 17:02:26,samedi,regular,['samedi'],Pass Samedi,DICE,46.05,49.5,1,1
2026-06-02,2026-06-02 17:02:27,samedi,regular,['samedi'],Pass Samedi,DICE,46.05,49.5,1,1
2026-06-02,2026-06-02 17:02:27,samedi,regular,['samedi'],Pass Samedi,DICE,46.05,49.5,1,1
2026-06-02,2026-06-02 17:02:31,vendredi,regular,['vendredi'],Pass Vendredi,DICE,46.05,49.5,1,1
2026-06-02,2026-06-02 17:02:35,2-jours,regular,"['vendredi', 'samedi']",Pass 2 Jours,Shotgun,85.0,96.07,1,1
2026-06-02,2026-06-02 17:02:35,2-jours,regular,"['vendredi', 'samedi']",Pass 2 Jours,Shotgun,85.0,96.07,1,1
2026-06-02,2026-06-02 17:02:37,2-jours,regular,,Pass 2 Jours,DICE,88.77,93.5,1,1
2026-06-02,2026-06-02 17:02:38,samedi,regular,['samedi'],Pass Samedi,DICE,46.05,49.5,1,1
2026-06-02,2026-06-02 17:02:38,samedi,regular,['samedi'],Pass Samedi,DICE,46.05,49.5,1,1
2026-06-02,2026-06-02 17:02:38,samedi,regular,['samedi'],Pass Samedi,DICE,46.05,49.5,1,1
2026-06-02,2026-06-02 17:02:38,samedi,regular,['samedi'],Pass Samedi,DICE,46.05,49.5,1,1
2026-06-02,2026-06-02 17:02:42,2-jours,regular,"['vendredi', 'samedi']",Pass 2 Jours,Shotgun,85.0,96.07,1,1
2026-06-02,2026-06-02 17:02:47,2-jours,regular,,Pass 2 Jours,DICE,88.77,93.5,1,1
2026-06-02,2026-06-02 17:02:48,2-jours,regular,,Pass 2 Jours,DICE,88.77,93.5,1,1
2026-06-02,2026-06-02 17:02:48,2-jours,regular,,Pass 2 Jours,DICE,88.77,93.5,1,1
2026-06-02,2026-06-02 17:02:48,2-jours,regular,,Pass 2 Jours,DICE,88.77,93.5,1,1
2026-06-02,2026-06-02 17:02:48,2-jours,regular,,Pass 2 Jours,DICE,88.77,93.5,1,1
2026-06-02,2026-06-02 17:02:49,2-jours,regular,,Pass 2 Jours,DICE,88.77,93.5,1,1
2026-06-02,2026-06-02 17:02:49,2-jours,regular,"['vendredi', 'samedi']",Pass 2 Jours,Shotgun,85.0,96.07,1,1
2026-06-02,2026-06-02 17:02:50,2-jours,regular,,Pass 2 Jours,DICE,88.77,93.5,1,1
2026-06-02,2026-06-02 17:02:51,samedi,regular,['samedi'],Pass Samedi,DICE,46.05,49.5,1,1
2026-06-02,2026-06-02 17:02:51,vendredi,regular,['vendredi'],Pass Vendredi,DICE,46.05,49.5,1,1
2026-06-02,2026-06-02 17:02:51,vendredi,regular,['vendredi'],Pass Vendredi,DICE,46.05,49.5,1,1
2026-06-02,2026-06-02 17:02:54,samedi,regular,['samedi'],Pass Samedi,DICE,46.05,49.5,1,1
2026-06-02,2026-06-02 17:02:54,samedi,regular,['samedi'],Pass Samedi,DICE,46.05,49.5,1,1
2026-06-02,2026-06-02 17:02:55,2-jours,regular,"['vendredi', 'samedi']",Pass 2 Jours,Shotgun,85.0,96.07,1,1
2026-06-02,2026-06-02 17:02:57,2-jours,regular,,Pass 2 Jours,DICE,88.77,93.5,1,1
2026-06-02,2026-06-02 17:02:57,2-jours,regular,,Pass 2 Jours,DICE,88.77,93.5,1,1
2026-06-02,2026-06-02 17:03:01,2-jours,regular,,Pass 2 Jours,DICE,88.77,93.5,1,1
2026-06-02,2026-06-02 17:03:01,2-jours,regular,,Pass 2 Jours,DICE,88.77,93.5,1,1
2026-06-02,2026-06-02 17:03:02,2-jours,regular,,Pass 2 Jours,DICE,88.77,93.5,1,1
2026-06-02,2026-06-02 17:03:02,2-jours,regular,,Pass 2 Jours,DICE,88.77,93.5,1,1
2026-06-02,2026-06-02 17:03:04,samedi,regular,['samedi'],Pass Samedi,DICE,46.05,49.5,1,1
2026-06-02,2026-06-02 17:03:04,samedi,regular,['samedi'],Pass Samedi,DICE,46.05,49.5,1,1
2026-06-02,2026-06-02 17:03:08,vendredi,regular,['vendredi'],Pass Vendredi,DICE,46.05,49.5,1,1
2026-06-02,2026-06-02 17:03:14,samedi,regular,['samedi'],Pass Samedi,DICE,51.39,55.0,1,1
2026-06-02,2026-06-02 17:03:14,samedi,regular,['samedi'],Pass Samedi,DICE,51.39,55.0,1,1
2026-06-02,2026-06-02 17:03:21,2-jours,regular,,Pass 2 Jours,DICE,88.77,93.5,1,1
2026-06-02,2026-06-02 17:03:21,2-jours,regular,,Pass 2 Jours,DICE,88.77,93.5,1,1
2026-06-02,2026-06-02 17:03:21,2-jours,regular,,Pass 2 Jours,DICE,88.77,93.5,1,1
2026-06-02,2026-06-02 17:03:21,vendredi,regular,['vendredi'],Pass Vendredi,DICE,46.05,49.5,1,1
2026-06-02,2026-06-02 17:03:23,vendredi,regular,['vendredi'],Pass Vendredi,DICE,46.05,49.5,1,1
2026-06-02,2026-06-02 17:03:24,2-jours,regular,,Pass 2 Jours,DICE,88.77,93.5,1,1
2026-06-02,2026-06-02 17:03:28,2-jours,regular,,Pass 2 Jours,DICE,88.77,93.5,1,1
2026-06-02,2026-06-02 17:03:28,2-jours,regular,,Pass 2 Jours,DICE,88.77,93.5,1,1
2026-06-02,2026-06-02 17:03:28,2-jours,regular,"['vendredi', 'samedi']",Pass 2 Jours,Shotgun,85.0,96.07,1,1
2026-06-02,2026-06-02 17:03:28,2-jours,regular,"['vendredi', 'samedi']",Pass 2 Jours,Shotgun,85.0,96.07,1,1
2026-06-02,2026-06-02 17:03:30,2-jours,regular,,Pass 2 Jours,DICE,88.77,93.5,1,1
2026-06-02,2026-06-02 17:03:30,2-jours,regular,,Pass 2 Jours,DICE,88.77,93.5,1,1
2026-06-02,2026-06-02 17:03:30,2-jours,regular,,Pass 2 Jours,DICE,88.77,93.5,1,1
2026-06-02,2026-06-02 17:03:33,2-jours,regular,,Pass 2 Jours,DICE,88.77,93.5,1,1
2026-06-02,2026-06-02 17:03:33,2-jours,regular,,Pass 2 Jours,DICE,88.77,93.5,1,1
2026-06-02,2026-06-02 17:03:41,samedi,regular,['samedi'],Pass Samedi,DICE,46.05,49.5,1,1
2026-06-02,2026-06-02 17:03:41,samedi,regular,['samedi'],Pass Samedi,DICE,46.05,49.5,1,1
2026-06-02,2026-06-02 17:03:41,2-jours,regular,,Pass 2 Jours,DICE,88.77,93.5,1,1
2026-06-02,2026-06-02 17:03:42,2-jours,regular,,Pass 2 Jours,DICE,88.77,93.5,1,1
2026-06-02,2026-06-02 17:03:42,2-jours,regular,,Pass 2 Jours,DICE,88.77,93.5,1,1
2026-06-02,2026-06-02 17:03:44,vendredi,regular,['vendredi'],Pass Vendredi,DICE,46.05,49.5,1,1
2026-06-02,2026-06-02 17:03:44,2-jours,regular,,Pass 2 Jours,DICE,88.77,93.5,1,1
2026-06-02,2026-06-02 17:03:48,2-jours,regular,"['vendredi', 'samedi']",Pass 2 Jours,Shotgun,85.0,96.07,1,1
2026-06-02,2026-06-02 17:03:48,2-jours,regular,"['vendredi', 'samedi']",Pass 2 Jours,Shotgun,85.0,96.07,1,1
2026-06-02,2026-06-02 17:03:55,2-jours,regular,"['vendredi', 'samedi']",Pass 2 Jours,Shotgun,85.0,96.07,1,1
2026-06-02,2026-06-02 17:03:58,samedi,regular,['samedi'],Pass Samedi,DICE,51.39,55.0,1,1
2026-06-02,2026-06-02 17:04:01,2-jours,regular,,Pass 2 Jours,DICE,88.77,93.5,1,1
2026-06-02,2026-06-02 17:04:04,vendredi,regular,['vendredi'],Pass Vendredi,DICE,46.05,49.5,1,1
2026-06-02,2026-06-02 17:04:04,vendredi,regular,['vendredi'],Pass Vendredi,DICE,46.05,49.5,1,1
2026-06-02,2026-06-02 17:04:04,2-jours,regular,,Pass 2 Jours,DICE,88.77,93.5,1,1
2026-06-02,2026-06-02 17:04:04,2-jours,regular,,Pass 2 Jours,DICE,88.77,93.5,1,1
2026-06-02,2026-06-02 17:04:07,vendredi,regular,['vendredi'],Pass Vendredi,DICE,46.05,49.5,1,1
2026-06-02,2026-06-02 17:04:07,2-jours,regular,"['vendredi', 'samedi']",Pass 2 Jours,Shotgun,85.0,96.07,1,1
2026-06-02,2026-06-02 17:04:08,samedi,regular,['samedi'],Pass Samedi,DICE,46.05,49.5,1,1
2026-06-02,2026-06-02 17:04:08,samedi,regular,['samedi'],Pass Samedi,DICE,46.05,49.5,1,1
2026-06-02,2026-06-02 17:04:11,2-jours,regular,,Pass 2 Jours,DICE,88.77,93.5,1,1
2026-06-02,2026-06-02 17:04:13,samedi,regular,['samedi'],Pass Samedi,DICE,51.39,55.0,1,1
2026-06-02,2026-06-02 17:04:22,2-jours,regular,,Pass 2 Jours,DICE,88.77,93.5,1,1
2026-06-02,2026-06-02 17:04:22,samedi,regular,['samedi'],Pass Samedi,DICE,51.39,55.0,1,1
2026-06-02,2026-06-02 17:04:24,samedi,regular,['samedi'],Pass Samedi,DICE,51.39,55.0,1,1
2026-06-02,2026-06-02 17:04:34,2-jours,regular,"['vendredi', 'samedi']",Pass 2 Jours,Shotgun,85.0,96.07,1,1
2026-06-02,2026-06-02 17:04:35,samedi,regular,['samedi'],Pass Samedi,DICE,51.39,55.0,1,1
2026-06-02,2026-06-02 17:04:35,samedi,regular,['samedi'],Pass Samedi,DICE,51.39,55.0,1,1
2026-06-02,2026-06-02 17:04:36,2-jours,regular,,Pass 2 Jours,DICE,88.77,93.5,1,1
2026-06-02,2026-06-02 17:04:36,2-jours,regular,,Pass 2 Jours,DICE,88.77,93.5,1,1
2026-06-02,2026-06-02 17:04:46,samedi,regular,['samedi'],Pass Samedi,DICE,51.39,55.0,1,1
2026-06-02,2026-06-02 17:04:47,vendredi,regular,['vendredi'],Pass Vendredi,DICE,46.05,49.5,1,1
2026-06-02,2026-06-02 17:04:47,vendredi,regular,['vendredi'],Pass Vendredi,DICE,46.05,49.5,1,1
2026-06-02,2026-06-02 17:04:47,vendredi,regular,['vendredi'],Pass Vendredi,DICE,46.05,49.5,1,1
2026-06-02,2026-06-02 17:04:51,2-jours,regular,,Pass 2 Jours,DICE,88.77,93.5,1,1
2026-06-02,2026-06-02 17:04:53,vendredi,regular,['vendredi'],Pass Vendredi,DICE,46.05,49.5,1,1
2026-06-02,2026-06-02 17:04:53,vendredi,regular,['vendredi'],Pass Vendredi,DICE,46.05,49.5,1,1
2026-06-02,2026-06-02 17:04:55,samedi,regular,['samedi'],Pass Samedi,DICE,51.39,55.0,1,1
2026-06-02,2026-06-02 17:05:00,2-jours,regular,,Pass 2 Jours,DICE,88.77,93.5,1,1
2026-06-02,2026-06-02 17:05:03,2-jours,regular,"['vendredi', 'samedi']",Pass 2 Jours,Shotgun,85.0,96.07,1,1
2026-06-02,2026-06-02 17:05:07,samedi,regular,['samedi'],Pass Samedi,DICE,51.39,55.0,1,1
2026-06-02,2026-06-02 17:05:13,2-jours,regular,,Pass 2 Jours,DICE,88.77,93.5,1,1
2026-06-02,2026-06-02 17:05:13,samedi,regular,['samedi'],Pass Samedi,Shotgun,45.0,50.86,1,1
2026-06-02,2026-06-02 17:05:14,samedi,regular,['samedi'],Pass Samedi,Shotgun,45.0,50.86,1,1
2026-06-02,2026-06-02 17:05:16,samedi,regular,['samedi'],Pass Samedi,DICE,51.39,55.0,1,1
2026-06-02,2026-06-02 17:05:16,samedi,regular,['samedi'],Pass Samedi,DICE,51.39,55.0,1,1
2026-06-02,2026-06-02 17:05:20,samedi,regular,['samedi'],Pass Samedi,Shotgun,45.0,50.86,1,1
2026-06-02,2026-06-02 17:05:20,samedi,regular,['samedi'],Pass Samedi,Shotgun,45.0,50.86,1,1
2026-06-02,2026-06-02 17:05:23,samedi,regular,['samedi'],Pass Samedi,DICE,51.39,55.0,1,1
2026-06-02,2026-06-02 17:05:24,samedi,regular,['samedi'],Pass Samedi,DICE,51.39,55.0,1,1
2026-06-02,2026-06-02 17:05:24,samedi,regular,['samedi'],Pass Samedi,DICE,51.39,55.0,1,1
2026-06-02,2026-06-02 17:05:29,2-jours,regular,,Pass 2 Jours,DICE,88.77,93.5,1,1
2026-06-02,2026-06-02 17:05:31,2-jours,regular,,Pass 2 Jours,DICE,88.77,93.5,1,1
2026-06-02,2026-06-02 17:05:31,2-jours,regular,,Pass 2 Jours,DICE,88.77,93.5,1,1
2026-06-02,2026-06-02 17:05:36,2-jours,regular,,Pass 2 Jours,DICE,88.77,93.5,1,1
2026-06-02,2026-06-02 17:05:36,2-jours,regular,"['vendredi', 'samedi']",Pass 2 Jours,Shotgun,85.0,96.07,1,1
2026-06-02,2026-06-02 17:05:36,vendredi,regular,['vendredi'],Pass Vendredi,Shotgun,45.0,50.86,1,1
2026-06-02,2026-06-02 17:05:40,samedi,regular,['samedi'],Pass Samedi,DICE,51.39,55.0,1,1
2026-06-02,2026-06-02 17:05:40,samedi,regular,['samedi'],Pass Samedi,DICE,51.39,55.0,1,1
2026-06-02,2026-06-02 17:05:42,samedi,regular,['samedi'],Pass Samedi,DICE,51.39,55.0,1,1
2026-06-02,2026-06-02 17:05:42,samedi,regular,['samedi'],Pass Samedi,DICE,51.39,55.0,1,1
2026-06-02,2026-06-02 17:05:42,samedi,regular,['samedi'],Pass Samedi,DICE,51.39,55.0,1,1
2026-06-02,2026-06-02 17:05:42,vendredi,regular,['vendredi'],Pass Vendredi,DICE,46.05,49.5,1,1
2026-06-02,2026-06-02 17:05:42,vendredi,regular,['vendredi'],Pass Vendredi,DICE,46.05,49.5,1,1
2026-06-02,2026-06-02 17:05:46,2-jours,regular,"['vendredi', 'samedi']",Pass 2 Jours,Shotgun,85.0,96.07,1,1
2026-06-02,2026-06-02 17:05:48,2-jours,regular,,Pass 2 Jours,DICE,88.77,93.5,1,1
2026-06-02,2026-06-02 17:05:52,2-jours,regular,,Pass 2 Jours,DICE,88.77,93.5,1,1
2026-06-02,2026-06-02 17:05:57,vendredi,regular,['vendredi'],Pass Vendredi,DICE,46.05,49.5,1,1
2026-06-02,2026-06-02 17:05:58,vendredi,regular,['vendredi'],Pass Vendredi,DICE,46.05,49.5,1,1
2026-06-02,2026-06-02 17:05:58,samedi,regular,['samedi'],Pass Samedi,Shotgun,45.0,50.86,1,1
2026-06-02,2026-06-02 17:05:59,2-jours,regular,,Pass 2 Jours,DICE,88.77,93.5,1,1
2026-06-02,2026-06-02 17:06:08,vendredi,regular,['vendredi'],Pass Vendredi,DICE,46.05,49.5,1,1
2026-06-02,2026-06-02 17:06:08,vendredi,regular,['vendredi'],Pass Vendredi,DICE,46.05,49.5,1,1
2026-06-02,2026-06-02 17:06:12,2-jours,regular,"['vendredi', 'samedi']",Pass 2 Jours,Shotgun,85.0,96.07,1,1
2026-06-02,2026-06-02 17:06:13,samedi,regular,['samedi'],Pass Samedi,DICE,46.05,49.5,1,1
2026-06-02,2026-06-02 17:06:17,2-jours,regular,,Pass 2 Jours,DICE,88.77,93.5,1,1
2026-06-02,2026-06-02 17:06:17,2-jours,regular,,Pass 2 Jours,DICE,88.77,93.5,1,1
2026-06-02,2026-06-02 17:06:28,2-jours,regular,,Pass 2 Jours,DICE,88.77,93.5,1,1
2026-06-02,2026-06-02 17:06:28,2-jours,regular,,Pass 2 Jours,DICE,88.77,93.5,1,1
2026-06-02,2026-06-02 17:06:30,2-jours,regular,,Pass 2 Jours,DICE,88.77,93.5,1,1
2026-06-02,2026-06-02 17:06:30,2-jours,regular,"['vendredi', 'samedi']",Pass 2 Jours,Shotgun,85.0,96.07,1,1
2026-06-02,2026-06-02 17:06:30,2-jours,regular,"['vendredi', 'samedi']",Pass 2 Jours,Shotgun,85.0,96.07,1,1
2026-06-02,2026-06-02 17:06:34,2-jours,regular,"['vendredi', 'samedi']",Pass 2 Jours,Shotgun,85.0,96.07,1,1
2026-06-02,2026-06-02 17:06:42,2-jours,regular,"['vendredi', 'samedi']",Pass 2 Jours,Shotgun,85.0,96.07,1,1
2026-06-02,2026-06-02 17:06:42,2-jours,regular,"['vendredi', 'samedi']",Pass 2 Jours,Shotgun,85.0,96.07,1,1
2026-06-02,2026-06-02 17:06:43,2-jours,regular,,Pass 2 Jours,DICE,88.77,93.5,1,1
2026-06-02,2026-06-02 17:06:43,2-jours,regular,,Pass 2 Jours,DICE,88.77,93.5,1,1
2026-06-02,2026-06-02 17:06:43,2-jours,regular,,Pass 2 Jours,DICE,88.77,93.5,1,1
2026-06-02,2026-06-02 17:06:45,vendredi,regular,['vendredi'],Pass Vendredi,DICE,46.05,49.5,1,1
2026-06-02,2026-06-02 17:06:45,vendredi,regular,['vendredi'],Pass Vendredi,DICE,46.05,49.5,1,1
2026-06-02,2026-06-02 17:06:48,2-jours,regular,"['vendredi', 'samedi']",Pass 2 Jours,Shotgun,85.0,96.07,1,1
2026-06-02,2026-06-02 17:06:49,samedi,regular,['samedi'],Pass Samedi,DICE,51.39,55.0,1,1
2026-06-02,2026-06-02 17:06:50,2-jours,regular,,Pass 2 Jours,DICE,88.77,93.5,1,1
2026-06-02,2026-06-02 17:06:59,2-jours,regular,,Pass 2 Jours,DICE,88.77,93.5,1,1
2026-06-02,2026-06-02 17:06:59,2-jours,regular,,Pass 2 Jours,DICE,88.77,93.5,1,1
2026-06-02,2026-06-02 17:07:00,vendredi,regular,['vendredi'],Pass Vendredi,DICE,46.05,49.5,1,1
2026-06-02,2026-06-02 17:07:16,vendredi,regular,['vendredi'],Pass Vendredi,DICE,46.05,49.5,1,1
2026-06-02,2026-06-02 17:07:16,vendredi,regular,['vendredi'],Pass Vendredi,DICE,46.05,49.5,1,1
2026-06-02,2026-06-02 17:07:23,2-jours,regular,"['vendredi', 'samedi']",Pass 2 Jours,Shotgun,85.0,96.07,1,1
2026-06-02,2026-06-02 17:07:25,samedi,regular,['samedi'],Pass Samedi,DICE,51.39,55.0,1,1
2026-06-02,2026-06-02 17:07:35,2-jours,regular,,Pass 2 Jours,DICE,88.77,93.5,1,1
2026-06-02,2026-06-02 17:07:43,2-jours,regular,"['vendredi', 'samedi']",Pass 2 Jours,Shotgun,85.0,96.07,1,1
2026-06-02,2026-06-02 17:07:44,vendredi,regular,['vendredi'],Pass Vendredi,DICE,46.05,49.5,1,1
2026-06-02,2026-06-02 17:07:46,vendredi,regular,['vendredi'],Pass Vendredi,DICE,46.05,49.5,1,1
2026-06-02,2026-06-02 17:07:46,vendredi,regular,['vendredi'],Pass Vendredi,DICE,46.05,49.5,1,1
2026-06-02,2026-06-02 17:07:47,2-jours,regular,"['vendredi', 'samedi']",Pass 2 Jours,Shotgun,85.0,96.07,1,1
2026-06-02,2026-06-02 17:07:48,vendredi,regular,['vendredi'],Pass Vendredi,DICE,46.05,49.5,1,1
2026-06-02,2026-06-02 17:07:48,vendredi,regular,['vendredi'],Pass Vendredi,DICE,46.05,49.5,1,1
2026-06-02,2026-06-02 17:07:52,2-jours,regular,"['vendredi', 'samedi']",Pass 2 Jours,Shotgun,85.0,96.07,1,1
2026-06-02,2026-06-02 17:08:00,samedi,regular,['samedi'],Pass Samedi,DICE,46.05,49.5,1,1
2026-06-02,2026-06-02 17:08:00,samedi,regular,['samedi'],Pass Samedi,DICE,46.05,49.5,1,1
2026-06-02,2026-06-02 17:08:06,samedi,regular,['samedi'],Pass Samedi,DICE,46.05,49.5,1,1
2026-06-02,2026-06-02 17:08:09,2-jours,regular,,Pass 2 Jours,DICE,88.77,93.5,1,1
2026-06-02,2026-06-02 17:08:11,vendredi,regular,['vendredi'],Pass Vendredi,Shotgun,45.0,50.86,1,1
2026-06-02,2026-06-02 17:08:13,2-jours,regular,,Pass 2 Jours,DICE,88.77,93.5,1,1
2026-06-02,2026-06-02 17:08:16,samedi,regular,['samedi'],Pass Samedi,DICE,46.05,49.5,1,1
2026-06-02,2026-06-02 17:08:16,samedi,regular,['samedi'],Pass Samedi,DICE,51.39,55.0,1,1
2026-06-02,2026-06-02 17:08:17,2-jours,regular,,Pass 2 Jours,DICE,88.77,93.5,1,1
2026-06-02,2026-06-02 17:08:17,2-jours,regular,,Pass 2 Jours,DICE,88.77,93.5,1,1
2026-06-02,2026-06-02 17:08:18,vendredi,regular,['vendredi'],Pass Vendredi,DICE,46.05,49.5,1,1
2026-06-02,2026-06-02 17:08:22,2-jours,regular,"['vendredi', 'samedi']",Pass 2 Jours,Shotgun,85.0,96.07,1,1
2026-06-02,2026-06-02 17:08:24,2-jours,regular,,Pass 2 Jours,DICE,88.77,93.5,1,1
2026-06-02,2026-06-02 17:08:26,2-jours,regular,,Pass 2 Jours,DICE,88.77,93.5,1,1
2026-06-02,2026-06-02 17:08:26,samedi,regular,['samedi'],Pass Samedi,DICE,51.39,55.0,1,1
2026-06-02,2026-06-02 17:08:28,samedi,regular,['samedi'],Pass Samedi,DICE,51.39,55.0,1,1
2026-06-02,2026-06-02 17:08:28,samedi,regular,['samedi'],Pass Samedi,DICE,46.05,49.5,1,1
2026-06-02,2026-06-02 17:08:33,2-jours,regular,,Pass 2 Jours,DICE,88.77,93.5,1,1
2026-06-02,2026-06-02 17:08:45,2-jours,regular,"['vendredi', 'samedi']",Pass 2 Jours,Shotgun,85.0,96.07,1,1
2026-06-02,2026-06-02 17:08:46,2-jours,regular,,Pass 2 Jours,DICE,88.77,93.5,1,1
2026-06-02,2026-06-02 17:08:46,2-jours,regular,"['vendredi', 'samedi']",Pass 2 Jours,Shotgun,85.0,96.07,1,1
2026-06-02,2026-06-02 17:09:02,2-jours,regular,"['vendredi', 'samedi']",Pass 2 Jours,Shotgun,85.0,96.07,1,1
2026-06-02,2026-06-02 17:09:02,2-jours,regular,"['vendredi', 'samedi']",Pass 2 Jours,Shotgun,85.0,96.07,1,1
2026-06-02,2026-06-02 17:09:11,2-jours,regular,,Pass 2 Jours,DICE,88.77,93.5,1,1
2026-06-02,2026-06-02 17:09:13,2-jours,regular,,Pass 2 Jours,DICE,88.77,93.5,1,1
2026-06-02,2026-06-02 17:09:48,2-jours,regular,,Pass 2 Jours,DICE,88.77,93.5,1,1
2026-06-02,2026-06-02 17:09:52,2-jours,regular,"['vendredi', 'samedi']",Pass 2 Jours,Shotgun,85.0,96.07,1,1
2026-06-02,2026-06-02 17:09:53,2-jours,regular,,Pass 2 Jours,DICE,88.77,93.5,1,1
2026-06-02,2026-06-02 17:09:55,2-jours,regular,,Pass 2 Jours,DICE,88.77,93.5,1,1
2026-06-02,2026-06-02 17:09:59,samedi,regular,['samedi'],Pass Samedi,Shotgun,45.0,50.86,1,1
2026-06-02,2026-06-02 17:10:00,2-jours,regular,,Pass 2 Jours,DICE,88.77,93.5,1,1
2026-06-02,2026-06-02 17:10:00,2-jours,regular,,Pass 2 Jours,DICE,88.77,93.5,1,1
2026-06-02,2026-06-02 17:10:00,2-jours,regular,,Pass 2 Jours,DICE,88.77,93.5,1,1
2026-06-02,2026-06-02 17:10:02,2-jours,regular,,Pass 2 Jours,DICE,88.77,93.5,1,1
2026-06-02,2026-06-02 17:10:14,2-jours,regular,"['vendredi', 'samedi']",Pass 2 Jours,Shotgun,85.0,96.07,1,1
2026-06-02,2026-06-02 17:10:19,2-jours,regular,,Pass 2 Jours,DICE,88.77,93.5,1,1
2026-06-02,2026-06-02 17:10:23,samedi,regular,['samedi'],Pass Samedi,Shotgun,45.0,50.86,1,1
2026-06-02,2026-06-02 17:10:32,2-jours,regular,"['vendredi', 'samedi']",Pass 2 Jours,Shotgun,85.0,96.07,1,1
2026-06-02,2026-06-02 17:10:32,2-jours,regular,"['vendredi', 'samedi']",Pass 2 Jours,Shotgun,85.0,96.07,1,1
2026-06-02,2026-06-02 17:10:32,samedi,regular,['samedi'],Pass Samedi,Shotgun,45.0,50.86,1,1
2026-06-02,2026-06-02 17:10:49,2-jours,regular,,Pass 2 Jours,DICE,88.77,93.5,1,1
2026-06-02,2026-06-02 17:11:07,vendredi,regular,['vendredi'],Pass Vendredi,DICE,46.05,49.5,1,1
2026-06-02,2026-06-02 17:11:12,samedi,regular,['samedi'],Pass Samedi,DICE,51.39,55.0,1,1
2026-06-02,2026-06-02 17:11:12,samedi,regular,['samedi'],Pass Samedi,DICE,51.39,55.0,1,1
2026-06-02,2026-06-02 17:11:12,samedi,regular,['samedi'],Pass Samedi,Shotgun,45.0,50.86,1,1
2026-06-02,2026-06-02 17:11:12,samedi,regular,['samedi'],Pass Samedi,Shotgun,45.0,50.86,1,1
2026-06-02,2026-06-02 17:11:12,samedi,regular,['samedi'],Pass Samedi,Shotgun,45.0,50.86,1,1
2026-06-02,2026-06-02 17:11:20,samedi,regular,['samedi'],Pass Samedi,DICE,51.39,55.0,1,1
2026-06-02,2026-06-02 17:11:41,2-jours,regular,,Pass 2 Jours,DICE,88.77,93.5,1,1
2026-06-02,2026-06-02 17:11:41,samedi,regular,['samedi'],Pass Samedi,DICE,51.39,55.0,1,1
2026-06-02,2026-06-02 17:11:57,samedi,regular,['samedi'],Pass Samedi,DICE,51.39,55.0,1,1
2026-06-02,2026-06-02 17:11:57,samedi,regular,['samedi'],Pass Samedi,DICE,51.39,55.0,1,1
2026-06-02,2026-06-02 17:12:00,samedi,regular,['samedi'],Pass Samedi,DICE,51.39,55.0,1,1
2026-06-02,2026-06-02 17:12:00,samedi,regular,['samedi'],Pass Samedi,DICE,51.39,55.0,1,1
2026-06-02,2026-06-02 17:12:11,samedi,regular,['samedi'],Pass Samedi,DICE,51.39,55.0,1,1
2026-06-02,2026-06-02 17:12:19,2-jours,regular,,Pass 2 Jours,DICE,88.77,93.5,1,1
2026-06-02,2026-06-02 17:12:19,2-jours,regular,,Pass 2 Jours,DICE,88.77,93.5,1,1
2026-06-02,2026-06-02 17:12:29,2-jours,regular,,Pass 2 Jours,DICE,88.77,93.5,1,1
2026-06-02,2026-06-02 17:12:29,2-jours,regular,,Pass 2 Jours,DICE,88.77,93.5,1,1
2026-06-02,2026-06-02 17:12:33,samedi,regular,['samedi'],Pass Samedi,DICE,51.39,55.0,1,1
2026-06-02,2026-06-02 17:12:43,vendredi,regular,['vendredi'],Pass Vendredi,DICE,46.05,49.5,1,1
2026-06-02,2026-06-02 17:12:43,vendredi,regular,['vendredi'],Pass Vendredi,DICE,46.05,49.5,1,1
2026-06-02,2026-06-02 17:12:51,samedi,regular,['samedi'],Pass Samedi,DICE,51.39,55.0,1,1
2026-06-02,2026-06-02 17:12:53,samedi,regular,['samedi'],Pass Samedi,Shotgun,45.0,50.86,1,1
2026-06-02,2026-06-02 17:12:59,2-jours,regular,,Pass 2 Jours,DICE,88.77,93.5,1,1
2026-06-02,2026-06-02 17:13:14,2-jours,regular,,Pass 2 Jours,DICE,88.77,93.5,1,1
2026-06-02,2026-06-02 17:13:14,2-jours,regular,,Pass 2 Jours,DICE,88.77,93.5,1,1
2026-06-02,2026-06-02 17:13:14,2-jours,regular,,Pass 2 Jours,DICE,88.77,93.5,1,1
2026-06-02,2026-06-02 17:13:26,2-jours,regular,,Pass 2 Jours,DICE,88.77,93.5,1,1
2026-06-02,2026-06-02 17:13:30,samedi,regular,['samedi'],Pass Samedi,Shotgun,45.0,50.86,1,1
2026-06-02,2026-06-02 17:13:37,2-jours,regular,,Pass 2 Jours,DICE,88.77,93.5,1,1
2026-06-02,2026-06-02 17:13:37,2-jours,regular,,Pass 2 Jours,DICE,88.77,93.5,1,1
2026-06-02,2026-06-02 17:13:38,2-jours,regular,,Pass 2 Jours,DICE,88.77,93.5,1,1
2026-06-02,2026-06-02 17:13:42,2-jours,regular,,Pass 2 Jours,DICE,88.77,93.5,1,1
2026-06-02,2026-06-02 17:13:43,2-jours,regular,,Pass 2 Jours,DICE,88.77,93.5,1,1
2026-06-02,2026-06-02 17:13:43,2-jours,regular,,Pass 2 Jours,DICE,88.77,93.5,1,1
2026-06-02,2026-06-02 17:13:50,2-jours,regular,"['vendredi', 'samedi']",Pass 2 Jours,Shotgun,85.0,96.07,1,1
2026-06-02,2026-06-02 17:13:57,2-jours,regular,,Pass 2 Jours,DICE,88.77,93.5,1,1
2026-06-02,2026-06-02 17:13:59,2-jours,regular,,Pass 2 Jours,DICE,88.77,93.5,1,1
2026-06-02,2026-06-02 17:13:59,vendredi,regular,['vendredi'],Pass Vendredi,DICE,46.05,49.5,1,1
2026-06-02,2026-06-02 17:14:32,samedi,regular,['samedi'],Pass Samedi,DICE,51.39,55.0,1,1
2026-06-02,2026-06-02 17:14:35,2-jours,regular,"['vendredi', 'samedi']",Pass 2 Jours,Shotgun,85.0,96.07,1,1
2026-06-02,2026-06-02 17:14:36,vendredi,regular,['vendredi'],Pass Vendredi,DICE,46.05,49.5,1,1
2026-06-02,2026-06-02 17:14:37,2-jours,regular,,Pass 2 Jours,DICE,88.77,93.5,1,1
2026-06-02,2026-06-02 17:14:40,2-jours,regular,,Pass 2 Jours,DICE,88.77,93.5,1,1
2026-06-02,2026-06-02 17:14:41,2-jours,regular,"['vendredi', 'samedi']",Pass 2 Jours,Shotgun,85.0,96.07,1,1
2026-06-02,2026-06-02 17:14:42,samedi,regular,['samedi'],Pass Samedi,DICE,46.05,49.5,1,1
2026-06-02,2026-06-02 17:14:52,samedi,regular,['samedi'],Pass Samedi,DICE,51.39,55.0,1,1
2026-06-02,2026-06-02 17:14:52,samedi,regular,['samedi'],Pass Samedi,DICE,51.39,55.0,1,1
2026-06-02,2026-06-02 17:14:55,2-jours,regular,"['vendredi', 'samedi']",Pass 2 Jours,Shotgun,85.0,96.07,1,1
2026-06-02,2026-06-02 17:15:23,2-jours,regular,,Pass 2 Jours,DICE,88.77,93.5,1,1
2026-06-02,2026-06-02 17:15:28,2-jours,regular,"['vendredi', 'samedi']",Pass 2 Jours,Shotgun,85.0,96.07,1,1
2026-06-02,2026-06-02 17:15:36,2-jours,regular,"['vendredi', 'samedi']",Pass 2 Jours,Shotgun,85.0,96.07,1,1
2026-06-02,2026-06-02 17:16:00,2-jours,regular,,Pass 2 Jours,DICE,88.77,93.5,1,1
2026-06-02,2026-06-02 17:16:03,samedi,regular,['samedi'],Pass Samedi,Shotgun,45.0,50.86,1,1
2026-06-02,2026-06-02 17:16:03,samedi,regular,['samedi'],Pass Samedi,Shotgun,45.0,50.86,1,1
2026-06-02,2026-06-02 17:16:06,vendredi,regular,['vendredi'],Pass Vendredi,Shotgun,45.0,50.86,1,1
2026-06-02,2026-06-02 17:16:09,samedi,regular,['samedi'],Pass Samedi,Shotgun,45.0,50.86,1,1
2026-06-02,2026-06-02 17:16:09,samedi,regular,['samedi'],Pass Samedi,Shotgun,45.0,50.86,1,1
2026-06-02,2026-06-02 17:16:12,2-jours,regular,,Pass 2 Jours,DICE,88.77,93.5,1,1
2026-06-02,2026-06-02 17:16:16,vendredi,regular,['vendredi'],Pass Vendredi,DICE,46.05,49.5,1,1
2026-06-02,2026-06-02 17:16:16,vendredi,regular,['vendredi'],Pass Vendredi,DICE,46.05,49.5,1,1
2026-06-02,2026-06-02 17:16:16,vendredi,regular,['vendredi'],Pass Vendredi,DICE,46.05,49.5,1,1
2026-06-02,2026-06-02 17:16:44,2-jours,regular,,Pass 2 Jours,DICE,88.77,93.5,1,1
2026-06-02,2026-06-02 17:16:45,samedi,regular,['samedi'],Pass Samedi,DICE,51.39,55.0,1,1
2026-06-02,2026-06-02 17:16:48,2-jours,regular,"['vendredi', 'samedi']",Pass 2 Jours,Shotgun,85.0,96.07,1,1
2026-06-02,2026-06-02 17:16:51,2-jours,regular,"['vendredi', 'samedi']",Pass 2 Jours,Shotgun,85.0,96.07,1,1
2026-06-02,2026-06-02 17:16:54,2-jours,regular,,Pass 2 Jours,DICE,88.77,93.5,1,1
2026-06-02,2026-06-02 17:17:02,2-jours,regular,"['vendredi', 'samedi']",Pass 2 Jours,Shotgun,85.0,96.07,1,1
2026-06-02,2026-06-02 17:17:02,2-jours,regular,"['vendredi', 'samedi']",Pass 2 Jours,Shotgun,85.0,96.07,1,1
2026-06-02,2026-06-02 17:17:02,2-jours,regular,"['vendredi', 'samedi']",Pass 2 Jours,Shotgun,85.0,96.07,1,1
2026-06-02,2026-06-02 17:17:07,2-jours,regular,,Pass 2 Jours,DICE,88.77,93.5,1,1
2026-06-02,2026-06-02 17:17:08,samedi,regular,['samedi'],Pass Samedi,DICE,51.39,55.0,1,1
2026-06-02,2026-06-02 17:17:13,samedi,regular,['samedi'],Pass Samedi,DICE,46.05,49.5,1,1
2026-06-02,2026-06-02 17:17:18,2-jours,regular,"['vendredi', 'samedi']",Pass 2 Jours,Shotgun,85.0,96.07,1,1
2026-06-02,2026-06-02 17:17:32,2-jours,regular,,Pass 2 Jours,DICE,88.77,93.5,1,1
2026-06-02,2026-06-02 17:17:37,vendredi,regular,['vendredi'],Pass Vendredi,DICE,46.05,49.5,1,1
2026-06-02,2026-06-02 17:17:37,vendredi,regular,['vendredi'],Pass Vendredi,DICE,46.05,49.5,1,1
2026-06-02,2026-06-02 17:17:37,2-jours,regular,"['vendredi', 'samedi']",Pass 2 Jours,Shotgun,85.0,96.07,1,1
2026-06-02,2026-06-02 17:17:40,samedi,regular,['samedi'],Pass Samedi,Shotgun,45.0,50.86,1,1
2026-06-02,2026-06-02 17:18:01,2-jours,regular,"['vendredi', 'samedi']",Pass 2 Jours,Shotgun,85.0,96.07,1,1
2026-06-02,2026-06-02 17:18:03,2-jours,regular,,Pass 2 Jours,DICE,88.77,93.5,1,1
2026-06-02,2026-06-02 17:18:07,2-jours,regular,,Pass 2 Jours,DICE,88.77,93.5,1,1
2026-06-02,2026-06-02 17:18:07,vendredi,regular,['vendredi'],Pass Vendredi,Shotgun,45.0,50.86,1,1
2026-06-02,2026-06-02 17:18:07,vendredi,regular,['vendredi'],Pass Vendredi,Shotgun,45.0,50.86,1,1
2026-06-02,2026-06-02 17:18:14,2-jours,regular,"['vendredi', 'samedi']",Pass 2 Jours,Shotgun,85.0,96.07,1,1
2026-06-02,2026-06-02 17:18:21,samedi,regular,['samedi'],Pass Samedi,DICE,51.39,55.0,1,1
2026-06-02,2026-06-02 17:18:22,vendredi,regular,['vendredi'],Pass Vendredi,DICE,46.05,49.5,1,1
2026-06-02,2026-06-02 17:18:22,vendredi,regular,['vendredi'],Pass Vendredi,DICE,46.05,49.5,1,1
2026-06-02,2026-06-02 17:18:29,2-jours,regular,,Pass 2 Jours,DICE,88.77,93.5,1,1
2026-06-02,2026-06-02 17:18:31,vendredi,regular,['vendredi'],Pass Vendredi,DICE,46.05,49.5,1,1
2026-06-02,2026-06-02 17:18:37,2-jours,regular,"['vendredi', 'samedi']",Pass 2 Jours,Shotgun,85.0,96.07,1,1
2026-06-02,2026-06-02 17:18:46,2-jours,regular,"['vendredi', 'samedi']",Pass 2 Jours,Shotgun,85.0,96.07,1,1
2026-06-02,2026-06-02 17:19:03,2-jours,regular,,Pass 2 Jours,DICE,88.77,93.5,1,1
2026-06-02,2026-06-02 17:19:03,2-jours,regular,,Pass 2 Jours,DICE,88.77,93.5,1,1
2026-06-02,2026-06-02 17:19:27,2-jours,regular,"['vendredi', 'samedi']",Pass 2 Jours,Shotgun,85.0,96.07,1,1
2026-06-02,2026-06-02 17:19:50,2-jours,regular,,Pass 2 Jours,DICE,88.77,93.5,1,1
2026-06-02,2026-06-02 17:19:51,2-jours,regular,,Pass 2 Jours,DICE,88.77,93.5,1,1
2026-06-02,2026-06-02 17:19:57,samedi,regular,['samedi'],Pass Samedi,DICE,51.39,55.0,1,1
2026-06-02,2026-06-02 17:20:06,2-jours,regular,"['vendredi', 'samedi']",Pass 2 Jours,Shotgun,85.0,96.07,1,1
2026-06-02,2026-06-02 17:20:11,2-jours,regular,"['vendredi', 'samedi']",Pass 2 Jours,Shotgun,85.0,96.07,1,1
2026-06-02,2026-06-02 17:20:11,2-jours,regular,"['vendredi', 'samedi']",Pass 2 Jours,Shotgun,85.0,96.07,1,1
2026-06-02,2026-06-02 17:20:12,2-jours,regular,,Pass 2 Jours,DICE,88.77,93.5,1,1
2026-06-02,2026-06-02 17:20:19,2-jours,regular,"['vendredi', 'samedi']",Pass 2 Jours,Shotgun,85.0,96.07,1,1
2026-06-02,2026-06-02 17:20:28,vendredi,regular,['vendredi'],Pass Vendredi,DICE,46.05,49.5,1,1
2026-06-02,2026-06-02 17:20:36,2-jours,regular,"['vendredi', 'samedi']",Pass 2 Jours,Shotgun,85.0,96.07,1,1
2026-06-02,2026-06-02 17:20:38,2-jours,regular,,Pass 2 Jours,DICE,88.77,93.5,1,1
2026-06-02,2026-06-02 17:20:38,2-jours,regular,"['vendredi', 'samedi']",Pass 2 Jours,Shotgun,85.0,96.07,1,1
2026-06-02,2026-06-02 17:20:45,2-jours,regular,"['vendredi', 'samedi']",Pass 2 Jours,Shotgun,85.0,96.07,1,1
2026-06-02,2026-06-02 17:20:46,samedi,regular,['samedi'],Pass Samedi,DICE,51.39,55.0,1,1
2026-06-02,2026-06-02 17:20:46,samedi,regular,['samedi'],Pass Samedi,DICE,51.39,55.0,1,1
2026-06-02,2026-06-02 17:20:56,samedi,regular,['samedi'],Pass Samedi,DICE,51.39,55.0,1,1
2026-06-02,2026-06-02 17:20:59,2-jours,regular,"['vendredi', 'samedi']",Pass 2 Jours,Shotgun,85.0,96.07,1,1
2026-06-02,2026-06-02 17:21:06,vendredi,regular,['vendredi'],Pass Vendredi,DICE,46.05,49.5,1,1
2026-06-02,2026-06-02 17:21:07,samedi,regular,['samedi'],Pass Samedi,Shotgun,45.0,50.86,1,1
2026-06-02,2026-06-02 17:21:21,2-jours,regular,"['vendredi', 'samedi']",Pass 2 Jours,Shotgun,85.0,96.07,1,1
2026-06-02,2026-06-02 17:21:28,samedi,regular,['samedi'],Pass Samedi,Shotgun,45.0,50.86,1,1
2026-06-02,2026-06-02 17:21:49,2-jours,regular,"['vendredi', 'samedi']",Pass 2 Jours,Shotgun,85.0,96.07,1,1
2026-06-02,2026-06-02 17:22:15,2-jours,regular,,Pass 2 Jours,DICE,88.77,93.5,1,1
2026-06-02,2026-06-02 17:22:15,2-jours,regular,"['vendredi', 'samedi']",Pass 2 Jours,Shotgun,85.0,96.07,1,1
2026-06-02,2026-06-02 17:22:24,samedi,regular,['samedi'],Pass Samedi,DICE,51.39,55.0,1,1
2026-06-02,2026-06-02 17:22:27,vendredi,regular,['vendredi'],Pass Vendredi,DICE,46.05,49.5,1,1
2026-06-02,2026-06-02 17:22:27,vendredi,regular,['vendredi'],Pass Vendredi,DICE,46.05,49.5,1,1
2026-06-02,2026-06-02 17:22:37,2-jours,regular,,Pass 2 Jours,DICE,88.77,93.5,1,1
2026-06-02,2026-06-02 17:22:46,2-jours,regular,"['vendredi', 'samedi']",Pass 2 Jours,Shotgun,95.0,107.37,1,1
2026-06-02,2026-06-02 17:22:54,vendredi,regular,['vendredi'],Pass Vendredi,DICE,46.05,49.5,1,1
2026-06-02,2026-06-02 17:22:57,vendredi,regular,['vendredi'],Pass Vendredi,DICE,46.05,49.5,1,1
2026-06-02,2026-06-02 17:23:03,2-jours,regular,,Pass 2 Jours,DICE,88.77,93.5,1,1
2026-06-02,2026-06-02 17:23:10,samedi,regular,['samedi'],Pass Samedi,DICE,51.39,55.0,1,1
2026-06-02,2026-06-02 17:23:19,samedi,regular,['samedi'],Pass Samedi,DICE,51.39,55.0,1,1
2026-06-02,2026-06-02 17:23:19,samedi,regular,['samedi'],Pass Samedi,DICE,51.39,55.0,1,1
2026-06-02,2026-06-02 17:23:22,vendredi,regular,['vendredi'],Pass Vendredi,DICE,46.05,49.5,1,1
2026-06-02,2026-06-02 17:23:25,2-jours,regular,,Pass 2 Jours,DICE,88.77,93.5,1,1
2026-06-02,2026-06-02 17:23:27,samedi,regular,['samedi'],Pass Samedi,Shotgun,45.0,50.86,1,1
2026-06-02,2026-06-02 17:23:28,vendredi,regular,['vendredi'],Pass Vendredi,Shotgun,45.0,50.86,1,1
2026-06-02,2026-06-02 17:23:28,samedi,regular,['samedi'],Pass Samedi,Shotgun,45.0,50.86,1,1
2026-06-02,2026-06-02 17:23:45,2-jours,regular,,Pass 2 Jours,DICE,88.77,93.5,1,1
2026-06-02,2026-06-02 17:23:55,2-jours,regular,"['vendredi', 'samedi']",Pass 2 Jours,Shotgun,95.0,107.37,1,1
2026-06-02,2026-06-02 17:23:57,vendredi,regular,['vendredi'],Pass Vendredi,DICE,46.05,49.5,1,1
2026-06-02,2026-06-02 17:23:57,vendredi,regular,['vendredi'],Pass Vendredi,DICE,46.05,49.5,1,1
2026-06-02,2026-06-02 17:24:11,2-jours,regular,"['vendredi', 'samedi']",Pass 2 Jours,Shotgun,85.0,96.07,1,1
2026-06-02,2026-06-02 17:24:20,samedi,regular,['samedi'],Pass Samedi,DICE,51.39,55.0,1,1
2026-06-02,2026-06-02 17:24:22,2-jours,regular,,Pass 2 Jours,DICE,88.77,93.5,1,1
2026-06-02,2026-06-02 17:24:23,2-jours,regular,,Pass 2 Jours,DICE,88.77,93.5,1,1
2026-06-02,2026-06-02 17:24:37,2-jours,regular,"['vendredi', 'samedi']",Pass 2 Jours,Shotgun,95.0,107.37,1,1
2026-06-02,2026-06-02 17:24:45,2-jours,regular,,Pass 2 Jours,DICE,88.77,93.5,1,1
2026-06-02,2026-06-02 17:24:56,2-jours,regular,,Pass 2 Jours,DICE,88.77,93.5,1,1
2026-06-02,2026-06-02 17:25:05,samedi,regular,['samedi'],Pass Samedi,Shotgun,45.0,50.86,1,1
2026-06-02,2026-06-02 17:25:17,2-jours,regular,,Pass 2 Jours,DICE,88.77,93.5,1,1
2026-06-02,2026-06-02 17:25:20,vendredi,regular,['vendredi'],Pass Vendredi,DICE,46.05,49.5,1,1
2026-06-02,2026-06-02 17:25:25,2-jours,regular,"['vendredi', 'samedi']",Pass 2 Jours,Shotgun,95.0,107.37,1,1
2026-06-02,2026-06-02 17:25:38,samedi,regular,['samedi'],Pass Samedi,Shotgun,45.0,50.86,1,1
2026-06-02,2026-06-02 17:25:39,samedi,regular,['samedi'],Pass Samedi,Shotgun,45.0,50.86,1,1
2026-06-02,2026-06-02 17:25:45,2-jours,regular,"['vendredi', 'samedi']",Pass 2 Jours,Shotgun,95.0,107.37,1,1
2026-06-02,2026-06-02 17:25:57,samedi,regular,['samedi'],Pass Samedi,Shotgun,45.0,50.86,1,1
2026-06-02,2026-06-02 17:25:57,samedi,regular,['samedi'],Pass Samedi,Shotgun,45.0,50.86,1,1
2026-06-02,2026-06-02 17:26:07,2-jours,regular,,Pass 2 Jours,DICE,88.77,93.5,1,1
2026-06-02,2026-06-02 17:26:07,2-jours,regular,,Pass 2 Jours,DICE,88.77,93.5,1,1
2026-06-02,2026-06-02 17:26:27,2-jours,regular,,Pass 2 Jours,DICE,88.77,93.5,1,1
2026-06-02,2026-06-02 17:26:27,2-jours,regular,,Pass 2 Jours,DICE,88.77,93.5,1,1
2026-06-02,2026-06-02 17:26:38,2-jours,regular,"['vendredi', 'samedi']",Pass 2 Jours,Shotgun,95.0,107.37,1,1
2026-06-02,2026-06-02 17:26:38,2-jours,regular,"['vendredi', 'samedi']",Pass 2 Jours,Shotgun,95.0,107.37,1,1
2026-06-02,2026-06-02 17:26:42,vendredi,regular,['vendredi'],Pass Vendredi,DICE,46.05,49.5,1,1
2026-06-02,2026-06-02 17:26:43,samedi,regular,['samedi'],Pass Samedi,DICE,51.39,55.0,1,1
2026-06-02,2026-06-02 17:26:43,samedi,regular,['samedi'],Pass Samedi,DICE,51.39,55.0,1,1
2026-06-02,2026-06-02 17:26:43,samedi,regular,['samedi'],Pass Samedi,DICE,51.39,55.0,1,1
2026-06-02,2026-06-02 17:26:46,samedi,regular,['samedi'],Pass Samedi,DICE,51.39,55.0,1,1
2026-06-02,2026-06-02 17:26:46,samedi,regular,['samedi'],Pass Samedi,DICE,51.39,55.0,1,1
2026-06-02,2026-06-02 17:26:46,samedi,regular,['samedi'],Pass Samedi,DICE,51.39,55.0,1,1
2026-06-02,2026-06-02 17:26:46,samedi,regular,['samedi'],Pass Samedi,DICE,51.39,55.0,1,1
2026-06-02,2026-06-02 17:27:08,2-jours,regular,,Pass 2 Jours,DICE,88.77,93.5,1,1
2026-06-02,2026-06-02 17:28:13,vendredi,regular,['vendredi'],Pass Vendredi,DICE,46.05,49.5,1,1
2026-06-02,2026-06-02 17:28:13,vendredi,regular,['vendredi'],Pass Vendredi,DICE,46.05,49.5,1,1
2026-06-02,2026-06-02 17:28:15,samedi,regular,['samedi'],Pass Samedi,DICE,51.39,55.0,1,1
2026-06-02,2026-06-02 17:28:15,samedi,regular,['samedi'],Pass Samedi,DICE,51.39,55.0,1,1
2026-06-02,2026-06-02 17:28:28,2-jours,regular,,Pass 2 Jours,DICE,88.77,93.5,1,1
2026-06-02,2026-06-02 17:28:40,samedi,regular,['samedi'],Pass Samedi,DICE,51.39,55.0,1,1
2026-06-02,2026-06-02 17:28:44,2-jours,regular,"['vendredi', 'samedi']",Pass 2 Jours,Shotgun,85.0,96.07,1,1
2026-06-02,2026-06-02 17:28:59,2-jours,regular,,Pass 2 Jours,DICE,88.77,93.5,1,1
2026-06-02,2026-06-02 17:29:20,vendredi,regular,['vendredi'],Pass Vendredi,DICE,46.05,49.5,1,1
2026-06-02,2026-06-02 17:29:22,2-jours,regular,,Pass 2 Jours,DICE,88.77,93.5,1,1
2026-06-02,2026-06-02 17:29:25,2-jours,regular,,Pass 2 Jours,DICE,88.77,93.5,1,1
2026-06-02,2026-06-02 17:29:41,2-jours,regular,"['vendredi', 'samedi']",Pass 2 Jours,Shotgun,95.0,107.37,1,1
2026-06-02,2026-06-02 17:29:56,2-jours,regular,,Pass 2 Jours,DICE,88.77,93.5,1,1
2026-06-02,2026-06-02 17:30:00,2-jours,regular,"['vendredi', 'samedi']",Pass 2 Jours,Shotgun,95.0,107.37,1,1
2026-06-02,2026-06-02 17:30:20,2-jours,regular,,Pass 2 Jours,DICE,88.77,93.5,1,1
2026-06-02,2026-06-02 17:30:25,2-jours,regular,"['vendredi', 'samedi']",Pass 2 Jours,Shotgun,85.0,96.07,1,1
2026-06-02,2026-06-02 17:31:31,2-jours,regular,"['vendredi', 'samedi']",Pass 2 Jours,Shotgun,95.0,107.37,1,1
2026-06-02,2026-06-02 17:31:51,2-jours,regular,,Pass 2 Jours,DICE,88.77,93.5,1,1
2026-06-02,2026-06-02 17:32:25,samedi,regular,['samedi'],Pass Samedi,Shotgun,45.0,50.86,1,1
2026-06-02,2026-06-02 17:32:25,samedi,regular,['samedi'],Pass Samedi,Shotgun,45.0,50.86,1,1
2026-06-02,2026-06-02 17:33:01,2-jours,regular,"['vendredi', 'samedi']",Pass 2 Jours,Shotgun,95.0,107.37,1,1
2026-06-02,2026-06-02 17:33:05,2-jours,regular,,Pass 2 Jours,DICE,88.77,93.5,1,1
2026-06-02,2026-06-02 17:33:30,vendredi,regular,['vendredi'],Pass Vendredi,DICE,46.05,49.5,1,1
2026-06-02,2026-06-02 17:33:45,samedi,regular,['samedi'],Pass Samedi,Shotgun,45.0,50.86,1,1
2026-06-02,2026-06-02 17:33:46,samedi,regular,['samedi'],Pass Samedi,DICE,51.39,55.0,1,1
2026-06-02,2026-06-02 17:33:46,2-jours,regular,,Pass 2 Jours,DICE,88.77,93.5,1,1
2026-06-02,2026-06-02 17:34:08,2-jours,regular,"['vendredi', 'samedi']",Pass 2 Jours,Shotgun,95.0,107.37,1,1
2026-06-02,2026-06-02 17:34:28,vendredi,regular,['vendredi'],Pass Vendredi,Shotgun,45.0,50.86,1,1
2026-06-02,2026-06-02 17:34:28,samedi,regular,['samedi'],Pass Samedi,Shotgun,45.0,50.86,1,1
2026-06-02,2026-06-02 17:34:32,2-jours,regular,"['vendredi', 'samedi']",Pass 2 Jours,Shotgun,95.0,107.37,1,1
2026-06-02,2026-06-02 17:34:55,2-jours,regular,,Pass 2 Jours,DICE,88.77,93.5,1,1
2026-06-02,2026-06-02 17:34:55,2-jours,regular,"['vendredi', 'samedi']",Pass 2 Jours,Shotgun,95.0,107.37,1,1
2026-06-02,2026-06-02 17:34:55,2-jours,regular,"['vendredi', 'samedi']",Pass 2 Jours,Shotgun,95.0,107.37,1,1
2026-06-02,2026-06-02 17:35:04,2-jours,regular,,Pass 2 Jours,DICE,88.77,93.5,1,1
2026-06-02,2026-06-02 17:35:46,samedi,regular,['samedi'],Pass Samedi,DICE,51.39,55.0,1,1
2026-06-02,2026-06-02 17:36:03,2-jours,regular,,Pass 2 Jours,DICE,88.77,93.5,1,1
2026-06-02,2026-06-02 17:36:13,2-jours,regular,,Pass 2 Jours,DICE,88.77,93.5,1,1
2026-06-02,2026-06-02 17:36:34,2-jours,regular,"['vendredi', 'samedi']",Pass 2 Jours,Shotgun,95.0,107.37,1,1
2026-06-02,2026-06-02 17:36:39,2-jours,regular,,Pass 2 Jours,DICE,88.77,93.5,1,1
2026-06-02,2026-06-02 17:36:39,2-jours,regular,,Pass 2 Jours,DICE,88.77,93.5,1,1
2026-06-02,2026-06-02 17:36:53,vendredi,regular,['vendredi'],Pass Vendredi,DICE,46.05,49.5,1,1
2026-06-02,2026-06-02 17:36:53,vendredi,regular,['vendredi'],Pass Vendredi,DICE,46.05,49.5,1,1
2026-06-02,2026-06-02 17:36:53,vendredi,regular,['vendredi'],Pass Vendredi,DICE,46.05,49.5,1,1
2026-06-02,2026-06-02 17:37:02,samedi,regular,['samedi'],Pass Samedi,Shotgun,45.0,50.86,1,1
2026-06-02,2026-06-02 17:37:02,vendredi,regular,['vendredi'],Pass Vendredi,Shotgun,45.0,50.86,1,1
2026-06-02,2026-06-02 17:37:14,2-jours,regular,,Pass 2 Jours,DICE,88.77,93.5,1,1
2026-06-02,2026-06-02 17:37:34,2-jours,regular,,Pass 2 Jours,DICE,88.77,93.5,1,1
2026-06-02,2026-06-02 17:37:41,2-jours,regular,,Pass 2 Jours,DICE,88.77,93.5,1,1
2026-06-02,2026-06-02 17:37:56,2-jours,regular,,Pass 2 Jours,DICE,88.77,93.5,1,1
2026-06-02,2026-06-02 17:38:03,2-jours,regular,,Pass 2 Jours,DICE,88.77,93.5,1,1
2026-06-02,2026-06-02 17:38:09,2-jours,regular,,Pass 2 Jours,DICE,88.77,93.5,1,1
2026-06-02,2026-06-02 17:38:09,2-jours,regular,,Pass 2 Jours,DICE,88.77,93.5,1,1
2026-06-02,2026-06-02 17:39:06,2-jours,regular,,Pass 2 Jours,DICE,88.77,93.5,1,1
2026-06-02,2026-06-02 17:39:10,samedi,regular,['samedi'],Pass Samedi,DICE,51.39,55.0,1,1
2026-06-02,2026-06-02 17:39:26,2-jours,regular,,Pass 2 Jours,DICE,88.77,93.5,1,1
2026-06-02,2026-06-02 17:39:30,vendredi,regular,['vendredi'],Pass Vendredi,DICE,46.05,49.5,1,1
2026-06-02,2026-06-02 17:39:30,vendredi,regular,['vendredi'],Pass Vendredi,DICE,46.05,49.5,1,1
2026-06-02,2026-06-02 17:39:40,2-jours,regular,,Pass 2 Jours,DICE,88.77,93.5,1,1
2026-06-02,2026-06-02 17:39:48,2-jours,regular,,Pass 2 Jours,DICE,88.77,93.5,1,1
2026-06-02,2026-06-02 17:40:09,2-jours,regular,,Pass 2 Jours,DICE,88.77,93.5,1,1
2026-06-02,2026-06-02 17:40:09,2-jours,regular,,Pass 2 Jours,DICE,88.77,93.5,1,1
2026-06-02,2026-06-02 17:40:25,2-jours,regular,,Pass 2 Jours,DICE,88.77,93.5,1,1
2026-06-02,2026-06-02 17:40:46,2-jours,regular,,Pass 2 Jours,DICE,88.77,93.5,1,1
2026-06-02,2026-06-02 17:41:07,2-jours,regular,"['vendredi', 'samedi']",Pass 2 Jours,Shotgun,95.0,107.37,1,1
2026-06-02,2026-06-02 17:41:18,vendredi,regular,['vendredi'],Pass Vendredi,DICE,46.05,49.5,1,1
2026-06-02,2026-06-02 17:41:45,vendredi,regular,['vendredi'],Pass Vendredi,Shotgun,45.0,50.86,1,1
2026-06-02,2026-06-02 17:41:45,vendredi,regular,['vendredi'],Pass Vendredi,Shotgun,45.0,50.86,1,1
2026-06-02,2026-06-02 17:41:45,samedi,regular,['samedi'],Pass Samedi,Shotgun,45.0,50.86,1,1
2026-06-02,2026-06-02 17:41:45,samedi,regular,['samedi'],Pass Samedi,Shotgun,45.0,50.86,1,1
2026-06-02,2026-06-02 17:42:13,samedi,regular,['samedi'],Pass Samedi,DICE,51.39,55.0,1,1
2026-06-02,2026-06-02 17:42:22,samedi,regular,['samedi'],Pass Samedi,Shotgun,45.0,50.86,1,1
2026-06-02,2026-06-02 17:42:25,vendredi,regular,['vendredi'],Pass Vendredi,DICE,46.05,49.5,1,1
2026-06-02,2026-06-02 17:42:25,vendredi,regular,['vendredi'],Pass Vendredi,DICE,46.05,49.5,1,1
2026-06-02,2026-06-02 17:43:07,samedi,regular,['samedi'],Pass Samedi,DICE,51.39,55.0,1,1
2026-06-02,2026-06-02 17:43:32,2-jours,regular,,Pass 2 Jours,DICE,88.77,93.5,1,1
2026-06-02,2026-06-02 17:43:44,2-jours,regular,,Pass 2 Jours,DICE,88.77,93.5,1,1
2026-06-02,2026-06-02 17:43:47,2-jours,regular,,Pass 2 Jours,DICE,88.77,93.5,1,1
2026-06-02,2026-06-02 17:44:29,2-jours,regular,,Pass 2 Jours,DICE,88.77,93.5,1,1
2026-06-02,2026-06-02 17:44:49,2-jours,regular,,Pass 2 Jours,DICE,88.77,93.5,1,1
2026-06-02,2026-06-02 17:44:49,2-jours,regular,,Pass 2 Jours,DICE,88.77,93.5,1,1
2026-06-02,2026-06-02 17:44:49,2-jours,regular,,Pass 2 Jours,DICE,88.77,93.5,1,1
2026-06-02,2026-06-02 17:45:17,samedi,regular,['samedi'],Pass Samedi,DICE,51.39,55.0,1,1
2026-06-02,2026-06-02 17:45:17,samedi,regular,['samedi'],Pass Samedi,DICE,51.39,55.0,1,1
2026-06-02,2026-06-02 17:45:26,2-jours,regular,"['vendredi', 'samedi']",Pass 2 Jours,Shotgun,95.0,107.37,1,1
2026-06-02,2026-06-02 17:45:29,2-jours,regular,,Pass 2 Jours,DICE,88.77,93.5,1,1
2026-06-02,2026-06-02 17:45:37,samedi,regular,['samedi'],Pass Samedi,DICE,51.39,55.0,1,1
2026-06-02,2026-06-02 17:45:37,samedi,regular,['samedi'],Pass Samedi,DICE,51.39,55.0,1,1
2026-06-02,2026-06-02 17:45:37,samedi,regular,['samedi'],Pass Samedi,DICE,51.39,55.0,1,1
2026-06-02,2026-06-02 17:45:54,vendredi,regular,['vendredi'],Pass Vendredi,Shotgun,45.0,50.86,1,1
2026-06-02,2026-06-02 17:45:54,samedi,regular,['samedi'],Pass Samedi,Shotgun,45.0,50.86,1,1
2026-06-02,2026-06-02 17:46:14,vendredi,regular,['vendredi'],Pass Vendredi,Shotgun,45.0,50.86,1,1
2026-06-02,2026-06-02 17:46:14,samedi,regular,['samedi'],Pass Samedi,Shotgun,45.0,50.86,1,1
2026-06-02,2026-06-02 17:46:40,2-jours,regular,,Pass 2 Jours,DICE,88.77,93.5,1,1
2026-06-02,2026-06-02 17:46:49,2-jours,regular,,Pass 2 Jours,DICE,88.77,93.5,1,1
2026-06-02,2026-06-02 17:46:49,2-jours,regular,,Pass 2 Jours,DICE,88.77,93.5,1,1
2026-06-02,2026-06-02 17:47:10,samedi,regular,['samedi'],Pass Samedi,DICE,51.39,55.0,1,1
2026-06-02,2026-06-02 17:47:44,2-jours,regular,,Pass 2 Jours,DICE,88.77,93.5,1,1
2026-06-02,2026-06-02 17:48:02,2-jours,regular,,Pass 2 Jours,DICE,88.77,93.5,1,1
2026-06-02,2026-06-02 17:48:28,2-jours,regular,,Pass 2 Jours,DICE,88.77,93.5,1,1
2026-06-02,2026-06-02 17:48:29,samedi,regular,['samedi'],Pass Samedi,DICE,51.39,55.0,1,1
2026-06-02,2026-06-02 17:48:29,samedi,regular,['samedi'],Pass Samedi,DICE,51.39,55.0,1,1
2026-06-02,2026-06-02 17:48:37,vendredi,regular,['vendredi'],Pass Vendredi,Shotgun,45.0,50.86,1,1
2026-06-02,2026-06-02 17:48:37,samedi,regular,['samedi'],Pass Samedi,Shotgun,45.0,50.86,1,1
2026-06-02,2026-06-02 17:48:37,samedi,regular,['samedi'],Pass Samedi,Shotgun,45.0,50.86,1,1
2026-06-02,2026-06-02 17:48:37,vendredi,regular,['vendredi'],Pass Vendredi,Shotgun,45.0,50.86,1,1
2026-06-02,2026-06-02 17:48:41,2-jours,regular,,Pass 2 Jours,DICE,88.77,93.5,1,1
2026-06-02,2026-06-02 17:49:17,2-jours,regular,,Pass 2 Jours,DICE,88.77,93.5,1,1
2026-06-02,2026-06-02 17:50:14,samedi,regular,['samedi'],Pass Samedi,DICE,51.39,55.0,1,1
2026-06-02,2026-06-02 17:50:14,samedi,regular,['samedi'],Pass Samedi,DICE,51.39,55.0,1,1
2026-06-02,2026-06-02 17:50:54,2-jours,regular,,Pass 2 Jours,DICE,88.77,93.5,1,1
2026-06-02,2026-06-02 17:50:55,vendredi,regular,['vendredi'],Pass Vendredi,DICE,46.05,49.5,1,1
2026-06-02,2026-06-02 17:50:55,vendredi,regular,['vendredi'],Pass Vendredi,DICE,46.05,49.5,1,1
2026-06-02,2026-06-02 17:50:55,vendredi,regular,['vendredi'],Pass Vendredi,DICE,46.05,49.5,1,1
2026-06-02,2026-06-02 17:51:00,vendredi,regular,['vendredi'],Pass Vendredi,DICE,46.05,49.5,1,1
2026-06-02,2026-06-02 17:51:02,2-jours,regular,,Pass 2 Jours,DICE,88.77,93.5,1,1
2026-06-02,2026-06-02 17:51:13,samedi,regular,['samedi'],Pass Samedi,DICE,51.39,55.0,1,1
2026-06-02,2026-06-02 17:51:13,samedi,regular,['samedi'],Pass Samedi,DICE,51.39,55.0,1,1
2026-06-02,2026-06-02 17:51:28,2-jours,regular,"['vendredi', 'samedi']",Pass 2 Jours,Shotgun,95.0,107.37,1,1
2026-06-02,2026-06-02 17:51:52,samedi,regular,['samedi'],Pass Samedi,DICE,51.39,55.0,1,1
2026-06-02,2026-06-02 17:51:52,samedi,regular,['samedi'],Pass Samedi,DICE,51.39,55.0,1,1
2026-06-02,2026-06-02 17:52:12,2-jours,regular,,Pass 2 Jours,DICE,88.77,93.5,1,1
2026-06-02,2026-06-02 17:52:12,2-jours,regular,,Pass 2 Jours,DICE,88.77,93.5,1,1
2026-06-02,2026-06-02 17:52:31,samedi,regular,['samedi'],Pass Samedi,Shotgun,45.0,50.86,1,1
2026-06-02,2026-06-02 17:52:42,vendredi,regular,['vendredi'],Pass Vendredi,DICE,46.05,49.5,1,1
2026-06-02,2026-06-02 17:52:42,vendredi,regular,['vendredi'],Pass Vendredi,DICE,46.05,49.5,1,1
2026-06-02,2026-06-02 17:52:42,vendredi,regular,['vendredi'],Pass Vendredi,DICE,46.05,49.5,1,1
2026-06-02,2026-06-02 17:52:42,vendredi,regular,['vendredi'],Pass Vendredi,DICE,46.05,49.5,1,1
2026-06-02,2026-06-02 17:52:53,samedi,regular,['samedi'],Pass Samedi,DICE,51.39,55.0,1,1
2026-06-02,2026-06-02 17:52:53,samedi,regular,['samedi'],Pass Samedi,DICE,51.39,55.0,1,1
2026-06-02,2026-06-02 17:53:08,2-jours,regular,,Pass 2 Jours,DICE,88.77,93.5,1,1
2026-06-02,2026-06-02 17:53:36,2-jours,regular,,Pass 2 Jours,DICE,88.77,93.5,1,1
2026-06-02,2026-06-02 17:53:44,vendredi,regular,['vendredi'],Pass Vendredi,DICE,46.05,49.5,1,1
2026-06-02,2026-06-02 17:53:57,samedi,regular,['samedi'],Pass Samedi,Shotgun,45.0,50.86,1,1
2026-06-02,2026-06-02 17:55:00,vendredi,regular,['vendredi'],Pass Vendredi,DICE,46.05,49.5,1,1
2026-06-02,2026-06-02 17:55:00,vendredi,regular,['vendredi'],Pass Vendredi,DICE,51.39,55.0,1,1
2026-06-02,2026-06-02 17:55:12,2-jours,regular,,Pass 2 Jours,DICE,88.77,93.5,1,1
2026-06-02,2026-06-02 17:55:26,samedi,regular,['samedi'],Pass Samedi,DICE,51.39,55.0,1,1
2026-06-02,2026-06-02 17:55:48,2-jours,regular,"['vendredi', 'samedi']",Pass 2 Jours,Shotgun,95.0,107.37,1,1
2026-06-02,2026-06-02 17:55:51,2-jours,regular,,Pass 2 Jours,DICE,88.77,93.5,1,1
2026-06-02,2026-06-02 17:55:51,2-jours,regular,,Pass 2 Jours,DICE,88.77,93.5,1,1
2026-06-02,2026-06-02 17:56:08,2-jours,regular,,Pass 2 Jours,DICE,88.77,93.5,1,1
2026-06-02,2026-06-02 17:56:29,2-jours,regular,,Pass 2 Jours,DICE,88.77,93.5,1,1
2026-06-02,2026-06-02 17:56:29,2-jours,regular,,Pass 2 Jours,DICE,88.77,93.5,1,1
2026-06-02,2026-06-02 17:57:21,vendredi,regular,['vendredi'],Pass Vendredi,DICE,51.39,55.0,1,1
2026-06-02,2026-06-02 17:57:29,samedi,regular,['samedi'],Pass Samedi,Shotgun,45.0,50.86,1,1
2026-06-02,2026-06-02 17:57:29,samedi,regular,['samedi'],Pass Samedi,Shotgun,45.0,50.86,1,1
2026-06-02,2026-06-02 17:57:30,samedi,regular,['samedi'],Pass Samedi,DICE,51.39,55.0,1,1
2026-06-02,2026-06-02 17:57:30,samedi,regular,['samedi'],Pass Samedi,DICE,51.39,55.0,1,1
2026-06-02,2026-06-02 17:57:38,2-jours,regular,,Pass 2 Jours,DICE,88.77,93.5,1,1
2026-06-02,2026-06-02 17:57:43,samedi,regular,['samedi'],Pass Samedi,DICE,51.39,55.0,1,1
2026-06-02,2026-06-02 17:57:51,samedi,regular,['samedi'],Pass Samedi,Shotgun,45.0,50.86,1,1
2026-06-02,2026-06-02 17:58:34,2-jours,regular,,Pass 2 Jours,DICE,88.77,93.5,1,1
2026-06-02,2026-06-02 17:58:43,samedi,regular,['samedi'],Pass Samedi,DICE,51.39,55.0,1,1
2026-06-02,2026-06-02 17:59:55,samedi,regular,['samedi'],Pass Samedi,DICE,51.39,55.0,1,1
2026-06-02,2026-06-02 18:00:04,samedi,regular,['samedi'],Pass Samedi,DICE,51.39,55.0,1,1
2026-06-02,2026-06-02 18:00:24,samedi,regular,['samedi'],Pass Samedi,Shotgun,45.0,50.86,1,1
2026-06-02,2026-06-02 18:00:30,vendredi,regular,['vendredi'],Pass Vendredi,Shotgun,45.0,50.86,1,1
2026-06-02,2026-06-02 18:00:35,2-jours,regular,,Pass 2 Jours,DICE,88.77,93.5,1,1
2026-06-02,2026-06-02 18:00:52,2-jours,regular,,Pass 2 Jours,DICE,88.77,93.5,1,1
2026-06-02,2026-06-02 18:01:05,2-jours,regular,"['vendredi', 'samedi']",Pass 2 Jours,Shotgun,95.0,107.37,1,1
2026-06-02,2026-06-02 18:02:06,2-jours,regular,,Pass 2 Jours,DICE,88.77,93.5,1,1
2026-06-02,2026-06-02 18:02:16,2-jours,regular,,Pass 2 Jours,DICE,88.77,93.5,1,1
2026-06-02,2026-06-02 18:03:14,vendredi,regular,['vendredi'],Pass Vendredi,DICE,51.39,55.0,1,1
2026-06-02,2026-06-02 18:03:45,2-jours,regular,,Pass 2 Jours,DICE,88.77,93.5,1,1
2026-06-02,2026-06-02 18:03:55,2-jours,regular,,Pass 2 Jours,DICE,88.77,93.5,1,1
2026-06-02,2026-06-02 18:05:09,vendredi,regular,['vendredi'],Pass Vendredi,DICE,51.39,55.0,1,1
2026-06-02,2026-06-02 18:05:31,2-jours,regular,,Pass 2 Jours,DICE,99.45,104.5,1,1
2026-06-02,2026-06-02 18:05:31,2-jours,regular,,Pass 2 Jours,DICE,99.45,104.5,1,1
2026-06-02,2026-06-02 18:05:33,2-jours,regular,,Pass 2 Jours,DICE,99.45,104.5,1,1
2026-06-02,2026-06-02 18:05:34,2-jours,regular,,Pass 2 Jours,DICE,88.77,93.5,1,1
2026-06-02,2026-06-02 18:06:03,2-jours,regular,,Pass 2 Jours,DICE,99.45,104.5,1,1
2026-06-02,2026-06-02 18:09:18,samedi,regular,['samedi'],Pass Samedi,DICE,51.39,55.0,1,1
2026-06-02,2026-06-02 18:09:18,samedi,regular,['samedi'],Pass Samedi,DICE,51.39,55.0,1,1
2026-06-02,2026-06-02 18:09:26,samedi,regular,['samedi'],Pass Samedi,DICE,51.39,55.0,1,1
2026-06-02,2026-06-02 18:10:52,2-jours,regular,,Pass 2 Jours,DICE,88.77,93.5,1,1
2026-06-02,2026-06-02 18:10:52,2-jours,regular,,Pass 2 Jours,DICE,88.77,93.5,1,1
2026-06-02,2026-06-02 18:11:01,vendredi,regular,['vendredi'],Pass Vendredi,DICE,51.39,55.0,1,1
2026-06-02,2026-06-02 18:12:08,2-jours,regular,,Pass 2 Jours,DICE,99.45,104.5,1,1
2026-06-02,2026-06-02 18:13:23,2-jours,regular,"['vendredi', 'samedi']",Pass 2 Jours,Shotgun,95.0,107.37,1,1
2026-06-02,2026-06-02 18:13:32,samedi,regular,['samedi'],Pass Samedi,DICE,51.39,55.0,1,1
2026-06-02,2026-06-02 18:13:35,2-jours,regular,,Pass 2 Jours,DICE,88.77,93.5,1,1
2026-06-02,2026-06-02 18:14:31,vendredi,regular,['vendredi'],Pass Vendredi,DICE,51.39,55.0,1,1
2026-06-02,2026-06-02 18:14:53,2-jours,regular,,Pass 2 Jours,DICE,99.45,104.5,1,1
2026-06-02,2026-06-02 18:16:14,vendredi,regular,['vendredi'],Pass Vendredi,DICE,51.39,55.0,1,1
2026-06-02,2026-06-02 18:16:14,vendredi,regular,['vendredi'],Pass Vendredi,DICE,51.39,55.0,1,1
2026-06-02,2026-06-02 18:16:55,2-jours,regular,"['vendredi', 'samedi']",Pass 2 Jours,Shotgun,95.0,107.37,1,1
2026-06-02,2026-06-02 18:16:59,2-jours,regular,,Pass 2 Jours,DICE,99.45,104.5,1,1
2026-06-02,2026-06-02 18:17:17,2-jours,regular,,Pass 2 Jours,DICE,99.45,104.5,1,1
2026-06-02,2026-06-02 18:17:58,vendredi,regular,['vendredi'],Pass Vendredi,Shotgun,45.0,50.86,1,1
2026-06-02,2026-06-02 18:18:21,samedi,regular,['samedi'],Pass Samedi,DICE,51.39,55.0,1,1
2026-06-02,2026-06-02 18:18:21,samedi,regular,['samedi'],Pass Samedi,DICE,51.39,55.0,1,1
2026-06-02,2026-06-02 18:18:21,samedi,regular,['samedi'],Pass Samedi,DICE,51.39,55.0,1,1
2026-06-02,2026-06-02 18:19:39,samedi,regular,['samedi'],Pass Samedi,DICE,51.39,55.0,1,1
2026-06-02,2026-06-02 18:20:14,2-jours,regular,,Pass 2 Jours,DICE,99.45,104.5,1,1
2026-06-02,2026-06-02 18:20:19,samedi,regular,['samedi'],Pass Samedi,DICE,51.39,55.0,1,1
2026-06-02,2026-06-02 18:20:19,samedi,regular,['samedi'],Pass Samedi,DICE,51.39,55.0,1,1
2026-06-02,2026-06-02 18:20:59,vendredi,regular,['vendredi'],Pass Vendredi,DICE,51.39,55.0,1,1
2026-06-02,2026-06-02 18:22:03,vendredi,regular,['vendredi'],Pass Vendredi,Shotgun,45.0,50.86,1,1
2026-06-02,2026-06-02 18:22:03,vendredi,regular,['vendredi'],Pass Vendredi,Shotgun,45.0,50.86,1,1
2026-06-02,2026-06-02 18:22:03,samedi,regular,['samedi'],Pass Samedi,Shotgun,45.0,50.86,1,1
2026-06-02,2026-06-02 18:22:03,samedi,regular,['samedi'],Pass Samedi,Shotgun,45.0,50.86,1,1
2026-06-02,2026-06-02 18:22:25,2-jours,regular,,Pass 2 Jours,DICE,99.45,104.5,1,1
2026-06-02,2026-06-02 18:22:53,2-jours,regular,,Pass 2 Jours,DICE,99.45,104.5,1,1
2026-06-02,2026-06-02 18:23:42,2-jours,regular,,Pass 2 Jours,DICE,99.45,104.5,1,1
2026-06-02,2026-06-02 18:25:00,vendredi,regular,['vendredi'],Pass Vendredi,DICE,51.39,55.0,1,1
2026-06-02,2026-06-02 18:25:36,2-jours,regular,,Pass 2 Jours,DICE,99.45,104.5,1,1
2026-06-02,2026-06-02 18:25:46,vendredi,regular,['vendredi'],Pass Vendredi,Shotgun,45.0,50.86,1,1
2026-06-02,2026-06-02 18:25:56,samedi,regular,['samedi'],Pass Samedi,DICE,51.39,55.0,1,1
2026-06-02,2026-06-02 18:25:56,samedi,regular,['samedi'],Pass Samedi,DICE,51.39,55.0,1,1
2026-06-02,2026-06-02 18:27:11,samedi,regular,['samedi'],Pass Samedi,DICE,51.39,55.0,1,1
2026-06-02,2026-06-02 18:27:11,samedi,regular,['samedi'],Pass Samedi,DICE,51.39,55.0,1,1
2026-06-02,2026-06-02 18:28:11,samedi,regular,['samedi'],Pass Samedi,Shotgun,45.0,50.86,1,1
2026-06-02,2026-06-02 18:28:28,samedi,regular,['samedi'],Pass Samedi,DICE,51.39,55.0,1,1
2026-06-02,2026-06-02 18:28:49,samedi,regular,['samedi'],Pass Samedi,DICE,51.39,55.0,1,1
2026-06-02,2026-06-02 18:28:52,vendredi,regular,['vendredi'],Pass Vendredi,DICE,51.39,55.0,1,1
2026-06-02,2026-06-02 18:30:25,samedi,regular,['samedi'],Pass Samedi,DICE,51.39,55.0,1,1
2026-06-02,2026-06-02 18:32:04,samedi,regular,['samedi'],Pass Samedi,Shotgun,45.0,50.86,1,1
2026-06-02,2026-06-02 18:32:04,samedi,regular,['samedi'],Pass Samedi,Shotgun,45.0,50.86,1,1
2026-06-02,2026-06-02 18:32:11,vendredi,regular,['vendredi'],Pass Vendredi,Shotgun,45.0,50.86,1,1
2026-06-02,2026-06-02 18:32:29,samedi,regular,['samedi'],Pass Samedi,DICE,51.39,55.0,1,1
2026-06-02,2026-06-02 18:33:32,2-jours,regular,,Pass 2 Jours,DICE,99.45,104.5,1,1
2026-06-02,2026-06-02 18:33:32,2-jours,regular,,Pass 2 Jours,DICE,99.45,104.5,1,1
2026-06-02,2026-06-02 18:35:24,vendredi,regular,['vendredi'],Pass Vendredi,Shotgun,45.0,50.86,1,1
2026-06-02,2026-06-02 18:35:46,samedi,regular,['samedi'],Pass Samedi,Shotgun,45.0,50.86,1,1
2026-06-02,2026-06-02 18:36:02,samedi,regular,['samedi'],Pass Samedi,Shotgun,45.0,50.86,1,1
2026-06-02,2026-06-02 18:36:45,samedi,regular,['samedi'],Pass Samedi,DICE,51.39,55.0,1,1
2026-06-02,2026-06-02 18:36:52,samedi,regular,['samedi'],Pass Samedi,Shotgun,45.0,50.86,1,1
2026-06-02,2026-06-02 18:37:19,vendredi,regular,['vendredi'],Pass Vendredi,DICE,51.39,55.0,1,1
2026-06-02,2026-06-02 18:37:19,vendredi,regular,['vendredi'],Pass Vendredi,DICE,51.39,55.0,1,1
2026-06-02,2026-06-02 18:38:07,samedi,regular,['samedi'],Pass Samedi,DICE,51.39,55.0,1,1
2026-06-02,2026-06-02 18:38:46,vendredi,regular,['vendredi'],Pass Vendredi,Shotgun,45.0,50.86,1,1
2026-06-02,2026-06-02 18:38:46,vendredi,regular,['vendredi'],Pass Vendredi,Shotgun,45.0,50.86,1,1
2026-06-02,2026-06-02 18:38:46,samedi,regular,['samedi'],Pass Samedi,Shotgun,45.0,50.86,1,1
2026-06-02,2026-06-02 18:38:46,samedi,regular,['samedi'],Pass Samedi,Shotgun,45.0,50.86,1,1
2026-06-02,2026-06-02 18:38:58,2-jours,regular,,Pass 2 Jours,DICE,99.45,104.5,1,1
2026-06-02,2026-06-02 18:39:20,samedi,regular,['samedi'],Pass Samedi,DICE,51.39,55.0,1,1
2026-06-02,2026-06-02 18:39:29,vendredi,regular,['vendredi'],Pass Vendredi,DICE,51.39,55.0,1,1
2026-06-02,2026-06-02 18:40:01,vendredi,regular,['vendredi'],Pass Vendredi,Shotgun,45.0,50.86,1,1
2026-06-02,2026-06-02 18:40:13,samedi,regular,['samedi'],Pass Samedi,DICE,51.39,55.0,1,1
2026-06-02,2026-06-02 18:40:13,samedi,regular,['samedi'],Pass Samedi,DICE,51.39,55.0,1,1
2026-06-02,2026-06-02 18:40:13,samedi,regular,['samedi'],Pass Samedi,DICE,51.39,55.0,1,1
2026-06-02,2026-06-02 18:40:37,2-jours,regular,,Pass 2 Jours,DICE,99.45,104.5,1,1
2026-06-02,2026-06-02 18:41:35,2-jours,regular,,Pass 2 Jours,DICE,99.45,104.5,1,1
2026-06-02,2026-06-02 18:41:48,samedi,regular,['samedi'],Pass Samedi,DICE,51.39,55.0,1,1
2026-06-02,2026-06-02 18:41:58,vendredi,regular,['vendredi'],Pass Vendredi,DICE,51.39,55.0,1,1
2026-06-02,2026-06-02 18:42:25,2-jours,regular,,Pass 2 Jours,DICE,99.45,104.5,1,1
2026-06-02,2026-06-02 18:44:09,vendredi,regular,['vendredi'],Pass Vendredi,DICE,51.39,55.0,1,1
2026-06-02,2026-06-02 18:45:09,2-jours,regular,,Pass 2 Jours,DICE,99.45,104.5,1,1
2026-06-02,2026-06-02 18:45:18,2-jours,regular,,Pass 2 Jours,DICE,99.45,104.5,1,1
2026-06-02,2026-06-02 18:46:15,2-jours,regular,"['vendredi', 'samedi']",Pass 2 Jours,Shotgun,95.0,107.37,1,1
2026-06-02,2026-06-02 18:46:24,2-jours,regular,,Pass 2 Jours,DICE,99.45,104.5,1,1
2026-06-02,2026-06-02 18:46:27,2-jours,regular,,Pass 2 Jours,DICE,99.45,104.5,1,1
2026-06-02,2026-06-02 18:46:54,2-jours,regular,"['vendredi', 'samedi']",Pass 2 Jours,Shotgun,95.0,107.37,1,1
2026-06-02,2026-06-02 18:47:51,vendredi,regular,['vendredi'],Pass Vendredi,Shotgun,45.0,50.86,1,1
2026-06-02,2026-06-02 18:47:51,samedi,regular,['samedi'],Pass Samedi,Shotgun,45.0,50.86,1,1
2026-06-02,2026-06-02 18:47:51,vendredi,regular,['vendredi'],Pass Vendredi,Shotgun,45.0,50.86,1,1
2026-06-02,2026-06-02 18:47:51,samedi,regular,['samedi'],Pass Samedi,Shotgun,45.0,50.86,1,1
2026-06-02,2026-06-02 18:48:26,2-jours,regular,,Pass 2 Jours,DICE,99.45,104.5,1,1
2026-06-02,2026-06-02 18:48:41,2-jours,regular,,Pass 2 Jours,DICE,99.45,104.5,1,1
2026-06-02,2026-06-02 18:48:56,vendredi,regular,['vendredi'],Pass Vendredi,DICE,51.39,55.0,1,1
2026-06-02,2026-06-02 18:48:56,vendredi,regular,['vendredi'],Pass Vendredi,DICE,51.39,55.0,1,1
2026-06-02,2026-06-02 18:49:19,2-jours,regular,,Pass 2 Jours,DICE,99.45,104.5,1,1
2026-06-02,2026-06-02 18:49:24,samedi,regular,['samedi'],Pass Samedi,Shotgun,45.0,50.86,1,1
2026-06-02,2026-06-02 18:50:56,vendredi,regular,['vendredi'],Pass Vendredi,DICE,51.39,55.0,1,1
2026-06-02,2026-06-02 18:52:07,vendredi,regular,['vendredi'],Pass Vendredi,Shotgun,45.0,50.86,1,1
2026-06-02,2026-06-02 18:55:49,vendredi,regular,['vendredi'],Pass Vendredi,Shotgun,45.0,50.86,1,1
2026-06-02,2026-06-02 18:55:52,2-jours,regular,,Pass 2 Jours,DICE,99.45,104.5,1,1
2026-06-02,2026-06-02 18:56:48,samedi,regular,['samedi'],Pass Samedi,Shotgun,45.0,50.86,1,1
2026-06-02,2026-06-02 18:56:48,samedi,regular,['samedi'],Pass Samedi,Shotgun,45.0,50.86,1,1
2026-06-02,2026-06-02 18:56:59,vendredi,regular,['vendredi'],Pass Vendredi,Shotgun,45.0,50.86,1,1
2026-06-02,2026-06-02 18:58:20,2-jours,regular,,Pass 2 Jours,DICE,99.45,104.5,1,1
2026-06-02,2026-06-02 18:58:29,2-jours,regular,,Pass 2 Jours,DICE,99.45,104.5,1,1
2026-06-02,2026-06-02 18:59:34,2-jours,regular,,Pass 2 Jours,DICE,99.45,104.5,1,1
2026-06-02,2026-06-02 18:59:54,samedi,regular,['samedi'],Pass Samedi,Shotgun,45.0,50.86,1,1
2026-06-02,2026-06-02 19:00:05,2-jours,regular,,Pass 2 Jours,DICE,99.45,104.5,1,1
2026-06-02,2026-06-02 19:00:52,2-jours,regular,,Pass 2 Jours,DICE,99.45,104.5,1,1
2026-06-02,2026-06-02 19:00:52,2-jours,regular,,Pass 2 Jours,DICE,99.45,104.5,1,1
2026-06-02,2026-06-02 19:00:53,samedi,regular,['samedi'],Pass Samedi,Shotgun,45.0,50.86,1,1
2026-06-02,2026-06-02 19:02:16,vendredi,regular,['vendredi'],Pass Vendredi,Shotgun,45.0,50.86,1,1
2026-06-02,2026-06-02 19:02:25,2-jours,regular,"['vendredi', 'samedi']",Pass 2 Jours,Shotgun,95.0,107.37,1,1
2026-06-02,2026-06-02 19:02:41,2-jours,regular,"['vendredi', 'samedi']",Pass 2 Jours,Shotgun,95.0,107.37,1,1
2026-06-02,2026-06-02 19:03:33,samedi,regular,['samedi'],Pass Samedi,DICE,51.39,55.0,1,1
2026-06-02,2026-06-02 19:04:19,samedi,regular,['samedi'],Pass Samedi,DICE,51.39,55.0,1,1
2026-06-02,2026-06-02 19:04:30,samedi,regular,['samedi'],Pass Samedi,DICE,51.39,55.0,1,1
2026-06-02,2026-06-02 19:04:30,samedi,regular,['samedi'],Pass Samedi,DICE,51.39,55.0,1,1
2026-06-02,2026-06-02 19:04:41,vendredi,regular,['vendredi'],Pass Vendredi,DICE,51.39,55.0,1,1
2026-06-02,2026-06-02 19:04:42,2-jours,regular,"['vendredi', 'samedi']",Pass 2 Jours,Shotgun,95.0,107.37,1,1
2026-06-02,2026-06-02 19:05:21,vendredi,regular,['vendredi'],Pass Vendredi,DICE,51.39,55.0,1,1
2026-06-02,2026-06-02 19:05:50,samedi,regular,['samedi'],Pass Samedi,DICE,51.39,55.0,1,1
2026-06-02,2026-06-02 19:06:12,2-jours,regular,"['vendredi', 'samedi']",Pass 2 Jours,Shotgun,95.0,107.37,1,1
2026-06-02,2026-06-02 19:06:34,samedi,regular,['samedi'],Pass Samedi,DICE,51.39,55.0,1,1
2026-06-02,2026-06-02 19:10:45,2-jours,regular,,Pass 2 Jours,DICE,99.45,104.5,1,1
2026-06-02,2026-06-02 19:14:17,vendredi,regular,['vendredi'],Pass Vendredi,Shotgun,45.0,50.86,1,1
2026-06-02,2026-06-02 19:14:17,samedi,regular,['samedi'],Pass Samedi,Shotgun,45.0,50.86,1,1
2026-06-02,2026-06-02 19:15:31,samedi,regular,['samedi'],Pass Samedi,DICE,51.39,55.0,1,1
2026-06-02,2026-06-02 19:15:31,samedi,regular,['samedi'],Pass Samedi,DICE,51.39,55.0,1,1
2026-06-02,2026-06-02 19:17:00,vendredi,regular,['vendredi'],Pass Vendredi,Shotgun,45.0,50.86,1,1
2026-06-02,2026-06-02 19:17:00,samedi,regular,['samedi'],Pass Samedi,Shotgun,45.0,50.86,1,1
2026-06-02,2026-06-02 19:17:34,vendredi,regular,['vendredi'],Pass Vendredi,Shotgun,45.0,50.86,1,1
2026-06-02,2026-06-02 19:17:34,samedi,regular,['samedi'],Pass Samedi,Shotgun,45.0,50.86,1,1
2026-06-02,2026-06-02 19:17:48,samedi,regular,['samedi'],Pass Samedi,Shotgun,45.0,50.86,1,1
2026-06-02,2026-06-02 19:17:48,samedi,regular,['samedi'],Pass Samedi,Shotgun,45.0,50.86,1,1
2026-06-02,2026-06-02 19:18:15,vendredi,regular,['vendredi'],Pass Vendredi,Shotgun,45.0,50.86,1,1
2026-06-02,2026-06-02 19:18:15,samedi,regular,['samedi'],Pass Samedi,Shotgun,45.0,50.86,1,1
2026-06-02,2026-06-02 19:18:25,2-jours,regular,,Pass 2 Jours,DICE,99.45,104.5,1,1
2026-06-02,2026-06-02 19:19:34,vendredi,regular,['vendredi'],Pass Vendredi,Shotgun,45.0,50.86,1,1
2026-06-02,2026-06-02 19:19:34,samedi,regular,['samedi'],Pass Samedi,Shotgun,45.0,50.86,1,1
2026-06-02,2026-06-02 19:21:16,2-jours,regular,"['vendredi', 'samedi']",Pass 2 Jours,Shotgun,95.0,107.37,1,1
2026-06-02,2026-06-02 19:21:50,vendredi,regular,['vendredi'],Pass Vendredi,DICE,51.39,55.0,1,1
2026-06-02,2026-06-02 19:21:50,vendredi,regular,['vendredi'],Pass Vendredi,DICE,51.39,55.0,1,1
2026-06-02,2026-06-02 19:22:50,vendredi,regular,['vendredi'],Pass Vendredi,Shotgun,45.0,50.86,1,1
2026-06-02,2026-06-02 19:23:41,samedi,regular,['samedi'],Pass Samedi,DICE,51.39,55.0,1,1
2026-06-02,2026-06-02 19:24:03,samedi,regular,['samedi'],Pass Samedi,DICE,51.39,55.0,1,1
2026-06-02,2026-06-02 19:24:19,samedi,regular,['samedi'],Pass Samedi,DICE,51.39,55.0,1,1
2026-06-02,2026-06-02 19:27:40,vendredi,regular,['vendredi'],Pass Vendredi,Shotgun,45.0,50.86,1,1
2026-06-02,2026-06-02 19:27:40,samedi,regular,['samedi'],Pass Samedi,Shotgun,45.0,50.86,1,1
2026-06-02,2026-06-02 19:27:43,2-jours,regular,,Pass 2 Jours,DICE,99.45,104.5,1,1
2026-06-02,2026-06-02 19:27:43,2-jours,regular,,Pass 2 Jours,DICE,99.45,104.5,1,1
2026-06-02,2026-06-02 19:27:43,2-jours,regular,,Pass 2 Jours,DICE,99.45,104.5,1,1
2026-06-02,2026-06-02 19:28:18,vendredi,regular,['vendredi'],Pass Vendredi,DICE,51.39,55.0,1,1
2026-06-02,2026-06-02 19:29:40,samedi,regular,['samedi'],Pass Samedi,DICE,51.39,55.0,1,1
2026-06-02,2026-06-02 19:31:31,vendredi,regular,['vendredi'],Pass Vendredi,DICE,51.39,55.0,1,1
2026-06-02,2026-06-02 19:31:31,samedi,regular,['samedi'],Pass Samedi,Shotgun,45.0,50.86,1,1
2026-06-02,2026-06-02 19:31:44,2-jours,regular,,Pass 2 Jours,DICE,99.45,104.5,1,1
2026-06-02,2026-06-02 19:32:22,samedi,regular,['samedi'],Pass Samedi,DICE,51.39,55.0,1,1
2026-06-02,2026-06-02 19:33:50,samedi,regular,['samedi'],Pass Samedi,DICE,51.39,55.0,1,1
2026-06-02,2026-06-02 19:33:50,samedi,regular,['samedi'],Pass Samedi,DICE,51.39,55.0,1,1
2026-06-02,2026-06-02 19:34:13,2-jours,regular,"['vendredi', 'samedi']",Pass 2 Jours,Shotgun,95.0,107.37,1,1
2026-06-02,2026-06-02 19:39:24,2-jours,regular,,Pass 2 Jours,DICE,99.45,104.5,1,1
2026-06-02,2026-06-02 19:40:43,2-jours,regular,"['vendredi', 'samedi']",Pass 2 Jours,Shotgun,95.0,107.37,1,1
2026-06-02,2026-06-02 19:40:57,2-jours,regular,"['vendredi', 'samedi']",Pass 2 Jours,Shotgun,95.0,107.37,1,1
2026-06-02,2026-06-02 19:40:57,2-jours,regular,"['vendredi', 'samedi']",Pass 2 Jours,Shotgun,95.0,107.37,1,1
2026-06-02,2026-06-02 19:42:41,vendredi,regular,['vendredi'],Pass Vendredi,DICE,51.39,55.0,1,1
2026-06-02,2026-06-02 19:45:14,samedi,regular,['samedi'],Pass Samedi,DICE,46.05,49.5,1,1
2026-06-02,2026-06-02 19:45:14,samedi,regular,['samedi'],Pass Samedi,DICE,51.39,55.0,1,1
2026-06-02,2026-06-02 19:45:25,2-jours,regular,"['vendredi', 'samedi']",Pass 2 Jours,Shotgun,95.0,107.37,1,1
2026-06-02,2026-06-02 19:45:39,2-jours,regular,,Pass 2 Jours,DICE,99.45,104.5,1,1
2026-06-02,2026-06-02 19:45:42,vendredi,regular,['vendredi'],Pass Vendredi,DICE,51.39,55.0,1,1
2026-06-02,2026-06-02 19:45:42,vendredi,regular,['vendredi'],Pass Vendredi,DICE,51.39,55.0,1,1
2026-06-02,2026-06-02 19:45:42,vendredi,regular,['vendredi'],Pass Vendredi,DICE,51.39,55.0,1,1
2026-06-02,2026-06-02 19:45:42,vendredi,regular,['vendredi'],Pass Vendredi,DICE,51.39,55.0,1,1
2026-06-02,2026-06-02 19:46:23,samedi,regular,['samedi'],Pass Samedi,Shotgun,45.0,50.86,1,1
2026-06-02,2026-06-02 19:46:25,2-jours,regular,,Pass 2 Jours,DICE,99.45,104.5,1,1
2026-06-02,2026-06-02 19:46:25,2-jours,regular,,Pass 2 Jours,DICE,99.45,104.5,1,1
2026-06-02,2026-06-02 19:46:38,samedi,regular,['samedi'],Pass Samedi,Shotgun,45.0,50.86,1,1
2026-06-02,2026-06-02 19:46:41,samedi,regular,['samedi'],Pass Samedi,DICE,51.39,55.0,1,1
2026-06-02,2026-06-02 19:47:19,2-jours,regular,,Pass 2 Jours,DICE,99.45,104.5,1,1
2026-06-02,2026-06-02 19:47:32,2-jours,regular,"['vendredi', 'samedi']",Pass 2 Jours,Shotgun,95.0,107.37,1,1
2026-06-02,2026-06-02 19:48:12,vendredi,regular,['vendredi'],Pass Vendredi,Shotgun,45.0,50.86,1,1
2026-06-02,2026-06-02 19:48:12,samedi,regular,['samedi'],Pass Samedi,Shotgun,45.0,50.86,1,1
2026-06-02,2026-06-02 19:49:05,vendredi,regular,['vendredi'],Pass Vendredi,Shotgun,45.0,50.86,1,1
2026-06-02,2026-06-02 19:49:05,samedi,regular,['samedi'],Pass Samedi,Shotgun,45.0,50.86,1,1
2026-06-02,2026-06-02 19:58:50,samedi,regular,['samedi'],Pass Samedi,DICE,51.39,55.0,1,1
2026-06-02,2026-06-02 19:58:50,samedi,regular,['samedi'],Pass Samedi,DICE,51.39,55.0,1,1
2026-06-02,2026-06-02 19:59:14,2-jours,regular,,Pass 2 Jours,DICE,99.45,104.5,1,1
2026-06-02,2026-06-02 20:02:05,vendredi,regular,['vendredi'],Pass Vendredi,DICE,51.39,55.0,1,1
2026-06-02,2026-06-02 20:08:50,vendredi,regular,['vendredi'],Pass Vendredi,DICE,51.39,55.0,1,1
2026-06-02,2026-06-02 20:10:01,2-jours,regular,,Pass 2 Jours,DICE,99.45,104.5,1,1
2026-06-02,2026-06-02 20:11:41,samedi,regular,['samedi'],Pass Samedi,DICE,51.39,55.0,1,1
2026-06-02,2026-06-02 20:14:13,2-jours,regular,,Pass 2 Jours,DICE,99.45,104.5,1,1
2026-06-02,2026-06-02 20:14:20,vendredi,regular,['vendredi'],Pass Vendredi,DICE,51.39,55.0,1,1
2026-06-02,2026-06-02 20:14:20,vendredi,regular,['vendredi'],Pass Vendredi,DICE,51.39,55.0,1,1
2026-06-02,2026-06-02 20:14:26,2-jours,regular,,Pass 2 Jours,DICE,99.45,104.5,1,1
2026-06-02,2026-06-02 20:14:26,2-jours,regular,,Pass 2 Jours,DICE,99.45,104.5,1,1
2026-06-02,2026-06-02 20:15:40,2-jours,regular,,Pass 2 Jours,DICE,99.45,104.5,1,1
2026-06-02,2026-06-02 20:17:50,vendredi,regular,['vendredi'],Pass Vendredi,DICE,51.39,55.0,1,1
2026-06-02,2026-06-02 20:17:50,vendredi,regular,['vendredi'],Pass Vendredi,DICE,51.39,55.0,1,1
2026-06-02,2026-06-02 20:17:50,vendredi,regular,['vendredi'],Pass Vendredi,DICE,51.39,55.0,1,1
2026-06-02,2026-06-02 20:18:56,samedi,regular,['samedi'],Pass Samedi,DICE,51.39,55.0,1,1
2026-06-02,2026-06-02 20:18:56,samedi,regular,['samedi'],Pass Samedi,DICE,51.39,55.0,1,1
2026-06-02,2026-06-02 20:19:43,2-jours,regular,,Pass 2 Jours,DICE,99.45,104.5,1,1
2026-06-02,2026-06-02 20:20:41,2-jours,regular,,Pass 2 Jours,DICE,99.45,104.5,1,1
2026-06-02,2026-06-02 20:20:54,vendredi,regular,['vendredi'],Pass Vendredi,DICE,51.39,55.0,1,1
2026-06-02,2026-06-02 20:21:19,samedi,regular,['samedi'],Pass Samedi,DICE,51.39,55.0,1,1
2026-06-02,2026-06-02 20:21:55,2-jours,regular,"['vendredi', 'samedi']",Pass 2 Jours,Shotgun,95.0,107.37,1,1
2026-06-02,2026-06-02 20:25:00,2-jours,regular,,Pass 2 Jours,DICE,99.45,104.5,1,1
2026-06-02,2026-06-02 20:25:06,2-jours,regular,"['vendredi', 'samedi']",Pass 2 Jours,Shotgun,95.0,107.37,1,1
2026-06-02,2026-06-02 20:25:59,samedi,regular,['samedi'],Pass Samedi,Shotgun,45.0,50.86,1,1
2026-06-02,2026-06-02 20:27:32,2-jours,regular,,Pass 2 Jours,DICE,99.45,104.5,1,1
2026-06-02,2026-06-02 20:28:10,samedi,regular,['samedi'],Pass Samedi,Shotgun,45.0,50.86,1,1
2026-06-02,2026-06-02 20:28:10,samedi,regular,['samedi'],Pass Samedi,Shotgun,45.0,50.86,1,1
2026-06-02,2026-06-02 20:28:11,samedi,regular,['samedi'],Pass Samedi,DICE,51.39,55.0,1,1
2026-06-02,2026-06-02 20:29:57,2-jours,regular,,Pass 2 Jours,DICE,99.45,104.5,1,1
2026-06-02,2026-06-02 20:33:43,2-jours,regular,"['vendredi', 'samedi']",Pass 2 Jours,Shotgun,95.0,107.37,1,1
2026-06-02,2026-06-02 20:34:45,samedi,regular,['samedi'],Pass Samedi,DICE,51.39,55.0,1,1
2026-06-02,2026-06-02 20:34:45,samedi,regular,['samedi'],Pass Samedi,DICE,51.39,55.0,1,1
2026-06-02,2026-06-02 20:36:14,vendredi,regular,['vendredi'],Pass Vendredi,DICE,51.39,55.0,1,1
2026-06-02,2026-06-02 20:36:14,vendredi,regular,['vendredi'],Pass Vendredi,DICE,51.39,55.0,1,1
2026-06-02,2026-06-02 20:36:14,2-jours,regular,"['vendredi', 'samedi']",Pass 2 Jours,Shotgun,95.0,107.37,1,1
2026-06-02,2026-06-02 20:41:14,samedi,regular,['samedi'],Pass Samedi,Shotgun,45.0,50.86,1,1
2026-06-02,2026-06-02 20:41:14,samedi,regular,['samedi'],Pass Samedi,Shotgun,45.0,50.86,1,1
2026-06-02,2026-06-02 20:43:38,vendredi,regular,['vendredi'],Pass Vendredi,Shotgun,45.0,50.86,1,1
2026-06-02,2026-06-02 20:43:38,samedi,regular,['samedi'],Pass Samedi,Shotgun,45.0,50.86,1,1
2026-06-02,2026-06-02 20:46:52,2-jours,regular,"['vendredi', 'samedi']",Pass 2 Jours,Shotgun,95.0,107.37,1,1
2026-06-02,2026-06-02 20:46:54,2-jours,regular,,Pass 2 Jours,DICE,99.45,104.5,1,1
2026-06-02,2026-06-02 20:50:45,samedi,regular,['samedi'],Pass Samedi,Shotgun,45.0,50.86,1,1
2026-06-02,2026-06-02 20:52:11,samedi,regular,['samedi'],Pass Samedi,Shotgun,45.0,50.86,1,1
2026-06-02,2026-06-02 20:52:30,samedi,regular,['samedi'],Pass Samedi,DICE,51.39,55.0,1,1
2026-06-02,2026-06-02 20:53:59,2-jours,regular,,Pass 2 Jours,DICE,99.45,104.5,1,1
2026-06-02,2026-06-02 20:54:00,samedi,regular,['samedi'],Pass Samedi,DICE,51.39,55.0,1,1
2026-06-02,2026-06-02 20:54:58,2-jours,regular,,Pass 2 Jours,DICE,99.45,104.5,1,1
2026-06-02,2026-06-02 20:54:58,2-jours,regular,,Pass 2 Jours,DICE,99.45,104.5,1,1
2026-06-02,2026-06-02 20:56:21,2-jours,regular,,Pass 2 Jours,DICE,99.45,104.5,1,1
2026-06-02,2026-06-02 20:56:21,2-jours,regular,,Pass 2 Jours,DICE,99.45,104.5,1,1
2026-06-02,2026-06-02 20:57:08,samedi,regular,['samedi'],Pass Samedi,DICE,46.05,49.5,1,1
2026-06-02,2026-06-02 21:00:53,vendredi,regular,['vendredi'],Pass Vendredi,Shotgun,45.0,50.86,1,1
2026-06-02,2026-06-02 21:00:53,samedi,regular,['samedi'],Pass Samedi,Shotgun,45.0,50.86,1,1
2026-06-02,2026-06-02 21:01:53,2-jours,regular,,Pass 2 Jours,DICE,99.45,104.5,1,1
2026-06-02,2026-06-02 21:03:24,samedi,regular,['samedi'],Pass Samedi,DICE,51.39,55.0,1,1
2026-06-02,2026-06-02 21:03:24,samedi,regular,['samedi'],Pass Samedi,DICE,51.39,55.0,1,1
2026-06-02,2026-06-02 21:03:24,samedi,regular,['samedi'],Pass Samedi,DICE,51.39,55.0,1,1
2026-06-02,2026-06-02 21:09:18,vendredi,regular,['vendredi'],Pass Vendredi,Shotgun,45.0,50.86,1,1
2026-06-02,2026-06-02 21:11:46,vendredi,regular,['vendredi'],Pass Vendredi,Shotgun,45.0,50.86,1,1
2026-06-02,2026-06-02 21:12:28,2-jours,regular,"['vendredi', 'samedi']",Pass 2 Jours,Shotgun,95.0,107.37,1,1
2026-06-02,2026-06-02 21:12:42,vendredi,regular,['vendredi'],Pass Vendredi,Shotgun,45.0,50.86,1,1
2026-06-02,2026-06-02 21:12:42,vendredi,regular,['vendredi'],Pass Vendredi,Shotgun,45.0,50.86,1,1
2026-06-02,2026-06-02 21:13:06,vendredi,regular,['vendredi'],Pass Vendredi,Shotgun,45.0,50.86,1,1
2026-06-02,2026-06-02 21:14:08,2-jours,regular,"['vendredi', 'samedi']",Pass 2 Jours,Shotgun,95.0,107.37,1,1
2026-06-02,2026-06-02 21:18:03,vendredi,regular,['vendredi'],Pass Vendredi,Shotgun,45.0,50.86,1,1
2026-06-02,2026-06-02 21:18:03,vendredi,regular,['vendredi'],Pass Vendredi,Shotgun,45.0,50.86,1,1
2026-06-02,2026-06-02 21:18:03,samedi,regular,['samedi'],Pass Samedi,Shotgun,45.0,50.86,1,1
2026-06-02,2026-06-02 21:18:03,samedi,regular,['samedi'],Pass Samedi,Shotgun,45.0,50.86,1,1
2026-06-02,2026-06-02 21:20:51,2-jours,regular,,Pass 2 Jours,DICE,99.45,104.5,1,1
2026-06-02,2026-06-02 21:21:09,samedi,regular,['samedi'],Pass Samedi,DICE,51.39,55.0,1,1
2026-06-02,2026-06-02 21:21:09,samedi,regular,['samedi'],Pass Samedi,DICE,51.39,55.0,1,1
2026-06-02,2026-06-02 21:22:57,2-jours,regular,"['vendredi', 'samedi']",Pass 2 Jours,Shotgun,95.0,107.37,1,1
2026-06-02,2026-06-02 21:26:32,2-jours,regular,"['vendredi', 'samedi']",Pass 2 Jours,Shotgun,95.0,107.37,1,1
2026-06-02,2026-06-02 21:26:32,2-jours,regular,"['vendredi', 'samedi']",Pass 2 Jours,Shotgun,95.0,107.37,1,1
2026-06-02,2026-06-02 21:26:38,2-jours,regular,,Pass 2 Jours,DICE,99.45,104.5,1,1
2026-06-02,2026-06-02 21:32:07,2-jours,regular,"['vendredi', 'samedi']",Pass 2 Jours,Shotgun,95.0,107.37,1,1
2026-06-02,2026-06-02 21:49:03,samedi,regular,['samedi'],Pass Samedi,Shotgun,45.0,50.86,1,1
2026-06-02,2026-06-02 21:49:48,samedi,regular,['samedi'],Pass Samedi,DICE,51.39,55.0,1,1
2026-06-02,2026-06-02 21:51:54,vendredi,regular,['vendredi'],Pass Vendredi,Shotgun,45.0,50.86,1,1
2026-06-02,2026-06-02 21:51:54,samedi,regular,['samedi'],Pass Samedi,Shotgun,45.0,50.86,1,1
2026-06-02,2026-06-02 21:59:27,samedi,regular,['samedi'],Pass Samedi,DICE,51.39,55.0,1,1
2026-06-02,2026-06-02 22:01:27,2-jours,regular,,Pass 2 Jours,DICE,99.45,104.5,1,1
2026-06-02,2026-06-02 22:03:56,samedi,regular,['samedi'],Pass Samedi,DICE,51.39,55.0,1,1
2026-06-02,2026-06-02 22:25:54,2-jours,regular,,Pass 2 Jours,DICE,99.45,104.5,1,1
2026-06-02,2026-06-02 22:36:56,2-jours,regular,,Pass 2 Jours,DICE,99.45,104.5,1,1
2026-06-02,2026-06-02 22:40:06,2-jours,regular,,Pass 2 Jours,DICE,99.45,104.5,1,1
2026-06-02,2026-06-02 22:40:06,2-jours,regular,,Pass 2 Jours,DICE,99.45,104.5,1,1
2026-06-02,2026-06-02 22:47:32,2-jours,regular,"['vendredi', 'samedi']",Pass 2 Jours,Shotgun,95.0,107.37,1,1
2026-06-02,2026-06-02 22:47:32,2-jours,regular,"['vendredi', 'samedi']",Pass 2 Jours,Shotgun,95.0,107.37,1,1
2026-06-02,2026-06-02 22:56:20,2-jours,regular,,Pass 2 Jours,DICE,99.45,104.5,1,1
2026-06-02,2026-06-02 23:03:31,samedi,regular,['samedi'],Pass Samedi,Shotgun,45.0,50.86,1,1
2026-06-02,2026-06-02 23:13:29,samedi,regular,['samedi'],Pass Samedi,DICE,51.39,55.0,1,1
2026-06-02,2026-06-02 23:30:55,2-jours,regular,,Pass 2 Jours,DICE,99.45,104.5,1,1
2026-06-03,2026-06-03 00:22:34,samedi,regular,['samedi'],Pass Samedi,Shotgun,45.0,50.86,1,1
2026-06-03,2026-06-03 02:24:11,samedi,regular,['samedi'],Pass Samedi,DICE,51.39,55.0,1,1
2026-06-03,2026-06-03 02:41:42,samedi,regular,['samedi'],Pass Samedi,DICE,51.39,55.0,1,1
2026-06-03,2026-06-03 02:41:42,samedi,regular,['samedi'],Pass Samedi,DICE,51.39,55.0,1,1
2026-06-03,2026-06-03 04:11:14,2-jours,regular,,Pass 2 Jours,DICE,99.45,104.5,1,1
2026-06-03,2026-06-03 04:44:37,vendredi,regular,['vendredi'],Pass Vendredi,Shotgun,45.0,50.86,1,1
2026-06-03,2026-06-03 04:45:10,samedi,regular,['samedi'],Pass Samedi,Shotgun,45.0,50.86,1,1
2026-06-03,2026-06-03 05:11:36,samedi,regular,['samedi'],Pass Samedi,Shotgun,45.0,50.86,1,1
2026-06-03,2026-06-03 05:11:36,samedi,regular,['samedi'],Pass Samedi,Shotgun,45.0,50.86,1,1
2026-06-03,2026-06-03 05:22:24,vendredi,regular,['vendredi'],Pass Vendredi,DICE,51.39,55.0,1,1
2026-06-03,2026-06-03 05:30:57,2-jours,regular,"['vendredi', 'samedi']",Pass 2 Jours,Shotgun,95.0,107.37,1,1
2026-06-03,2026-06-03 05:37:51,samedi,regular,['samedi'],Pass Samedi,Shotgun,45.0,50.86,1,1
2026-06-03,2026-06-03 05:45:12,2-jours,regular,,Pass 2 Jours,DICE,99.45,104.5,1,1
2026-06-03,2026-06-03 05:49:57,2-jours,regular,"['vendredi', 'samedi']",Pass 2 Jours,Shotgun,95.0,107.37,1,1
2026-06-03,2026-06-03 05:54:54,2-jours,regular,,Pass 2 Jours,DICE,99.45,104.5,1,1
2026-06-03,2026-06-03 06:12:36,2-jours,regular,"['vendredi', 'samedi']",Pass 2 Jours,Shotgun,95.0,107.37,1,1
2026-06-03,2026-06-03 06:36:48,samedi,regular,['samedi'],Pass Samedi,DICE,51.39,55.0,1,1
2026-06-03,2026-06-03 06:36:48,samedi,regular,['samedi'],Pass Samedi,DICE,51.39,55.0,1,1
2026-06-03,2026-06-03 06:48:51,vendredi,regular,['vendredi'],Pass Vendredi,Shotgun,45.0,50.86,1,1
2026-06-03,2026-06-03 06:48:51,vendredi,regular,['vendredi'],Pass Vendredi,Shotgun,45.0,50.86,1,1
2026-06-03,2026-06-03 06:48:51,vendredi,regular,['vendredi'],Pass Vendredi,Shotgun,45.0,50.86,1,1
2026-06-03,2026-06-03 06:48:51,vendredi,regular,['vendredi'],Pass Vendredi,Shotgun,45.0,50.86,1,1
2026-06-03,2026-06-03 07:01:11,samedi,regular,['samedi'],Pass Samedi,Shotgun,50.0,56.51,1,1
2026-06-03,2026-06-03 07:09:27,2-jours,regular,,Pass 2 Jours,DICE,99.45,104.5,1,1
2026-06-03,2026-06-03 07:15:12,vendredi,regular,['vendredi'],Pass Vendredi,DICE,51.39,55.0,1,1
2026-06-03,2026-06-03 07:15:12,vendredi,regular,['vendredi'],Pass Vendredi,DICE,51.39,55.0,1,1
2026-06-03,2026-06-03 07:22:37,2-jours,regular,"['vendredi', 'samedi']",Pass 2 Jours,Shotgun,95.0,107.37,1,1
2026-06-03,2026-06-03 07:35:10,vendredi,regular,['vendredi'],Pass Vendredi,DICE,51.39,55.0,1,1
2026-06-03,2026-06-03 07:37:58,2-jours,regular,,Pass 2 Jours,DICE,99.45,104.5,1,1
2026-06-03,2026-06-03 07:40:03,2-jours,regular,"['vendredi', 'samedi']",Pass 2 Jours,Shotgun,95.0,107.37,1,1
2026-06-03,2026-06-03 07:44:24,2-jours,regular,"['vendredi', 'samedi']",Pass 2 Jours,Shotgun,95.0,107.37,1,1
2026-06-03,2026-06-03 07:48:29,2-jours,regular,,Pass 2 Jours,DICE,99.45,104.5,1,1
2026-06-03,2026-06-03 07:49:24,samedi,regular,['samedi'],Pass Samedi,DICE,51.39,55.0,1,1
2026-06-03,2026-06-03 08:02:15,2-jours,regular,,Pass 2 Jours,DICE,99.45,104.5,1,1
2026-06-03,2026-06-03 08:06:29,samedi,regular,['samedi'],Pass Samedi,Shotgun,50.0,56.51,1,1
2026-06-03,2026-06-03 08:08:06,vendredi,regular,['vendredi'],Pass Vendredi,Shotgun,45.0,50.86,1,1
2026-06-03,2026-06-03 08:11:16,samedi,regular,['samedi'],Pass Samedi,DICE,51.39,55.0,1,1
2026-06-03,2026-06-03 08:12:31,samedi,regular,['samedi'],Pass Samedi,DICE,51.39,55.0,1,1
2026-06-03,2026-06-03 08:37:49,samedi,regular,['samedi'],Pass Samedi,Shotgun,50.0,56.51,1,1
2026-06-03,2026-06-03 08:39:16,2-jours,regular,"['vendredi', 'samedi']",Pass 2 Jours,Shotgun,95.0,107.37,1,1
2026-06-03,2026-06-03 08:39:16,2-jours,regular,"['vendredi', 'samedi']",Pass 2 Jours,Shotgun,95.0,107.37,1,1
2026-06-03,2026-06-03 08:40:42,samedi,regular,['samedi'],Pass Samedi,DICE,51.39,55.0,1,1
2026-06-03,2026-06-03 08:40:42,samedi,regular,['samedi'],Pass Samedi,DICE,51.39,55.0,1,1
2026-06-03,2026-06-03 08:40:42,samedi,regular,['samedi'],Pass Samedi,DICE,51.39,55.0,1,1
2026-06-03,2026-06-03 08:50:53,2-jours,regular,"['vendredi', 'samedi']",Pass 2 Jours,Shotgun,95.0,107.37,1,1
2026-06-03,2026-06-03 08:50:53,2-jours,regular,"['vendredi', 'samedi']",Pass 2 Jours,Shotgun,95.0,107.37,1,1
2026-06-03,2026-06-03 09:02:16,vendredi,regular,['vendredi'],Pass Vendredi,Shotgun,45.0,50.86,1,1
2026-06-03,2026-06-03 09:25:32,vendredi,regular,['vendredi'],Pass Vendredi,Shotgun,45.0,50.86,1,1
2026-06-03,2026-06-03 09:25:32,vendredi,regular,['vendredi'],Pass Vendredi,Shotgun,45.0,50.86,1,1
2026-06-03,2026-06-03 09:35:55,2-jours,regular,,Pass 2 Jours,DICE,99.45,104.5,1,1
2026-06-03,2026-06-03 10:11:07,2-jours,regular,,Pass 2 Jours,DICE,99.45,104.5,1,1
2026-06-03,2026-06-03 10:11:55,samedi,regular,['samedi'],Pass Samedi,DICE,51.39,55.0,1,1
2026-06-03,2026-06-03 10:17:44,2-jours,regular,,Pass 2 Jours,DICE,99.45,104.5,1,1
2026-06-03,2026-06-03 10:17:44,2-jours,regular,,Pass 2 Jours,DICE,99.45,104.5,1,1
2026-06-03,2026-06-03 10:25:38,samedi,regular,['samedi'],Pass Samedi,DICE,51.39,55.0,1,1
2026-06-03,2026-06-03 10:25:38,samedi,regular,['samedi'],Pass Samedi,DICE,51.39,55.0,1,1
2026-06-03,2026-06-03 10:25:38,samedi,regular,['samedi'],Pass Samedi,DICE,51.39,55.0,1,1
2026-06-03,2026-06-03 10:27:34,vendredi,regular,['vendredi'],Pass Vendredi,DICE,51.39,55.0,1,1
2026-06-03,2026-06-03 10:33:44,2-jours,regular,,Pass 2 Jours,DICE,99.45,104.5,1,1
2026-06-03,2026-06-03 10:34:52,2-jours,regular,,Pass 2 Jours,DICE,99.45,104.5,1,1
2026-06-03,2026-06-03 10:39:00,2-jours,regular,,Pass 2 Jours,DICE,99.45,104.5,1,1
2026-06-03,2026-06-03 10:42:55,samedi,regular,['samedi'],Pass Samedi,DICE,51.39,55.0,1,1
2026-06-03,2026-06-03 10:42:55,samedi,regular,['samedi'],Pass Samedi,DICE,51.39,55.0,1,1
2026-06-03,2026-06-03 10:46:21,2-jours,regular,,Pass 2 Jours,DICE,99.45,104.5,1,1
2026-06-03,2026-06-03 10:55:47,vendredi,regular,['vendredi'],Pass Vendredi,Shotgun,45.0,50.86,1,1
2026-06-03,2026-06-03 10:59:13,2-jours,regular,"['vendredi', 'samedi']",Pass 2 Jours,Shotgun,95.0,107.37,1,1
2026-06-03,2026-06-03 11:14:13,vendredi,regular,['vendredi'],Pass Vendredi,DICE,51.39,55.0,1,1
2026-06-03,2026-06-03 11:16:04,vendredi,regular,['vendredi'],Pass Vendredi,DICE,51.39,55.0,1,1
2026-06-03,2026-06-03 11:18:00,2-jours,regular,"['vendredi', 'samedi']",Pass 2 Jours,Shotgun,95.0,107.37,1,1
2026-06-03,2026-06-03 11:19:11,2-jours,regular,"['vendredi', 'samedi']",Pass 2 Jours,Shotgun,95.0,107.37,1,1
2026-06-03,2026-06-03 11:23:11,vendredi,regular,['vendredi'],Pass Vendredi,Shotgun,45.0,50.86,1,1
2026-06-03,2026-06-03 11:24:53,vendredi,regular,['vendredi'],Pass Vendredi,DICE,51.39,55.0,1,1
2026-06-03,2026-06-03 11:31:16,vendredi,regular,['vendredi'],Pass Vendredi,DICE,51.39,55.0,1,1
2026-06-03,2026-06-03 11:32:25,vendredi,regular,['vendredi'],Pass Vendredi,Shotgun,50.0,56.51,1,1
2026-06-03,2026-06-03 11:33:54,vendredi,regular,['vendredi'],Pass Vendredi,DICE,51.39,55.0,1,1
2026-06-03,2026-06-03 11:35:06,vendredi,regular,['vendredi'],Pass Vendredi,DICE,51.39,55.0,1,1
2026-06-03,2026-06-03 11:43:04,2-jours,regular,"['vendredi', 'samedi']",Pass 2 Jours,Shotgun,95.0,107.37,1,1
2026-06-03,2026-06-03 11:52:16,samedi,regular,['samedi'],Pass Samedi,DICE,51.39,55.0,1,1
2026-06-03,2026-06-03 11:55:57,vendredi,regular,['vendredi'],Pass Vendredi,DICE,51.39,55.0,1,1
2026-06-03,2026-06-03 11:58:46,vendredi,regular,['vendredi'],Pass Vendredi,DICE,51.39,55.0,1,1
2026-06-03,2026-06-03 12:03:13,2-jours,regular,"['vendredi', 'samedi']",Pass 2 Jours,Shotgun,95.0,107.37,1,1
2026-06-03,2026-06-03 12:03:13,2-jours,regular,"['vendredi', 'samedi']",Pass 2 Jours,Shotgun,95.0,107.37,1,1
2026-06-03,2026-06-03 12:03:45,samedi,regular,['samedi'],Pass Samedi,Shotgun,50.0,56.51,1,1
2026-06-03,2026-06-03 12:04:05,vendredi,regular,['vendredi'],Pass Vendredi,DICE,51.39,55.0,1,1
2026-06-03,2026-06-03 12:06:39,2-jours,regular,,Pass 2 Jours,DICE,99.45,104.5,1,1
2026-06-03,2026-06-03 12:10:28,vendredi,regular,['vendredi'],Pass Vendredi,Shotgun,50.0,56.51,1,1
2026-06-03,2026-06-03 12:14:35,samedi,regular,['samedi'],Pass Samedi,DICE,51.39,55.0,1,1
2026-06-03,2026-06-03 12:36:25,vendredi,regular,['vendredi'],Pass Vendredi,DICE,51.39,55.0,1,1
2026-06-03,2026-06-03 12:37:30,samedi,regular,['samedi'],Pass Samedi,DICE,51.39,55.0,1,1
2026-06-03,2026-06-03 12:37:40,vendredi,regular,['vendredi'],Pass Vendredi,Shotgun,50.0,56.51,1,1
2026-06-03,2026-06-03 12:45:43,samedi,regular,['samedi'],Pass Samedi,DICE,51.39,55.0,1,1
2026-06-03,2026-06-03 12:46:36,samedi,regular,['samedi'],Pass Samedi,DICE,51.39,55.0,1,1
2026-06-03,2026-06-03 13:19:27,vendredi,regular,['vendredi'],Pass Vendredi,Shotgun,50.0,56.51,1,1
2026-06-03,2026-06-03 13:25:16,2-jours,regular,"['vendredi', 'samedi']",Pass 2 Jours,Shotgun,95.0,107.37,1,1
2026-06-03,2026-06-03 13:25:46,2-jours,regular,,Pass 2 Jours,DICE,99.45,104.5,1,1
2026-06-03,2026-06-03 13:25:46,2-jours,regular,,Pass 2 Jours,DICE,99.45,104.5,1,1
2026-06-03,2026-06-03 13:30:34,2-jours,regular,,Pass 2 Jours,DICE,99.45,104.5,1,1
2026-06-03,2026-06-03 13:33:40,vendredi,regular,['vendredi'],Pass Vendredi,DICE,51.39,55.0,1,1
2026-06-03,2026-06-03 13:33:40,vendredi,regular,['vendredi'],Pass Vendredi,DICE,51.39,55.0,1,1
2026-06-03,2026-06-03 13:45:22,samedi,regular,['samedi'],Pass Samedi,DICE,51.39,55.0,1,1
2026-06-03,2026-06-03 13:45:22,samedi,regular,['samedi'],Pass Samedi,DICE,51.39,55.0,1,1
2026-06-03,2026-06-03 13:45:22,samedi,regular,['samedi'],Pass Samedi,DICE,51.39,55.0,1,1
2026-06-03,2026-06-03 13:45:22,samedi,regular,['samedi'],Pass Samedi,DICE,51.39,55.0,1,1
2026-06-03,2026-06-03 13:54:31,vendredi,regular,['vendredi'],Pass Vendredi,DICE,51.39,55.0,1,1
2026-06-03,2026-06-03 14:00:11,vendredi,regular,['vendredi'],Pass Vendredi,Shotgun,50.0,56.51,1,1
2026-06-03,2026-06-03 14:01:51,vendredi,regular,['vendredi'],Pass Vendredi,DICE,51.39,55.0,1,1
2026-06-03,2026-06-03 14:01:51,vendredi,regular,['vendredi'],Pass Vendredi,DICE,51.39,55.0,1,1
2026-06-03,2026-06-03 14:03:38,2-jours,regular,,Pass 2 Jours,DICE,99.45,104.5,1,1
2026-06-03,2026-06-03 14:03:49,samedi,regular,['samedi'],Pass Samedi,Shotgun,50.0,56.51,1,1
2026-06-03,2026-06-03 14:03:49,samedi,regular,['samedi'],Pass Samedi,Shotgun,50.0,56.51,1,1
2026-06-03,2026-06-03 14:20:04,vendredi,regular,['vendredi'],Pass Vendredi,DICE,51.39,55.0,1,1
2026-06-03,2026-06-03 14:20:04,vendredi,regular,['vendredi'],Pass Vendredi,DICE,51.39,55.0,1,1
2026-06-03,2026-06-03 15:31:29,2-jours,regular,,Pass 2 Jours,DICE,99.45,104.5,1,1
2026-06-03,2026-06-03 15:31:38,2-jours,regular,,Pass 2 Jours,DICE,99.45,104.5,1,1
2026-06-03,2026-06-03 15:35:48,samedi,regular,['samedi'],Pass Samedi,DICE,51.39,55.0,1,1
2026-06-03,2026-06-03 15:35:48,samedi,regular,['samedi'],Pass Samedi,DICE,51.39,55.0,1,1
2026-06-03,2026-06-03 15:39:11,samedi,regular,['samedi'],Pass Samedi,DICE,51.39,55.0,1,1
2026-06-03,2026-06-03 15:39:11,samedi,regular,['samedi'],Pass Samedi,DICE,51.39,55.0,1,1
2026-06-03,2026-06-03 15:39:57,2-jours,regular,,Pass 2 Jours,DICE,99.45,104.5,1,1
2026-06-03,2026-06-03 15:42:37,vendredi,regular,['vendredi'],Pass Vendredi,DICE,51.39,55.0,1,1
2026-06-03,2026-06-03 15:42:37,vendredi,regular,['vendredi'],Pass Vendredi,DICE,51.39,55.0,1,1
2026-06-03,2026-06-03 16:04:36,samedi,regular,['samedi'],Pass Samedi,Shotgun,50.0,56.51,1,1
2026-06-03,2026-06-03 16:14:38,vendredi,regular,['vendredi'],Pass Vendredi,DICE,51.39,55.0,1,1
2026-06-03,2026-06-03 16:14:38,vendredi,regular,['vendredi'],Pass Vendredi,DICE,51.39,55.0,1,1
2026-06-03,2026-06-03 16:14:38,vendredi,regular,['vendredi'],Pass Vendredi,DICE,51.39,55.0,1,1
2026-06-03,2026-06-03 16:14:38,vendredi,regular,['vendredi'],Pass Vendredi,DICE,51.39,55.0,1,1
2026-06-03,2026-06-03 16:21:37,2-jours,regular,"['vendredi', 'samedi']",Pass 2 Jours,Shotgun,95.0,107.37,1,1
2026-06-03,2026-06-03 16:21:42,vendredi,regular,['vendredi'],Pass Vendredi,DICE,51.39,55.0,1,1
2026-06-03,2026-06-03 16:31:41,vendredi,regular,['vendredi'],Pass Vendredi,DICE,51.39,55.0,1,1
2026-06-03,2026-06-03 16:35:52,vendredi,regular,['vendredi'],Pass Vendredi,DICE,51.39,55.0,1,1
2026-06-03,2026-06-03 16:36:10,vendredi,regular,['vendredi'],Pass Vendredi,DICE,51.39,55.0,1,1
2026-06-03,2026-06-03 16:36:18,vendredi,regular,['vendredi'],Pass Vendredi,DICE,51.39,55.0,1,1
2026-06-03,2026-06-03 16:40:12,2-jours,regular,,Pass 2 Jours,DICE,88.77,93.5,1,1
2026-06-03,2026-06-03 16:40:12,2-jours,regular,,Pass 2 Jours,DICE,99.45,104.5,1,1
2026-06-03,2026-06-03 17:10:11,samedi,regular,['samedi'],Pass Samedi,Shotgun,50.0,56.51,1,1
2026-06-03,2026-06-03 17:10:11,samedi,regular,['samedi'],Pass Samedi,Shotgun,50.0,56.51,1,1
2026-06-03,2026-06-03 17:18:03,vendredi,regular,['vendredi'],Pass Vendredi,Shotgun,50.0,56.51,1,1
2026-06-03,2026-06-03 17:25:22,samedi,regular,['samedi'],Pass Samedi,DICE,51.39,55.0,1,1
2026-06-03,2026-06-03 17:25:22,samedi,regular,['samedi'],Pass Samedi,DICE,51.39,55.0,1,1
2026-06-03,2026-06-03 17:26:06,2-jours,regular,,Pass 2 Jours,DICE,99.45,104.5,1,1
2026-06-03,2026-06-03 17:29:25,2-jours,regular,,Pass 2 Jours,DICE,99.45,104.5,1,1
2026-06-03,2026-06-03 17:50:44,2-jours,regular,,Pass 2 Jours,DICE,99.45,104.5,1,1
2026-06-03,2026-06-03 17:51:53,2-jours,regular,,Pass 2 Jours,DICE,99.45,104.5,1,1
2026-06-03,2026-06-03 17:52:06,samedi,regular,['samedi'],Pass Samedi,DICE,51.39,55.0,1,1
2026-06-03,2026-06-03 17:52:06,samedi,regular,['samedi'],Pass Samedi,DICE,51.39,55.0,1,1
2026-06-03,2026-06-03 18:01:39,2-jours,regular,,Pass 2 Jours,DICE,99.45,104.5,1,1
2026-06-03,2026-06-03 18:01:39,2-jours,regular,,Pass 2 Jours,DICE,99.45,104.5,1,1
2026-06-03,2026-06-03 18:01:39,2-jours,regular,,Pass 2 Jours,DICE,99.45,104.5,1,1
2026-06-03,2026-06-03 18:02:09,2-jours,regular,,Pass 2 Jours,DICE,99.45,104.5,1,1
2026-06-03,2026-06-03 18:02:09,2-jours,regular,,Pass 2 Jours,DICE,99.45,104.5,1,1
2026-06-03,2026-06-03 18:02:21,samedi,regular,['samedi'],Pass Samedi,DICE,51.39,55.0,1,1
2026-06-03,2026-06-03 18:03:14,2-jours,regular,,Pass 2 Jours,DICE,99.45,104.5,1,1
2026-06-03,2026-06-03 18:06:57,2-jours,regular,,Pass 2 Jours,DICE,99.45,104.5,1,1
2026-06-03,2026-06-03 18:07:39,samedi,regular,['samedi'],Pass Samedi,Shotgun,50.0,56.51,1,1
2026-06-03,2026-06-03 18:27:13,samedi,regular,['samedi'],Pass Samedi,DICE,51.39,55.0,1,1
2026-06-03,2026-06-03 18:27:13,samedi,regular,['samedi'],Pass Samedi,DICE,51.39,55.0,1,1
2026-06-03,2026-06-03 18:27:13,samedi,regular,['samedi'],Pass Samedi,DICE,51.39,55.0,1,1
2026-06-03,2026-06-03 18:57:29,2-jours,regular,"['vendredi', 'samedi']",Pass 2 Jours,Shotgun,95.0,107.37,1,1
2026-06-03,2026-06-03 18:57:29,2-jours,regular,"['vendredi', 'samedi']",Pass 2 Jours,Shotgun,95.0,107.37,1,1
2026-06-03,2026-06-03 18:58:43,2-jours,regular,,Pass 2 Jours,DICE,99.45,104.5,1,1
2026-06-03,2026-06-03 19:06:28,vendredi,regular,['vendredi'],Pass Vendredi,DICE,51.39,55.0,1,1
2026-06-03,2026-06-03 19:06:28,vendredi,regular,['vendredi'],Pass Vendredi,DICE,51.39,55.0,1,1
2026-06-03,2026-06-03 19:09:58,vendredi,regular,['vendredi'],Pass Vendredi,DICE,51.39,55.0,1,1
2026-06-03,2026-06-03 19:09:58,vendredi,regular,['vendredi'],Pass Vendredi,DICE,51.39,55.0,1,1
2026-06-03,2026-06-03 19:20:46,vendredi,regular,['vendredi'],Pass Vendredi,Shotgun,50.0,56.51,1,1
2026-06-03,2026-06-03 19:20:46,samedi,regular,['samedi'],Pass Samedi,Shotgun,50.0,56.51,1,1
2026-06-03,2026-06-03 19:24:47,vendredi,regular,['vendredi'],Pass Vendredi,DICE,51.39,55.0,1,1
2026-06-03,2026-06-03 19:25:34,2-jours,regular,,Pass 2 Jours,DICE,99.45,104.5,1,1
2026-06-03,2026-06-03 19:26:01,samedi,regular,['samedi'],Pass Samedi,DICE,51.39,55.0,1,1
2026-06-03,2026-06-03 19:33:37,2-jours,regular,"['vendredi', 'samedi']",Pass 2 Jours,Shotgun,95.0,107.37,1,1
2026-06-03,2026-06-03 19:33:37,2-jours,regular,"['vendredi', 'samedi']",Pass 2 Jours,Shotgun,95.0,107.37,1,1
2026-06-03,2026-06-03 19:36:14,samedi,regular,['samedi'],Pass Samedi,DICE,51.39,55.0,1,1
2026-06-03,2026-06-03 19:37:24,samedi,regular,['samedi'],Pass Samedi,DICE,51.39,55.0,1,1
2026-06-03,2026-06-03 19:52:33,samedi,regular,['samedi'],Pass Samedi,Shotgun,50.0,56.51,1,1
2026-06-03,2026-06-03 20:20:11,vendredi,regular,['vendredi'],Pass Vendredi,Shotgun,50.0,56.51,1,1
2026-06-03,2026-06-03 20:33:29,2-jours,regular,"['vendredi', 'samedi']",Pass 2 Jours,Shotgun,95.0,107.37,1,1
2026-06-03,2026-06-03 20:49:58,vendredi,regular,['vendredi'],Pass Vendredi,DICE,51.39,55.0,1,1
2026-06-03,2026-06-03 21:11:16,2-jours,regular,"['vendredi', 'samedi']",Pass 2 Jours,Shotgun,95.0,107.37,1,1
2026-06-03,2026-06-03 21:11:27,samedi,regular,['samedi'],Pass Samedi,DICE,51.39,55.0,1,1
2026-06-03,2026-06-03 21:12:29,2-jours,regular,,Pass 2 Jours,DICE,99.45,104.5,1,1
2026-06-03,2026-06-03 21:13:45,2-jours,regular,,Pass 2 Jours,DICE,99.45,104.5,1,1
2026-06-03,2026-06-03 21:16:20,samedi,regular,['samedi'],Pass Samedi,Shotgun,50.0,56.51,1,1
2026-06-03,2026-06-03 21:17:32,2-jours,regular,,Pass 2 Jours,DICE,99.45,104.5,1,1
2026-06-03,2026-06-03 21:30:55,samedi,regular,['samedi'],Pass Samedi,DICE,51.39,55.0,1,1
2026-06-03,2026-06-03 22:04:57,vendredi,regular,['vendredi'],Pass Vendredi,Shotgun,50.0,56.51,1,1
2026-06-03,2026-06-03 22:11:04,2-jours,regular,"['vendredi', 'samedi']",Pass 2 Jours,Shotgun,95.0,107.37,1,1
2026-06-03,2026-06-03 23:10:42,2-jours,regular,,Pass 2 Jours,DICE,99.45,104.5,1,1
2026-06-03,2026-06-03 23:58:42,vendredi,regular,['vendredi'],Pass Vendredi,DICE,51.39,55.0,1,1
2026-06-03,2026-06-03 23:58:42,vendredi,regular,['vendredi'],Pass Vendredi,DICE,51.39,55.0,1,1
2026-06-04,2026-06-04 04:25:19,vendredi,regular,['vendredi'],Pass Vendredi,Shotgun,50.0,56.51,1,1
2026-06-04,2026-06-04 05:03:34,2-jours,regular,,Pass 2 Jours,DICE,99.45,104.5,1,1
2026-06-04,2026-06-04 06:16:44,vendredi,regular,['vendredi'],Pass Vendredi,DICE,51.39,55.0,1,1
2026-06-04,2026-06-04 06:32:53,2-jours,regular,,Pass 2 Jours,DICE,99.45,104.5,1,1
2026-06-04,2026-06-04 06:46:57,samedi,regular,['samedi'],Pass Samedi,DICE,51.39,55.0,1,1
2026-06-04,2026-06-04 06:54:10,samedi,regular,['samedi'],Pass Samedi,DICE,51.39,55.0,1,1
2026-06-04,2026-06-04 06:55:23,samedi,regular,['samedi'],Pass Samedi,DICE,51.39,55.0,1,1
2026-06-04,2026-06-04 07:08:00,vendredi,regular,['vendredi'],Pass Vendredi,DICE,51.39,55.0,1,1
2026-06-04,2026-06-04 07:08:00,vendredi,regular,['vendredi'],Pass Vendredi,DICE,51.39,55.0,1,1
2026-06-04,2026-06-04 07:44:50,vendredi,regular,['vendredi'],Pass Vendredi,DICE,51.39,55.0,1,1
2026-06-04,2026-06-04 07:55:57,2-jours,regular,,Pass 2 Jours,DICE,99.45,104.5,1,1
2026-06-04,2026-06-04 08:11:04,samedi,regular,['samedi'],Pass Samedi,DICE,51.39,55.0,1,1
2026-06-04,2026-06-04 08:11:04,samedi,regular,['samedi'],Pass Samedi,DICE,51.39,55.0,1,1
2026-06-04,2026-06-04 08:17:01,samedi,regular,['samedi'],Pass Samedi,DICE,51.39,55.0,1,1
2026-06-04,2026-06-04 08:48:54,samedi,regular,['samedi'],Pass Samedi,Shotgun,50.0,56.51,1,1
2026-06-04,2026-06-04 08:57:06,samedi,regular,['samedi'],Pass Samedi,Shotgun,50.0,56.51,1,1
2026-06-04,2026-06-04 09:24:23,vendredi,regular,['vendredi'],Pass Vendredi,Shotgun,50.0,56.51,1,1
2026-06-04,2026-06-04 09:24:23,samedi,regular,['samedi'],Pass Samedi,Shotgun,50.0,56.51,1,1
2026-06-04,2026-06-04 09:59:15,2-jours,regular,,Pass 2 Jours,DICE,99.45,104.5,1,1
2026-06-04,2026-06-04 10:15:12,2-jours,regular,,Pass 2 Jours,DICE,99.45,104.5,1,1
2026-06-04,2026-06-04 10:42:02,samedi,regular,['samedi'],Pass Samedi,DICE,51.39,55.0,1,1
2026-06-04,2026-06-04 10:54:26,samedi,regular,['samedi'],Pass Samedi,DICE,51.39,55.0,1,1
2026-06-04,2026-06-04 11:01:35,samedi,regular,['samedi'],Pass Samedi,Shotgun,50.0,56.51,1,1
2026-06-04,2026-06-04 11:01:44,samedi,regular,['samedi'],Pass Samedi,Shotgun,50.0,56.51,1,1
2026-06-04,2026-06-04 11:03:02,samedi,regular,['samedi'],Pass Samedi,DICE,51.39,55.0,1,1
2026-06-04,2026-06-04 11:28:34,2-jours,regular,,Pass 2 Jours,DICE,99.45,104.5,1,1
2026-06-04,2026-06-04 11:45:47,2-jours,regular,"['vendredi', 'samedi']",Pass 2 Jours,Shotgun,95.0,107.37,1,1
2026-06-04,2026-06-04 11:54:19,samedi,regular,['samedi'],Pass Samedi,DICE,51.39,55.0,1,1
2026-06-04,2026-06-04 11:54:19,samedi,regular,['samedi'],Pass Samedi,DICE,51.39,55.0,1,1
2026-06-04,2026-06-04 12:39:40,samedi,regular,['samedi'],Pass Samedi,DICE,51.39,55.0,1,1
2026-06-04,2026-06-04 12:42:40,vendredi,regular,['vendredi'],Pass Vendredi,Shotgun,50.0,56.51,1,1
2026-06-04,2026-06-04 12:44:13,samedi,regular,['samedi'],Pass Samedi,Shotgun,50.0,56.51,1,1
2026-06-04,2026-06-04 12:52:24,2-jours,regular,,Pass 2 Jours,DICE,99.45,104.5,1,1
2026-06-04,2026-06-04 12:59:34,vendredi,regular,['vendredi'],Pass Vendredi,DICE,51.39,55.0,1,1
2026-06-04,2026-06-04 13:00:43,vendredi,regular,['vendredi'],Pass Vendredi,DICE,51.39,55.0,1,1
2026-06-04,2026-06-04 13:00:43,vendredi,regular,['vendredi'],Pass Vendredi,DICE,51.39,55.0,1,1
2026-06-04,2026-06-04 13:01:22,2-jours,regular,"['vendredi', 'samedi']",Pass 2 Jours,Shotgun,95.0,107.37,1,1
2026-06-04,2026-06-04 13:02:46,2-jours,regular,"['vendredi', 'samedi']",Pass 2 Jours,Shotgun,95.0,107.37,1,1
2026-06-04,2026-06-04 13:41:14,2-jours,regular,,Pass 2 Jours,DICE,99.45,104.5,1,1
2026-06-04,2026-06-04 14:15:10,samedi,regular,['samedi'],Pass Samedi,DICE,51.39,55.0,1,1
2026-06-04,2026-06-04 14:22:41,samedi,regular,['samedi'],Pass Samedi,DICE,51.39,55.0,1,1
2026-06-04,2026-06-04 14:22:41,samedi,regular,['samedi'],Pass Samedi,DICE,51.39,55.0,1,1
2026-06-04,2026-06-04 14:51:26,2-jours,regular,"['vendredi', 'samedi']",Pass 2 Jours,Shotgun,95.0,107.37,1,1
2026-06-04,2026-06-04 15:18:10,samedi,regular,['samedi'],Pass Samedi,Shotgun,50.0,56.51,1,1
2026-06-04,2026-06-04 15:53:07,2-jours,regular,"['vendredi', 'samedi']",Pass 2 Jours,Shotgun,95.0,107.37,1,1
2026-06-04,2026-06-04 16:14:24,2-jours,regular,,Pass 2 Jours,DICE,99.45,104.5,1,1
2026-06-04,2026-06-04 16:39:34,vendredi,regular,['vendredi'],Pass Vendredi,DICE,51.39,55.0,1,1
2026-06-04,2026-06-04 16:39:34,vendredi,regular,['vendredi'],Pass Vendredi,DICE,51.39,55.0,1,1
2026-06-04,2026-06-04 17:05:43,samedi,regular,['samedi'],Pass Samedi,Shotgun,50.0,56.51,1,1
2026-06-04,2026-06-04 17:07:42,2-jours,regular,,Pass 2 Jours,DICE,99.45,104.5,1,1
2026-06-04,2026-06-04 17:16:30,2-jours,regular,,Pass 2 Jours,DICE,99.45,104.5,1,1
2026-06-04,2026-06-04 17:17:55,samedi,regular,['samedi'],Pass Samedi,DICE,51.39,55.0,1,1
2026-06-04,2026-06-04 17:23:46,2-jours,regular,"['vendredi', 'samedi']",Pass 2 Jours,Shotgun,95.0,107.37,1,1
2026-06-04,2026-06-04 17:28:20,samedi,regular,['samedi'],Pass Samedi,DICE,51.39,55.0,1,1
2026-06-04,2026-06-04 17:29:04,samedi,regular,['samedi'],Pass Samedi,DICE,51.39,55.0,1,1
2026-06-04,2026-06-04 17:34:54,samedi,regular,['samedi'],Pass Samedi,DICE,51.39,55.0,1,1
2026-06-04,2026-06-04 17:35:31,vendredi,regular,['vendredi'],Pass Vendredi,DICE,51.39,55.0,1,1
2026-06-04,2026-06-04 17:35:31,vendredi,regular,['vendredi'],Pass Vendredi,DICE,51.39,55.0,1,1
2026-06-04,2026-06-04 17:35:42,samedi,regular,['samedi'],Pass Samedi,DICE,51.39,55.0,1,1
2026-06-04,2026-06-04 17:47:33,2-jours,regular,,Pass 2 Jours,DICE,99.45,104.5,1,1
2026-06-04,2026-06-04 17:52:19,vendredi,regular,['vendredi'],Pass Vendredi,DICE,51.39,55.0,1,1
2026-06-04,2026-06-04 18:04:10,2-jours,regular,"['vendredi', 'samedi']",Pass 2 Jours,Shotgun,95.0,107.37,1,1
2026-06-04,2026-06-04 18:05:53,vendredi,regular,['vendredi'],Pass Vendredi,Shotgun,50.0,56.51,1,1
2026-06-04,2026-06-04 18:06:03,vendredi,regular,['vendredi'],Pass Vendredi,Shotgun,50.0,56.51,1,1
2026-06-04,2026-06-04 18:06:03,vendredi,regular,['vendredi'],Pass Vendredi,Shotgun,50.0,56.51,1,1
2026-06-04,2026-06-04 18:09:37,samedi,regular,['samedi'],Pass Samedi,DICE,51.39,55.0,1,1
2026-06-04,2026-06-04 18:11:42,vendredi,regular,['vendredi'],Pass Vendredi,Shotgun,50.0,56.51,1,1
2026-06-04,2026-06-04 18:13:46,vendredi,regular,['vendredi'],Pass Vendredi,Shotgun,50.0,56.51,1,1
2026-06-04,2026-06-04 18:16:28,vendredi,regular,['vendredi'],Pass Vendredi,DICE,51.39,55.0,1,1
2026-06-04,2026-06-04 18:16:32,samedi,regular,['samedi'],Pass Samedi,Shotgun,50.0,56.51,1,1
2026-06-04,2026-06-04 18:19:06,vendredi,regular,['vendredi'],Pass Vendredi,DICE,51.39,55.0,1,1
2026-06-04,2026-06-04 18:26:52,samedi,regular,['samedi'],Pass Samedi,DICE,51.39,55.0,1,1
2026-06-04,2026-06-04 18:38:41,vendredi,regular,['vendredi'],Pass Vendredi,DICE,51.39,55.0,1,1
2026-06-04,2026-06-04 18:47:43,vendredi,regular,['vendredi'],Pass Vendredi,DICE,51.39,55.0,1,1
2026-06-04,2026-06-04 18:51:06,samedi,regular,['samedi'],Pass Samedi,DICE,51.39,55.0,1,1
2026-06-04,2026-06-04 18:51:06,samedi,regular,['samedi'],Pass Samedi,DICE,51.39,55.0,1,1
2026-06-04,2026-06-04 18:55:40,samedi,regular,['samedi'],Pass Samedi,Shotgun,50.0,56.51,1,1
2026-06-04,2026-06-04 18:55:40,samedi,regular,['samedi'],Pass Samedi,Shotgun,50.0,56.51,1,1
2026-06-04,2026-06-04 18:56:19,vendredi,regular,['vendredi'],Pass Vendredi,DICE,51.39,55.0,1,1
2026-06-04,2026-06-04 18:59:51,samedi,regular,['samedi'],Pass Samedi,DICE,51.39,55.0,1,1
2026-06-04,2026-06-04 18:59:51,samedi,regular,['samedi'],Pass Samedi,DICE,51.39,55.0,1,1
2026-06-04,2026-06-04 19:09:51,2-jours,regular,,Pass 2 Jours,DICE,99.45,104.5,1,1
2026-06-04,2026-06-04 19:12:56,2-jours,regular,,Pass 2 Jours,DICE,99.45,104.5,1,1
2026-06-04,2026-06-04 19:16:23,2-jours,regular,,Pass 2 Jours,DICE,99.45,104.5,1,1
2026-06-04,2026-06-04 19:16:55,2-jours,regular,,Pass 2 Jours,DICE,99.45,104.5,1,1
2026-06-04,2026-06-04 19:18:32,2-jours,regular,"['vendredi', 'samedi']",Pass 2 Jours,Shotgun,95.0,107.37,1,1
2026-06-04,2026-06-04 19:22:17,2-jours,regular,,Pass 2 Jours,DICE,99.45,104.5,1,1
2026-06-04,2026-06-04 19:22:17,2-jours,regular,,Pass 2 Jours,DICE,99.45,104.5,1,1
2026-06-04,2026-06-04 19:22:17,2-jours,regular,,Pass 2 Jours,DICE,99.45,104.5,1,1
2026-06-04,2026-06-04 19:22:17,2-jours,regular,,Pass 2 Jours,DICE,99.45,104.5,1,1
2026-06-04,2026-06-04 19:33:42,samedi,regular,['samedi'],Pass Samedi,Shotgun,50.0,56.51,1,1
2026-06-04,2026-06-04 19:34:15,samedi,regular,['samedi'],Pass Samedi,DICE,51.39,55.0,1,1
2026-06-04,2026-06-04 20:15:05,samedi,regular,['samedi'],Pass Samedi,DICE,51.39,55.0,1,1
2026-06-04,2026-06-04 20:15:26,samedi,regular,['samedi'],Pass Samedi,DICE,51.39,55.0,1,1
2026-06-04,2026-06-04 20:15:29,samedi,regular,['samedi'],Pass Samedi,DICE,51.39,55.0,1,1
2026-06-04,2026-06-04 20:45:50,vendredi,regular,['vendredi'],Pass Vendredi,DICE,51.39,55.0,1,1
2026-06-04,2026-06-04 20:45:50,vendredi,regular,['vendredi'],Pass Vendredi,DICE,51.39,55.0,1,1
2026-06-04,2026-06-04 20:49:49,2-jours,regular,"['vendredi', 'samedi']",Pass 2 Jours,Shotgun,95.0,107.37,1,1
2026-06-04,2026-06-04 21:13:36,vendredi,regular,['vendredi'],Pass Vendredi,Shotgun,50.0,56.51,1,1
2026-06-04,2026-06-04 21:27:01,samedi,regular,['samedi'],Pass Samedi,DICE,51.39,55.0,1,1
2026-06-04,2026-06-04 21:34:34,2-jours,regular,,Pass 2 Jours,DICE,99.45,104.5,1,1
2026-06-04,2026-06-04 21:54:25,2-jours,regular,,Pass 2 Jours,DICE,99.45,104.5,1,1
2026-06-04,2026-06-04 21:54:32,vendredi,regular,['vendredi'],Pass Vendredi,Shotgun,50.0,56.51,1,1
2026-06-04,2026-06-04 21:54:32,vendredi,regular,['vendredi'],Pass Vendredi,Shotgun,50.0,56.51,1,1
2026-06-04,2026-06-04 23:16:57,vendredi,regular,['vendredi'],Pass Vendredi,Shotgun,50.0,56.51,1,1
2026-06-04,2026-06-04 23:16:57,vendredi,regular,['vendredi'],Pass Vendredi,Shotgun,50.0,56.51,1,1
2026-06-04,2026-06-04 23:21:20,vendredi,regular,['vendredi'],Pass Vendredi,Shotgun,50.0,56.51,1,1
2026-06-04,2026-06-04 23:39:19,samedi,regular,['samedi'],Pass Samedi,DICE,51.39,55.0,1,1
2026-06-05,2026-06-05 02:46:56,2-jours,regular,"['vendredi', 'samedi']",Pass 2 Jours,Shotgun,95.0,107.37,1,1
2026-06-05,2026-06-05 02:50:33,2-jours,regular,"['vendredi', 'samedi']",Pass 2 Jours,Shotgun,95.0,107.37,1,1
2026-06-05,2026-06-05 02:52:48,vendredi,regular,['vendredi'],Pass Vendredi,Shotgun,50.0,56.51,1,1
2026-06-05,2026-06-05 04:00:43,vendredi,regular,['vendredi'],Pass Vendredi,Shotgun,50.0,56.51,1,1
2026-06-05,2026-06-05 06:25:35,samedi,regular,['samedi'],Pass Samedi,DICE,51.39,55.0,1,1
2026-06-05,2026-06-05 06:25:35,samedi,regular,['samedi'],Pass Samedi,DICE,51.39,55.0,1,1
2026-06-05,2026-06-05 07:00:03,samedi,regular,['samedi'],Pass Samedi,DICE,51.39,55.0,1,1
2026-06-05,2026-06-05 07:26:22,2-jours,regular,,Pass 2 Jours,DICE,99.45,104.5,1,1
2026-06-05,2026-06-05 07:26:22,2-jours,regular,,Pass 2 Jours,DICE,99.45,104.5,1,1
2026-06-05,2026-06-05 07:46:26,2-jours,regular,"['vendredi', 'samedi']",Pass 2 Jours,Shotgun,95.0,107.37,1,1
2026-06-05,2026-06-05 07:47:25,vendredi,regular,['vendredi'],Pass Vendredi,DICE,51.39,55.0,1,1
2026-06-05,2026-06-05 08:20:06,vendredi,regular,['vendredi'],Pass Vendredi,DICE,51.39,55.0,1,1
2026-06-05,2026-06-05 08:30:42,samedi,regular,['samedi'],Pass Samedi,DICE,51.39,55.0,1,1
2026-06-05,2026-06-05 08:30:42,samedi,regular,['samedi'],Pass Samedi,DICE,51.39,55.0,1,1
2026-06-05,2026-06-05 08:30:59,2-jours,regular,,Pass 2 Jours,DICE,99.45,104.5,1,1
2026-06-05,2026-06-05 08:32:10,vendredi,regular,['vendredi'],Pass Vendredi,DICE,51.39,55.0,1,1
2026-06-05,2026-06-05 08:32:10,vendredi,regular,['vendredi'],Pass Vendredi,DICE,51.39,55.0,1,1
2026-06-05,2026-06-05 08:36:17,2-jours,regular,,Pass 2 Jours,DICE,99.45,104.5,1,1
2026-06-05,2026-06-05 08:51:15,samedi,regular,['samedi'],Pass Samedi,Shotgun,50.0,56.51,1,1
2026-06-05,2026-06-05 09:26:15,2-jours,regular,"['vendredi', 'samedi']",Pass 2 Jours,Shotgun,95.0,107.37,1,1
2026-06-05,2026-06-05 09:31:40,vendredi,regular,['vendredi'],Pass Vendredi,DICE,51.39,55.0,1,1
2026-06-05,2026-06-05 09:31:40,vendredi,regular,['vendredi'],Pass Vendredi,DICE,51.39,55.0,1,1
2026-06-05,2026-06-05 09:31:40,vendredi,regular,['vendredi'],Pass Vendredi,DICE,51.39,55.0,1,1
2026-06-05,2026-06-05 09:36:43,samedi,regular,['samedi'],Pass Samedi,DICE,51.39,55.0,1,1
2026-06-05,2026-06-05 10:23:26,samedi,regular,['samedi'],Pass Samedi,Shotgun,50.0,56.51,1,1
2026-06-05,2026-06-05 10:49:43,2-jours,regular,"['vendredi', 'samedi']",Pass 2 Jours,Shotgun,95.0,107.37,1,1
2026-06-05,2026-06-05 10:59:27,samedi,regular,['samedi'],Pass Samedi,DICE,51.39,55.0,1,1
2026-06-05,2026-06-05 10:59:27,samedi,regular,['samedi'],Pass Samedi,DICE,51.39,55.0,1,1
2026-06-05,2026-06-05 10:59:27,samedi,regular,['samedi'],Pass Samedi,DICE,51.39,55.0,1,1
2026-06-05,2026-06-05 11:03:46,2-jours,regular,"['vendredi', 'samedi']",Pass 2 Jours,Shotgun,95.0,107.37,1,1
2026-06-05,2026-06-05 11:03:50,vendredi,regular,['vendredi'],Pass Vendredi,DICE,51.39,55.0,1,1
2026-06-05,2026-06-05 11:09:31,2-jours,regular,,Pass 2 Jours,DICE,99.45,104.5,1,1
2026-06-05,2026-06-05 11:15:35,vendredi,regular,['vendredi'],Pass Vendredi,DICE,51.39,55.0,1,1
2026-06-05,2026-06-05 11:15:54,vendredi,regular,['vendredi'],Pass Vendredi,Shotgun,50.0,56.51,1,1
2026-06-05,2026-06-05 11:40:27,2-jours,regular,,Pass 2 Jours,DICE,99.45,104.5,1,1
2026-06-05,2026-06-05 11:43:25,2-jours,regular,"['vendredi', 'samedi']",Pass 2 Jours,Shotgun,95.0,107.37,1,1
2026-06-05,2026-06-05 12:04:30,2-jours,regular,,Pass 2 Jours,DICE,99.45,104.5,1,1
2026-06-05,2026-06-05 12:19:06,samedi,regular,['samedi'],Pass Samedi,DICE,51.39,55.0,1,1
2026-06-05,2026-06-05 12:53:05,samedi,regular,['samedi'],Pass Samedi,Shotgun,50.0,56.51,1,1
2026-06-05,2026-06-05 12:53:05,samedi,regular,['samedi'],Pass Samedi,Shotgun,50.0,56.51,1,1
2026-06-05,2026-06-05 12:53:05,samedi,regular,['samedi'],Pass Samedi,Shotgun,50.0,56.51,1,1
2026-06-05,2026-06-05 13:26:53,vendredi,regular,['vendredi'],Pass Vendredi,DICE,51.39,55.0,1,1
2026-06-05,2026-06-05 13:59:20,2-jours,regular,,Pass 2 Jours,DICE,99.45,104.5,1,1
2026-06-05,2026-06-05 14:12:21,samedi,regular,['samedi'],Pass Samedi,DICE,51.39,55.0,1,1
2026-06-05,2026-06-05 14:35:44,samedi,regular,['samedi'],Pass Samedi,DICE,51.39,55.0,1,1
2026-06-05,2026-06-05 14:36:00,samedi,regular,['samedi'],Pass Samedi,Shotgun,50.0,56.51,1,1
2026-06-05,2026-06-05 14:55:10,2-jours,regular,"['vendredi', 'samedi']",Pass 2 Jours,Shotgun,95.0,107.37,1,1
2026-06-05,2026-06-05 14:58:27,samedi,regular,['samedi'],Pass Samedi,Shotgun,50.0,56.51,1,1
2026-06-05,2026-06-05 15:12:41,samedi,regular,['samedi'],Pass Samedi,Shotgun,50.0,56.51,1,1
2026-06-05,2026-06-05 15:18:20,2-jours,regular,,Pass 2 Jours,DICE,99.45,104.5,1,1
2026-06-05,2026-06-05 16:05:34,vendredi,regular,['vendredi'],Pass Vendredi,DICE,51.39,55.0,1,1
2026-06-05,2026-06-05 16:05:34,vendredi,regular,['vendredi'],Pass Vendredi,DICE,51.39,55.0,1,1
2026-06-05,2026-06-05 16:20:00,2-jours,regular,,Pass 2 Jours,DICE,99.45,104.5,1,1
2026-06-05,2026-06-05 16:24:01,samedi,regular,['samedi'],Pass Samedi,DICE,51.39,55.0,1,1
2026-06-05,2026-06-05 16:24:01,samedi,regular,['samedi'],Pass Samedi,DICE,51.39,55.0,1,1
2026-06-05,2026-06-05 16:24:07,2-jours,regular,,Pass 2 Jours,DICE,99.45,104.5,1,1
2026-06-05,2026-06-05 16:46:35,samedi,regular,['samedi'],Pass Samedi,DICE,51.39,55.0,1,1
2026-06-05,2026-06-05 17:03:12,2-jours,regular,,Pass 2 Jours,DICE,99.45,104.5,1,1
2026-06-05,2026-06-05 17:34:05,samedi,regular,['samedi'],Pass Samedi,DICE,51.39,55.0,1,1
2026-06-05,2026-06-05 17:36:06,samedi,regular,['samedi'],Pass Samedi,DICE,51.39,55.0,1,1
2026-06-05,2026-06-05 17:48:13,vendredi,regular,['vendredi'],Pass Vendredi,DICE,51.39,55.0,1,1
2026-06-05,2026-06-05 17:48:13,vendredi,regular,['vendredi'],Pass Vendredi,DICE,51.39,55.0,1,1
2026-06-05,2026-06-05 17:56:06,samedi,regular,['samedi'],Pass Samedi,Shotgun,50.0,56.51,1,1
2026-06-05,2026-06-05 18:04:45,samedi,regular,['samedi'],Pass Samedi,DICE,51.39,55.0,1,1
2026-06-05,2026-06-05 18:04:45,samedi,regular,['samedi'],Pass Samedi,DICE,51.39,55.0,1,1
2026-06-05,2026-06-05 18:08:41,samedi,regular,['samedi'],Pass Samedi,Shotgun,50.0,56.51,1,1
2026-06-05,2026-06-05 18:35:43,vendredi,regular,['vendredi'],Pass Vendredi,DICE,51.39,55.0,1,1
2026-06-05,2026-06-05 18:45:17,vendredi,regular,['vendredi'],Pass Vendredi,DICE,51.39,55.0,1,1
2026-06-05,2026-06-05 18:46:39,samedi,regular,['samedi'],Pass Samedi,DICE,51.39,55.0,1,1
2026-06-05,2026-06-05 18:52:32,2-jours,regular,,Pass 2 Jours,DICE,99.45,104.5,1,1
2026-06-05,2026-06-05 18:52:32,2-jours,regular,,Pass 2 Jours,DICE,99.45,104.5,1,1
2026-06-05,2026-06-05 18:55:20,vendredi,regular,['vendredi'],Pass Vendredi,Shotgun,50.0,56.51,1,1
2026-06-05,2026-06-05 19:01:17,vendredi,regular,['vendredi'],Pass Vendredi,Shotgun,50.0,56.51,1,1
2026-06-05,2026-06-05 19:01:55,vendredi,regular,['vendredi'],Pass Vendredi,Shotgun,50.0,56.51,1,1
2026-06-05,2026-06-05 19:01:55,vendredi,regular,['vendredi'],Pass Vendredi,Shotgun,50.0,56.51,1,1
2026-06-05,2026-06-05 19:02:21,vendredi,regular,['vendredi'],Pass Vendredi,DICE,51.39,55.0,1,1
2026-06-05,2026-06-05 19:04:25,vendredi,regular,['vendredi'],Pass Vendredi,DICE,51.39,55.0,1,1
2026-06-05,2026-06-05 19:07:51,vendredi,regular,['vendredi'],Pass Vendredi,DICE,51.39,55.0,1,1
2026-06-05,2026-06-05 19:07:51,vendredi,regular,['vendredi'],Pass Vendredi,DICE,51.39,55.0,1,1
2026-06-05,2026-06-05 19:17:57,2-jours,regular,"['vendredi', 'samedi']",Pass 2 Jours,Shotgun,95.0,107.37,1,1
2026-06-05,2026-06-05 19:17:57,2-jours,regular,"['vendredi', 'samedi']",Pass 2 Jours,Shotgun,95.0,107.37,1,1
2026-06-05,2026-06-05 19:28:19,samedi,regular,['samedi'],Pass Samedi,DICE,51.39,55.0,1,1
2026-06-05,2026-06-05 19:28:19,samedi,regular,['samedi'],Pass Samedi,DICE,51.39,55.0,1,1
2026-06-05,2026-06-05 19:31:00,2-jours,regular,,Pass 2 Jours,DICE,99.45,104.5,1,1
2026-06-05,2026-06-05 19:31:00,2-jours,regular,,Pass 2 Jours,DICE,99.45,104.5,1,1
2026-06-05,2026-06-05 19:31:01,samedi,regular,['samedi'],Pass Samedi,DICE,51.39,55.0,1,1
2026-06-05,2026-06-05 19:31:01,samedi,regular,['samedi'],Pass Samedi,DICE,51.39,55.0,1,1
2026-06-05,2026-06-05 19:33:42,2-jours,regular,"['vendredi', 'samedi']",Pass 2 Jours,Shotgun,95.0,107.37,1,1
2026-06-05,2026-06-05 20:02:43,2-jours,regular,,Pass 2 Jours,DICE,99.45,104.5,1,1
2026-06-05,2026-06-05 20:06:13,vendredi,regular,['vendredi'],Pass Vendredi,DICE,51.39,55.0,1,1
2026-06-05,2026-06-05 20:20:48,vendredi,regular,['vendredi'],Pass Vendredi,DICE,51.39,55.0,1,1
2026-06-05,2026-06-05 20:22:37,vendredi,regular,['vendredi'],Pass Vendredi,DICE,51.39,55.0,1,1
2026-06-05,2026-06-05 20:37:40,2-jours,regular,,Pass 2 Jours,DICE,99.45,104.5,1,1
2026-06-05,2026-06-05 21:04:09,vendredi,regular,['vendredi'],Pass Vendredi,Shotgun,50.0,56.51,1,1
2026-06-05,2026-06-05 21:04:09,vendredi,regular,['vendredi'],Pass Vendredi,Shotgun,50.0,56.51,1,1
2026-06-05,2026-06-05 22:07:17,samedi,regular,['samedi'],Pass Samedi,Shotgun,50.0,56.51,1,1
2026-06-05,2026-06-05 22:45:17,vendredi,regular,['vendredi'],Pass Vendredi,DICE,51.39,55.0,1,1
2026-06-06,2026-06-06 02:30:49,samedi,regular,['samedi'],Pass Samedi,Shotgun,50.0,56.51,1,1
2026-06-06,2026-06-06 07:06:51,vendredi,regular,['vendredi'],Pass Vendredi,DICE,51.39,55.0,1,1
2026-06-06,2026-06-06 07:14:40,vendredi,regular,['vendredi'],Pass Vendredi,Shotgun,50.0,56.51,1,1
2026-06-06,2026-06-06 07:24:44,samedi,regular,['samedi'],Pass Samedi,DICE,51.39,55.0,1,1
2026-06-06,2026-06-06 07:24:44,samedi,regular,['samedi'],Pass Samedi,DICE,51.39,55.0,1,1
2026-06-06,2026-06-06 07:24:44,samedi,regular,['samedi'],Pass Samedi,DICE,51.39,55.0,1,1
2026-06-06,2026-06-06 07:34:05,samedi,regular,['samedi'],Pass Samedi,Shotgun,50.0,56.51,1,1
2026-06-06,2026-06-06 07:36:24,vendredi,regular,['vendredi'],Pass Vendredi,DICE,51.39,55.0,1,1
2026-06-06,2026-06-06 07:36:24,vendredi,regular,['vendredi'],Pass Vendredi,DICE,51.39,55.0,1,1
2026-06-06,2026-06-06 07:39:42,vendredi,regular,['vendredi'],Pass Vendredi,DICE,51.39,55.0,1,1
2026-06-06,2026-06-06 07:39:42,vendredi,regular,['vendredi'],Pass Vendredi,DICE,51.39,55.0,1,1
2026-06-06,2026-06-06 08:00:18,vendredi,regular,['vendredi'],Pass Vendredi,DICE,51.39,55.0,1,1
2026-06-06,2026-06-06 08:26:58,2-jours,regular,,Pass 2 Jours,DICE,99.45,104.5,1,1
2026-06-06,2026-06-06 09:51:57,samedi,regular,['samedi'],Pass Samedi,Shotgun,50.0,56.51,1,1
2026-06-06,2026-06-06 09:52:45,samedi,regular,['samedi'],Pass Samedi,Shotgun,50.0,56.51,1,1
2026-06-06,2026-06-06 10:05:12,vendredi,regular,['vendredi'],Pass Vendredi,Shotgun,50.0,56.51,1,1
2026-06-06,2026-06-06 10:05:41,vendredi,regular,['vendredi'],Pass Vendredi,Shotgun,50.0,56.51,1,1
2026-06-06,2026-06-06 10:15:35,2-jours,regular,"['vendredi', 'samedi']",Pass 2 Jours,Shotgun,95.0,107.37,1,1
2026-06-06,2026-06-06 10:35:42,samedi,regular,['samedi'],Pass Samedi,Shotgun,50.0,56.51,1,1
2026-06-06,2026-06-06 10:58:37,2-jours,regular,,Pass 2 Jours,DICE,99.45,104.5,1,1
2026-06-06,2026-06-06 10:58:37,2-jours,regular,,Pass 2 Jours,DICE,99.45,104.5,1,1
2026-06-06,2026-06-06 11:15:08,vendredi,regular,['vendredi'],Pass Vendredi,Shotgun,50.0,56.51,1,1
2026-06-06,2026-06-06 11:15:42,vendredi,regular,['vendredi'],Pass Vendredi,Shotgun,50.0,56.51,1,1
2026-06-06,2026-06-06 11:19:43,samedi,regular,['samedi'],Pass Samedi,DICE,51.39,55.0,1,1
2026-06-06,2026-06-06 11:19:43,samedi,regular,['samedi'],Pass Samedi,DICE,51.39,55.0,1,1
2026-06-06,2026-06-06 12:00:06,vendredi,regular,['vendredi'],Pass Vendredi,DICE,51.39,55.0,1,1
2026-06-06,2026-06-06 12:57:48,2-jours,regular,"['vendredi', 'samedi']",Pass 2 Jours,Shotgun,95.0,107.37,1,1
2026-06-06,2026-06-06 13:14:30,2-jours,regular,,Pass 2 Jours,DICE,99.45,104.5,1,1
2026-06-06,2026-06-06 13:33:30,samedi,regular,['samedi'],Pass Samedi,DICE,51.39,55.0,1,1
2026-06-06,2026-06-06 13:34:29,vendredi,regular,['vendredi'],Pass Vendredi,DICE,51.39,55.0,1,1
2026-06-06,2026-06-06 13:38:04,samedi,regular,['samedi'],Pass Samedi,DICE,51.39,55.0,1,1
2026-06-06,2026-06-06 13:49:09,2-jours,regular,"['vendredi', 'samedi']",Pass 2 Jours,Shotgun,95.0,107.37,1,1
2026-06-06,2026-06-06 14:16:05,samedi,regular,['samedi'],Pass Samedi,DICE,51.39,55.0,1,1
2026-06-06,2026-06-06 14:49:22,samedi,regular,['samedi'],Pass Samedi,DICE,51.39,55.0,1,1
2026-06-06,2026-06-06 15:25:31,2-jours,regular,"['vendredi', 'samedi']",Pass 2 Jours,Shotgun,95.0,107.37,1,1
2026-06-06,2026-06-06 15:48:55,2-jours,regular,,Pass 2 Jours,DICE,99.45,104.5,1,1
2026-06-06,2026-06-06 15:48:55,2-jours,regular,,Pass 2 Jours,DICE,99.45,104.5,1,1
2026-06-06,2026-06-06 15:52:23,samedi,regular,['samedi'],Pass Samedi,DICE,51.39,55.0,1,1
2026-06-06,2026-06-06 15:52:23,samedi,regular,['samedi'],Pass Samedi,DICE,51.39,55.0,1,1
2026-06-06,2026-06-06 15:52:23,samedi,regular,['samedi'],Pass Samedi,DICE,51.39,55.0,1,1
2026-06-06,2026-06-06 15:54:54,2-jours,regular,,Pass 2 Jours,DICE,99.45,104.5,1,1
2026-06-06,2026-06-06 15:54:54,2-jours,regular,,Pass 2 Jours,DICE,99.45,104.5,1,1
2026-06-06,2026-06-06 15:55:52,2-jours,regular,,Pass 2 Jours,DICE,99.45,104.5,1,1
2026-06-06,2026-06-06 15:55:52,2-jours,regular,,Pass 2 Jours,DICE,99.45,104.5,1,1
2026-06-06,2026-06-06 17:18:52,2-jours,regular,,Pass 2 Jours,DICE,99.45,104.5,1,1
2026-06-06,2026-06-06 17:25:16,samedi,regular,['samedi'],Pass Samedi,Shotgun,50.0,56.51,1,1
2026-06-06,2026-06-06 17:27:27,samedi,regular,['samedi'],Pass Samedi,DICE,51.39,55.0,1,1
2026-06-06,2026-06-06 17:27:27,samedi,regular,['samedi'],Pass Samedi,DICE,51.39,55.0,1,1
2026-06-06,2026-06-06 18:14:10,samedi,regular,['samedi'],Pass Samedi,DICE,51.39,55.0,1,1
2026-06-06,2026-06-06 18:16:33,samedi,regular,['samedi'],Pass Samedi,DICE,51.39,55.0,1,1
2026-06-06,2026-06-06 18:22:21,vendredi,regular,['vendredi'],Pass Vendredi,Shotgun,50.0,56.51,1,1
2026-06-06,2026-06-06 18:22:21,vendredi,regular,['vendredi'],Pass Vendredi,Shotgun,50.0,56.51,1,1
2026-06-06,2026-06-06 18:45:45,vendredi,regular,['vendredi'],Pass Vendredi,DICE,51.39,55.0,1,1
2026-06-06,2026-06-06 18:45:45,vendredi,regular,['vendredi'],Pass Vendredi,DICE,51.39,55.0,1,1
2026-06-06,2026-06-06 18:58:44,vendredi,regular,['vendredi'],Pass Vendredi,DICE,51.39,55.0,1,1
2026-06-06,2026-06-06 19:37:18,samedi,regular,['samedi'],Pass Samedi,DICE,51.39,55.0,1,1
2026-06-06,2026-06-06 19:37:18,samedi,regular,['samedi'],Pass Samedi,DICE,51.39,55.0,1,1
2026-06-06,2026-06-06 19:42:51,vendredi,regular,['vendredi'],Pass Vendredi,DICE,51.39,55.0,1,1
2026-06-06,2026-06-06 20:51:58,samedi,regular,['samedi'],Pass Samedi,Shotgun,50.0,56.51,1,1
2026-06-06,2026-06-06 22:16:57,samedi,regular,['samedi'],Pass Samedi,DICE,51.39,55.0,1,1
2026-06-06,2026-06-06 22:16:57,samedi,regular,['samedi'],Pass Samedi,DICE,51.39,55.0,1,1
2026-06-06,2026-06-06 22:35:45,2-jours,regular,"['vendredi', 'samedi']",Pass 2 Jours,Shotgun,95.0,107.37,1,1
2026-06-07,2026-06-07 00:46:47,2-jours,regular,,Pass 2 Jours,DICE,99.45,104.5,1,1
2026-06-07,2026-06-07 05:18:08,2-jours,regular,"['vendredi', 'samedi']",Pass 2 Jours,Shotgun,95.0,107.37,1,1
2026-06-07,2026-06-07 07:24:01,vendredi,regular,['vendredi'],Pass Vendredi,Shotgun,50.0,56.51,1,1
2026-06-07,2026-06-07 08:05:37,2-jours,regular,,Pass 2 Jours,DICE,99.45,104.5,1,1
2026-06-07,2026-06-07 08:05:37,2-jours,regular,,Pass 2 Jours,DICE,99.45,104.5,1,1
2026-06-07,2026-06-07 08:09:15,samedi,regular,['samedi'],Pass Samedi,Shotgun,50.0,56.51,1,1
2026-06-07,2026-06-07 08:09:15,samedi,regular,['samedi'],Pass Samedi,Shotgun,50.0,56.51,1,1
2026-06-07,2026-06-07 09:54:48,vendredi,regular,['vendredi'],Pass Vendredi,Shotgun,50.0,56.51,1,1
2026-06-07,2026-06-07 10:17:40,samedi,regular,['samedi'],Pass Samedi,DICE,51.39,55.0,1,1
2026-06-07,2026-06-07 10:17:40,samedi,regular,['samedi'],Pass Samedi,DICE,51.39,55.0,1,1
2026-06-07,2026-06-07 11:02:47,samedi,regular,['samedi'],Pass Samedi,Shotgun,50.0,56.51,1,1
2026-06-07,2026-06-07 13:06:16,samedi,regular,['samedi'],Pass Samedi,DICE,51.39,55.0,1,1
2026-06-07,2026-06-07 13:06:16,samedi,regular,['samedi'],Pass Samedi,DICE,51.39,55.0,1,1
2026-06-07,2026-06-07 13:37:46,vendredi,regular,['vendredi'],Pass Vendredi,Shotgun,50.0,56.51,1,1
2026-06-07,2026-06-07 13:37:46,vendredi,regular,['vendredi'],Pass Vendredi,Shotgun,50.0,56.51,1,1
2026-06-07,2026-06-07 14:01:39,vendredi,regular,['vendredi'],Pass Vendredi,DICE,51.39,55.0,1,1
2026-06-07,2026-06-07 14:06:10,2-jours,regular,"['vendredi', 'samedi']",Pass 2 Jours,Shotgun,95.0,107.37,1,1
2026-06-07,2026-06-07 14:07:06,samedi,regular,['samedi'],Pass Samedi,Shotgun,50.0,56.51,1,1
2026-06-07,2026-06-07 14:07:19,samedi,regular,['samedi'],Pass Samedi,DICE,51.39,55.0,1,1
2026-06-07,2026-06-07 14:58:45,2-jours,regular,,Pass 2 Jours,DICE,99.45,104.5,1,1
2026-06-07,2026-06-07 15:37:15,vendredi,regular,['vendredi'],Pass Vendredi,Shotgun,50.0,56.51,1,1
2026-06-07,2026-06-07 15:37:15,vendredi,regular,['vendredi'],Pass Vendredi,Shotgun,50.0,56.51,1,1
2026-06-07,2026-06-07 15:44:13,2-jours,regular,"['vendredi', 'samedi']",Pass 2 Jours,Shotgun,95.0,107.37,1,1
2026-06-07,2026-06-07 15:44:18,vendredi,regular,['vendredi'],Pass Vendredi,DICE,51.39,55.0,1,1
2026-06-07,2026-06-07 15:47:40,2-jours,regular,"['vendredi', 'samedi']",Pass 2 Jours,Shotgun,95.0,107.37,1,1
2026-06-07,2026-06-07 16:01:19,2-jours,regular,,Pass 2 Jours,DICE,99.45,104.5,1,1
2026-06-07,2026-06-07 16:01:19,2-jours,regular,,Pass 2 Jours,DICE,99.45,104.5,1,1
2026-06-07,2026-06-07 16:02:18,samedi,regular,['samedi'],Pass Samedi,DICE,51.39,55.0,1,1
2026-06-07,2026-06-07 16:27:44,samedi,regular,['samedi'],Pass Samedi,Shotgun,50.0,56.51,1,1
2026-06-07,2026-06-07 16:27:44,samedi,regular,['samedi'],Pass Samedi,Shotgun,50.0,56.51,1,1
2026-06-07,2026-06-07 17:23:34,samedi,regular,['samedi'],Pass Samedi,DICE,51.39,55.0,1,1
2026-06-07,2026-06-07 17:23:41,vendredi,regular,['vendredi'],Pass Vendredi,DICE,51.39,55.0,1,1
2026-06-07,2026-06-07 17:23:41,vendredi,regular,['vendredi'],Pass Vendredi,DICE,51.39,55.0,1,1
2026-06-07,2026-06-07 17:57:11,samedi,regular,['samedi'],Pass Samedi,DICE,51.39,55.0,1,1
2026-06-07,2026-06-07 17:57:11,samedi,regular,['samedi'],Pass Samedi,DICE,51.39,55.0,1,1
2026-06-07,2026-06-07 18:19:07,2-jours,regular,,Pass 2 Jours,DICE,99.45,104.5,1,1
2026-06-07,2026-06-07 18:24:57,2-jours,regular,"['vendredi', 'samedi']",Pass 2 Jours,Shotgun,95.0,107.37,1,1
2026-06-07,2026-06-07 18:49:54,samedi,regular,['samedi'],Pass Samedi,DICE,51.39,55.0,1,1
2026-06-07,2026-06-07 18:52:22,samedi,regular,['samedi'],Pass Samedi,DICE,51.39,55.0,1,1
2026-06-07,2026-06-07 18:57:44,2-jours,regular,"['vendredi', 'samedi']",Pass 2 Jours,Shotgun,95.0,107.37,1,1
2026-06-07,2026-06-07 20:20:35,vendredi,regular,['vendredi'],Pass Vendredi,DICE,51.39,55.0,1,1
2026-06-07,2026-06-07 20:20:35,vendredi,regular,['vendredi'],Pass Vendredi,DICE,51.39,55.0,1,1
2026-06-07,2026-06-07 20:21:56,vendredi,regular,['vendredi'],Pass Vendredi,Shotgun,50.0,56.51,1,1
2026-06-07,2026-06-07 21:05:24,2-jours,regular,,Pass 2 Jours,DICE,99.45,104.5,1,1
2026-06-08,2026-06-08 04:00:14,samedi,regular,['samedi'],Pass Samedi,Shotgun,50.0,56.51,1,1
2026-06-08,2026-06-08 07:00:42,2-jours,regular,"['vendredi', 'samedi']",Pass 2 Jours,Shotgun,95.0,107.37,1,1
2026-06-08,2026-06-08 07:00:42,2-jours,regular,"['vendredi', 'samedi']",Pass 2 Jours,Shotgun,95.0,107.37,1,1
2026-06-08,2026-06-08 08:18:04,samedi,regular,['samedi'],Pass Samedi,Shotgun,50.0,56.51,1,1
2026-06-08,2026-06-08 09:09:25,samedi,regular,['samedi'],Pass Samedi,DICE,51.39,55.0,1,1
2026-06-08,2026-06-08 09:09:25,samedi,regular,['samedi'],Pass Samedi,DICE,51.39,55.0,1,1
2026-06-08,2026-06-08 10:51:46,2-jours,regular,"['vendredi', 'samedi']",Pass 2 Jours,Shotgun,95.0,107.37,1,1
2026-06-08,2026-06-08 10:57:37,2-jours,regular,"['vendredi', 'samedi']",Pass 2 Jours,Shotgun,95.0,107.37,1,1
2026-06-08,2026-06-08 11:05:26,samedi,regular,['samedi'],Pass Samedi,Shotgun,50.0,56.51,1,1
2026-06-08,2026-06-08 11:08:18,samedi,regular,['samedi'],Pass Samedi,DICE,51.39,55.0,1,1
2026-06-08,2026-06-08 11:17:06,samedi,regular,['samedi'],Pass Samedi,DICE,51.39,55.0,1,1
2026-06-08,2026-06-08 11:29:41,samedi,regular,['samedi'],Pass Samedi,Shotgun,50.0,56.51,1,1
2026-06-08,2026-06-08 11:47:28,samedi,regular,['samedi'],Pass Samedi,DICE,51.39,55.0,1,1
2026-06-08,2026-06-08 12:06:19,vendredi,regular,['vendredi'],Pass Vendredi,DICE,51.39,55.0,1,1
2026-06-08,2026-06-08 12:06:19,vendredi,regular,['vendredi'],Pass Vendredi,DICE,51.39,55.0,1,1
2026-06-08,2026-06-08 12:06:19,vendredi,regular,['vendredi'],Pass Vendredi,DICE,51.39,55.0,1,1
2026-06-08,2026-06-08 12:09:56,samedi,regular,['samedi'],Pass Samedi,DICE,51.39,55.0,1,1
2026-06-08,2026-06-08 12:09:56,samedi,regular,['samedi'],Pass Samedi,DICE,51.39,55.0,1,1
2026-06-08,2026-06-08 12:19:28,2-jours,regular,"['vendredi', 'samedi']",Pass 2 Jours,Shotgun,95.0,107.37,1,1
2026-06-08,2026-06-08 12:19:28,2-jours,regular,"['vendredi', 'samedi']",Pass 2 Jours,Shotgun,95.0,107.37,1,1
2026-06-08,2026-06-08 12:47:03,samedi,regular,['samedi'],Pass Samedi,DICE,51.39,55.0,1,1
2026-06-08,2026-06-08 12:47:03,samedi,regular,['samedi'],Pass Samedi,DICE,51.39,55.0,1,1
2026-06-08,2026-06-08 12:48:26,samedi,regular,['samedi'],Pass Samedi,Shotgun,50.0,56.51,1,1
2026-06-08,2026-06-08 12:48:26,samedi,regular,['samedi'],Pass Samedi,Shotgun,50.0,56.51,1,1
2026-06-08,2026-06-08 13:00:26,2-jours,regular,"['vendredi', 'samedi']",Pass 2 Jours,Shotgun,95.0,107.37,1,1
2026-06-08,2026-06-08 13:12:18,samedi,regular,['samedi'],Pass Samedi,DICE,51.39,55.0,1,1
2026-06-08,2026-06-08 13:14:03,samedi,regular,['samedi'],Pass Samedi,DICE,51.39,55.0,1,1
2026-06-08,2026-06-08 13:29:55,samedi,regular,['samedi'],Pass Samedi,Shotgun,50.0,56.51,1,1
2026-06-08,2026-06-08 13:31:52,2-jours,regular,"['vendredi', 'samedi']",Pass 2 Jours,Shotgun,95.0,107.37,1,1
2026-06-08,2026-06-08 14:03:24,samedi,regular,['samedi'],Pass Samedi,DICE,51.39,55.0,1,1
2026-06-08,2026-06-08 14:03:24,samedi,regular,['samedi'],Pass Samedi,DICE,51.39,55.0,1,1
2026-06-08,2026-06-08 14:31:49,2-jours,regular,,Pass 2 Jours,DICE,99.45,104.5,1,1
2026-06-08,2026-06-08 14:31:49,2-jours,regular,,Pass 2 Jours,DICE,99.45,104.5,1,1
2026-06-08,2026-06-08 15:47:56,vendredi,regular,['vendredi'],Pass Vendredi,DICE,51.39,55.0,1,1
2026-06-08,2026-06-08 15:47:56,vendredi,regular,['vendredi'],Pass Vendredi,DICE,51.39,55.0,1,1
2026-06-08,2026-06-08 15:47:56,vendredi,regular,['vendredi'],Pass Vendredi,DICE,51.39,55.0,1,1
2026-06-08,2026-06-08 15:48:33,2-jours,regular,,Pass 2 Jours,DICE,99.45,104.5,1,1
2026-06-08,2026-06-08 15:48:33,2-jours,regular,,Pass 2 Jours,DICE,99.45,104.5,1,1
2026-06-08,2026-06-08 16:23:28,samedi,regular,['samedi'],Pass Samedi,Shotgun,50.0,56.51,1,1
2026-06-08,2026-06-08 16:40:54,2-jours,regular,,Pass 2 Jours,DICE,99.45,104.5,1,1
2026-06-08,2026-06-08 17:09:20,2-jours,regular,,Pass 2 Jours,DICE,99.45,104.5,1,1
2026-06-08,2026-06-08 17:09:20,2-jours,regular,,Pass 2 Jours,DICE,99.45,104.5,1,1
2026-06-08,2026-06-08 17:32:34,2-jours,regular,,Pass 2 Jours,DICE,99.45,104.5,1,1
2026-06-08,2026-06-08 17:42:30,2-jours,regular,"['vendredi', 'samedi']",Pass 2 Jours,Shotgun,95.0,107.37,1,1
2026-06-08,2026-06-08 17:47:27,vendredi,regular,['vendredi'],Pass Vendredi,DICE,51.39,55.0,1,1
2026-06-08,2026-06-08 17:47:27,vendredi,regular,['vendredi'],Pass Vendredi,DICE,51.39,55.0,1,1
2026-06-08,2026-06-08 17:48:39,2-jours,regular,,Pass 2 Jours,DICE,99.45,104.5,1,1
2026-06-08,2026-06-08 18:12:45,samedi,regular,['samedi'],Pass Samedi,DICE,51.39,55.0,1,1
2026-06-08,2026-06-08 18:12:45,samedi,regular,['samedi'],Pass Samedi,DICE,51.39,55.0,1,1
2026-06-08,2026-06-08 18:24:26,2-jours,regular,,Pass 2 Jours,DICE,99.45,104.5,1,1
2026-06-08,2026-06-08 18:24:26,2-jours,regular,,Pass 2 Jours,DICE,99.45,104.5,1,1
2026-06-08,2026-06-08 18:27:07,2-jours,regular,"['vendredi', 'samedi']",Pass 2 Jours,Shotgun,95.0,107.37,1,1
2026-06-08,2026-06-08 18:27:07,2-jours,regular,"['vendredi', 'samedi']",Pass 2 Jours,Shotgun,95.0,107.37,1,1
2026-06-08,2026-06-08 18:33:22,vendredi,regular,['vendredi'],Pass Vendredi,DICE,51.39,55.0,1,1
2026-06-08,2026-06-08 18:33:22,vendredi,regular,['vendredi'],Pass Vendredi,DICE,51.39,55.0,1,1
2026-06-08,2026-06-08 18:39:13,samedi,regular,['samedi'],Pass Samedi,DICE,51.39,55.0,1,1
2026-06-08,2026-06-08 19:04:37,2-jours,regular,"['vendredi', 'samedi']",Pass 2 Jours,Shotgun,95.0,107.37,1,1
2026-06-08,2026-06-08 19:09:21,2-jours,regular,"['vendredi', 'samedi']",Pass 2 Jours,Shotgun,95.0,107.37,1,1
2026-06-08,2026-06-08 19:32:12,samedi,regular,['samedi'],Pass Samedi,Shotgun,50.0,56.51,1,1
2026-06-08,2026-06-08 19:52:29,2-jours,regular,,Pass 2 Jours,DICE,99.45,104.5,1,1
2026-06-08,2026-06-08 19:59:10,samedi,regular,['samedi'],Pass Samedi,DICE,51.39,55.0,1,1
2026-06-08,2026-06-08 19:59:10,samedi,regular,['samedi'],Pass Samedi,DICE,51.39,55.0,1,1
2026-06-08,2026-06-08 21:20:47,vendredi,regular,['vendredi'],Pass Vendredi,DICE,51.39,55.0,1,1
2026-06-08,2026-06-08 21:20:47,vendredi,regular,['vendredi'],Pass Vendredi,DICE,51.39,55.0,1,1
2026-06-08,2026-06-08 22:46:50,2-jours,regular,"['vendredi', 'samedi']",Pass 2 Jours,Shotgun,95.0,107.37,1,1
2026-06-09,2026-06-09 05:40:59,vendredi,regular,['vendredi'],Pass Vendredi,DICE,51.39,55.0,1,1
2026-06-09,2026-06-09 06:37:19,2-jours,regular,,Pass 2 Jours,DICE,99.45,104.5,1,1
2026-06-09,2026-06-09 07:37:52,samedi,regular,['samedi'],Pass Samedi,Shotgun,50.0,56.51,1,1
2026-06-09,2026-06-09 08:38:49,samedi,regular,['samedi'],Pass Samedi,DICE,51.39,55.0,1,1
2026-06-09,2026-06-09 08:50:07,2-jours,regular,"['vendredi', 'samedi']",Pass 2 Jours,Shotgun,95.0,107.37,1,1
2026-06-09,2026-06-09 08:51:50,samedi,regular,['samedi'],Pass Samedi,Shotgun,50.0,56.51,1,1
2026-06-09,2026-06-09 08:51:50,vendredi,regular,['vendredi'],Pass Vendredi,Shotgun,50.0,56.51,1,1
2026-06-09,2026-06-09 09:31:16,2-jours,regular,"['vendredi', 'samedi']",Pass 2 Jours,Shotgun,95.0,107.37,1,1
2026-06-09,2026-06-09 09:47:36,samedi,regular,['samedi'],Pass Samedi,DICE,51.39,55.0,1,1
2026-06-09,2026-06-09 09:47:36,samedi,regular,['samedi'],Pass Samedi,DICE,51.39,55.0,1,1
2026-06-09,2026-06-09 09:58:45,2-jours,regular,,Pass 2 Jours,DICE,99.45,104.5,1,1
2026-06-09,2026-06-09 10:02:53,2-jours,regular,,Pass 2 Jours,DICE,99.45,104.5,1,1
2026-06-09,2026-06-09 10:02:53,2-jours,regular,,Pass 2 Jours,DICE,99.45,104.5,1,1
2026-06-09,2026-06-09 11:17:54,samedi,regular,['samedi'],Pass Samedi,DICE,51.39,55.0,1,1
2026-06-09,2026-06-09 11:53:18,2-jours,regular,"['vendredi', 'samedi']",Pass 2 Jours,Shotgun,95.0,107.37,1,1
2026-06-09,2026-06-09 12:08:35,2-jours,regular,,Pass 2 Jours,DICE,99.45,104.5,1,1
2026-06-09,2026-06-09 13:27:19,samedi,regular,['samedi'],Pass Samedi,DICE,51.39,55.0,1,1
2026-06-09,2026-06-09 13:27:19,samedi,regular,['samedi'],Pass Samedi,DICE,51.39,55.0,1,1
2026-06-09,2026-06-09 15:31:47,samedi,regular,['samedi'],Pass Samedi,DICE,51.39,55.0,1,1
2026-06-09,2026-06-09 15:31:47,samedi,regular,['samedi'],Pass Samedi,DICE,51.39,55.0,1,1
2026-06-09,2026-06-09 15:39:53,vendredi,regular,['vendredi'],Pass Vendredi,DICE,51.39,55.0,1,1
2026-06-09,2026-06-09 15:39:53,vendredi,regular,['vendredi'],Pass Vendredi,DICE,51.39,55.0,1,1
2026-06-09,2026-06-09 15:51:30,samedi,regular,['samedi'],Pass Samedi,Shotgun,50.0,56.51,1,1
2026-06-09,2026-06-09 17:46:05,2-jours,regular,"['vendredi', 'samedi']",Pass 2 Jours,Shotgun,95.0,107.37,1,1
2026-06-09,2026-06-09 17:46:48,2-jours,regular,,Pass 2 Jours,DICE,99.45,104.5,1,1
2026-06-09,2026-06-09 18:21:44,samedi,regular,['samedi'],Pass Samedi,DICE,51.39,55.0,1,1
2026-06-09,2026-06-09 18:21:44,samedi,regular,['samedi'],Pass Samedi,DICE,51.39,55.0,1,1
2026-06-09,2026-06-09 19:02:55,samedi,regular,['samedi'],Pass Samedi,DICE,51.39,55.0,1,1
2026-06-09,2026-06-09 19:02:55,samedi,regular,['samedi'],Pass Samedi,DICE,51.39,55.0,1,1
2026-06-09,2026-06-09 19:05:15,samedi,regular,['samedi'],Pass Samedi,Shotgun,50.0,56.51,1,1
2026-06-09,2026-06-09 19:27:08,vendredi,regular,['vendredi'],Pass Vendredi,DICE,51.39,55.0,1,1
2026-06-09,2026-06-09 19:44:02,2-jours,regular,"['vendredi', 'samedi']",Pass 2 Jours,Shotgun,95.0,107.37,1,1
2026-06-09,2026-06-09 19:44:02,2-jours,regular,"['vendredi', 'samedi']",Pass 2 Jours,Shotgun,95.0,107.37,1,1
2026-06-09,2026-06-09 19:58:18,samedi,regular,['samedi'],Pass Samedi,DICE,51.39,55.0,1,1
2026-06-10,2026-06-10 05:15:04,vendredi,regular,['vendredi'],Pass Vendredi,DICE,51.39,55.0,1,1
2026-06-10,2026-06-10 08:23:35,vendredi,regular,['vendredi'],Pass Vendredi,Shotgun,50.0,56.51,1,1
2026-06-10,2026-06-10 08:23:35,vendredi,regular,['vendredi'],Pass Vendredi,Shotgun,50.0,56.51,1,1
2026-06-10,2026-06-10 08:37:33,vendredi,regular,['vendredi'],Pass Vendredi,Shotgun,50.0,56.51,1,1
2026-06-10,2026-06-10 09:09:53,2-jours,regular,"['vendredi', 'samedi']",Pass 2 Jours,Shotgun,95.0,107.37,1,1
2026-06-10,2026-06-10 09:09:53,2-jours,regular,"['vendredi', 'samedi']",Pass 2 Jours,Shotgun,95.0,107.37,1,1
2026-06-10,2026-06-10 09:49:24,2-jours,regular,"['vendredi', 'samedi']",Pass 2 Jours,Shotgun,95.0,107.37,1,1
2026-06-10,2026-06-10 09:53:52,2-jours,regular,"['vendredi', 'samedi']",Pass 2 Jours,Shotgun,95.0,107.37,1,1
2026-06-10,2026-06-10 09:58:33,2-jours,regular,"['vendredi', 'samedi']",Pass 2 Jours,Shotgun,95.0,107.37,1,1
2026-06-10,2026-06-10 10:16:28,2-jours,regular,"['vendredi', 'samedi']",Pass 2 Jours,Shotgun,95.0,107.37,1,1
2026-06-10,2026-06-10 10:20:52,samedi,regular,['samedi'],Pass Samedi,DICE,51.39,55.0,1,1
2026-06-10,2026-06-10 10:45:33,samedi,regular,['samedi'],Pass Samedi,DICE,51.39,55.0,1,1
2026-06-10,2026-06-10 10:45:33,samedi,regular,['samedi'],Pass Samedi,DICE,51.39,55.0,1,1
2026-06-10,2026-06-10 12:41:41,samedi,regular,['samedi'],Pass Samedi,DICE,51.39,55.0,1,1
2026-06-10,2026-06-10 12:45:29,2-jours,regular,"['vendredi', 'samedi']",Pass 2 Jours,Shotgun,95.0,107.37,1,1
2026-06-10,2026-06-10 13:23:18,samedi,regular,['samedi'],Pass Samedi,Shotgun,50.0,56.51,1,1
2026-06-10,2026-06-10 14:10:02,samedi,regular,['samedi'],Pass Samedi,Shotgun,50.0,56.51,1,1
2026-06-10,2026-06-10 14:10:02,samedi,regular,['samedi'],Pass Samedi,Shotgun,50.0,56.51,1,1
2026-06-10,2026-06-10 14:25:51,samedi,regular,['samedi'],Pass Samedi,Shotgun,50.0,56.51,1,1
2026-06-10,2026-06-10 14:25:51,samedi,regular,['samedi'],Pass Samedi,Shotgun,50.0,56.51,1,1
2026-06-10,2026-06-10 14:54:08,2-jours,regular,"['vendredi', 'samedi']",Pass 2 Jours,Shotgun,95.0,107.37,1,1
2026-06-10,2026-06-10 16:09:11,2-jours,regular,,Pass 2 Jours,DICE,99.45,104.5,1,1
2026-06-10,2026-06-10 16:33:15,samedi,regular,['samedi'],Pass Samedi,DICE,51.39,55.0,1,1
2026-06-10,2026-06-10 16:33:15,samedi,regular,['samedi'],Pass Samedi,DICE,51.39,55.0,1,1
2026-06-10,2026-06-10 17:56:27,2-jours,regular,"['vendredi', 'samedi']",Pass 2 Jours,Shotgun,95.0,107.37,1,1
2026-06-10,2026-06-10 18:58:52,samedi,regular,['samedi'],Pass Samedi,DICE,51.39,55.0,1,1
2026-06-10,2026-06-10 18:59:47,samedi,regular,['samedi'],Pass Samedi,DICE,51.39,55.0,1,1
2026-06-10,2026-06-10 19:00:55,2-jours,regular,"['vendredi', 'samedi']",Pass 2 Jours,Shotgun,95.0,107.37,1,1
2026-06-10,2026-06-10 19:23:34,samedi,regular,['samedi'],Pass Samedi,DICE,51.39,55.0,1,1
2026-06-10,2026-06-10 19:27:16,2-jours,regular,"['vendredi', 'samedi']",Pass 2 Jours,Shotgun,95.0,107.37,1,1
2026-06-10,2026-06-10 19:27:16,2-jours,regular,"['vendredi', 'samedi']",Pass 2 Jours,Shotgun,95.0,107.37,1,1
2026-06-10,2026-06-10 20:06:08,samedi,regular,['samedi'],Pass Samedi,Shotgun,50.0,56.51,1,1
2026-06-10,2026-06-10 20:06:08,samedi,regular,['samedi'],Pass Samedi,Shotgun,50.0,56.51,1,1
2026-06-10,2026-06-10 20:17:44,2-jours,regular,,Pass 2 Jours,DICE,99.45,104.5,1,1
2026-06-11,2026-06-11 05:49:27,vendredi,regular,['vendredi'],Pass Vendredi,Shotgun,50.0,56.51,1,1
2026-06-11,2026-06-11 06:09:02,2-jours,regular,,Pass 2 Jours,DICE,99.45,104.5,1,1
2026-06-11,2026-06-11 06:21:11,2-jours,regular,,Pass 2 Jours,DICE,99.45,104.5,1,1
2026-06-11,2026-06-11 07:55:33,vendredi,regular,['vendredi'],Pass Vendredi,DICE,51.39,55.0,1,1
2026-06-11,2026-06-11 09:40:40,vendredi,regular,['vendredi'],Pass Vendredi,DICE,51.39,55.0,1,1
2026-06-11,2026-06-11 09:50:48,vendredi,regular,['vendredi'],Pass Vendredi,DICE,51.39,55.0,1,1
2026-06-11,2026-06-11 10:12:12,vendredi,regular,['vendredi'],Pass Vendredi,DICE,51.39,55.0,1,1
2026-06-11,2026-06-11 10:27:46,vendredi,regular,['vendredi'],Pass Vendredi,DICE,51.39,55.0,1,1
2026-06-11,2026-06-11 10:59:06,samedi,regular,['samedi'],Pass Samedi,DICE,51.39,55.0,1,1
2026-06-11,2026-06-11 11:16:53,2-jours,regular,,Pass 2 Jours,DICE,99.45,104.5,1,1
2026-06-11,2026-06-11 11:22:12,2-jours,regular,"['vendredi', 'samedi']",Pass 2 Jours,Shotgun,95.0,107.37,1,1
2026-06-11,2026-06-11 11:35:25,2-jours,regular,"['vendredi', 'samedi']",Pass 2 Jours,Shotgun,95.0,107.37,1,1
2026-06-11,2026-06-11 12:14:10,samedi,regular,['samedi'],Pass Samedi,DICE,51.39,55.0,1,1
2026-06-11,2026-06-11 12:29:36,samedi,regular,['samedi'],Pass Samedi,DICE,51.39,55.0,1,1
2026-06-11,2026-06-11 13:00:00,samedi,regular,['samedi'],Pass Samedi,DICE,51.39,55.0,1,1
2026-06-11,2026-06-11 13:00:00,samedi,regular,['samedi'],Pass Samedi,DICE,51.39,55.0,1,1
2026-06-11,2026-06-11 14:09:46,samedi,regular,['samedi'],Pass Samedi,DICE,51.39,55.0,1,1
2026-06-11,2026-06-11 14:09:46,samedi,regular,['samedi'],Pass Samedi,DICE,51.39,55.0,1,1
2026-06-11,2026-06-11 14:09:46,samedi,regular,['samedi'],Pass Samedi,DICE,51.39,55.0,1,1
2026-06-11,2026-06-11 14:57:37,samedi,regular,['samedi'],Pass Samedi,Shotgun,50.0,56.51,1,1
2026-06-11,2026-06-11 14:58:30,2-jours,regular,"['vendredi', 'samedi']",Pass 2 Jours,Shotgun,95.0,107.37,1,1
2026-06-11,2026-06-11 16:21:17,samedi,regular,['samedi'],Pass Samedi,Shotgun,50.0,56.51,1,1
2026-06-11,2026-06-11 16:21:47,2-jours,regular,"['vendredi', 'samedi']",Pass 2 Jours,Shotgun,95.0,107.37,1,1
2026-06-11,2026-06-11 16:41:58,vendredi,regular,['vendredi'],Pass Vendredi,Shotgun,50.0,56.51,1,1
2026-06-11,2026-06-11 16:41:58,vendredi,regular,['vendredi'],Pass Vendredi,Shotgun,50.0,56.51,1,1
2026-06-11,2026-06-11 16:49:50,2-jours,regular,"['vendredi', 'samedi']",Pass 2 Jours,Shotgun,95.0,107.37,1,1
2026-06-11,2026-06-11 17:05:51,vendredi,regular,['vendredi'],Pass Vendredi,DICE,51.39,55.0,1,1
2026-06-11,2026-06-11 17:05:51,vendredi,regular,['vendredi'],Pass Vendredi,DICE,51.39,55.0,1,1
2026-06-11,2026-06-11 17:18:25,2-jours,regular,,Pass 2 Jours,DICE,99.45,104.5,1,1
2026-06-11,2026-06-11 17:18:25,2-jours,regular,,Pass 2 Jours,DICE,99.45,104.5,1,1
2026-06-11,2026-06-11 17:32:39,samedi,regular,['samedi'],Pass Samedi,DICE,51.39,55.0,1,1
2026-06-11,2026-06-11 17:32:39,samedi,regular,['samedi'],Pass Samedi,DICE,51.39,55.0,1,1
2026-06-11,2026-06-11 18:18:48,2-jours,regular,,Pass 2 Jours,DICE,99.45,104.5,1,1
2026-06-11,2026-06-11 18:18:48,2-jours,regular,,Pass 2 Jours,DICE,99.45,104.5,1,1
2026-06-11,2026-06-11 18:19:04,vendredi,regular,['vendredi'],Pass Vendredi,DICE,51.39,55.0,1,1
2026-06-11,2026-06-11 18:53:13,2-jours,regular,"['vendredi', 'samedi']",Pass 2 Jours,Shotgun,95.0,107.37,1,1
2026-06-11,2026-06-11 19:01:38,2-jours,regular,,Pass 2 Jours,DICE,99.45,104.5,1,1
2026-06-11,2026-06-11 19:01:38,2-jours,regular,,Pass 2 Jours,DICE,99.45,104.5,1,1
2026-06-11,2026-06-11 19:01:38,2-jours,regular,,Pass 2 Jours,DICE,99.45,104.5,1,1
2026-06-11,2026-06-11 19:04:10,vendredi,regular,['vendredi'],Pass Vendredi,DICE,51.39,55.0,1,1
2026-06-11,2026-06-11 19:15:38,vendredi,regular,['vendredi'],Pass Vendredi,DICE,51.39,55.0,1,1
2026-06-11,2026-06-11 19:47:53,vendredi,regular,['vendredi'],Pass Vendredi,DICE,51.39,55.0,1,1
2026-06-11,2026-06-11 20:10:56,2-jours,regular,"['vendredi', 'samedi']",Pass 2 Jours,Shotgun,95.0,107.37,1,1
2026-06-11,2026-06-11 21:06:59,2-jours,regular,"['vendredi', 'samedi']",Pass 2 Jours,Shotgun,95.0,107.37,1,1
2026-06-11,2026-06-11 21:29:26,samedi,regular,['samedi'],Pass Samedi,Shotgun,50.0,56.51,1,1
2026-06-11,2026-06-11 21:43:11,2-jours,regular,"['vendredi', 'samedi']",Pass 2 Jours,Shotgun,95.0,107.37,1,1
2026-06-12,2026-06-12 09:09:48,2-jours,regular,,Pass 2 Jours,DICE,99.45,104.5,1,1
2026-06-12,2026-06-12 11:35:12,vendredi,regular,['vendredi'],Pass Vendredi,Shotgun,50.0,56.51,1,1
2026-06-12,2026-06-12 12:36:10,vendredi,regular,['vendredi'],Pass Vendredi,DICE,51.39,55.0,1,1
2026-06-12,2026-06-12 12:36:10,vendredi,regular,['vendredi'],Pass Vendredi,DICE,51.39,55.0,1,1
2026-06-12,2026-06-12 12:57:10,vendredi,regular,['vendredi'],Pass Vendredi,DICE,51.39,55.0,1,1
2026-06-12,2026-06-12 12:57:31,2-jours,regular,,Pass 2 Jours,DICE,99.45,104.5,1,1
2026-06-12,2026-06-12 14:44:36,vendredi,regular,['vendredi'],Pass Vendredi,DICE,51.39,55.0,1,1
2026-06-12,2026-06-12 15:21:29,2-jours,regular,"['vendredi', 'samedi']",Pass 2 Jours,Shotgun,95.0,107.37,1,1
2026-06-12,2026-06-12 15:31:22,vendredi,regular,['vendredi'],Pass Vendredi,DICE,51.39,55.0,1,1
2026-06-12,2026-06-12 15:32:07,samedi,regular,['samedi'],Pass Samedi,Shotgun,50.0,56.51,1,1
2026-06-12,2026-06-12 16:32:06,2-jours,regular,"['vendredi', 'samedi']",Pass 2 Jours,Shotgun,95.0,107.37,1,1
2026-06-12,2026-06-12 16:40:45,vendredi,regular,['vendredi'],Pass Vendredi,Shotgun,50.0,56.51,1,1
2026-06-12,2026-06-12 16:51:20,samedi,regular,['samedi'],Pass Samedi,Shotgun,50.0,56.51,1,1
2026-06-12,2026-06-12 17:21:00,vendredi,regular,['vendredi'],Pass Vendredi,Shotgun,50.0,56.51,1,1
2026-06-12,2026-06-12 18:14:15,2-jours,regular,"['vendredi', 'samedi']",Pass 2 Jours,Shotgun,95.0,107.37,1,1
2026-06-12,2026-06-12 18:17:10,2-jours,regular,"['vendredi', 'samedi']",Pass 2 Jours,Shotgun,95.0,107.37,1,1
2026-06-12,2026-06-12 18:17:40,2-jours,regular,"['vendredi', 'samedi']",Pass 2 Jours,Shotgun,95.0,107.37,1,1
2026-06-12,2026-06-12 18:36:36,2-jours,regular,,Pass 2 Jours,DICE,99.45,104.5,1,1
2026-06-12,2026-06-12 18:36:36,2-jours,regular,,Pass 2 Jours,DICE,99.45,104.5,1,1
2026-06-12,2026-06-12 19:05:51,vendredi,regular,['vendredi'],Pass Vendredi,DICE,51.39,55.0,1,1
2026-06-12,2026-06-12 19:42:28,vendredi,regular,['vendredi'],Pass Vendredi,DICE,51.39,55.0,1,1
2026-06-12,2026-06-12 19:50:52,vendredi,regular,['vendredi'],Pass Vendredi,DICE,51.39,55.0,1,1
2026-06-12,2026-06-12 20:34:38,vendredi,regular,['vendredi'],Pass Vendredi,DICE,51.39,55.0,1,1
2026-06-12,2026-06-12 20:34:57,2-jours,regular,,Pass 2 Jours,DICE,99.45,104.5,1,1
2026-06-12,2026-06-12 20:40:13,2-jours,regular,,Pass 2 Jours,DICE,99.45,104.5,1,1
2026-06-12,2026-06-12 20:45:43,vendredi,regular,['vendredi'],Pass Vendredi,DICE,51.39,55.0,1,1
2026-06-12,2026-06-12 20:45:43,vendredi,regular,['vendredi'],Pass Vendredi,DICE,51.39,55.0,1,1
2026-06-12,2026-06-12 20:53:18,2-jours,regular,"['vendredi', 'samedi']",Pass 2 Jours,Shotgun,95.0,107.37,1,1
2026-06-12,2026-06-12 21:03:48,2-jours,regular,"['vendredi', 'samedi']",Pass 2 Jours,Shotgun,95.0,107.37,1,1
2026-06-12,2026-06-12 21:03:48,2-jours,regular,"['vendredi', 'samedi']",Pass 2 Jours,Shotgun,95.0,107.37,1,1
2026-06-12,2026-06-12 21:03:48,2-jours,regular,"['vendredi', 'samedi']",Pass 2 Jours,Shotgun,95.0,107.37,1,1
2026-06-13,2026-06-13 00:36:43,samedi,regular,['samedi'],Pass Samedi,DICE,51.39,55.0,1,1
2026-06-13,2026-06-13 00:36:43,samedi,regular,['samedi'],Pass Samedi,DICE,51.39,55.0,1,1
2026-06-13,2026-06-13 00:36:43,samedi,regular,['samedi'],Pass Samedi,DICE,51.39,55.0,1,1
2026-06-13,2026-06-13 00:36:43,samedi,regular,['samedi'],Pass Samedi,DICE,51.39,55.0,1,1
2026-06-13,2026-06-13 00:36:43,samedi,regular,['samedi'],Pass Samedi,DICE,51.39,55.0,1,1
2026-06-13,2026-06-13 00:36:43,samedi,regular,['samedi'],Pass Samedi,DICE,51.39,55.0,1,1
2026-06-13,2026-06-13 01:21:06,vendredi,regular,['vendredi'],Pass Vendredi,DICE,51.39,55.0,1,1
2026-06-13,2026-06-13 07:45:27,2-jours,regular,,Pass 2 Jours,DICE,99.45,104.5,1,1
2026-06-13,2026-06-13 08:28:40,2-jours,regular,,Pass 2 Jours,DICE,99.45,104.5,1,1
2026-06-13,2026-06-13 09:01:35,2-jours,regular,,Pass 2 Jours,DICE,99.45,104.5,1,1
2026-06-13,2026-06-13 09:35:19,2-jours,regular,,Pass 2 Jours,DICE,99.45,104.5,1,1
2026-06-13,2026-06-13 09:45:07,2-jours,regular,"['vendredi', 'samedi']",Pass 2 Jours,Shotgun,95.0,107.37,1,1
2026-06-13,2026-06-13 09:48:44,vendredi,regular,['vendredi'],Pass Vendredi,DICE,51.39,55.0,1,1
2026-06-13,2026-06-13 09:50:19,2-jours,regular,,Pass 2 Jours,DICE,99.45,104.5,1,1
2026-06-13,2026-06-13 10:02:19,samedi,regular,['samedi'],Pass Samedi,DICE,51.39,55.0,1,1
2026-06-13,2026-06-13 10:19:25,vendredi,regular,['vendredi'],Pass Vendredi,Shotgun,50.0,56.51,1,1
2026-06-13,2026-06-13 11:22:37,vendredi,regular,['vendredi'],Pass Vendredi,DICE,51.39,55.0,1,1
2026-06-13,2026-06-13 11:22:37,vendredi,regular,['vendredi'],Pass Vendredi,DICE,51.39,55.0,1,1
2026-06-13,2026-06-13 11:27:45,samedi,regular,['samedi'],Pass Samedi,DICE,51.39,55.0,1,1
2026-06-13,2026-06-13 14:24:00,samedi,regular,['samedi'],Pass Samedi,Shotgun,50.0,56.51,1,1
2026-06-13,2026-06-13 14:24:00,samedi,regular,['samedi'],Pass Samedi,Shotgun,50.0,56.51,1,1
2026-06-13,2026-06-13 15:17:05,2-jours,regular,"['vendredi', 'samedi']",Pass 2 Jours,Shotgun,95.0,107.37,1,1
2026-06-13,2026-06-13 15:20:56,vendredi,regular,['vendredi'],Pass Vendredi,Shotgun,50.0,56.51,1,1
2026-06-13,2026-06-13 15:23:19,vendredi,regular,['vendredi'],Pass Vendredi,Shotgun,50.0,56.51,1,1
2026-06-13,2026-06-13 15:27:12,samedi,regular,['samedi'],Pass Samedi,Shotgun,50.0,56.51,1,1
2026-06-13,2026-06-13 15:30:07,samedi,regular,['samedi'],Pass Samedi,Shotgun,50.0,56.51,1,1
2026-06-13,2026-06-13 16:26:16,samedi,regular,['samedi'],Pass Samedi,DICE,51.39,55.0,1,1
2026-06-13,2026-06-13 17:11:16,2-jours,regular,,Pass 2 Jours,DICE,99.45,104.5,1,1
2026-06-13,2026-06-13 17:12:18,2-jours,regular,,Pass 2 Jours,DICE,99.45,104.5,1,1
2026-06-13,2026-06-13 17:12:27,2-jours,regular,,Pass 2 Jours,DICE,99.45,104.5,1,1
2026-06-13,2026-06-13 18:08:47,vendredi,regular,['vendredi'],Pass Vendredi,DICE,51.39,55.0,1,1
2026-06-13,2026-06-13 18:08:47,vendredi,regular,['vendredi'],Pass Vendredi,DICE,51.39,55.0,1,1
2026-06-13,2026-06-13 18:44:29,2-jours,regular,"['vendredi', 'samedi']",Pass 2 Jours,Shotgun,95.0,107.37,1,1
2026-06-13,2026-06-13 18:44:29,samedi,regular,['samedi'],Pass Samedi,Shotgun,50.0,56.51,1,1
2026-06-13,2026-06-13 19:13:36,2-jours,regular,"['vendredi', 'samedi']",Pass 2 Jours,Shotgun,95.0,107.37,1,1
2026-06-13,2026-06-13 19:26:18,2-jours,regular,,Pass 2 Jours,DICE,99.45,104.5,1,1
2026-06-13,2026-06-13 21:36:23,2-jours,regular,,Pass 2 Jours,DICE,99.45,104.5,1,1
2026-06-13,2026-06-13 21:57:03,samedi,regular,['samedi'],Pass Samedi,DICE,51.39,55.0,1,1
2026-06-13,2026-06-13 22:02:14,2-jours,regular,"['vendredi', 'samedi']",Pass 2 Jours,Shotgun,95.0,107.37,1,1
2026-06-13,2026-06-13 23:30:34,2-jours,regular,"['vendredi', 'samedi']",Pass 2 Jours,Shotgun,95.0,107.37,1,1
2026-06-14,2026-06-14 09:27:00,2-jours,regular,,Pass 2 Jours,DICE,99.45,104.5,1,1
2026-06-14,2026-06-14 11:38:02,vendredi,regular,['vendredi'],Pass Vendredi,DICE,51.39,55.0,1,1
2026-06-14,2026-06-14 11:43:00,vendredi,regular,['vendredi'],Pass Vendredi,DICE,51.39,55.0,1,1
2026-06-14,2026-06-14 11:43:00,vendredi,regular,['vendredi'],Pass Vendredi,DICE,51.39,55.0,1,1
2026-06-14,2026-06-14 12:39:48,2-jours,regular,"['vendredi', 'samedi']",Pass 2 Jours,Shotgun,95.0,107.37,1,1
2026-06-14,2026-06-14 14:27:49,2-jours,regular,,Pass 2 Jours,DICE,99.45,104.5,1,1
2026-06-14,2026-06-14 14:27:49,2-jours,regular,,Pass 2 Jours,DICE,99.45,104.5,1,1
2026-06-14,2026-06-14 14:29:46,samedi,regular,['samedi'],Pass Samedi,DICE,51.39,55.0,1,1
2026-06-14,2026-06-14 14:48:33,vendredi,regular,['vendredi'],Pass Vendredi,DICE,51.39,55.0,1,1
2026-06-14,2026-06-14 14:48:33,vendredi,regular,['vendredi'],Pass Vendredi,DICE,51.39,55.0,1,1
2026-06-14,2026-06-14 15:17:43,samedi,regular,['samedi'],Pass Samedi,DICE,51.39,55.0,1,1
2026-06-14,2026-06-14 15:17:43,samedi,regular,['samedi'],Pass Samedi,DICE,51.39,55.0,1,1
2026-06-14,2026-06-14 15:29:58,2-jours,regular,,Pass 2 Jours,DICE,99.45,104.5,1,1
2026-06-14,2026-06-14 15:29:58,2-jours,regular,,Pass 2 Jours,DICE,99.45,104.5,1,1
2026-06-14,2026-06-14 15:59:29,2-jours,regular,"['vendredi', 'samedi']",Pass 2 Jours,Shotgun,95.0,107.37,1,1
2026-06-14,2026-06-14 16:18:44,2-jours,regular,"['vendredi', 'samedi']",Pass 2 Jours,Shotgun,95.0,107.37,1,1
2026-06-14,2026-06-14 17:00:57,vendredi,regular,['vendredi'],Pass Vendredi,DICE,51.39,55.0,1,1
2026-06-14,2026-06-14 17:04:33,2-jours,regular,,Pass 2 Jours,DICE,99.45,104.5,1,1
2026-06-14,2026-06-14 17:17:20,samedi,regular,['samedi'],Pass Samedi,Shotgun,50.0,56.51,1,1
2026-06-14,2026-06-14 17:17:20,samedi,regular,['samedi'],Pass Samedi,Shotgun,50.0,56.51,1,1
2026-06-14,2026-06-14 17:49:24,samedi,regular,['samedi'],Pass Samedi,DICE,51.39,55.0,1,1
2026-06-14,2026-06-14 17:49:24,samedi,regular,['samedi'],Pass Samedi,DICE,51.39,55.0,1,1
2026-06-14,2026-06-14 18:06:51,2-jours,regular,,Pass 2 Jours,DICE,99.45,104.5,1,1
2026-06-14,2026-06-14 18:25:00,2-jours,regular,,Pass 2 Jours,DICE,99.45,104.5,1,1
2026-06-14,2026-06-14 19:46:05,2-jours,regular,"['vendredi', 'samedi']",Pass 2 Jours,Shotgun,95.0,107.37,1,1
2026-06-14,2026-06-14 20:27:28,2-jours,regular,,Pass 2 Jours,DICE,99.45,104.5,1,1
2026-06-14,2026-06-14 20:57:06,2-jours,regular,,Pass 2 Jours,DICE,99.45,104.5,1,1
2026-06-14,2026-06-14 20:57:06,2-jours,regular,,Pass 2 Jours,DICE,99.45,104.5,1,1
2026-06-15,2026-06-15 03:57:08,samedi,regular,['samedi'],Pass Samedi,DICE,51.39,55.0,1,1
2026-06-15,2026-06-15 03:57:41,samedi,regular,['samedi'],Pass Samedi,DICE,51.39,55.0,1,1
2026-06-15,2026-06-15 05:18:30,vendredi,regular,['vendredi'],Pass Vendredi,DICE,51.39,55.0,1,1
2026-06-15,2026-06-15 05:18:30,vendredi,regular,['vendredi'],Pass Vendredi,DICE,51.39,55.0,1,1
2026-06-15,2026-06-15 06:50:17,2-jours,regular,,Pass 2 Jours,DICE,99.45,104.5,1,1
2026-06-15,2026-06-15 09:19:44,vendredi,regular,['vendredi'],Pass Vendredi,DICE,51.39,55.0,1,1
2026-06-15,2026-06-15 10:25:12,2-jours,regular,,Pass 2 Jours,DICE,99.45,104.5,1,1
2026-06-15,2026-06-15 11:04:41,2-jours,regular,"['vendredi', 'samedi']",Pass 2 Jours,Shotgun,95.0,107.37,1,1
2026-06-15,2026-06-15 12:18:18,2-jours,regular,,Pass 2 Jours,DICE,99.45,104.5,1,1
2026-06-15,2026-06-15 12:18:38,samedi,regular,['samedi'],Pass Samedi,DICE,51.39,55.0,1,1
2026-06-15,2026-06-15 12:21:31,samedi,regular,['samedi'],Pass Samedi,Shotgun,50.0,56.51,1,1
2026-06-15,2026-06-15 13:49:04,2-jours,regular,"['vendredi', 'samedi']",Pass 2 Jours,Shotgun,95.0,107.37,1,1
2026-06-15,2026-06-15 14:16:40,samedi,regular,['samedi'],Pass Samedi,Shotgun,50.0,56.51,1,1
2026-06-15,2026-06-15 15:39:26,2-jours,regular,,Pass 2 Jours,DICE,99.45,104.5,1,1
2026-06-15,2026-06-15 15:39:26,2-jours,regular,,Pass 2 Jours,DICE,99.45,104.5,1,1
2026-06-15,2026-06-15 16:40:41,vendredi,regular,['vendredi'],Pass Vendredi,DICE,51.39,55.0,1,1
2026-06-15,2026-06-15 16:40:41,vendredi,regular,['vendredi'],Pass Vendredi,DICE,51.39,55.0,1,1
2026-06-15,2026-06-15 17:03:15,samedi,regular,['samedi'],Pass Samedi,DICE,51.39,55.0,1,1
2026-06-15,2026-06-15 17:03:15,samedi,regular,['samedi'],Pass Samedi,DICE,51.39,55.0,1,1
2026-06-15,2026-06-15 17:52:57,2-jours,regular,"['vendredi', 'samedi']",Pass 2 Jours,Shotgun,95.0,107.37,1,1
2026-06-15,2026-06-15 18:46:22,vendredi,regular,['vendredi'],Pass Vendredi,DICE,51.39,55.0,1,1
2026-06-15,2026-06-15 18:46:22,vendredi,regular,['vendredi'],Pass Vendredi,DICE,51.39,55.0,1,1
2026-06-15,2026-06-15 19:41:47,vendredi,regular,['vendredi'],Pass Vendredi,DICE,51.39,55.0,1,1
2026-06-15,2026-06-15 19:41:47,vendredi,regular,['vendredi'],Pass Vendredi,DICE,51.39,55.0,1,1
2026-06-15,2026-06-15 19:44:12,2-jours,regular,,Pass 2 Jours,DICE,99.45,104.5,1,1
2026-06-15,2026-06-15 20:11:31,samedi,regular,['samedi'],Pass Samedi,Shotgun,50.0,56.51,1,1
2026-06-15,2026-06-15 20:11:31,samedi,regular,['samedi'],Pass Samedi,Shotgun,50.0,56.51,1,1
2026-06-15,2026-06-15 20:49:32,2-jours,regular,,Pass 2 Jours,DICE,99.45,104.5,1,1
2026-06-15,2026-06-15 21:10:51,vendredi,regular,['vendredi'],Pass Vendredi,DICE,51.39,55.0,1,1
2026-06-15,2026-06-15 21:10:51,vendredi,regular,['vendredi'],Pass Vendredi,DICE,51.39,55.0,1,1
2026-06-15,2026-06-15 21:21:32,vendredi,regular,['vendredi'],Pass Vendredi,DICE,51.39,55.0,1,1
2026-06-15,2026-06-15 21:21:32,vendredi,regular,['vendredi'],Pass Vendredi,DICE,51.39,55.0,1,1
2026-06-15,2026-06-15 23:27:10,2-jours,regular,"['vendredi', 'samedi']",Pass 2 Jours,Shotgun,95.0,107.37,1,1
2026-06-16,2026-06-16 10:08:46,samedi,regular,['samedi'],Pass Samedi,DICE,51.39,55.0,1,1
2026-06-16,2026-06-16 10:41:49,vendredi,regular,['vendredi'],Pass Vendredi,Shotgun,50.0,56.51,1,1
2026-06-16,2026-06-16 10:41:49,vendredi,regular,['vendredi'],Pass Vendredi,Shotgun,50.0,56.51,1,1
2026-06-16,2026-06-16 11:44:12,vendredi,regular,['vendredi'],Pass Vendredi,DICE,51.39,55.0,1,1
2026-06-16,2026-06-16 11:59:02,vendredi,regular,['vendredi'],Pass Vendredi,DICE,51.39,55.0,1,1
2026-06-16,2026-06-16 14:34:37,samedi,regular,['samedi'],Pass Samedi,DICE,51.39,55.0,1,1
2026-06-16,2026-06-16 17:44:38,2-jours,regular,"['vendredi', 'samedi']",Pass 2 Jours,Shotgun,95.0,107.37,1,1
2026-06-16,2026-06-16 17:52:43,vendredi,regular,['vendredi'],Pass Vendredi,DICE,51.39,55.0,1,1
2026-06-16,2026-06-16 18:23:09,2-jours,regular,"['vendredi', 'samedi']",Pass 2 Jours,Shotgun,95.0,107.37,1,1
2026-06-16,2026-06-16 18:51:23,samedi,regular,['samedi'],Pass Samedi,Shotgun,50.0,56.51,1,1
2026-06-16,2026-06-16 19:01:39,samedi,regular,['samedi'],Pass Samedi,DICE,51.39,55.0,1,1
2026-06-16,2026-06-16 20:55:30,samedi,regular,['samedi'],Pass Samedi,DICE,51.39,55.0,1,1
2026-06-16,2026-06-16 20:55:30,samedi,regular,['samedi'],Pass Samedi,DICE,51.39,55.0,1,1
2026-06-16,2026-06-16 20:55:30,samedi,regular,['samedi'],Pass Samedi,DICE,51.39,55.0,1,1
2026-06-16,2026-06-16 20:55:30,samedi,regular,['samedi'],Pass Samedi,DICE,51.39,55.0,1,1
2026-06-16,2026-06-16 20:55:30,samedi,regular,['samedi'],Pass Samedi,DICE,51.39,55.0,1,1
2026-06-16,2026-06-16 21:59:13,2-jours,regular,,Pass 2 Jours,DICE,99.45,104.5,1,1
2026-06-16,2026-06-16 22:23:59,samedi,regular,['samedi'],Pass Samedi,Shotgun,50.0,56.51,1,1
2026-06-17,2026-06-17 02:09:08,2-jours,regular,"['vendredi', 'samedi']",Pass 2 Jours,Shotgun,95.0,107.37,1,1
2026-06-17,2026-06-17 09:34:07,2-jours,regular,"['vendredi', 'samedi']",Pass 2 Jours,Shotgun,95.0,107.37,1,1
2026-06-17,2026-06-17 12:57:49,2-jours,regular,,Pass 2 Jours,DICE,99.45,104.5,1,1
2026-06-17,2026-06-17 15:29:21,samedi,regular,['samedi'],Pass Samedi,DICE,51.39,55.0,1,1
2026-06-17,2026-06-17 15:29:21,samedi,regular,['samedi'],Pass Samedi,DICE,51.39,55.0,1,1
2026-06-17,2026-06-17 18:25:46,samedi,regular,['samedi'],Pass Samedi,DICE,51.39,55.0,1,1
2026-06-17,2026-06-17 19:24:18,2-jours,regular,,Pass 2 Jours,DICE,99.45,104.5,1,1
2026-06-18,2026-06-18 05:52:15,samedi,regular,['samedi'],Pass Samedi,Shotgun,50.0,56.51,1,1
2026-06-18,2026-06-18 06:16:11,2-jours,regular,,Pass 2 Jours,DICE,99.45,104.5,1,1
2026-06-18,2026-06-18 13:14:19,2-jours,regular,,Pass 2 Jours,DICE,99.45,104.5,1,1
2026-06-18,2026-06-18 13:28:34,samedi,regular,['samedi'],Pass Samedi,DICE,51.39,55.0,1,1
2026-06-18,2026-06-18 13:58:56,2-jours,regular,"['vendredi', 'samedi']",Pass 2 Jours,Shotgun,95.0,107.37,1,1
2026-06-18,2026-06-18 16:06:42,2-jours,regular,"['vendredi', 'samedi']",Pass 2 Jours,Shotgun,95.0,107.37,1,1
2026-06-18,2026-06-18 16:06:42,2-jours,regular,"['vendredi', 'samedi']",Pass 2 Jours,Shotgun,95.0,107.37,1,1
2026-06-18,2026-06-18 18:22:06,vendredi,regular,['vendredi'],Pass Vendredi,DICE,51.39,55.0,1,1
2026-06-18,2026-06-18 18:48:29,samedi,regular,['samedi'],Pass Samedi,Shotgun,50.0,56.51,1,1
2026-06-18,2026-06-18 19:11:06,samedi,regular,['samedi'],Pass Samedi,DICE,51.39,55.0,1,1
2026-06-18,2026-06-18 19:11:06,samedi,regular,['samedi'],Pass Samedi,DICE,51.39,55.0,1,1
2026-06-18,2026-06-18 19:12:40,samedi,regular,['samedi'],Pass Samedi,Shotgun,50.0,56.51,1,1
2026-06-18,2026-06-18 20:46:40,vendredi,regular,['vendredi'],Pass Vendredi,Shotgun,50.0,56.51,1,1
2026-06-18,2026-06-18 20:46:40,vendredi,regular,['vendredi'],Pass Vendredi,Shotgun,50.0,56.51,1,1
2026-06-18,2026-06-18 20:54:02,2-jours,regular,,Pass 2 Jours,DICE,99.45,104.5,1,1
2026-06-18,2026-06-18 21:42:48,samedi,regular,['samedi'],Pass Samedi,Shotgun,50.0,56.51,1,1
2026-06-18,2026-06-18 23:21:42,2-jours,regular,,Pass 2 Jours,DICE,99.45,104.5,1,1
2026-06-19,2026-06-19 05:49:50,vendredi,regular,['vendredi'],Pass Vendredi,DICE,51.39,55.0,1,1
2026-06-19,2026-06-19 06:40:13,samedi,regular,['samedi'],Pass Samedi,DICE,51.39,55.0,1,1
2026-06-19,2026-06-19 07:50:24,samedi,regular,['samedi'],Pass Samedi,Shotgun,50.0,56.51,1,1
2026-06-19,2026-06-19 10:50:49,samedi,regular,['samedi'],Pass Samedi,DICE,51.39,55.0,1,1
2026-06-19,2026-06-19 13:12:49,2-jours,regular,"['vendredi', 'samedi']",Pass 2 Jours,Shotgun,95.0,107.37,1,1
2026-06-19,2026-06-19 15:15:54,samedi,regular,['samedi'],Pass Samedi,DICE,51.39,55.0,1,1
2026-06-19,2026-06-19 15:15:54,samedi,regular,['samedi'],Pass Samedi,DICE,51.39,55.0,1,1
2026-06-19,2026-06-19 18:36:12,samedi,regular,['samedi'],Pass Samedi,Shotgun,50.0,56.51,1,1
2026-06-19,2026-06-19 18:36:36,samedi,regular,['samedi'],Pass Samedi,DICE,51.39,55.0,1,1
2026-06-19,2026-06-19 18:53:54,2-jours,regular,"['vendredi', 'samedi']",Pass 2 Jours,Shotgun,95.0,107.37,1,1
2026-06-19,2026-06-19 19:00:53,2-jours,regular,"['vendredi', 'samedi']",Pass 2 Jours,Shotgun,95.0,107.37,1,1
2026-06-19,2026-06-19 19:34:57,samedi,regular,['samedi'],Pass Samedi,DICE,51.39,55.0,1,1
2026-06-19,2026-06-19 19:34:57,samedi,regular,['samedi'],Pass Samedi,DICE,51.39,55.0,1,1
2026-06-19,2026-06-19 19:34:57,samedi,regular,['samedi'],Pass Samedi,DICE,51.39,55.0,1,1
2026-06-19,2026-06-19 19:34:57,samedi,regular,['samedi'],Pass Samedi,DICE,51.39,55.0,1,1
2026-06-19,2026-06-19 20:37:16,samedi,regular,['samedi'],Pass Samedi,DICE,51.39,55.0,1,1
2026-06-19,2026-06-19 20:37:16,samedi,regular,['samedi'],Pass Samedi,DICE,51.39,55.0,1,1
2026-06-19,2026-06-19 20:45:59,2-jours,regular,,Pass 2 Jours,DICE,99.45,104.5,1,1
2026-06-19,2026-06-19 21:08:53,2-jours,regular,,Pass 2 Jours,DICE,99.45,104.5,1,1
2026-06-19,2026-06-19 21:26:18,vendredi,regular,['vendredi'],Pass Vendredi,DICE,51.39,55.0,1,1
2026-06-19,2026-06-19 21:26:18,vendredi,regular,['vendredi'],Pass Vendredi,DICE,51.39,55.0,1,1
2026-06-19,2026-06-19 21:59:02,2-jours,regular,"['vendredi', 'samedi']",Pass 2 Jours,Shotgun,95.0,107.37,1,1
2026-06-19,2026-06-19 21:59:02,2-jours,regular,"['vendredi', 'samedi']",Pass 2 Jours,Shotgun,95.0,107.37,1,1
2026-06-20,2026-06-20 00:20:28,vendredi,regular,['vendredi'],Pass Vendredi,Shotgun,50.0,56.51,1,1
2026-06-20,2026-06-20 01:13:58,2-jours,regular,,Pass 2 Jours,DICE,99.45,104.5,1,1
2026-06-20,2026-06-20 02:12:21,samedi,regular,['samedi'],Pass Samedi,Shotgun,50.0,56.51,1,1
2026-06-20,2026-06-20 09:11:19,samedi,regular,['samedi'],Pass Samedi,DICE,51.39,55.0,1,1
2026-06-20,2026-06-20 09:54:27,samedi,regular,['samedi'],Pass Samedi,Shotgun,50.0,56.51,1,1
2026-06-20,2026-06-20 09:54:27,samedi,regular,['samedi'],Pass Samedi,Shotgun,50.0,56.51,1,1
2026-06-20,2026-06-20 15:09:59,vendredi,regular,['vendredi'],Pass Vendredi,DICE,51.39,55.0,1,1
2026-06-20,2026-06-20 15:32:47,samedi,regular,['samedi'],Pass Samedi,DICE,51.39,55.0,1,1
2026-06-20,2026-06-20 17:00:18,vendredi,regular,['vendredi'],Pass Vendredi,Shotgun,50.0,56.51,1,1
2026-06-20,2026-06-20 18:08:32,2-jours,regular,"['vendredi', 'samedi']",Pass 2 Jours,Shotgun,95.0,107.37,1,1
2026-06-20,2026-06-20 18:08:32,2-jours,regular,"['vendredi', 'samedi']",Pass 2 Jours,Shotgun,95.0,107.37,1,1
2026-06-20,2026-06-20 18:08:32,2-jours,regular,"['vendredi', 'samedi']",Pass 2 Jours,Shotgun,95.0,107.37,1,1
2026-06-20,2026-06-20 18:44:21,samedi,regular,['samedi'],Pass Samedi,Shotgun,50.0,56.51,1,1
2026-06-20,2026-06-20 18:44:54,samedi,regular,['samedi'],Pass Samedi,Shotgun,50.0,56.51,1,1
2026-06-20,2026-06-20 19:26:00,vendredi,regular,['vendredi'],Pass Vendredi,DICE,51.39,55.0,1,1
2026-06-20,2026-06-20 19:26:10,vendredi,regular,['vendredi'],Pass Vendredi,DICE,51.39,55.0,1,1
2026-06-20,2026-06-20 19:26:53,vendredi,regular,['vendredi'],Pass Vendredi,DICE,51.39,55.0,1,1
2026-06-20,2026-06-20 19:27:00,vendredi,regular,['vendredi'],Pass Vendredi,DICE,51.39,55.0,1,1
2026-06-20,2026-06-20 19:27:10,vendredi,regular,['vendredi'],Pass Vendredi,DICE,51.39,55.0,1,1
2026-06-20,2026-06-20 19:31:24,samedi,regular,['samedi'],Pass Samedi,Shotgun,50.0,56.51,1,1
2026-06-20,2026-06-20 20:59:44,2-jours,regular,,Pass 2 Jours,DICE,99.45,104.5,1,1
2026-06-20,2026-06-20 21:00:01,2-jours,regular,,Pass 2 Jours,DICE,99.45,104.5,1,1
2026-06-20,2026-06-20 21:13:54,2-jours,regular,,Pass 2 Jours,DICE,99.45,104.5,1,1
2026-06-20,2026-06-20 23:32:48,vendredi,regular,['vendredi'],Pass Vendredi,Shotgun,54.09,61.14,1,1
2026-06-21,2026-06-21 08:34:28,vendredi,regular,['vendredi'],Pass Vendredi,DICE,51.39,55.0,1,1
2026-06-21,2026-06-21 08:34:28,vendredi,regular,['vendredi'],Pass Vendredi,DICE,51.39,55.0,1,1
2026-06-21,2026-06-21 11:38:11,samedi,regular,['samedi'],Pass Samedi,DICE,51.39,55.0,1,1
2026-06-21,2026-06-21 11:40:46,samedi,regular,['samedi'],Pass Samedi,DICE,51.39,55.0,1,1
2026-06-21,2026-06-21 11:45:16,samedi,regular,['samedi'],Pass Samedi,DICE,51.39,55.0,1,1
2026-06-21,2026-06-21 11:53:28,samedi,regular,['samedi'],Pass Samedi,DICE,51.39,55.0,1,1
2026-06-21,2026-06-21 13:52:54,samedi,regular,['samedi'],Pass Samedi,Shotgun,50.0,56.51,1,1
2026-06-21,2026-06-21 15:28:39,samedi,regular,['samedi'],Pass Samedi,DICE,51.39,55.0,1,1
2026-06-21,2026-06-21 15:28:39,samedi,regular,['samedi'],Pass Samedi,DICE,51.39,55.0,1,1
2026-06-21,2026-06-21 16:34:56,samedi,regular,['samedi'],Pass Samedi,DICE,51.39,55.0,1,1
2026-06-21,2026-06-21 16:37:52,samedi,regular,['samedi'],Pass Samedi,DICE,51.39,55.0,1,1
2026-06-21,2026-06-21 16:38:07,samedi,regular,['samedi'],Pass Samedi,Shotgun,50.0,56.51,1,1
2026-06-21,2026-06-21 16:40:15,samedi,regular,['samedi'],Pass Samedi,DICE,51.39,55.0,1,1
2026-06-21,2026-06-21 22:56:47,2-jours,regular,,Pass 2 Jours,DICE,99.45,104.5,1,1
2026-06-22,2026-06-22 13:21:01,2-jours,regular,"['vendredi', 'samedi']",Pass 2 Jours,Shotgun,95.0,107.37,1,1
2026-06-22,2026-06-22 13:21:01,2-jours,regular,"['vendredi', 'samedi']",Pass 2 Jours,Shotgun,95.0,107.37,1,1
2026-06-22,2026-06-22 17:17:54,2-jours,regular,"['vendredi', 'samedi']",Pass 2 Jours,Shotgun,95.0,107.37,1,1
2026-06-22,2026-06-22 17:42:46,samedi,regular,['samedi'],Pass Samedi,Shotgun,50.0,56.51,1,1
2026-06-22,2026-06-22 18:34:56,2-jours,regular,,Pass 2 Jours,DICE,99.45,104.5,1,1
2026-06-22,2026-06-22 19:33:19,vendredi,regular,['vendredi'],Pass Vendredi,Shotgun,50.0,56.51,1,1
2026-06-22,2026-06-22 19:33:19,vendredi,regular,['vendredi'],Pass Vendredi,Shotgun,50.0,56.51,1,1
2026-06-22,2026-06-22 21:55:40,vendredi,regular,['vendredi'],Pass Vendredi,Shotgun,50.0,56.51,1,1
2026-06-22,2026-06-22 21:58:12,vendredi,regular,['vendredi'],Pass Vendredi,Shotgun,50.0,56.51,1,1
2026-06-23,2026-06-23 08:39:20,samedi,regular,['samedi'],Pass Samedi,DICE,51.39,55.0,1,1
2026-06-23,2026-06-23 08:39:20,samedi,regular,['samedi'],Pass Samedi,DICE,51.39,55.0,1,1
2026-06-23,2026-06-23 09:10:13,vendredi,regular,['vendredi'],Pass Vendredi,DICE,51.39,55.0,1,1
2026-06-23,2026-06-23 11:31:19,2-jours,regular,"['vendredi', 'samedi']",Pass 2 Jours,Shotgun,95.0,107.37,1,1
2026-06-23,2026-06-23 20:06:14,vendredi,regular,['vendredi'],Pass Vendredi,Shotgun,50.0,56.51,1,1
2026-06-23,2026-06-23 20:29:04,samedi,regular,['samedi'],Pass Samedi,DICE,51.39,55.0,1,1
2026-06-23,2026-06-23 21:25:30,samedi,regular,['samedi'],Pass Samedi,Shotgun,50.0,56.51,1,1
2026-06-23,2026-06-23 21:25:30,samedi,regular,['samedi'],Pass Samedi,Shotgun,50.0,56.51,1,1
2026-06-23,2026-06-23 21:25:30,samedi,regular,['samedi'],Pass Samedi,Shotgun,50.0,56.51,1,1
2026-06-23,2026-06-23 22:45:47,2-jours,regular,"['vendredi', 'samedi']",Pass 2 Jours,Shotgun,95.0,107.37,1,1
2026-06-23,2026-06-23 23:09:04,2-jours,regular,"['vendredi', 'samedi']",Pass 2 Jours,Shotgun,95.0,107.37,1,1
2026-06-24,2026-06-24 08:17:17,samedi,regular,['samedi'],Pass Samedi,DICE,51.39,55.0,1,1
2026-06-24,2026-06-24 10:04:34,2-jours,regular,"['vendredi', 'samedi']",Pass 2 Jours,Shotgun,95.0,107.37,1,1
2026-06-24,2026-06-24 10:51:18,vendredi,regular,['vendredi'],Pass Vendredi,DICE,51.39,55.0,1,1
2026-06-24,2026-06-24 11:02:46,vendredi,regular,['vendredi'],Pass Vendredi,DICE,51.39,55.0,1,1
2026-06-24,2026-06-24 12:47:03,samedi,regular,['samedi'],Pass Samedi,Shotgun,50.0,56.51,1,1
2026-06-24,2026-06-24 12:47:03,samedi,regular,['samedi'],Pass Samedi,Shotgun,50.0,56.51,1,1
2026-06-24,2026-06-24 13:35:49,samedi,regular,['samedi'],Pass Samedi,DICE,51.39,55.0,1,1
2026-06-24,2026-06-24 15:32:01,samedi,regular,['samedi'],Pass Samedi,DICE,51.39,55.0,1,1
2026-06-24,2026-06-24 16:44:24,samedi,regular,['samedi'],Pass Samedi,DICE,51.39,55.0,1,1
2026-06-24,2026-06-24 18:13:52,2-jours,regular,,Pass 2 Jours,DICE,99.45,104.5,1,1
2026-06-24,2026-06-24 18:13:52,2-jours,regular,,Pass 2 Jours,DICE,99.45,104.5,1,1
2026-06-24,2026-06-24 20:26:59,samedi,regular,['samedi'],Pass Samedi,DICE,51.39,55.0,1,1
2026-06-24,2026-06-24 21:42:06,vendredi,regular,['vendredi'],Pass Vendredi,DICE,51.39,55.0,1,1
2026-06-25,2026-06-25 08:50:14,2-jours,regular,"['vendredi', 'samedi']",Pass 2 Jours,Shotgun,95.0,107.37,1,1
2026-06-25,2026-06-25 10:43:04,2-jours,regular,"['vendredi', 'samedi']",Pass 2 Jours,Shotgun,95.0,107.37,1,1
2026-06-25,2026-06-25 12:09:56,vendredi,regular,['vendredi'],Pass Vendredi,DICE,51.39,55.0,1,1
2026-06-25,2026-06-25 18:31:44,samedi,regular,['samedi'],Pass Samedi,Shotgun,50.0,56.51,1,1
2026-06-25,2026-06-25 21:23:20,2-jours,regular,,Pass 2 Jours,DICE,99.45,104.5,1,1
2026-06-25,2026-06-25 21:41:48,2-jours,regular,,Pass 2 Jours,DICE,99.45,104.5,1,1
2026-06-25,2026-06-25 21:44:57,vendredi,regular,['vendredi'],Pass Vendredi,DICE,51.39,55.0,1,1
2026-06-26,2026-06-26 06:21:34,samedi,regular,['samedi'],Pass Samedi,Shotgun,50.0,56.51,1,1
2026-06-26,2026-06-26 06:57:49,vendredi,regular,['vendredi'],Pass Vendredi,Shotgun,50.0,56.51,1,1
2026-06-26,2026-06-26 06:57:49,vendredi,regular,['vendredi'],Pass Vendredi,Shotgun,50.0,56.51,1,1
2026-06-26,2026-06-26 07:30:25,samedi,regular,['samedi'],Pass Samedi,DICE,51.39,55.0,1,1
2026-06-26,2026-06-26 08:11:44,samedi,regular,['samedi'],Pass Samedi,DICE,51.39,55.0,1,1
2026-06-26,2026-06-26 08:37:44,2-jours,regular,"['vendredi', 'samedi']",Pass 2 Jours,Shotgun,95.0,107.37,1,1
2026-06-26,2026-06-26 09:16:32,2-jours,regular,"['vendredi', 'samedi']",Pass 2 Jours,Shotgun,95.0,107.37,1,1
2026-06-26,2026-06-26 10:12:13,2-jours,regular,"['vendredi', 'samedi']",Pass 2 Jours,Shotgun,95.0,107.37,1,1
2026-06-26,2026-06-26 10:26:51,vendredi,regular,['vendredi'],Pass Vendredi,Shotgun,50.0,56.51,1,1
2026-06-26,2026-06-26 11:19:06,vendredi,regular,['vendredi'],Pass Vendredi,Shotgun,50.0,56.51,1,1
2026-06-26,2026-06-26 12:13:31,vendredi,regular,['vendredi'],Pass Vendredi,DICE,51.39,55.0,1,1
2026-06-26,2026-06-26 15:00:14,vendredi,regular,['vendredi'],Pass Vendredi,DICE,51.39,55.0,1,1
2026-06-26,2026-06-26 19:36:56,samedi,regular,['samedi'],Pass Samedi,Shotgun,50.0,56.51,1,1
2026-06-26,2026-06-26 19:36:56,samedi,regular,['samedi'],Pass Samedi,Shotgun,50.0,56.51,1,1
2026-06-26,2026-06-26 19:39:15,2-jours,regular,"['vendredi', 'samedi']",Pass 2 Jours,Shotgun,95.0,107.37,1,1
2026-06-26,2026-06-26 20:32:59,samedi,regular,['samedi'],Pass Samedi,Shotgun,50.0,56.51,1,1
2026-06-26,2026-06-26 20:32:59,samedi,regular,['samedi'],Pass Samedi,Shotgun,50.0,56.51,1,1
2026-06-26,2026-06-26 20:39:00,vendredi,regular,['vendredi'],Pass Vendredi,DICE,51.39,55.0,1,1
2026-06-26,2026-06-26 20:39:00,vendredi,regular,['vendredi'],Pass Vendredi,DICE,51.39,55.0,1,1
2026-06-26,2026-06-26 21:47:15,samedi,regular,['samedi'],Pass Samedi,DICE,51.39,55.0,1,1
2026-06-26,2026-06-26 22:13:57,vendredi,regular,['vendredi'],Pass Vendredi,DICE,51.39,55.0,1,1
2026-06-27,2026-06-27 07:52:48,2-jours,regular,,Pass 2 Jours,DICE,99.45,104.5,1,1
2026-06-27,2026-06-27 10:09:19,vendredi,regular,['vendredi'],Pass Vendredi,Shotgun,50.0,56.51,1,1
2026-06-27,2026-06-27 14:04:43,2-jours,regular,"['vendredi', 'samedi']",Pass 2 Jours,Shotgun,95.0,107.37,1,1
2026-06-27,2026-06-27 14:23:41,vendredi,regular,['vendredi'],Pass Vendredi,DICE,51.39,55.0,1,1
2026-06-27,2026-06-27 14:23:41,vendredi,regular,['vendredi'],Pass Vendredi,DICE,51.39,55.0,1,1
2026-06-27,2026-06-27 14:52:26,samedi,regular,['samedi'],Pass Samedi,DICE,51.39,55.0,1,1
2026-06-27,2026-06-27 14:52:26,samedi,regular,['samedi'],Pass Samedi,DICE,51.39,55.0,1,1
2026-06-27,2026-06-27 15:05:44,vendredi,regular,['vendredi'],Pass Vendredi,DICE,51.39,55.0,1,1
2026-06-27,2026-06-27 16:06:05,samedi,regular,['samedi'],Pass Samedi,Shotgun,50.0,56.51,1,1
2026-06-27,2026-06-27 16:06:05,samedi,regular,['samedi'],Pass Samedi,Shotgun,50.0,56.51,1,1
2026-06-27,2026-06-27 16:14:26,samedi,regular,['samedi'],Pass Samedi,DICE,51.39,55.0,1,1
2026-06-27,2026-06-27 16:14:26,samedi,regular,['samedi'],Pass Samedi,DICE,51.39,55.0,1,1
2026-06-27,2026-06-27 17:24:47,2-jours,regular,"['vendredi', 'samedi']",Pass 2 Jours,Shotgun,95.0,107.37,1,1
2026-06-27,2026-06-27 17:43:56,2-jours,regular,"['vendredi', 'samedi']",Pass 2 Jours,Shotgun,95.0,107.37,1,1
2026-06-27,2026-06-27 17:45:17,samedi,regular,['samedi'],Pass Samedi,Shotgun,50.0,56.51,1,1
2026-06-27,2026-06-27 17:45:17,samedi,regular,['samedi'],Pass Samedi,Shotgun,50.0,56.51,1,1
2026-06-27,2026-06-27 18:44:50,vendredi,regular,['vendredi'],Pass Vendredi,DICE,51.39,55.0,1,1
2026-06-27,2026-06-27 19:48:33,samedi,regular,['samedi'],Pass Samedi,DICE,51.39,55.0,1,1
2026-06-27,2026-06-27 19:48:33,samedi,regular,['samedi'],Pass Samedi,DICE,51.39,55.0,1,1
2026-06-27,2026-06-27 20:12:47,samedi,regular,['samedi'],Pass Samedi,DICE,51.39,55.0,1,1
2026-06-27,2026-06-27 20:20:13,samedi,regular,['samedi'],Pass Samedi,DICE,51.39,55.0,1,1
2026-06-27,2026-06-27 20:27:08,vendredi,regular,['vendredi'],Pass Vendredi,DICE,51.39,55.0,1,1
2026-06-27,2026-06-27 21:14:14,samedi,regular,['samedi'],Pass Samedi,DICE,51.39,55.0,1,1
2026-06-27,2026-06-27 21:14:14,samedi,regular,['samedi'],Pass Samedi,DICE,51.39,55.0,1,1
2026-06-27,2026-06-27 21:46:15,samedi,regular,['samedi'],Pass Samedi,DICE,51.39,55.0,1,1
2026-06-28,2026-06-28 00:59:03,samedi,regular,['samedi'],Pass Samedi,DICE,51.39,55.0,1,1
2026-06-28,2026-06-28 00:59:03,samedi,regular,['samedi'],Pass Samedi,DICE,51.39,55.0,1,1
2026-06-28,2026-06-28 00:59:03,samedi,regular,['samedi'],Pass Samedi,DICE,51.39,55.0,1,1
2026-06-28,2026-06-28 07:17:49,samedi,regular,['samedi'],Pass Samedi,DICE,51.39,55.0,1,1
2026-06-28,2026-06-28 07:49:45,samedi,regular,['samedi'],Pass Samedi,DICE,51.39,55.0,1,1
2026-06-28,2026-06-28 07:55:09,samedi,regular,['samedi'],Pass Samedi,DICE,51.39,55.0,1,1
2026-06-28,2026-06-28 07:55:09,samedi,regular,['samedi'],Pass Samedi,DICE,51.39,55.0,1,1
2026-06-28,2026-06-28 08:03:13,samedi,regular,['samedi'],Pass Samedi,DICE,51.39,55.0,1,1
2026-06-28,2026-06-28 09:49:36,samedi,regular,['samedi'],Pass Samedi,Shotgun,50.0,56.51,1,1
2026-06-28,2026-06-28 09:49:36,samedi,regular,['samedi'],Pass Samedi,Shotgun,50.0,56.51,1,1
2026-06-28,2026-06-28 09:49:36,samedi,regular,['samedi'],Pass Samedi,Shotgun,50.0,56.51,1,1
2026-06-28,2026-06-28 13:28:05,2-jours,regular,"['vendredi', 'samedi']",Pass 2 Jours,Shotgun,95.0,107.37,1,1
2026-06-28,2026-06-28 13:36:44,2-jours,regular,"['vendredi', 'samedi']",Pass 2 Jours,Shotgun,95.0,107.37,1,1
2026-06-28,2026-06-28 14:28:33,samedi,regular,['samedi'],Pass Samedi,DICE,51.39,55.0,1,1
2026-06-28,2026-06-28 14:28:33,samedi,regular,['samedi'],Pass Samedi,DICE,51.39,55.0,1,1
2026-06-28,2026-06-28 14:55:19,vendredi,regular,['vendredi'],Pass Vendredi,DICE,51.39,55.0,1,1
2026-06-28,2026-06-28 14:55:19,vendredi,regular,['vendredi'],Pass Vendredi,DICE,51.39,55.0,1,1
2026-06-28,2026-06-28 14:55:19,vendredi,regular,['vendredi'],Pass Vendredi,DICE,51.39,55.0,1,1
2026-06-28,2026-06-28 14:59:37,vendredi,regular,['vendredi'],Pass Vendredi,Shotgun,50.0,56.51,1,1
2026-06-28,2026-06-28 14:59:37,vendredi,regular,['vendredi'],Pass Vendredi,Shotgun,50.0,56.51,1,1
2026-06-28,2026-06-28 16:32:57,vendredi,regular,['vendredi'],Pass Vendredi,DICE,51.39,55.0,1,1
2026-06-28,2026-06-28 18:04:27,2-jours,regular,,Pass 2 Jours,DICE,99.45,104.5,1,1
2026-06-28,2026-06-28 18:49:36,samedi,regular,['samedi'],Pass Samedi,Shotgun,50.0,56.51,1,1
2026-06-28,2026-06-28 19:52:55,vendredi,regular,['vendredi'],Pass Vendredi,DICE,51.39,55.0,1,1
2026-06-28,2026-06-28 20:15:55,2-jours,regular,"['vendredi', 'samedi']",Pass 2 Jours,Shotgun,95.0,107.37,1,1
2026-06-28,2026-06-28 20:16:55,2-jours,regular,"['vendredi', 'samedi']",Pass 2 Jours,Shotgun,95.0,107.37,1,1
2026-06-28,2026-06-28 20:31:18,2-jours,regular,"['vendredi', 'samedi']",Pass 2 Jours,Shotgun,95.0,107.37,1,1
2026-06-28,2026-06-28 21:08:10,2-jours,regular,,Pass 2 Jours,DICE,99.45,104.5,1,1
2026-06-28,2026-06-28 22:05:27,samedi,regular,['samedi'],Pass Samedi,Shotgun,50.0,56.51,1,1
2026-06-28,2026-06-28 22:05:27,samedi,regular,['samedi'],Pass Samedi,Shotgun,50.0,56.51,1,1
2026-06-29,2026-06-29 01:23:51,2-jours,regular,"['vendredi', 'samedi']",Pass 2 Jours,Shotgun,95.0,107.37,1,1
2026-06-29,2026-06-29 09:31:08,2-jours,regular,,Pass 2 Jours,DICE,99.45,104.5,1,1
2026-06-29,2026-06-29 09:55:09,2-jours,regular,,Pass 2 Jours,DICE,99.45,104.5,1,1
2026-06-29,2026-06-29 11:55:56,2-jours,regular,,Pass 2 Jours,DICE,99.45,104.5,1,1
2026-06-29,2026-06-29 12:03:13,vendredi,regular,['vendredi'],Pass Vendredi,DICE,51.39,55.0,1,1
2026-06-29,2026-06-29 12:03:13,vendredi,regular,['vendredi'],Pass Vendredi,DICE,51.39,55.0,1,1
2026-06-29,2026-06-29 12:13:48,2-jours,regular,"['vendredi', 'samedi']",Pass 2 Jours,Shotgun,95.0,107.37,1,1
2026-06-29,2026-06-29 14:13:09,2-jours,regular,"['vendredi', 'samedi']",Pass 2 Jours,Shotgun,95.0,107.37,1,1
2026-06-29,2026-06-29 15:30:44,vendredi,regular,['vendredi'],Pass Vendredi,DICE,51.39,55.0,1,1
2026-06-29,2026-06-29 15:30:44,vendredi,regular,['vendredi'],Pass Vendredi,DICE,51.39,55.0,1,1
2026-06-29,2026-06-29 16:25:37,vendredi,regular,['vendredi'],Pass Vendredi,DICE,51.39,55.0,1,1
2026-06-29,2026-06-29 16:25:37,vendredi,regular,['vendredi'],Pass Vendredi,DICE,51.39,55.0,1,1
2026-06-29,2026-06-29 16:40:31,samedi,regular,['samedi'],Pass Samedi,DICE,51.39,55.0,1,1
2026-06-29,2026-06-29 16:40:31,samedi,regular,['samedi'],Pass Samedi,DICE,51.39,55.0,1,1
2026-06-29,2026-06-29 17:20:20,samedi,regular,['samedi'],Pass Samedi,Shotgun,50.0,56.51,1,1
2026-06-29,2026-06-29 17:20:20,samedi,regular,['samedi'],Pass Samedi,Shotgun,50.0,56.51,1,1
2026-06-29,2026-06-29 17:39:37,2-jours,regular,"['vendredi', 'samedi']",Pass 2 Jours,Shotgun,95.0,107.37,1,1
2026-06-29,2026-06-29 17:39:37,2-jours,regular,"['vendredi', 'samedi']",Pass 2 Jours,Shotgun,95.0,107.37,1,1
2026-06-29,2026-06-29 20:18:05,samedi,regular,['samedi'],Pass Samedi,DICE,51.39,55.0,1,1
2026-06-29,2026-06-29 20:18:05,samedi,regular,['samedi'],Pass Samedi,DICE,51.39,55.0,1,1
2026-06-29,2026-06-29 20:18:05,samedi,regular,['samedi'],Pass Samedi,DICE,51.39,55.0,1,1
2026-06-29,2026-06-29 21:01:35,vendredi,regular,['vendredi'],Pass Vendredi,DICE,51.39,55.0,1,1
2026-06-29,2026-06-29 21:05:16,vendredi,regular,['vendredi'],Pass Vendredi,DICE,51.39,55.0,1,1
2026-06-29,2026-06-29 21:05:16,vendredi,regular,['vendredi'],Pass Vendredi,DICE,51.39,55.0,1,1
2026-06-29,2026-06-29 21:11:39,samedi,regular,['samedi'],Pass Samedi,DICE,51.39,55.0,1,1
2026-06-30,2026-06-30 08:56:55,2-jours,regular,,Pass 2 Jours,DICE,99.45,104.5,1,1
2026-06-30,2026-06-30 08:56:55,2-jours,regular,,Pass 2 Jours,DICE,99.45,104.5,1,1
2026-06-30,2026-06-30 08:58:24,samedi,regular,['samedi'],Pass Samedi,DICE,51.39,55.0,1,1
2026-06-30,2026-06-30 09:49:26,2-jours,regular,"['vendredi', 'samedi']",Pass 2 Jours,Shotgun,95.0,107.37,1,1
2026-06-30,2026-06-30 10:29:11,2-jours,regular,,Pass 2 Jours,DICE,99.45,104.5,1,1
2026-06-30,2026-06-30 10:29:13,2-jours,regular,,Pass 2 Jours,DICE,99.45,104.5,1,1
2026-06-30,2026-06-30 10:46:39,samedi,regular,['samedi'],Pass Samedi,Shotgun,50.0,56.51,1,1
2026-06-30,2026-06-30 11:46:44,2-jours,regular,"['vendredi', 'samedi']",Pass 2 Jours,Shotgun,95.0,107.37,1,1
2026-06-30,2026-06-30 11:48:42,2-jours,regular,,Pass 2 Jours,DICE,99.45,104.5,1,1
2026-06-30,2026-06-30 12:46:21,vendredi,regular,['vendredi'],Pass Vendredi,DICE,51.39,55.0,1,1
2026-06-30,2026-06-30 12:47:45,vendredi,regular,['vendredi'],Pass Vendredi,DICE,51.39,55.0,1,1
2026-06-30,2026-06-30 12:58:22,vendredi,regular,['vendredi'],Pass Vendredi,Shotgun,50.0,56.51,1,1
2026-06-30,2026-06-30 12:58:22,vendredi,regular,['vendredi'],Pass Vendredi,Shotgun,50.0,56.51,1,1
2026-06-30,2026-06-30 13:29:03,vendredi,regular,['vendredi'],Pass Vendredi,DICE,51.39,55.0,1,1
2026-06-30,2026-06-30 13:29:03,vendredi,regular,['vendredi'],Pass Vendredi,DICE,51.39,55.0,1,1
2026-06-30,2026-06-30 13:59:44,2-jours,regular,,Pass 2 Jours,DICE,99.45,104.5,1,1
2026-06-30,2026-06-30 14:05:11,samedi,regular,['samedi'],Pass Samedi,DICE,51.39,55.0,1,1
2026-06-30,2026-06-30 14:05:11,samedi,regular,['samedi'],Pass Samedi,DICE,51.39,55.0,1,1
2026-06-30,2026-06-30 14:05:11,samedi,regular,['samedi'],Pass Samedi,DICE,51.39,55.0,1,1
2026-06-30,2026-06-30 14:05:11,samedi,regular,['samedi'],Pass Samedi,DICE,51.39,55.0,1,1
2026-06-30,2026-06-30 15:22:00,vendredi,regular,['vendredi'],Pass Vendredi,Shotgun,50.0,56.51,1,1
2026-06-30,2026-06-30 16:55:00,2-jours,regular,,Pass 2 Jours,DICE,99.45,104.5,1,1
2026-06-30,2026-06-30 17:49:19,2-jours,regular,,Pass 2 Jours,DICE,99.45,104.5,1,1
2026-06-30,2026-06-30 17:58:27,vendredi,regular,['vendredi'],Pass Vendredi,DICE,51.39,55.0,1,1
2026-06-30,2026-06-30 18:27:42,2-jours,regular,,Pass 2 Jours,DICE,99.45,104.5,1,1
2026-06-30,2026-06-30 18:28:00,2-jours,regular,"['vendredi', 'samedi']",Pass 2 Jours,Shotgun,95.0,107.37,1,1
2026-06-30,2026-06-30 18:28:05,2-jours,regular,"['vendredi', 'samedi']",Pass 2 Jours,Shotgun,95.0,107.37,1,1
2026-06-30,2026-06-30 18:41:54,2-jours,regular,"['vendredi', 'samedi']",Pass 2 Jours,Shotgun,95.0,107.37,1,1
2026-06-30,2026-06-30 18:58:18,vendredi,regular,['vendredi'],Pass Vendredi,DICE,51.39,55.0,1,1
2026-06-30,2026-06-30 19:26:22,2-jours,regular,,Pass 2 Jours,DICE,99.45,104.5,1,1
2026-06-30,2026-06-30 19:27:06,2-jours,regular,"['vendredi', 'samedi']",Pass 2 Jours,Shotgun,95.0,107.37,1,1
2026-06-30,2026-06-30 19:29:41,2-jours,regular,"['vendredi', 'samedi']",Pass 2 Jours,Shotgun,95.0,107.37,1,1
2026-06-30,2026-06-30 19:49:46,vendredi,regular,['vendredi'],Pass Vendredi,DICE,51.39,55.0,1,1
2026-06-30,2026-06-30 19:50:18,samedi,regular,['samedi'],Pass Samedi,DICE,51.39,55.0,1,1
2026-06-30,2026-06-30 19:50:18,samedi,regular,['samedi'],Pass Samedi,DICE,51.39,55.0,1,1
2026-06-30,2026-06-30 20:28:44,samedi,regular,['samedi'],Pass Samedi,Shotgun,50.0,56.51,1,1
2026-06-30,2026-06-30 21:12:23,samedi,regular,['samedi'],Pass Samedi,DICE,51.39,55.0,1,1
2026-06-30,2026-06-30 21:52:01,2-jours,regular,,Pass 2 Jours,DICE,99.45,104.5,1,1
2026-07-01,2026-07-01 06:00:53,vendredi,regular,['vendredi'],Pass Vendredi,DICE,51.39,55.0,1,1
2026-07-01,2026-07-01 07:33:57,2-jours,regular,,Pass 2 Jours,DICE,99.45,104.5,1,1
2026-07-01,2026-07-01 08:11:23,2-jours,regular,"['vendredi', 'samedi']",Pass 2 Jours,Shotgun,95.0,107.37,1,1
2026-07-01,2026-07-01 08:38:38,samedi,regular,['samedi'],Pass Samedi,Shotgun,50.0,56.51,1,1
2026-07-01,2026-07-01 09:53:17,2-jours,regular,,Pass 2 Jours,DICE,99.45,104.5,1,1
2026-07-01,2026-07-01 10:29:49,samedi,regular,['samedi'],Pass Samedi,DICE,51.39,55.0,1,1
2026-07-01,2026-07-01 11:30:50,2-jours,regular,"['vendredi', 'samedi']",Pass 2 Jours,Shotgun,95.0,107.37,1,1
2026-07-01,2026-07-01 11:32:38,2-jours,regular,"['vendredi', 'samedi']",Pass 2 Jours,Shotgun,95.0,107.37,1,1
2026-07-01,2026-07-01 11:32:38,2-jours,regular,"['vendredi', 'samedi']",Pass 2 Jours,Shotgun,95.0,107.37,1,1
2026-07-01,2026-07-01 11:45:42,2-jours,regular,,Pass 2 Jours,DICE,99.45,104.5,1,1
2026-07-01,2026-07-01 13:38:43,vendredi,regular,['vendredi'],Pass Vendredi,DICE,51.39,55.0,1,1
2026-07-01,2026-07-01 13:39:26,2-jours,regular,,Pass 2 Jours,DICE,99.45,104.5,1,1
2026-07-01,2026-07-01 13:48:09,vendredi,regular,['vendredi'],Pass Vendredi,DICE,51.39,55.0,1,1
2026-07-01,2026-07-01 13:51:51,2-jours,regular,,Pass 2 Jours,DICE,99.45,104.5,1,1
2026-07-01,2026-07-01 14:30:46,2-jours,regular,,Pass 2 Jours,DICE,99.45,104.5,1,1
2026-07-01,2026-07-01 14:50:53,vendredi,regular,['vendredi'],Pass Vendredi,DICE,51.39,55.0,1,1
2026-07-01,2026-07-01 14:50:53,vendredi,regular,['vendredi'],Pass Vendredi,DICE,51.39,55.0,1,1
2026-07-01,2026-07-01 15:13:45,vendredi,regular,['vendredi'],Pass Vendredi,Shotgun,50.0,56.51,1,1
2026-07-01,2026-07-01 15:13:45,vendredi,regular,['vendredi'],Pass Vendredi,Shotgun,50.0,56.51,1,1
2026-07-01,2026-07-01 16:10:17,2-jours,regular,,Pass 2 Jours,DICE,99.45,104.5,1,1
2026-07-01,2026-07-01 16:12:06,vendredi,regular,['vendredi'],Pass Vendredi,Shotgun,50.0,56.51,1,1
2026-07-01,2026-07-01 16:49:22,vendredi,regular,['vendredi'],Pass Vendredi,Shotgun,50.0,56.51,1,1
2026-07-01,2026-07-01 16:49:22,vendredi,regular,['vendredi'],Pass Vendredi,Shotgun,50.0,56.51,1,1
2026-07-01,2026-07-01 16:58:10,samedi,regular,['samedi'],Pass Samedi,Shotgun,50.0,56.51,1,1
2026-07-01,2026-07-01 16:58:10,samedi,regular,['samedi'],Pass Samedi,Shotgun,50.0,56.51,1,1
2026-07-01,2026-07-01 18:01:42,samedi,regular,['samedi'],Pass Samedi,DICE,51.39,55.0,1,1
2026-07-01,2026-07-01 18:01:42,samedi,regular,['samedi'],Pass Samedi,DICE,51.39,55.0,1,1
2026-07-01,2026-07-01 18:44:53,samedi,regular,['samedi'],Pass Samedi,DICE,51.39,55.0,1,1
2026-07-01,2026-07-01 18:44:53,samedi,regular,['samedi'],Pass Samedi,DICE,51.39,55.0,1,1
2026-07-01,2026-07-01 18:48:14,2-jours,regular,,Pass 2 Jours,DICE,99.45,104.5,1,1
2026-07-01,2026-07-01 19:03:25,2-jours,regular,,Pass 2 Jours,DICE,99.45,104.5,1,1
2026-07-01,2026-07-01 19:04:43,vendredi,regular,['vendredi'],Pass Vendredi,Shotgun,50.0,56.51,1,1
2026-07-01,2026-07-01 19:05:10,vendredi,regular,['vendredi'],Pass Vendredi,Shotgun,50.0,56.51,1,1
2026-07-01,2026-07-01 19:11:45,samedi,regular,['samedi'],Pass Samedi,DICE,51.39,55.0,1,1
2026-07-01,2026-07-01 19:12:05,samedi,regular,['samedi'],Pass Samedi,DICE,51.39,55.0,1,1
2026-07-01,2026-07-01 19:12:05,vendredi,regular,['vendredi'],Pass Vendredi,Shotgun,50.0,56.51,1,1
2026-07-01,2026-07-01 19:35:56,2-jours,regular,"['vendredi', 'samedi']",Pass 2 Jours,Shotgun,95.0,107.37,1,1
2026-07-01,2026-07-01 20:17:04,vendredi,regular,['vendredi'],Pass Vendredi,Shotgun,50.0,56.51,1,1
2026-07-01,2026-07-01 20:22:50,2-jours,regular,,Pass 2 Jours,DICE,99.45,104.5,1,1
2026-07-01,2026-07-01 20:25:19,samedi,regular,['samedi'],Pass Samedi,DICE,51.39,55.0,1,1
2026-07-02,2026-07-02 07:47:06,vendredi,regular,['vendredi'],Pass Vendredi,DICE,51.39,55.0,1,1
2026-07-02,2026-07-02 07:47:06,vendredi,regular,['vendredi'],Pass Vendredi,DICE,51.39,55.0,1,1
2026-07-02,2026-07-02 08:44:25,2-jours,regular,,Pass 2 Jours,DICE,99.45,104.5,1,1
2026-07-02,2026-07-02 09:14:38,samedi,regular,['samedi'],Pass Samedi,DICE,51.39,55.0,1,1
2026-07-02,2026-07-02 12:11:14,2-jours,regular,"['vendredi', 'samedi']",Pass 2 Jours,Shotgun,95.0,107.37,1,1
2026-07-02,2026-07-02 14:38:07,2-jours,regular,"['vendredi', 'samedi']",Pass 2 Jours,Shotgun,95.0,107.37,1,1
2026-07-02,2026-07-02 16:12:23,2-jours,regular,"['vendredi', 'samedi']",Pass 2 Jours,Shotgun,95.0,107.37,1,1
2026-07-02,2026-07-02 16:41:28,2-jours,regular,"['vendredi', 'samedi']",Pass 2 Jours,Shotgun,95.0,107.37,1,1
2026-07-02,2026-07-02 17:05:40,2-jours,regular,"['vendredi', 'samedi']",Pass 2 Jours,Shotgun,95.0,107.37,1,1
2026-07-02,2026-07-02 17:12:25,2-jours,regular,,Pass 2 Jours,DICE,99.45,104.5,1,1
2026-07-02,2026-07-02 18:11:22,vendredi,regular,['vendredi'],Pass Vendredi,DICE,51.39,55.0,1,1
2026-07-02,2026-07-02 19:22:48,samedi,regular,['samedi'],Pass Samedi,Shotgun,50.0,56.51,1,1
2026-07-02,2026-07-02 19:22:58,2-jours,regular,"['vendredi', 'samedi']",Pass 2 Jours,Shotgun,95.0,107.37,1,1
2026-07-02,2026-07-02 19:22:58,2-jours,regular,"['vendredi', 'samedi']",Pass 2 Jours,Shotgun,95.0,107.37,1,1
2026-07-02,2026-07-02 19:44:49,vendredi,regular,['vendredi'],Pass Vendredi,DICE,51.39,55.0,1,1
2026-07-02,2026-07-02 19:57:49,2-jours,regular,"['vendredi', 'samedi']",Pass 2 Jours,Shotgun,95.0,107.37,1,1
2026-07-02,2026-07-02 20:14:36,vendredi,regular,['vendredi'],Pass Vendredi,DICE,51.39,55.0,1,1
2026-07-02,2026-07-02 20:15:02,vendredi,regular,['vendredi'],Pass Vendredi,DICE,51.39,55.0,1,1
2026-07-02,2026-07-02 20:15:02,vendredi,regular,['vendredi'],Pass Vendredi,DICE,51.39,55.0,1,1
2026-07-02,2026-07-02 20:28:41,2-jours,regular,"['vendredi', 'samedi']",Pass 2 Jours,Shotgun,95.0,107.37,1,1
2026-07-02,2026-07-02 20:47:43,vendredi,regular,['vendredi'],Pass Vendredi,DICE,51.39,55.0,1,1
2026-07-02,2026-07-02 20:48:21,vendredi,regular,['vendredi'],Pass Vendredi,DICE,51.39,55.0,1,1
2026-07-02,2026-07-02 20:53:42,2-jours,regular,,Pass 2 Jours,DICE,99.45,104.5,1,1
2026-07-02,2026-07-02 20:55:27,2-jours,regular,,Pass 2 Jours,DICE,99.45,104.5,1,1
2026-07-02,2026-07-02 21:06:11,2-jours,regular,,Pass 2 Jours,DICE,99.45,104.5,1,1
2026-07-02,2026-07-02 22:02:22,2-jours,regular,"['vendredi', 'samedi']",Pass 2 Jours,Shotgun,95.0,107.37,1,1
2026-07-02,2026-07-02 22:08:51,2-jours,regular,"['vendredi', 'samedi']",Pass 2 Jours,Shotgun,95.0,107.37,1,1
2026-07-02,2026-07-02 22:22:48,2-jours,regular,,Pass 2 Jours,DICE,99.45,104.5,1,1
2026-07-03,2026-07-03 04:06:51,2-jours,regular,,Pass 2 Jours,DICE,99.45,104.5,1,1
2026-07-03,2026-07-03 08:08:27,samedi,regular,['samedi'],Pass Samedi,Shotgun,50.0,56.51,1,1
2026-07-03,2026-07-03 08:08:27,samedi,regular,['samedi'],Pass Samedi,Shotgun,50.0,56.51,1,1
2026-07-03,2026-07-03 11:47:30,vendredi,regular,['vendredi'],Pass Vendredi,DICE,51.39,55.0,1,1
2026-07-03,2026-07-03 12:16:47,2-jours,regular,"['vendredi', 'samedi']",Pass 2 Jours,Shotgun,95.0,107.37,1,1
2026-07-03,2026-07-03 14:37:35,2-jours,regular,"['vendredi', 'samedi']",Pass 2 Jours,Shotgun,95.0,107.37,1,1
2026-07-03,2026-07-03 15:25:06,2-jours,regular,,Pass 2 Jours,DICE,99.45,104.5,1,1
2026-07-03,2026-07-03 16:50:00,samedi,regular,['samedi'],Pass Samedi,Shotgun,50.0,56.51,1,1
2026-07-03,2026-07-03 16:50:00,samedi,regular,['samedi'],Pass Samedi,Shotgun,50.0,56.51,1,1
2026-07-03,2026-07-03 18:17:22,2-jours,regular,,Pass 2 Jours,DICE,99.45,104.5,1,1
2026-07-03,2026-07-03 18:30:53,2-jours,regular,,Pass 2 Jours,DICE,99.45,104.5,1,1
2026-07-03,2026-07-03 19:19:31,2-jours,regular,"['vendredi', 'samedi']",Pass 2 Jours,Shotgun,95.0,107.37,1,1
2026-07-03,2026-07-03 19:20:44,2-jours,regular,,Pass 2 Jours,DICE,99.45,104.5,1,1
2026-07-03,2026-07-03 20:12:03,2-jours,regular,,Pass 2 Jours,DICE,99.45,104.5,1,1
2026-07-03,2026-07-03 20:22:14,samedi,regular,['samedi'],Pass Samedi,DICE,51.39,55.0,1,1
2026-07-03,2026-07-03 20:22:14,samedi,regular,['samedi'],Pass Samedi,DICE,51.39,55.0,1,1
2026-07-03,2026-07-03 20:22:14,samedi,regular,['samedi'],Pass Samedi,DICE,51.39,55.0,1,1
2026-07-03,2026-07-03 21:24:38,samedi,regular,['samedi'],Pass Samedi,DICE,51.39,55.0,1,1
2026-07-03,2026-07-03 22:38:45,vendredi,regular,['vendredi'],Pass Vendredi,DICE,51.39,55.0,1,1
2026-07-03,2026-07-03 22:38:48,vendredi,regular,['vendredi'],Pass Vendredi,DICE,51.39,55.0,1,1
2026-07-04,2026-07-04 01:18:05,vendredi,regular,['vendredi'],Pass Vendredi,DICE,51.39,55.0,1,1
2026-07-04,2026-07-04 01:18:05,vendredi,regular,['vendredi'],Pass Vendredi,DICE,51.39,55.0,1,1
2026-07-04,2026-07-04 06:51:04,vendredi,regular,['vendredi'],Pass Vendredi,Shotgun,50.0,56.51,1,1
2026-07-04,2026-07-04 07:25:40,vendredi,regular,['vendredi'],Pass Vendredi,DICE,51.39,55.0,1,1
2026-07-04,2026-07-04 07:30:44,samedi,regular,['samedi'],Pass Samedi,Shotgun,50.0,56.51,1,1
2026-07-04,2026-07-04 07:30:44,samedi,regular,['samedi'],Pass Samedi,Shotgun,50.0,56.51,1,1
2026-07-04,2026-07-04 07:40:29,vendredi,regular,['vendredi'],Pass Vendredi,DICE,51.39,55.0,1,1
2026-07-04,2026-07-04 07:40:29,vendredi,regular,['vendredi'],Pass Vendredi,DICE,51.39,55.0,1,1
2026-07-04,2026-07-04 07:40:29,vendredi,regular,['vendredi'],Pass Vendredi,DICE,51.39,55.0,1,1
2026-07-04,2026-07-04 07:40:29,vendredi,regular,['vendredi'],Pass Vendredi,DICE,51.39,55.0,1,1
2026-07-04,2026-07-04 07:40:29,vendredi,regular,['vendredi'],Pass Vendredi,DICE,51.39,55.0,1,1
2026-07-04,2026-07-04 07:40:29,vendredi,regular,['vendredi'],Pass Vendredi,DICE,51.39,55.0,1,1
2026-07-04,2026-07-04 08:03:19,vendredi,regular,['vendredi'],Pass Vendredi,DICE,51.39,55.0,1,1
2026-07-04,2026-07-04 08:03:19,vendredi,regular,['vendredi'],Pass Vendredi,DICE,51.39,55.0,1,1
2026-07-04,2026-07-04 08:44:25,samedi,regular,['samedi'],Pass Samedi,DICE,51.39,55.0,1,1
2026-07-04,2026-07-04 08:51:41,samedi,regular,['samedi'],Pass Samedi,DICE,51.39,55.0,1,1
2026-07-04,2026-07-04 08:58:53,2-jours,regular,,Pass 2 Jours,DICE,99.45,104.5,1,1
2026-07-04,2026-07-04 09:11:50,vendredi,regular,['vendredi'],Pass Vendredi,DICE,51.39,55.0,1,1
2026-07-04,2026-07-04 10:43:09,2-jours,regular,"['vendredi', 'samedi']",Pass 2 Jours,Shotgun,95.0,107.37,1,1
2026-07-04,2026-07-04 12:00:12,vendredi,regular,['vendredi'],Pass Vendredi,DICE,51.39,55.0,1,1
2026-07-04,2026-07-04 15:57:20,vendredi,regular,['vendredi'],Pass Vendredi,DICE,51.39,55.0,1,1
2026-07-04,2026-07-04 17:20:29,samedi,regular,['samedi'],Pass Samedi,Shotgun,50.0,56.51,1,1
2026-07-04,2026-07-04 17:41:10,2-jours,regular,,Pass 2 Jours,DICE,99.45,104.5,1,1
2026-07-04,2026-07-04 17:43:03,2-jours,regular,"['vendredi', 'samedi']",Pass 2 Jours,Shotgun,95.0,107.37,1,1
2026-07-04,2026-07-04 18:23:49,2-jours,regular,"['vendredi', 'samedi']",Pass 2 Jours,Shotgun,95.0,107.37,1,1
2026-07-04,2026-07-04 20:09:40,2-jours,regular,"['vendredi', 'samedi']",Pass 2 Jours,Shotgun,95.0,107.37,1,1
2026-07-04,2026-07-04 20:38:32,samedi,regular,['samedi'],Pass Samedi,DICE,51.39,55.0,1,1
2026-07-04,2026-07-04 20:38:53,vendredi,regular,['vendredi'],Pass Vendredi,DICE,51.39,55.0,1,1
2026-07-04,2026-07-04 20:38:53,vendredi,regular,['vendredi'],Pass Vendredi,DICE,51.39,55.0,1,1
2026-07-04,2026-07-04 20:40:14,samedi,regular,['samedi'],Pass Samedi,Shotgun,50.0,56.51,1,1
2026-07-04,2026-07-04 20:44:25,samedi,regular,['samedi'],Pass Samedi,Shotgun,50.0,56.51,1,1
2026-07-04,2026-07-04 21:29:56,vendredi,regular,['vendredi'],Pass Vendredi,DICE,51.39,55.0,1,1
2026-07-04,2026-07-04 21:29:56,vendredi,regular,['vendredi'],Pass Vendredi,DICE,51.39,55.0,1,1
2026-07-05,2026-07-05 00:32:09,vendredi,regular,['vendredi'],Pass Vendredi,Shotgun,50.0,56.51,1,1
2026-07-05,2026-07-05 00:34:37,vendredi,regular,['vendredi'],Pass Vendredi,Shotgun,50.0,56.51,1,1
2026-07-05,2026-07-05 07:06:55,2-jours,regular,"['vendredi', 'samedi']",Pass 2 Jours,Shotgun,95.0,107.37,1,1
2026-07-05,2026-07-05 08:03:19,vendredi,regular,['vendredi'],Pass Vendredi,DICE,51.39,55.0,1,1
2026-07-05,2026-07-05 10:21:40,vendredi,regular,['vendredi'],Pass Vendredi,Shotgun,50.0,56.51,1,1
2026-07-05,2026-07-05 10:21:40,vendredi,regular,['vendredi'],Pass Vendredi,Shotgun,50.0,56.51,1,1
2026-07-05,2026-07-05 10:22:58,vendredi,regular,['vendredi'],Pass Vendredi,Shotgun,50.0,56.51,1,1
2026-07-05,2026-07-05 10:36:44,vendredi,regular,['vendredi'],Pass Vendredi,DICE,51.39,55.0,1,1
2026-07-05,2026-07-05 10:36:44,vendredi,regular,['vendredi'],Pass Vendredi,DICE,51.39,55.0,1,1
2026-07-05,2026-07-05 11:22:36,vendredi,regular,['vendredi'],Pass Vendredi,DICE,51.39,55.0,1,1
2026-07-05,2026-07-05 11:22:36,vendredi,regular,['vendredi'],Pass Vendredi,DICE,51.39,55.0,1,1
2026-07-05,2026-07-05 11:26:29,vendredi,regular,['vendredi'],Pass Vendredi,DICE,51.39,55.0,1,1
2026-07-05,2026-07-05 11:26:29,vendredi,regular,['vendredi'],Pass Vendredi,DICE,51.39,55.0,1,1
2026-07-05,2026-07-05 11:42:59,samedi,regular,['samedi'],Pass Samedi,Shotgun,50.0,56.51,1,1
2026-07-05,2026-07-05 12:45:29,vendredi,regular,['vendredi'],Pass Vendredi,DICE,51.39,55.0,1,1
2026-07-05,2026-07-05 13:32:13,vendredi,regular,['vendredi'],Pass Vendredi,Shotgun,50.0,56.51,1,1
2026-07-05,2026-07-05 14:14:03,samedi,regular,['samedi'],Pass Samedi,Shotgun,50.0,56.51,1,1
2026-07-05,2026-07-05 18:10:24,samedi,regular,['samedi'],Pass Samedi,DICE,51.39,55.0,1,1
2026-07-05,2026-07-05 18:10:24,samedi,regular,['samedi'],Pass Samedi,DICE,51.39,55.0,1,1
2026-07-05,2026-07-05 18:13:15,samedi,regular,['samedi'],Pass Samedi,DICE,51.39,55.0,1,1
2026-07-05,2026-07-05 18:13:15,samedi,regular,['samedi'],Pass Samedi,DICE,51.39,55.0,1,1
2026-07-05,2026-07-05 18:13:15,samedi,regular,['samedi'],Pass Samedi,DICE,51.39,55.0,1,1
2026-07-05,2026-07-05 19:04:58,samedi,regular,['samedi'],Pass Samedi,DICE,51.39,55.0,1,1
2026-07-05,2026-07-05 21:12:50,vendredi,regular,['vendredi'],Pass Vendredi,Shotgun,50.0,56.51,1,1
2026-07-05,2026-07-05 21:12:50,vendredi,regular,['vendredi'],Pass Vendredi,Shotgun,50.0,56.51,1,1
2026-07-05,2026-07-05 21:14:48,samedi,regular,['samedi'],Pass Samedi,Shotgun,50.0,56.51,1,1
2026-07-05,2026-07-05 21:14:48,samedi,regular,['samedi'],Pass Samedi,Shotgun,50.0,56.51,1,1
2026-07-06,2026-07-06 08:58:20,samedi,regular,['samedi'],Pass Samedi,Shotgun,50.0,56.51,1,1
2026-07-06,2026-07-06 08:58:20,samedi,regular,['samedi'],Pass Samedi,Shotgun,50.0,56.51,1,1
2026-07-06,2026-07-06 10:36:38,vendredi,regular,['vendredi'],Pass Vendredi,DICE,51.39,55.0,1,1
2026-07-06,2026-07-06 11:07:46,samedi,regular,['samedi'],Pass Samedi,Shotgun,50.0,56.51,1,1
2026-07-06,2026-07-06 11:07:46,samedi,regular,['samedi'],Pass Samedi,Shotgun,50.0,56.51,1,1
2026-07-06,2026-07-06 11:36:38,vendredi,regular,['vendredi'],Pass Vendredi,Shotgun,50.0,56.51,1,1
2026-07-06,2026-07-06 14:52:43,samedi,regular,['samedi'],Pass Samedi,DICE,51.39,55.0,1,1
2026-07-06,2026-07-06 14:52:43,samedi,regular,['samedi'],Pass Samedi,DICE,51.39,55.0,1,1
2026-07-06,2026-07-06 14:52:43,samedi,regular,['samedi'],Pass Samedi,DICE,51.39,55.0,1,1
2026-07-06,2026-07-06 15:07:33,vendredi,regular,['vendredi'],Pass Vendredi,Shotgun,50.0,56.51,1,1
2026-07-06,2026-07-06 15:07:33,samedi,regular,['samedi'],Pass Samedi,Shotgun,50.0,56.51,1,1
2026-07-06,2026-07-06 15:28:19,vendredi,regular,['vendredi'],Pass Vendredi,DICE,51.39,55.0,1,1
2026-07-06,2026-07-06 16:40:09,2-jours,regular,"['vendredi', 'samedi']",Pass 2 Jours,Shotgun,95.0,107.37,1,1
2026-07-06,2026-07-06 17:23:00,vendredi,regular,['vendredi'],Pass Vendredi,Shotgun,50.0,56.51,1,1
2026-07-06,2026-07-06 18:18:55,vendredi,regular,['vendredi'],Pass Vendredi,DICE,51.39,55.0,1,1
2026-07-06,2026-07-06 19:02:19,samedi,regular,['samedi'],Pass Samedi,Shotgun,50.0,56.51,1,1
2026-07-06,2026-07-06 19:32:22,2-jours,regular,"['vendredi', 'samedi']",Pass 2 Jours,Shotgun,95.0,107.37,1,1
2026-07-06,2026-07-06 20:17:36,samedi,regular,['samedi'],Pass Samedi,DICE,51.39,55.0,1,1
2026-07-06,2026-07-06 20:45:59,2-jours,regular,,Pass 2 Jours,DICE,99.45,104.5,1,1
2026-07-06,2026-07-06 20:46:03,2-jours,regular,,Pass 2 Jours,DICE,99.45,104.5,1,1
2026-07-06,2026-07-06 21:51:29,2-jours,regular,"['vendredi', 'samedi']",Pass 2 Jours,Shotgun,95.0,107.37,1,1
2026-07-06,2026-07-06 22:00:58,vendredi,regular,['vendredi'],Pass Vendredi,Shotgun,50.0,56.51,1,1
2026-07-07,2026-07-07 03:38:06,vendredi,regular,['vendredi'],Pass Vendredi,Shotgun,50.0,56.51,1,1
2026-07-07,2026-07-07 08:45:36,vendredi,regular,['vendredi'],Pass Vendredi,Shotgun,50.0,56.51,1,1
2026-07-07,2026-07-07 08:57:26,samedi,regular,['samedi'],Pass Samedi,DICE,51.39,55.0,1,1
2026-07-07,2026-07-07 08:58:57,samedi,regular,['samedi'],Pass Samedi,DICE,51.39,55.0,1,1
2026-07-07,2026-07-07 09:35:46,vendredi,regular,['vendredi'],Pass Vendredi,Shotgun,50.0,56.51,1,1
2026-07-07,2026-07-07 10:55:59,vendredi,regular,['vendredi'],Pass Vendredi,DICE,51.39,55.0,1,1
2026-07-07,2026-07-07 10:55:59,vendredi,regular,['vendredi'],Pass Vendredi,DICE,51.39,55.0,1,1
2026-07-07,2026-07-07 10:59:32,2-jours,regular,"['vendredi', 'samedi']",Pass 2 Jours,Shotgun,95.0,107.37,1,1
2026-07-07,2026-07-07 12:18:43,2-jours,regular,"['vendredi', 'samedi']",Pass 2 Jours,Shotgun,95.0,107.37,1,1
2026-07-07,2026-07-07 12:53:51,samedi,regular,['samedi'],Pass Samedi,DICE,51.39,55.0,1,1
2026-07-07,2026-07-07 12:53:51,samedi,regular,['samedi'],Pass Samedi,DICE,51.39,55.0,1,1
2026-07-07,2026-07-07 12:59:47,samedi,regular,['samedi'],Pass Samedi,DICE,51.39,55.0,1,1
2026-07-07,2026-07-07 12:59:47,samedi,regular,['samedi'],Pass Samedi,DICE,51.39,55.0,1,1
2026-07-07,2026-07-07 12:59:47,samedi,regular,['samedi'],Pass Samedi,DICE,51.39,55.0,1,1
2026-07-07,2026-07-07 12:59:47,samedi,regular,['samedi'],Pass Samedi,DICE,51.39,55.0,1,1
2026-07-07,2026-07-07 13:47:40,samedi,regular,['samedi'],Pass Samedi,DICE,51.39,55.0,1,1
2026-07-07,2026-07-07 14:10:42,vendredi,regular,['vendredi'],Pass Vendredi,Shotgun,50.0,56.51,1,1
2026-07-07,2026-07-07 14:10:42,vendredi,regular,['vendredi'],Pass Vendredi,Shotgun,50.0,56.51,1,1
2026-07-07,2026-07-07 16:44:02,vendredi,regular,['vendredi'],Pass Vendredi,Shotgun,50.0,56.51,1,1
2026-07-07,2026-07-07 16:44:02,vendredi,regular,['vendredi'],Pass Vendredi,Shotgun,50.0,56.51,1,1
2026-07-07,2026-07-07 17:10:05,samedi,regular,['samedi'],Pass Samedi,Shotgun,50.0,56.51,1,1
2026-07-07,2026-07-07 17:12:58,samedi,regular,['samedi'],Pass Samedi,DICE,51.39,55.0,1,1
2026-07-07,2026-07-07 18:26:23,samedi,regular,['samedi'],Pass Samedi,Shotgun,50.0,56.51,1,1
2026-07-07,2026-07-07 18:26:23,samedi,regular,['samedi'],Pass Samedi,Shotgun,50.0,56.51,1,1
2026-07-07,2026-07-07 18:26:23,samedi,regular,['samedi'],Pass Samedi,Shotgun,50.0,56.51,1,1
2026-07-07,2026-07-07 18:26:23,samedi,regular,['samedi'],Pass Samedi,Shotgun,50.0,56.51,1,1
2026-07-07,2026-07-07 18:26:23,samedi,regular,['samedi'],Pass Samedi,Shotgun,50.0,56.51,1,1
2026-07-07,2026-07-07 18:26:23,samedi,regular,['samedi'],Pass Samedi,Shotgun,50.0,56.51,1,1
2026-07-07,2026-07-07 18:26:23,samedi,regular,['samedi'],Pass Samedi,Shotgun,50.0,56.51,1,1
2026-07-07,2026-07-07 18:26:23,samedi,regular,['samedi'],Pass Samedi,Shotgun,50.0,56.51,1,1
2026-07-07,2026-07-07 18:26:23,samedi,regular,['samedi'],Pass Samedi,Shotgun,50.0,56.51,1,1
2026-07-07,2026-07-07 18:37:57,samedi,regular,['samedi'],Pass Samedi,DICE,51.39,55.0,1,1
2026-07-07,2026-07-07 18:52:57,samedi,regular,['samedi'],Pass Samedi,DICE,51.39,55.0,1,1
2026-07-07,2026-07-07 18:52:57,samedi,regular,['samedi'],Pass Samedi,DICE,51.39,55.0,1,1
2026-07-07,2026-07-07 18:52:57,samedi,regular,['samedi'],Pass Samedi,DICE,51.39,55.0,1,1
2026-07-07,2026-07-07 18:52:57,samedi,regular,['samedi'],Pass Samedi,DICE,51.39,55.0,1,1
2026-07-07,2026-07-07 19:35:04,2-jours,regular,,Pass 2 Jours,DICE,99.45,104.5,1,1
2026-07-07,2026-07-07 19:37:59,2-jours,regular,"['vendredi', 'samedi']",Pass 2 Jours,Shotgun,95.0,107.37,1,1
2026-07-07,2026-07-07 19:37:59,2-jours,regular,"['vendredi', 'samedi']",Pass 2 Jours,Shotgun,95.0,107.37,1,1
2026-07-07,2026-07-07 20:01:27,samedi,regular,['samedi'],Pass Samedi,Shotgun,50.0,56.51,1,1
2026-07-07,2026-07-07 20:37:44,vendredi,regular,['vendredi'],Pass Vendredi,Shotgun,50.0,56.51,1,1
2026-07-07,2026-07-07 21:43:20,2-jours,regular,"['vendredi', 'samedi']",Pass 2 Jours,Shotgun,95.0,107.37,1,1
2026-07-08,2026-07-08 05:07:36,2-jours,regular,"['vendredi', 'samedi']",Pass 2 Jours,Shotgun,95.0,107.37,1,1
2026-07-08,2026-07-08 09:04:53,vendredi,regular,['vendredi'],Pass Vendredi,DICE,51.39,55.0,1,1
2026-07-08,2026-07-08 11:36:44,samedi,regular,['samedi'],Pass Samedi,DICE,51.39,55.0,1,1
2026-07-08,2026-07-08 12:40:07,samedi,regular,['samedi'],Pass Samedi,DICE,51.39,55.0,1,1
2026-07-08,2026-07-08 12:40:07,samedi,regular,['samedi'],Pass Samedi,DICE,51.39,55.0,1,1
2026-07-08,2026-07-08 18:04:17,vendredi,regular,['vendredi'],Pass Vendredi,DICE,51.39,55.0,1,1
2026-07-08,2026-07-08 18:18:38,vendredi,regular,['vendredi'],Pass Vendredi,DICE,51.39,55.0,1,1
2026-07-08,2026-07-08 18:37:11,samedi,regular,['samedi'],Pass Samedi,DICE,51.39,55.0,1,1
2026-07-08,2026-07-08 18:37:11,samedi,regular,['samedi'],Pass Samedi,DICE,51.39,55.0,1,1
2026-07-08,2026-07-08 19:27:33,2-jours,regular,"['vendredi', 'samedi']",Pass 2 Jours,Shotgun,95.0,107.37,1,1
2026-07-08,2026-07-08 19:28:56,2-jours,regular,,Pass 2 Jours,DICE,99.45,104.5,1,1
2026-07-08,2026-07-08 20:25:42,2-jours,regular,,Pass 2 Jours,DICE,99.45,104.5,1,1
2026-07-08,2026-07-08 20:32:07,2-jours,regular,"['vendredi', 'samedi']",Pass 2 Jours,Shotgun,95.0,107.37,1,1
2026-07-08,2026-07-08 22:05:24,vendredi,regular,['vendredi'],Pass Vendredi,Shotgun,50.0,56.51,1,1
2026-07-08,2026-07-08 22:05:24,vendredi,regular,['vendredi'],Pass Vendredi,Shotgun,50.0,56.51,1,1
2026-07-09,2026-07-09 06:29:50,vendredi,regular,['vendredi'],Pass Vendredi,Shotgun,50.0,56.51,1,1
2026-07-09,2026-07-09 12:34:24,2-jours,regular,,Pass 2 Jours,DICE,99.45,104.5,1,1
2026-07-09,2026-07-09 13:24:21,vendredi,regular,['vendredi'],Pass Vendredi,DICE,51.39,55.0,1,1
2026-07-09,2026-07-09 13:24:21,vendredi,regular,['vendredi'],Pass Vendredi,DICE,51.39,55.0,1,1
2026-07-09,2026-07-09 15:07:51,2-jours,regular,"['vendredi', 'samedi']",Pass 2 Jours,Shotgun,95.0,107.37,1,1
2026-07-09,2026-07-09 16:37:04,vendredi,regular,['vendredi'],Pass Vendredi,DICE,51.39,55.0,1,1
2026-07-09,2026-07-09 16:53:56,2-jours,regular,,Pass 2 Jours,DICE,99.45,104.5,1,1
2026-07-09,2026-07-09 17:04:25,samedi,regular,['samedi'],Pass Samedi,DICE,51.39,55.0,1,1
2026-07-09,2026-07-09 17:13:47,samedi,regular,['samedi'],Pass Samedi,Shotgun,50.0,56.51,1,1
2026-07-09,2026-07-09 17:42:52,2-jours,regular,,Pass 2 Jours,DICE,99.45,104.5,1,1
2026-07-09,2026-07-09 19:03:51,vendredi,regular,['vendredi'],Pass Vendredi,Shotgun,50.0,56.51,1,1
2026-07-09,2026-07-09 19:03:51,vendredi,regular,['vendredi'],Pass Vendredi,Shotgun,50.0,56.51,1,1
2026-07-09,2026-07-09 19:51:51,vendredi,regular,['vendredi'],Pass Vendredi,DICE,51.39,55.0,1,1
2026-07-09,2026-07-09 19:51:51,vendredi,regular,['vendredi'],Pass Vendredi,DICE,51.39,55.0,1,1
2026-07-09,2026-07-09 21:12:30,samedi,regular,['samedi'],Pass Samedi,Shotgun,50.0,56.51,1,1
2026-07-09,2026-07-09 21:55:08,samedi,regular,['samedi'],Pass Samedi,Shotgun,54.09,61.14,1,1
2026-07-09,2026-07-09 21:55:08,samedi,regular,['samedi'],Pass Samedi,Shotgun,54.09,61.14,1,1
2026-07-09,2026-07-09 21:59:44,samedi,regular,['samedi'],Pass Samedi,Shotgun,54.09,61.14,1,1
2026-07-09,2026-07-09 22:52:26,samedi,regular,['samedi'],Pass Samedi,Shotgun,50.0,56.51,1,1
2026-07-09,2026-07-09 22:52:26,samedi,regular,['samedi'],Pass Samedi,Shotgun,50.0,56.51,1,1
2026-07-09,2026-07-09 22:52:26,samedi,regular,['samedi'],Pass Samedi,Shotgun,50.0,56.51,1,1
2026-07-10,2026-07-10 09:13:32,samedi,regular,['samedi'],Pass Samedi,DICE,51.39,55.0,1,1
2026-07-10,2026-07-10 09:13:32,samedi,regular,['samedi'],Pass Samedi,DICE,51.39,55.0,1,1
2026-07-10,2026-07-10 10:46:03,2-jours,regular,,Pass 2 Jours,DICE,99.45,104.5,1,1
2026-07-10,2026-07-10 11:41:35,vendredi,regular,['vendredi'],Pass Vendredi,Shotgun,50.0,56.51,1,1
2026-07-10,2026-07-10 11:50:07,2-jours,regular,"['vendredi', 'samedi']",Pass 2 Jours,Shotgun,95.0,107.37,1,1
2026-07-10,2026-07-10 11:50:33,2-jours,regular,,Pass 2 Jours,DICE,99.45,104.5,1,1
2026-07-10,2026-07-10 12:06:35,2-jours,regular,"['vendredi', 'samedi']",Pass 2 Jours,Shotgun,95.0,107.37,1,1
2026-07-10,2026-07-10 13:23:05,vendredi,regular,['vendredi'],Pass Vendredi,Shotgun,50.0,56.51,1,1
2026-07-10,2026-07-10 14:49:56,samedi,regular,['samedi'],Pass Samedi,DICE,51.39,55.0,1,1
2026-07-10,2026-07-10 15:11:56,2-jours,regular,,Pass 2 Jours,DICE,99.45,104.5,1,1
2026-07-10,2026-07-10 15:21:17,vendredi,regular,['vendredi'],Pass Vendredi,DICE,51.39,55.0,1,1
2026-07-10,2026-07-10 16:15:34,samedi,regular,['samedi'],Pass Samedi,Shotgun,50.0,56.51,1,1
2026-07-10,2026-07-10 16:44:08,2-jours,regular,"['vendredi', 'samedi']",Pass 2 Jours,Shotgun,95.0,107.37,1,1
2026-07-10,2026-07-10 17:09:32,vendredi,regular,['vendredi'],Pass Vendredi,DICE,51.39,55.0,1,1
2026-07-10,2026-07-10 17:27:39,vendredi,regular,['vendredi'],Pass Vendredi,Shotgun,50.0,56.51,1,1
2026-07-10,2026-07-10 18:15:01,samedi,regular,['samedi'],Pass Samedi,Shotgun,50.0,56.51,1,1
2026-07-10,2026-07-10 18:15:01,samedi,regular,['samedi'],Pass Samedi,Shotgun,50.0,56.51,1,1
2026-07-10,2026-07-10 19:02:21,vendredi,regular,['vendredi'],Pass Vendredi,Shotgun,50.0,56.51,1,1
2026-07-10,2026-07-10 19:02:21,vendredi,regular,['vendredi'],Pass Vendredi,Shotgun,50.0,56.51,1,1
2026-07-10,2026-07-10 19:18:57,samedi,regular,['samedi'],Pass Samedi,DICE,51.39,55.0,1,1
2026-07-10,2026-07-10 19:18:57,samedi,regular,['samedi'],Pass Samedi,DICE,51.39,55.0,1,1
2026-07-10,2026-07-10 21:08:20,vendredi,regular,['vendredi'],Pass Vendredi,Shotgun,50.0,56.51,1,1
2026-07-10,2026-07-10 21:11:47,vendredi,regular,['vendredi'],Pass Vendredi,DICE,51.39,55.0,1,1
2026-07-11,2026-07-11 00:24:37,2-jours,regular,"['vendredi', 'samedi']",Pass 2 Jours,Shotgun,95.0,107.37,1,1
2026-07-11,2026-07-11 08:25:37,2-jours,regular,"['vendredi', 'samedi']",Pass 2 Jours,Shotgun,95.0,107.37,1,1
2026-07-11,2026-07-11 08:25:37,2-jours,regular,"['vendredi', 'samedi']",Pass 2 Jours,Shotgun,95.0,107.37,1,1
2026-07-11,2026-07-11 08:25:37,2-jours,regular,"['vendredi', 'samedi']",Pass 2 Jours,Shotgun,95.0,107.37,1,1
2026-07-11,2026-07-11 08:40:40,2-jours,regular,,Pass 2 Jours,DICE,99.45,104.5,1,1
2026-07-11,2026-07-11 09:37:27,vendredi,regular,['vendredi'],Pass Vendredi,DICE,51.39,55.0,1,1
2026-07-11,2026-07-11 10:00:04,samedi,regular,['samedi'],Pass Samedi,Shotgun,50.0,56.51,1,1
2026-07-11,2026-07-11 10:00:04,samedi,regular,['samedi'],Pass Samedi,Shotgun,54.09,61.14,1,1
2026-07-11,2026-07-11 11:18:27,vendredi,regular,['vendredi'],Pass Vendredi,DICE,51.39,55.0,1,1
2026-07-11,2026-07-11 11:28:39,vendredi,regular,['vendredi'],Pass Vendredi,Shotgun,50.0,56.51,1,1
2026-07-11,2026-07-11 11:28:39,vendredi,regular,['vendredi'],Pass Vendredi,Shotgun,50.0,56.51,1,1
2026-07-11,2026-07-11 14:08:29,samedi,regular,['samedi'],Pass Samedi,DICE,51.39,55.0,1,1
2026-07-11,2026-07-11 14:08:29,samedi,regular,['samedi'],Pass Samedi,DICE,51.39,55.0,1,1
2026-07-11,2026-07-11 14:32:47,samedi,regular,['samedi'],Pass Samedi,Shotgun,50.0,56.51,1,1
2026-07-11,2026-07-11 15:31:57,vendredi,regular,['vendredi'],Pass Vendredi,Shotgun,50.0,56.51,1,1
2026-07-11,2026-07-11 15:55:28,2-jours,regular,,Pass 2 Jours,DICE,99.45,104.5,1,1
2026-07-11,2026-07-11 16:14:33,vendredi,regular,['vendredi'],Pass Vendredi,DICE,51.39,55.0,1,1
2026-07-11,2026-07-11 16:14:33,vendredi,regular,['vendredi'],Pass Vendredi,DICE,51.39,55.0,1,1
2026-07-11,2026-07-11 16:47:27,vendredi,regular,['vendredi'],Pass Vendredi,Shotgun,50.0,56.51,1,1
2026-07-11,2026-07-11 16:47:27,vendredi,regular,['vendredi'],Pass Vendredi,Shotgun,50.0,56.51,1,1
2026-07-11,2026-07-11 19:32:57,samedi,regular,['samedi'],Pass Samedi,DICE,51.39,55.0,1,1
2026-07-11,2026-07-11 19:32:57,samedi,regular,['samedi'],Pass Samedi,DICE,51.39,55.0,1,1
2026-07-11,2026-07-11 19:52:38,samedi,regular,['samedi'],Pass Samedi,DICE,51.39,55.0,1,1
2026-07-11,2026-07-11 21:19:09,vendredi,regular,['vendredi'],Pass Vendredi,DICE,51.39,55.0,1,1
2026-07-11,2026-07-11 21:19:09,vendredi,regular,['vendredi'],Pass Vendredi,DICE,51.39,55.0,1,1
2026-07-11,2026-07-11 21:19:09,vendredi,regular,['vendredi'],Pass Vendredi,DICE,51.39,55.0,1,1
2026-07-11,2026-07-11 21:45:26,vendredi,regular,['vendredi'],Pass Vendredi,Shotgun,50.0,56.51,1,1
2026-07-11,2026-07-11 22:39:12,vendredi,regular,['vendredi'],Pass Vendredi,Shotgun,50.0,56.51,1,1
2026-07-11,2026-07-11 22:39:22,vendredi,regular,['vendredi'],Pass Vendredi,Shotgun,50.0,56.51,1,1
2026-07-11,2026-07-11 23:21:23,2-jours,regular,,Pass 2 Jours,DICE,99.45,104.5,1,1
2026-07-12,2026-07-12 10:52:41,2-jours,regular,"['vendredi', 'samedi']",Pass 2 Jours,Shotgun,95.0,107.37,1,1
2026-07-12,2026-07-12 12:35:17,vendredi,regular,['vendredi'],Pass Vendredi,Shotgun,50.0,56.51,1,1
2026-07-12,2026-07-12 12:35:17,vendredi,regular,['vendredi'],Pass Vendredi,Shotgun,50.0,56.51,1,1
2026-07-12,2026-07-12 15:24:38,2-jours,regular,"['vendredi', 'samedi']",Pass 2 Jours,Shotgun,95.0,107.37,1,1
2026-07-12,2026-07-12 15:28:14,2-jours,regular,,Pass 2 Jours,DICE,99.45,104.5,1,1
2026-07-12,2026-07-12 15:35:55,2-jours,regular,,Pass 2 Jours,DICE,99.45,104.5,1,1
2026-07-12,2026-07-12 16:02:11,2-jours,regular,"['vendredi', 'samedi']",Pass 2 Jours,Shotgun,95.0,107.37,1,1
2026-07-12,2026-07-12 16:49:31,2-jours,regular,"['vendredi', 'samedi']",Pass 2 Jours,Shotgun,95.0,107.37,1,1
2026-07-12,2026-07-12 16:59:10,vendredi,regular,['vendredi'],Pass Vendredi,Shotgun,50.0,56.51,1,1
2026-07-12,2026-07-12 16:59:21,vendredi,regular,['vendredi'],Pass Vendredi,DICE,51.39,55.0,1,1
2026-07-12,2026-07-12 16:59:21,vendredi,regular,['vendredi'],Pass Vendredi,DICE,51.39,55.0,1,1
2026-07-12,2026-07-12 16:59:21,vendredi,regular,['vendredi'],Pass Vendredi,DICE,51.39,55.0,1,1
2026-07-12,2026-07-12 17:54:38,2-jours,regular,"['vendredi', 'samedi']",Pass 2 Jours,Shotgun,95.0,107.37,1,1
2026-07-12,2026-07-12 19:10:40,vendredi,regular,['vendredi'],Pass Vendredi,DICE,51.39,55.0,1,1
2026-07-12,2026-07-12 19:10:40,vendredi,regular,['vendredi'],Pass Vendredi,DICE,51.39,55.0,1,1
2026-07-12,2026-07-12 19:35:52,vendredi,regular,['vendredi'],Pass Vendredi,DICE,51.39,55.0,1,1
2026-07-12,2026-07-12 19:35:52,vendredi,regular,['vendredi'],Pass Vendredi,DICE,51.39,55.0,1,1
2026-07-12,2026-07-12 20:00:27,samedi,regular,['samedi'],Pass Samedi,Shotgun,50.0,56.51,1,1
2026-07-12,2026-07-12 20:39:12,samedi,regular,['samedi'],Pass Samedi,Shotgun,50.0,56.51,1,1
2026-07-12,2026-07-12 20:42:50,samedi,regular,['samedi'],Pass Samedi,Shotgun,50.0,56.51,1,1
2026-07-12,2026-07-12 21:28:49,2-jours,regular,,Pass 2 Jours,DICE,99.45,104.5,1,1
2026-07-12,2026-07-12 21:44:44,vendredi,regular,['vendredi'],Pass Vendredi,DICE,51.39,55.0,1,1
2026-07-12,2026-07-12 21:44:44,vendredi,regular,['vendredi'],Pass Vendredi,DICE,51.39,55.0,1,1
2026-07-12,2026-07-12 22:42:52,2-jours,regular,"['vendredi', 'samedi']",Pass 2 Jours,Shotgun,95.0,107.37,1,1
2026-07-13,2026-07-13 11:34:01,vendredi,regular,['vendredi'],Pass Vendredi,Shotgun,50.0,56.51,1,1
2026-07-13,2026-07-13 12:26:48,2-jours,regular,"['vendredi', 'samedi']",Pass 2 Jours,Shotgun,95.0,107.37,1,1
2026-07-13,2026-07-13 12:26:48,2-jours,regular,"['vendredi', 'samedi']",Pass 2 Jours,Shotgun,95.0,107.37,1,1
2026-07-13,2026-07-13 12:38:43,vendredi,regular,['vendredi'],Pass Vendredi,Shotgun,50.0,56.51,1,1
2026-07-13,2026-07-13 15:48:32,samedi,regular,['samedi'],Pass Samedi,DICE,51.39,55.0,1,1
2026-07-13,2026-07-13 16:12:42,2-jours,regular,"['vendredi', 'samedi']",Pass 2 Jours,Shotgun,95.0,107.37,1,1
2026-07-13,2026-07-13 16:18:36,vendredi,regular,['vendredi'],Pass Vendredi,DICE,51.39,55.0,1,1
2026-07-13,2026-07-13 17:04:44,vendredi,regular,['vendredi'],Pass Vendredi,DICE,51.39,55.0,1,1
2026-07-13,2026-07-13 17:43:52,2-jours,regular,"['vendredi', 'samedi']",Pass 2 Jours,Shotgun,95.0,107.37,1,1
2026-07-13,2026-07-13 17:56:31,samedi,regular,['samedi'],Pass Samedi,Shotgun,50.0,56.51,1,1
2026-07-13,2026-07-13 18:04:53,2-jours,regular,,Pass 2 Jours,DICE,88.77,93.5,1,1
2026-07-13,2026-07-13 18:04:53,2-jours,regular,,Pass 2 Jours,DICE,99.45,104.5,1,1
2026-07-13,2026-07-13 18:24:02,2-jours,regular,"['vendredi', 'samedi']",Pass 2 Jours,Shotgun,95.0,107.37,1,1
2026-07-13,2026-07-13 18:39:57,vendredi,regular,['vendredi'],Pass Vendredi,DICE,51.39,55.0,1,1
2026-07-13,2026-07-13 18:39:57,vendredi,regular,['vendredi'],Pass Vendredi,DICE,51.39,55.0,1,1
2026-07-13,2026-07-13 19:02:28,2-jours,regular,,Pass 2 Jours,DICE,99.45,104.5,1,1
2026-07-13,2026-07-13 19:02:28,2-jours,regular,,Pass 2 Jours,DICE,99.45,104.5,1,1
2026-07-13,2026-07-13 19:44:05,samedi,regular,['samedi'],Pass Samedi,Shotgun,50.0,56.51,1,1
2026-07-13,2026-07-13 19:44:05,samedi,regular,['samedi'],Pass Samedi,Shotgun,50.0,56.51,1,1
2026-07-13,2026-07-13 19:44:05,samedi,regular,['samedi'],Pass Samedi,Shotgun,50.0,56.51,1,1
2026-07-13,2026-07-13 19:44:05,samedi,regular,['samedi'],Pass Samedi,Shotgun,50.0,56.51,1,1
2026-07-13,2026-07-13 19:56:06,2-jours,regular,,Pass 2 Jours,DICE,99.45,104.5,1,1
2026-07-13,2026-07-13 20:01:36,vendredi,regular,['vendredi'],Pass Vendredi,DICE,51.39,55.0,1,1
2026-07-13,2026-07-13 20:01:36,vendredi,regular,['vendredi'],Pass Vendredi,DICE,51.39,55.0,1,1
2026-07-13,2026-07-13 20:31:52,samedi,regular,['samedi'],Pass Samedi,DICE,51.39,55.0,1,1
2026-07-13,2026-07-13 20:31:52,samedi,regular,['samedi'],Pass Samedi,DICE,51.39,55.0,1,1
2026-07-13,2026-07-13 21:12:15,vendredi,regular,['vendredi'],Pass Vendredi,DICE,51.39,55.0,1,1
2026-07-13,2026-07-13 21:12:15,vendredi,regular,['vendredi'],Pass Vendredi,DICE,51.39,55.0,1,1
2026-07-13,2026-07-13 21:25:54,samedi,regular,['samedi'],Pass Samedi,Shotgun,50.0,56.51,1,1
2026-07-13,2026-07-13 21:25:54,samedi,regular,['samedi'],Pass Samedi,Shotgun,50.0,56.51,1,1
2026-07-13,2026-07-13 21:49:10,vendredi,regular,['vendredi'],Pass Vendredi,Shotgun,50.0,56.51,1,1
2026-07-14,2026-07-14 06:23:57,samedi,regular,['samedi'],Pass Samedi,DICE,51.39,55.0,1,1
2026-07-14,2026-07-14 06:23:57,samedi,regular,['samedi'],Pass Samedi,DICE,51.39,55.0,1,1
2026-07-14,2026-07-14 08:56:14,vendredi,regular,['vendredi'],Pass Vendredi,DICE,51.39,55.0,1,1
2026-07-14,2026-07-14 12:33:33,2-jours,regular,,Pass 2 Jours,DICE,99.45,104.5,1,1
2026-07-14,2026-07-14 13:32:45,vendredi,regular,['vendredi'],Pass Vendredi,DICE,51.39,55.0,1,1
2026-07-14,2026-07-14 14:53:38,vendredi,regular,['vendredi'],Pass Vendredi,DICE,51.39,55.0,1,1
2026-07-14,2026-07-14 15:30:21,samedi,regular,['samedi'],Pass Samedi,DICE,51.39,55.0,1,1
2026-07-14,2026-07-14 16:30:51,samedi,regular,['samedi'],Pass Samedi,Shotgun,50.0,56.51,1,1
2026-07-14,2026-07-14 16:42:12,samedi,regular,['samedi'],Pass Samedi,Shotgun,50.0,56.51,1,1
2026-07-14,2026-07-14 16:43:54,2-jours,regular,"['vendredi', 'samedi']",Pass 2 Jours,Shotgun,95.0,107.37,1,1
2026-07-14,2026-07-14 16:49:42,vendredi,regular,['vendredi'],Pass Vendredi,Shotgun,50.0,56.51,1,1
2026-07-14,2026-07-14 16:49:55,vendredi,regular,['vendredi'],Pass Vendredi,Shotgun,50.0,56.51,1,1
2026-07-14,2026-07-14 16:50:52,vendredi,regular,['vendredi'],Pass Vendredi,Shotgun,50.0,56.51,1,1
2026-07-14,2026-07-14 17:32:35,vendredi,regular,['vendredi'],Pass Vendredi,Shotgun,50.0,56.51,1,1
2026-07-14,2026-07-14 18:29:18,samedi,regular,['samedi'],Pass Samedi,DICE,51.39,55.0,1,1
2026-07-14,2026-07-14 18:29:18,samedi,regular,['samedi'],Pass Samedi,DICE,51.39,55.0,1,1
2026-07-14,2026-07-14 18:41:24,samedi,regular,['samedi'],Pass Samedi,DICE,51.39,55.0,1,1
2026-07-14,2026-07-14 18:41:53,2-jours,regular,"['vendredi', 'samedi']",Pass 2 Jours,Shotgun,95.0,107.37,1,1
2026-07-14,2026-07-14 18:41:53,2-jours,regular,"['vendredi', 'samedi']",Pass 2 Jours,Shotgun,95.0,107.37,1,1
2026-07-14,2026-07-14 19:06:12,vendredi,regular,['vendredi'],Pass Vendredi,DICE,51.39,55.0,1,1
2026-07-14,2026-07-14 19:40:49,samedi,regular,['samedi'],Pass Samedi,DICE,51.39,55.0,1,1
2026-07-14,2026-07-14 19:50:04,samedi,regular,['samedi'],Pass Samedi,DICE,51.39,55.0,1,1
2026-07-14,2026-07-14 19:50:04,samedi,regular,['samedi'],Pass Samedi,DICE,51.39,55.0,1,1
2026-07-14,2026-07-14 19:50:04,samedi,regular,['samedi'],Pass Samedi,DICE,51.39,55.0,1,1
2026-07-14,2026-07-14 19:52:50,2-jours,regular,"['vendredi', 'samedi']",Pass 2 Jours,Shotgun,95.0,107.37,1,1
2026-07-14,2026-07-14 20:45:12,vendredi,regular,['vendredi'],Pass Vendredi,DICE,51.39,55.0,1,1
2026-07-14,2026-07-14 20:45:12,vendredi,regular,['vendredi'],Pass Vendredi,DICE,51.39,55.0,1,1
2026-07-15,2026-07-15 04:12:36,2-jours,regular,"['vendredi', 'samedi']",Pass 2 Jours,Shotgun,95.0,107.37,1,1
2026-07-15,2026-07-15 04:12:36,2-jours,regular,"['vendredi', 'samedi']",Pass 2 Jours,Shotgun,95.0,107.37,1,1
2026-07-15,2026-07-15 10:04:31,2-jours,regular,,Pass 2 Jours,DICE,99.45,104.5,1,1
2026-07-15,2026-07-15 10:16:35,vendredi,regular,['vendredi'],Pass Vendredi,DICE,51.39,55.0,1,1
2026-07-15,2026-07-15 10:16:35,vendredi,regular,['vendredi'],Pass Vendredi,DICE,51.39,55.0,1,1
2026-07-15,2026-07-15 10:45:14,2-jours,regular,,Pass 2 Jours,DICE,99.45,104.5,1,1
2026-07-15,2026-07-15 11:30:59,vendredi,regular,['vendredi'],Pass Vendredi,DICE,51.39,55.0,1,1
2026-07-15,2026-07-15 11:30:59,vendredi,regular,['vendredi'],Pass Vendredi,DICE,51.39,55.0,1,1
2026-07-15,2026-07-15 15:32:51,vendredi,regular,['vendredi'],Pass Vendredi,Shotgun,50.0,56.51,1,1
2026-07-15,2026-07-15 17:07:20,samedi,regular,['samedi'],Pass Samedi,Shotgun,50.0,56.51,1,1
2026-07-15,2026-07-15 18:32:01,samedi,regular,['samedi'],Pass Samedi,DICE,51.39,55.0,1,1
2026-07-15,2026-07-15 18:32:01,samedi,regular,['samedi'],Pass Samedi,DICE,51.39,55.0,1,1
2026-07-15,2026-07-15 19:07:05,2-jours,regular,,Pass 2 Jours,DICE,99.45,104.5,1,1
2026-07-15,2026-07-15 19:32:29,vendredi,regular,['vendredi'],Pass Vendredi,Shotgun,50.0,56.51,1,1
2026-07-15,2026-07-15 19:59:19,2-jours,regular,,Pass 2 Jours,DICE,99.45,104.5,1,1
2026-07-15,2026-07-15 20:22:56,2-jours,regular,"['vendredi', 'samedi']",Pass 2 Jours,Shotgun,95.0,107.37,1,1
2026-07-15,2026-07-15 20:38:59,samedi,regular,['samedi'],Pass Samedi,DICE,51.39,55.0,1,1
2026-07-15,2026-07-15 21:25:43,2-jours,regular,,Pass 2 Jours,DICE,99.45,104.5,1,1
2026-07-16,2026-07-16 05:27:38,2-jours,regular,,Pass 2 Jours,DICE,99.45,104.5,1,1
2026-07-16,2026-07-16 10:27:07,2-jours,regular,,Pass 2 Jours,DICE,99.45,104.5,1,1
2026-07-16,2026-07-16 10:41:24,samedi,regular,['samedi'],Pass Samedi,Shotgun,50.0,56.51,1,1
2026-07-16,2026-07-16 10:41:24,samedi,regular,['samedi'],Pass Samedi,Shotgun,50.0,56.51,1,1
2026-07-16,2026-07-16 11:00:11,vendredi,regular,['vendredi'],Pass Vendredi,Shotgun,50.0,56.51,1,1
2026-07-16,2026-07-16 11:00:11,vendredi,regular,['vendredi'],Pass Vendredi,Shotgun,50.0,56.51,1,1
2026-07-16,2026-07-16 12:12:53,2-jours,regular,,Pass 2 Jours,DICE,99.45,104.5,1,1
2026-07-16,2026-07-16 12:18:02,2-jours,regular,,Pass 2 Jours,DICE,99.45,104.5,1,1
2026-07-16,2026-07-16 16:13:37,2-jours,regular,"['vendredi', 'samedi']",Pass 2 Jours,Shotgun,95.0,107.37,1,1
2026-07-16,2026-07-16 16:17:05,2-jours,regular,,Pass 2 Jours,DICE,99.45,104.5,1,1
2026-07-16,2026-07-16 16:17:05,2-jours,regular,,Pass 2 Jours,DICE,99.45,104.5,1,1
2026-07-16,2026-07-16 17:40:19,vendredi,regular,['vendredi'],Pass Vendredi,DICE,51.39,55.0,1,1
2026-07-16,2026-07-16 18:31:24,2-jours,regular,"['vendredi', 'samedi']",Pass 2 Jours,Shotgun,95.0,107.37,1,1
2026-07-16,2026-07-16 18:51:09,2-jours,regular,,Pass 2 Jours,DICE,99.45,104.5,1,1
2026-07-16,2026-07-16 18:51:09,2-jours,regular,,Pass 2 Jours,DICE,99.45,104.5,1,1
2026-07-16,2026-07-16 18:52:50,2-jours,regular,,Pass 2 Jours,DICE,99.45,104.5,1,1
2026-07-16,2026-07-16 19:22:55,2-jours,regular,,Pass 2 Jours,DICE,99.45,104.5,1,1
2026-07-16,2026-07-16 19:22:55,2-jours,regular,,Pass 2 Jours,DICE,99.45,104.5,1,1
2026-07-16,2026-07-16 19:34:51,vendredi,regular,['vendredi'],Pass Vendredi,DICE,51.39,55.0,1,1
2026-07-16,2026-07-16 19:34:51,vendredi,regular,['vendredi'],Pass Vendredi,DICE,51.39,55.0,1,1
2026-07-16,2026-07-16 19:52:21,vendredi,regular,['vendredi'],Pass Vendredi,DICE,51.39,55.0,1,1
2026-07-16,2026-07-16 19:52:21,vendredi,regular,['vendredi'],Pass Vendredi,DICE,51.39,55.0,1,1
2026-07-16,2026-07-16 19:52:21,vendredi,regular,['vendredi'],Pass Vendredi,DICE,51.39,55.0,1,1
2026-07-16,2026-07-16 19:52:21,vendredi,regular,['vendredi'],Pass Vendredi,DICE,51.39,55.0,1,1
2026-07-16,2026-07-16 20:11:32,vendredi,regular,['vendredi'],Pass Vendredi,DICE,51.39,55.0,1,1
2026-07-16,2026-07-16 20:51:28,samedi,regular,['samedi'],Pass Samedi,Shotgun,50.0,56.51,1,1
2026-07-16,2026-07-16 20:51:28,samedi,regular,['samedi'],Pass Samedi,Shotgun,50.0,56.51,1,1
2026-07-16,2026-07-16 20:53:51,samedi,regular,['samedi'],Pass Samedi,Shotgun,50.0,56.51,1,1
2026-07-16,2026-07-16 20:53:51,samedi,regular,['samedi'],Pass Samedi,Shotgun,50.0,56.51,1,1
2026-07-17,2026-07-17 00:43:05,2-jours,regular,"['vendredi', 'samedi']",Pass 2 Jours,Shotgun,95.0,107.37,1,1
2026-07-17,2026-07-17 01:35:07,2-jours,regular,"['vendredi', 'samedi']",Pass 2 Jours,Shotgun,95.0,107.37,1,1
2026-07-17,2026-07-17 08:54:01,samedi,regular,['samedi'],Pass Samedi,Shotgun,50.0,56.51,1,1
2026-07-17,2026-07-17 10:06:28,samedi,regular,['samedi'],Pass Samedi,Shotgun,50.0,56.51,1,1
2026-07-17,2026-07-17 10:10:28,vendredi,regular,['vendredi'],Pass Vendredi,DICE,51.39,55.0,1,1
2026-07-17,2026-07-17 10:10:28,vendredi,regular,['vendredi'],Pass Vendredi,DICE,51.39,55.0,1,1
2026-07-17,2026-07-17 10:19:47,samedi,regular,['samedi'],Pass Samedi,Shotgun,50.0,56.51,1,1
2026-07-17,2026-07-17 11:04:20,vendredi,regular,['vendredi'],Pass Vendredi,DICE,51.39,55.0,1,1
2026-07-17,2026-07-17 11:04:20,vendredi,regular,['vendredi'],Pass Vendredi,DICE,51.39,55.0,1,1
2026-07-17,2026-07-17 13:35:56,2-jours,regular,"['vendredi', 'samedi']",Pass 2 Jours,Shotgun,95.0,107.37,1,1
2026-07-17,2026-07-17 14:06:55,vendredi,regular,['vendredi'],Pass Vendredi,DICE,51.39,55.0,1,1
2026-07-17,2026-07-17 14:06:55,vendredi,regular,['vendredi'],Pass Vendredi,DICE,51.39,55.0,1,1
2026-07-17,2026-07-17 14:15:39,samedi,regular,['samedi'],Pass Samedi,DICE,51.39,55.0,1,1
2026-07-17,2026-07-17 14:15:39,samedi,regular,['samedi'],Pass Samedi,DICE,51.39,55.0,1,1
2026-07-17,2026-07-17 15:19:19,2-jours,regular,"['vendredi', 'samedi']",Pass 2 Jours,Shotgun,95.0,107.37,1,1
2026-07-17,2026-07-17 15:28:04,samedi,regular,['samedi'],Pass Samedi,Shotgun,50.0,56.51,1,1
2026-07-17,2026-07-17 15:36:46,vendredi,regular,['vendredi'],Pass Vendredi,DICE,51.39,55.0,1,1
2026-07-17,2026-07-17 15:49:59,2-jours,regular,,Pass 2 Jours,DICE,99.45,104.5,1,1
2026-07-17,2026-07-17 17:09:49,vendredi,regular,['vendredi'],Pass Vendredi,DICE,51.39,55.0,1,1
2026-07-17,2026-07-17 17:09:49,vendredi,regular,['vendredi'],Pass Vendredi,DICE,51.39,55.0,1,1
2026-07-17,2026-07-17 17:27:18,samedi,regular,['samedi'],Pass Samedi,DICE,51.39,55.0,1,1
2026-07-17,2026-07-17 17:27:18,samedi,regular,['samedi'],Pass Samedi,DICE,51.39,55.0,1,1
2026-07-17,2026-07-17 18:24:24,samedi,regular,['samedi'],Pass Samedi,Shotgun,50.0,56.51,1,1
2026-07-17,2026-07-17 19:50:04,vendredi,regular,['vendredi'],Pass Vendredi,DICE,51.39,55.0,1,1
2026-07-17,2026-07-17 20:53:32,2-jours,regular,"['vendredi', 'samedi']",Pass 2 Jours,Shotgun,95.0,107.37,1,1
2026-07-17,2026-07-17 21:20:45,samedi,regular,['samedi'],Pass Samedi,DICE,51.39,55.0,1,1
2026-07-17,2026-07-17 21:20:45,samedi,regular,['samedi'],Pass Samedi,DICE,51.39,55.0,1,1
2026-07-17,2026-07-17 21:46:26,samedi,regular,['samedi'],Pass Samedi,DICE,51.39,55.0,1,1
2026-07-17,2026-07-17 21:46:26,samedi,regular,['samedi'],Pass Samedi,DICE,51.39,55.0,1,1
2026-07-17,2026-07-17 22:05:18,vendredi,regular,['vendredi'],Pass Vendredi,DICE,51.39,55.0,1,1
2026-07-18,2026-07-18 02:24:30,2-jours,regular,"['vendredi', 'samedi']",Pass 2 Jours,Shotgun,95.0,107.37,1,1
2026-07-18,2026-07-18 07:26:17,vendredi,regular,['vendredi'],Pass Vendredi,DICE,51.39,55.0,1,1
2026-07-18,2026-07-18 07:26:17,vendredi,regular,['vendredi'],Pass Vendredi,DICE,51.39,55.0,1,1
2026-07-18,2026-07-18 09:21:29,samedi,regular,['samedi'],Pass Samedi,Shotgun,50.0,56.51,1,1
2026-07-18,2026-07-18 09:25:24,samedi,regular,['samedi'],Pass Samedi,Shotgun,50.0,56.51,1,1
2026-07-18,2026-07-18 09:25:27,samedi,regular,['samedi'],Pass Samedi,DICE,51.39,55.0,1,1
2026-07-18,2026-07-18 09:27:41,samedi,regular,['samedi'],Pass Samedi,Shotgun,50.0,56.51,1,1
2026-07-18,2026-07-18 09:30:56,samedi,regular,['samedi'],Pass Samedi,DICE,51.39,55.0,1,1
2026-07-18,2026-07-18 12:22:09,samedi,regular,['samedi'],Pass Samedi,DICE,51.39,55.0,1,1
2026-07-18,2026-07-18 12:22:09,samedi,regular,['samedi'],Pass Samedi,DICE,51.39,55.0,1,1
2026-07-18,2026-07-18 14:47:06,2-jours,regular,,Pass 2 Jours,DICE,99.45,104.5,1,1
2026-07-18,2026-07-18 14:47:06,2-jours,regular,,Pass 2 Jours,DICE,99.45,104.5,1,1
2026-07-18,2026-07-18 14:47:06,2-jours,regular,,Pass 2 Jours,DICE,99.45,104.5,1,1
2026-07-18,2026-07-18 14:47:06,2-jours,regular,,Pass 2 Jours,DICE,99.45,104.5,1,1
2026-07-18,2026-07-18 15:08:54,vendredi,regular,['vendredi'],Pass Vendredi,DICE,51.39,55.0,1,1
2026-07-18,2026-07-18 15:15:00,vendredi,regular,['vendredi'],Pass Vendredi,DICE,51.39,55.0,1,1
2026-07-18,2026-07-18 15:15:00,vendredi,regular,['vendredi'],Pass Vendredi,DICE,51.39,55.0,1,1
2026-07-18,2026-07-18 16:01:56,samedi,regular,['samedi'],Pass Samedi,DICE,51.39,55.0,1,1
2026-07-18,2026-07-18 17:34:02,vendredi,regular,['vendredi'],Pass Vendredi,DICE,51.39,55.0,1,1
2026-07-18,2026-07-18 18:05:59,2-jours,regular,"['vendredi', 'samedi']",Pass 2 Jours,Shotgun,95.0,107.37,1,1
2026-07-18,2026-07-18 18:14:43,2-jours,regular,"['vendredi', 'samedi']",Pass 2 Jours,Shotgun,95.0,107.37,1,1
2026-07-18,2026-07-18 18:21:02,vendredi,regular,['vendredi'],Pass Vendredi,Shotgun,50.0,56.51,1,1
2026-07-18,2026-07-18 18:21:02,vendredi,regular,['vendredi'],Pass Vendredi,Shotgun,50.0,56.51,1,1
2026-07-18,2026-07-18 18:47:00,samedi,regular,['samedi'],Pass Samedi,Shotgun,50.0,56.51,1,1
2026-07-18,2026-07-18 19:44:09,2-jours,regular,,Pass 2 Jours,DICE,99.45,104.5,1,1
2026-07-18,2026-07-18 19:47:36,vendredi,regular,['vendredi'],Pass Vendredi,DICE,51.39,55.0,1,1
2026-07-18,2026-07-18 19:47:36,vendredi,regular,['vendredi'],Pass Vendredi,DICE,51.39,55.0,1,1
2026-07-18,2026-07-18 19:49:47,2-jours,regular,,Pass 2 Jours,DICE,99.45,104.5,1,1
2026-07-18,2026-07-18 20:55:47,samedi,regular,['samedi'],Pass Samedi,DICE,51.39,55.0,1,1
2026-07-18,2026-07-18 21:27:00,samedi,regular,['samedi'],Pass Samedi,Shotgun,50.0,56.51,1,1
2026-07-18,2026-07-18 21:27:00,samedi,regular,['samedi'],Pass Samedi,Shotgun,50.0,56.51,1,1
2026-07-18,2026-07-18 21:27:00,samedi,regular,['samedi'],Pass Samedi,Shotgun,50.0,56.51,1,1
2026-07-18,2026-07-18 21:27:00,samedi,regular,['samedi'],Pass Samedi,Shotgun,50.0,56.51,1,1
2026-07-18,2026-07-18 23:04:52,vendredi,regular,['vendredi'],Pass Vendredi,DICE,51.39,55.0,1,1
2026-07-18,2026-07-18 23:04:52,vendredi,regular,['vendredi'],Pass Vendredi,DICE,51.39,55.0,1,1
2026-07-18,2026-07-18 23:34:05,samedi,regular,['samedi'],Pass Samedi,DICE,51.39,55.0,1,1
2026-07-19,2026-07-19 03:07:33,vendredi,regular,['vendredi'],Pass Vendredi,Shotgun,50.0,56.51,1,1
2026-07-19,2026-07-19 03:07:33,vendredi,regular,['vendredi'],Pass Vendredi,Shotgun,50.0,56.51,1,1
2026-07-19,2026-07-19 15:19:27,vendredi,regular,['vendredi'],Pass Vendredi,Shotgun,50.0,56.51,1,1
2026-07-19,2026-07-19 16:49:42,2-jours,regular,,Pass 2 Jours,DICE,99.45,104.5,1,1
2026-07-19,2026-07-19 16:49:42,2-jours,regular,,Pass 2 Jours,DICE,99.45,104.5,1,1
2026-07-19,2026-07-19 18:01:55,samedi,regular,['samedi'],Pass Samedi,DICE,51.39,55.0,1,1
2026-07-19,2026-07-19 18:16:11,samedi,regular,['samedi'],Pass Samedi,DICE,51.39,55.0,1,1
2026-07-19,2026-07-19 19:22:31,samedi,regular,['samedi'],Pass Samedi,DICE,51.39,55.0,1,1
2026-07-19,2026-07-19 19:51:45,samedi,regular,['samedi'],Pass Samedi,Shotgun,50.0,56.51,1,1
2026-07-19,2026-07-19 19:51:45,samedi,regular,['samedi'],Pass Samedi,Shotgun,50.0,56.51,1,1
2026-07-19,2026-07-19 19:53:37,2-jours,regular,,Pass 2 Jours,DICE,99.45,104.5,1,1
2026-07-19,2026-07-19 20:31:50,2-jours,regular,"['vendredi', 'samedi']",Pass 2 Jours,Shotgun,95.0,107.37,1,1
2026-07-19,2026-07-19 21:01:14,samedi,regular,['samedi'],Pass Samedi,DICE,51.39,55.0,1,1
2026-07-19,2026-07-19 21:01:14,samedi,regular,['samedi'],Pass Samedi,DICE,51.39,55.0,1,1
2026-07-19,2026-07-19 21:01:14,samedi,regular,['samedi'],Pass Samedi,DICE,51.39,55.0,1,1
2026-07-19,2026-07-19 21:21:39,2-jours,regular,"['vendredi', 'samedi']",Pass 2 Jours,Shotgun,95.0,107.37,1,1
2026-07-19,2026-07-19 21:53:06,vendredi,regular,['vendredi'],Pass Vendredi,DICE,51.39,55.0,1,1
2026-07-19,2026-07-19 21:53:06,vendredi,regular,['vendredi'],Pass Vendredi,DICE,51.39,55.0,1,1
2026-07-19,2026-07-19 21:53:06,vendredi,regular,['vendredi'],Pass Vendredi,DICE,51.39,55.0,1,1
2026-07-19,2026-07-19 21:53:06,vendredi,regular,['vendredi'],Pass Vendredi,DICE,51.39,55.0,1,1
2026-07-20,2026-07-20 00:35:53,vendredi,regular,['vendredi'],Pass Vendredi,DICE,51.39,55.0,1,1
2026-07-20,2026-07-20 06:35:53,samedi,regular,['samedi'],Pass Samedi,DICE,51.39,55.0,1,1
2026-07-20,2026-07-20 07:01:34,vendredi,regular,['vendredi'],Pass Vendredi,Shotgun,50.0,56.51,1,1
2026-07-20,2026-07-20 10:41:32,2-jours,regular,"['vendredi', 'samedi']",Pass 2 Jours,Shotgun,95.0,107.37,1,1
2026-07-20,2026-07-20 10:41:32,2-jours,regular,"['vendredi', 'samedi']",Pass 2 Jours,Shotgun,95.0,107.37,1,1
2026-07-20,2026-07-20 13:06:28,samedi,regular,['samedi'],Pass Samedi,DICE,51.39,55.0,1,1
2026-07-20,2026-07-20 13:06:28,samedi,regular,['samedi'],Pass Samedi,DICE,51.39,55.0,1,1
2026-07-20,2026-07-20 14:20:32,vendredi,regular,['vendredi'],Pass Vendredi,DICE,51.39,55.0,1,1
2026-07-20,2026-07-20 17:03:11,vendredi,regular,['vendredi'],Pass Vendredi,DICE,51.39,55.0,1,1
2026-07-20,2026-07-20 17:03:11,vendredi,regular,['vendredi'],Pass Vendredi,DICE,51.39,55.0,1,1
2026-07-20,2026-07-20 19:01:27,2-jours,regular,"['vendredi', 'samedi']",Pass 2 Jours,Shotgun,95.0,107.37,1,1
2026-07-20,2026-07-20 19:48:45,samedi,regular,['samedi'],Pass Samedi,Shotgun,50.0,56.51,1,1
2026-07-20,2026-07-20 19:48:45,samedi,regular,['samedi'],Pass Samedi,Shotgun,50.0,56.51,1,1
2026-07-20,2026-07-20 19:55:38,samedi,regular,['samedi'],Pass Samedi,DICE,51.39,55.0,1,1
2026-07-20,2026-07-20 19:55:38,samedi,regular,['samedi'],Pass Samedi,DICE,51.39,55.0,1,1
2026-07-20,2026-07-20 19:58:31,2-jours,regular,,Pass 2 Jours,DICE,99.45,104.5,1,1
2026-07-20,2026-07-20 20:26:03,2-jours,regular,,Pass 2 Jours,DICE,99.45,104.5,1,1
2026-07-20,2026-07-20 20:26:03,2-jours,regular,,Pass 2 Jours,DICE,99.45,104.5,1,1
2026-07-20,2026-07-20 20:52:24,samedi,regular,['samedi'],Pass Samedi,DICE,51.39,55.0,1,1
2026-07-20,2026-07-20 20:52:24,samedi,regular,['samedi'],Pass Samedi,DICE,51.39,55.0,1,1
2026-07-21,2026-07-21 04:02:00,2-jours,regular,,Pass 2 Jours,DICE,99.45,104.5,1,1
2026-07-21,2026-07-21 05:51:49,2-jours,regular,,Pass 2 Jours,DICE,99.45,104.5,1,1
2026-07-21,2026-07-21 05:51:49,2-jours,regular,,Pass 2 Jours,DICE,99.45,104.5,1,1
2026-07-21,2026-07-21 07:17:36,samedi,regular,['samedi'],Pass Samedi,DICE,51.39,55.0,1,1
2026-07-21,2026-07-21 10:09:29,2-jours,regular,"['vendredi', 'samedi']",Pass 2 Jours,Shotgun,95.0,107.37,1,1
2026-07-21,2026-07-21 10:31:31,2-jours,regular,"['vendredi', 'samedi']",Pass 2 Jours,Shotgun,95.0,107.37,1,1
2026-07-21,2026-07-21 10:58:49,samedi,regular,['samedi'],Pass Samedi,DICE,51.39,55.0,1,1
2026-07-21,2026-07-21 10:58:49,samedi,regular,['samedi'],Pass Samedi,DICE,51.39,55.0,1,1
2026-07-21,2026-07-21 11:05:47,samedi,regular,['samedi'],Pass Samedi,Shotgun,50.0,56.51,1,1
2026-07-21,2026-07-21 11:07:11,2-jours,regular,,Pass 2 Jours,DICE,99.45,104.5,1,1
2026-07-21,2026-07-21 12:24:38,vendredi,regular,['vendredi'],Pass Vendredi,DICE,51.39,55.0,1,1
2026-07-21,2026-07-21 12:30:29,vendredi,regular,['vendredi'],Pass Vendredi,DICE,51.39,55.0,1,1
2026-07-21,2026-07-21 15:37:31,samedi,regular,['samedi'],Pass Samedi,DICE,51.39,55.0,1,1
2026-07-21,2026-07-21 17:45:52,vendredi,regular,['vendredi'],Pass Vendredi,DICE,51.39,55.0,1,1
2026-07-21,2026-07-21 17:45:52,vendredi,regular,['vendredi'],Pass Vendredi,DICE,51.39,55.0,1,1
2026-07-21,2026-07-21 19:08:55,samedi,regular,['samedi'],Pass Samedi,Shotgun,50.0,56.51,1,1
2026-07-21,2026-07-21 19:30:58,samedi,regular,['samedi'],Pass Samedi,DICE,51.39,55.0,1,1
2026-07-21,2026-07-21 19:30:58,samedi,regular,['samedi'],Pass Samedi,DICE,51.39,55.0,1,1
2026-07-21,2026-07-21 19:30:58,samedi,regular,['samedi'],Pass Samedi,DICE,51.39,55.0,1,1
2026-07-21,2026-07-21 19:30:58,samedi,regular,['samedi'],Pass Samedi,DICE,51.39,55.0,1,1
2026-07-21,2026-07-21 19:45:14,2-jours,regular,,Pass 2 Jours,DICE,99.45,104.5,1,1
2026-07-21,2026-07-21 20:39:04,2-jours,regular,,Pass 2 Jours,DICE,99.45,104.5,1,1
2026-07-21,2026-07-21 20:51:53,samedi,regular,['samedi'],Pass Samedi,DICE,51.39,55.0,1,1
2026-07-21,2026-07-21 21:51:47,vendredi,regular,['vendredi'],Pass Vendredi,DICE,51.39,55.0,1,1
2026-07-21,2026-07-21 21:51:47,vendredi,regular,['vendredi'],Pass Vendredi,DICE,51.39,55.0,1,1
2026-07-22,2026-07-22 00:27:07,samedi,regular,['samedi'],Pass Samedi,DICE,51.39,55.0,1,1
2026-07-22,2026-07-22 00:27:07,samedi,regular,['samedi'],Pass Samedi,DICE,51.39,55.0,1,1
2026-07-22,2026-07-22 07:07:08,vendredi,regular,['vendredi'],Pass Vendredi,DICE,51.39,55.0,1,1
2026-07-22,2026-07-22 07:07:08,vendredi,regular,['vendredi'],Pass Vendredi,DICE,51.39,55.0,1,1
2026-07-22,2026-07-22 08:28:57,2-jours,regular,"['vendredi', 'samedi']",Pass 2 Jours,Shotgun,95.0,107.37,1,1
2026-07-22,2026-07-22 09:36:08,2-jours,regular,,Pass 2 Jours,DICE,99.45,104.5,1,1
2026-07-22,2026-07-22 11:44:51,vendredi,regular,['vendredi'],Pass Vendredi,Shotgun,50.0,56.51,1,1
2026-07-22,2026-07-22 13:31:17,vendredi,regular,['vendredi'],Pass Vendredi,Shotgun,50.0,56.51,1,1
2026-07-22,2026-07-22 15:07:32,vendredi,regular,['vendredi'],Pass Vendredi,DICE,51.39,55.0,1,1
2026-07-22,2026-07-22 15:07:32,vendredi,regular,['vendredi'],Pass Vendredi,DICE,51.39,55.0,1,1
2026-07-22,2026-07-22 15:52:12,2-jours,regular,,Pass 2 Jours,DICE,99.45,104.5,1,1
2026-07-22,2026-07-22 16:37:27,vendredi,regular,['vendredi'],Pass Vendredi,DICE,51.39,55.0,1,1
2026-07-22,2026-07-22 16:37:27,vendredi,regular,['vendredi'],Pass Vendredi,DICE,51.39,55.0,1,1
2026-07-22,2026-07-22 16:48:27,2-jours,regular,,Pass 2 Jours,DICE,99.45,104.5,1,1
2026-07-22,2026-07-22 16:48:27,2-jours,regular,,Pass 2 Jours,DICE,99.45,104.5,1,1
2026-07-22,2026-07-22 16:48:32,2-jours,regular,,Pass 2 Jours,DICE,99.45,104.5,1,1
2026-07-22,2026-07-22 16:48:32,2-jours,regular,,Pass 2 Jours,DICE,99.45,104.5,1,1
2026-07-22,2026-07-22 17:31:31,vendredi,regular,['vendredi'],Pass Vendredi,DICE,51.39,55.0,1,1
2026-07-22,2026-07-22 18:35:16,samedi,regular,['samedi'],Pass Samedi,Shotgun,50.0,56.51,1,1
2026-07-22,2026-07-22 20:10:27,vendredi,regular,['vendredi'],Pass Vendredi,DICE,51.39,55.0,1,1
2026-07-22,2026-07-22 20:10:27,vendredi,regular,['vendredi'],Pass Vendredi,DICE,51.39,55.0,1,1
2026-07-22,2026-07-22 22:38:34,2-jours,regular,"['vendredi', 'samedi']",Pass 2 Jours,Shotgun,95.0,107.37,1,1
2026-07-22,2026-07-22 23:21:56,2-jours,regular,,Pass 2 Jours,DICE,99.45,104.5,1,1
2026-07-22,2026-07-22 23:21:56,2-jours,regular,,Pass 2 Jours,DICE,99.45,104.5,1,1
2026-07-23,2026-07-23 07:03:27,samedi,regular,['samedi'],Pass Samedi,DICE,51.39,55.0,1,1
2026-07-23,2026-07-23 07:03:27,samedi,regular,['samedi'],Pass Samedi,DICE,51.39,55.0,1,1
2026-07-23,2026-07-23 07:03:27,samedi,regular,['samedi'],Pass Samedi,DICE,51.39,55.0,1,1
2026-07-23,2026-07-23 07:03:27,samedi,regular,['samedi'],Pass Samedi,DICE,51.39,55.0,1,1
2026-07-23,2026-07-23 07:03:27,samedi,regular,['samedi'],Pass Samedi,DICE,51.39,55.0,1,1
2026-07-23,2026-07-23 07:03:27,samedi,regular,['samedi'],Pass Samedi,DICE,51.39,55.0,1,1
2026-07-23,2026-07-23 10:17:03,vendredi,regular,['vendredi'],Pass Vendredi,Shotgun,50.0,56.51,1,1
2026-07-23,2026-07-23 10:17:03,vendredi,regular,['vendredi'],Pass Vendredi,Shotgun,50.0,56.51,1,1
2026-07-23,2026-07-23 10:17:03,vendredi,regular,['vendredi'],Pass Vendredi,Shotgun,50.0,56.51,1,1
2026-07-23,2026-07-23 10:17:03,vendredi,regular,['vendredi'],Pass Vendredi,Shotgun,50.0,56.51,1,1
2026-07-23,2026-07-23 16:12:43,2-jours,regular,,Pass 2 Jours,DICE,99.45,104.5,1,1
2026-07-23,2026-07-23 16:16:38,2-jours,regular,,Pass 2 Jours,DICE,99.45,104.5,1,1
2026-07-23,2026-07-23 17:16:54,2-jours,regular,,Pass 2 Jours,DICE,99.45,104.5,1,1
2026-07-23,2026-07-23 17:49:36,2-jours,regular,"['vendredi', 'samedi']",Pass 2 Jours,Shotgun,95.0,107.37,1,1
2026-07-23,2026-07-23 17:49:36,2-jours,regular,"['vendredi', 'samedi']",Pass 2 Jours,Shotgun,95.0,107.37,1,1
2026-07-23,2026-07-23 18:51:29,2-jours,regular,,Pass 2 Jours,DICE,99.45,104.5,1,1
2026-07-23,2026-07-23 19:01:45,vendredi,regular,['vendredi'],Pass Vendredi,DICE,51.39,55.0,1,1
2026-07-23,2026-07-23 19:01:45,vendredi,regular,['vendredi'],Pass Vendredi,DICE,51.39,55.0,1,1
2026-07-23,2026-07-23 19:31:46,2-jours,regular,"['vendredi', 'samedi']",Pass 2 Jours,Shotgun,95.0,107.37,1,1
2026-07-23,2026-07-23 19:55:23,samedi,regular,['samedi'],Pass Samedi,DICE,51.39,55.0,1,1
2026-07-23,2026-07-23 21:05:55,2-jours,regular,,Pass 2 Jours,DICE,99.45,104.5,1,1
2026-07-24,2026-07-24 05:30:41,vendredi,regular,['vendredi'],Pass Vendredi,DICE,51.39,55.0,1,1
2026-07-24,2026-07-24 05:30:41,vendredi,regular,['vendredi'],Pass Vendredi,DICE,51.39,55.0,1,1
2026-07-24,2026-07-24 06:16:23,vendredi,regular,['vendredi'],Pass Vendredi,DICE,51.39,55.0,1,1
2026-07-24,2026-07-24 07:06:06,samedi,regular,['samedi'],Pass Samedi,DICE,51.39,55.0,1,1
2026-07-24,2026-07-24 07:07:52,samedi,regular,['samedi'],Pass Samedi,DICE,51.39,55.0,1,1
2026-07-24,2026-07-24 07:17:20,samedi,regular,['samedi'],Pass Samedi,DICE,51.39,55.0,1,1
2026-07-24,2026-07-24 11:13:14,2-jours,regular,,Pass 2 Jours,DICE,99.45,104.5,1,1
2026-07-24,2026-07-24 13:25:33,vendredi,regular,['vendredi'],Pass Vendredi,DICE,51.39,55.0,1,1
2026-07-24,2026-07-24 13:27:05,vendredi,regular,['vendredi'],Pass Vendredi,DICE,51.39,55.0,1,1
2026-07-24,2026-07-24 13:34:18,vendredi,regular,['vendredi'],Pass Vendredi,DICE,51.39,55.0,1,1
2026-07-24,2026-07-24 14:18:01,samedi,regular,['samedi'],Pass Samedi,Shotgun,50.0,56.51,1,1
2026-07-24,2026-07-24 15:28:43,vendredi,regular,['vendredi'],Pass Vendredi,DICE,51.39,55.0,1,1
2026-07-24,2026-07-24 15:28:43,vendredi,regular,['vendredi'],Pass Vendredi,DICE,51.39,55.0,1,1
2026-07-24,2026-07-24 15:47:56,vendredi,regular,['vendredi'],Pass Vendredi,Shotgun,50.0,56.51,1,1
2026-07-24,2026-07-24 17:07:03,samedi,regular,['samedi'],Pass Samedi,Shotgun,50.0,56.51,1,1
2026-07-24,2026-07-24 17:07:03,samedi,regular,['samedi'],Pass Samedi,Shotgun,50.0,56.51,1,1
2026-07-24,2026-07-24 17:12:29,vendredi,regular,['vendredi'],Pass Vendredi,DICE,51.39,55.0,1,1
2026-07-24,2026-07-24 17:44:24,2-jours,regular,,Pass 2 Jours,DICE,99.45,104.5,1,1
2026-07-24,2026-07-24 17:44:24,2-jours,regular,,Pass 2 Jours,DICE,99.45,104.5,1,1
2026-07-24,2026-07-24 17:57:52,samedi,regular,['samedi'],Pass Samedi,Shotgun,50.0,56.51,1,1
2026-07-24,2026-07-24 18:00:18,samedi,regular,['samedi'],Pass Samedi,Shotgun,50.0,56.51,1,1
2026-07-24,2026-07-24 18:42:09,2-jours,regular,,Pass 2 Jours,DICE,99.45,104.5,1,1
2026-07-24,2026-07-24 19:27:30,2-jours,regular,,Pass 2 Jours,DICE,99.45,104.5,1,1
2026-07-24,2026-07-24 19:37:20,vendredi,regular,['vendredi'],Pass Vendredi,DICE,51.39,55.0,1,1
2026-07-24,2026-07-24 19:40:09,2-jours,regular,,Pass 2 Jours,DICE,99.45,104.5,1,1
2026-07-24,2026-07-24 20:07:34,samedi,regular,['samedi'],Pass Samedi,DICE,51.39,55.0,1,1
2026-07-24,2026-07-24 20:36:32,samedi,regular,['samedi'],Pass Samedi,DICE,51.39,55.0,1,1
2026-07-24,2026-07-24 20:36:32,samedi,regular,['samedi'],Pass Samedi,DICE,51.39,55.0,1,1
2026-07-24,2026-07-24 20:36:44,samedi,regular,['samedi'],Pass Samedi,DICE,51.39,55.0,1,1
2026-07-24,2026-07-24 20:57:20,2-jours,regular,,Pass 2 Jours,DICE,99.45,104.5,1,1
2026-07-24,2026-07-24 20:57:20,2-jours,regular,,Pass 2 Jours,DICE,99.45,104.5,1,1
2026-07-24,2026-07-24 21:09:37,vendredi,regular,['vendredi'],Pass Vendredi,DICE,51.39,55.0,1,1
2026-07-24,2026-07-24 21:10:06,samedi,regular,['samedi'],Pass Samedi,DICE,51.39,55.0,1,1
2026-07-24,2026-07-24 22:26:31,2-jours,regular,,Pass 2 Jours,DICE,99.45,104.5,1,1
2026-07-24,2026-07-24 23:04:40,samedi,regular,['samedi'],Pass Samedi,Shotgun,50.0,56.51,1,1
2026-07-24,2026-07-24 23:50:41,samedi,regular,['samedi'],Pass Samedi,Shotgun,50.0,56.51,1,1
2026-07-24,2026-07-24 23:50:41,samedi,regular,['samedi'],Pass Samedi,Shotgun,50.0,56.51,1,1
2026-07-25,2026-07-25 05:12:52,2-jours,regular,,Pass 2 Jours,DICE,99.45,104.5,1,1
2026-07-25,2026-07-25 06:19:39,2-jours,regular,,Pass 2 Jours,DICE,99.45,104.5,1,1
2026-07-25,2026-07-25 06:19:39,2-jours,regular,,Pass 2 Jours,DICE,99.45,104.5,1,1
2026-07-25,2026-07-25 08:03:40,2-jours,regular,"['vendredi', 'samedi']",Pass 2 Jours,Shotgun,95.0,107.37,1,1
2026-07-25,2026-07-25 08:05:38,vendredi,regular,['vendredi'],Pass Vendredi,DICE,51.39,55.0,1,1
2026-07-25,2026-07-25 08:32:24,2-jours,regular,"['vendredi', 'samedi']",Pass 2 Jours,Shotgun,95.0,107.37,1,1
2026-07-25,2026-07-25 09:12:13,2-jours,regular,,Pass 2 Jours,DICE,99.45,104.5,1,1
2026-07-25,2026-07-25 13:09:35,2-jours,regular,,Pass 2 Jours,DICE,99.45,104.5,1,1
2026-07-25,2026-07-25 13:09:35,2-jours,regular,,Pass 2 Jours,DICE,99.45,104.5,1,1
2026-07-25,2026-07-25 16:15:40,2-jours,regular,"['vendredi', 'samedi']",Pass 2 Jours,Shotgun,95.0,107.37,1,1
2026-07-25,2026-07-25 16:15:40,2-jours,regular,"['vendredi', 'samedi']",Pass 2 Jours,Shotgun,95.0,107.37,1,1
2026-07-25,2026-07-25 17:01:28,vendredi,regular,['vendredi'],Pass Vendredi,DICE,51.39,55.0,1,1
2026-07-25,2026-07-25 17:01:28,vendredi,regular,['vendredi'],Pass Vendredi,DICE,51.39,55.0,1,1
2026-07-25,2026-07-25 18:20:35,vendredi,regular,['vendredi'],Pass Vendredi,Shotgun,50.0,56.51,1,1
2026-07-25,2026-07-25 18:22:47,2-jours,regular,,Pass 2 Jours,DICE,99.45,104.5,1,1
2026-07-25,2026-07-25 18:22:47,2-jours,regular,,Pass 2 Jours,DICE,99.45,104.5,1,1
2026-07-25,2026-07-25 19:34:36,vendredi,regular,['vendredi'],Pass Vendredi,DICE,51.39,55.0,1,1
2026-07-25,2026-07-25 19:34:36,vendredi,regular,['vendredi'],Pass Vendredi,DICE,51.39,55.0,1,1
2026-07-25,2026-07-25 19:34:36,vendredi,regular,['vendredi'],Pass Vendredi,DICE,51.39,55.0,1,1
2026-07-25,2026-07-25 19:34:36,vendredi,regular,['vendredi'],Pass Vendredi,DICE,51.39,55.0,1,1
2026-07-25,2026-07-25 19:35:01,2-jours,regular,,Pass 2 Jours,DICE,99.45,104.5,1,1
2026-07-25,2026-07-25 19:35:01,2-jours,regular,,Pass 2 Jours,DICE,99.45,104.5,1,1
2026-07-25,2026-07-25 20:14:23,samedi,regular,['samedi'],Pass Samedi,DICE,51.39,55.0,1,1
2026-07-25,2026-07-25 20:16:55,samedi,regular,['samedi'],Pass Samedi,DICE,51.39,55.0,1,1
2026-07-25,2026-07-25 20:16:55,samedi,regular,['samedi'],Pass Samedi,DICE,51.39,55.0,1,1
2026-07-25,2026-07-25 20:43:28,vendredi,regular,['vendredi'],Pass Vendredi,DICE,51.39,55.0,1,1
2026-07-25,2026-07-25 20:43:28,vendredi,regular,['vendredi'],Pass Vendredi,DICE,51.39,55.0,1,1
2026-07-25,2026-07-25 20:43:28,vendredi,regular,['vendredi'],Pass Vendredi,DICE,51.39,55.0,1,1
2026-07-25,2026-07-25 20:43:28,vendredi,regular,['vendredi'],Pass Vendredi,DICE,51.39,55.0,1,1
2026-07-25,2026-07-25 21:41:42,samedi,regular,['samedi'],Pass Samedi,DICE,51.39,55.0,1,1
2026-07-25,2026-07-25 21:41:42,samedi,regular,['samedi'],Pass Samedi,DICE,51.39,55.0,1,1
2026-07-25,2026-07-25 22:53:42,samedi,regular,['samedi'],Pass Samedi,Shotgun,50.0,56.51,1,1
2026-07-26,2026-07-26 02:55:44,2-jours,regular,,Pass 2 Jours,DICE,99.45,104.5,1,1
2026-07-26,2026-07-26 08:24:52,vendredi,regular,['vendredi'],Pass Vendredi,DICE,51.39,55.0,1,1
2026-07-26,2026-07-26 08:35:02,vendredi,regular,['vendredi'],Pass Vendredi,DICE,51.39,55.0,1,1
2026-07-26,2026-07-26 08:35:02,vendredi,regular,['vendredi'],Pass Vendredi,DICE,51.39,55.0,1,1
2026-07-26,2026-07-26 08:35:02,vendredi,regular,['vendredi'],Pass Vendredi,DICE,51.39,55.0,1,1
2026-07-26,2026-07-26 13:29:18,samedi,regular,['samedi'],Pass Samedi,Shotgun,50.0,56.51,1,1
2026-07-26,2026-07-26 14:22:44,samedi,regular,['samedi'],Pass Samedi,DICE,51.39,55.0,1,1
2026-07-26,2026-07-26 15:26:07,samedi,regular,['samedi'],Pass Samedi,DICE,51.39,55.0,1,1
2026-07-26,2026-07-26 17:33:20,vendredi,regular,['vendredi'],Pass Vendredi,DICE,51.39,55.0,1,1
2026-07-26,2026-07-26 17:41:38,samedi,regular,['samedi'],Pass Samedi,Shotgun,50.0,56.51,1,1
2026-07-26,2026-07-26 18:16:59,vendredi,regular,['vendredi'],Pass Vendredi,Shotgun,50.0,56.51,1,1
2026-07-26,2026-07-26 18:16:59,vendredi,regular,['vendredi'],Pass Vendredi,Shotgun,50.0,56.51,1,1
2026-07-26,2026-07-26 19:27:00,2-jours,regular,"['vendredi', 'samedi']",Pass 2 Jours,Shotgun,95.0,107.37,1,1
2026-07-26,2026-07-26 19:27:00,samedi,regular,['samedi'],Pass Samedi,Shotgun,50.0,56.51,1,1
2026-07-26,2026-07-26 20:01:56,samedi,regular,['samedi'],Pass Samedi,Shotgun,50.0,56.51,1,1
2026-07-26,2026-07-26 21:53:35,vendredi,regular,['vendredi'],Pass Vendredi,DICE,51.39,55.0,1,1
2026-07-26,2026-07-26 21:53:35,vendredi,regular,['vendredi'],Pass Vendredi,DICE,51.39,55.0,1,1
2026-07-26,2026-07-26 21:53:35,vendredi,regular,['vendredi'],Pass Vendredi,DICE,51.39,55.0,1,1
2026-07-26,2026-07-26 21:53:35,vendredi,regular,['vendredi'],Pass Vendredi,DICE,51.39,55.0,1,1
2026-07-26,2026-07-26 22:08:26,2-jours,regular,,Pass 2 Jours,DICE,99.45,104.5,1,1
2026-07-26,2026-07-26 22:11:40,vendredi,regular,['vendredi'],Pass Vendredi,DICE,51.39,55.0,1,1
2026-07-26,2026-07-26 23:17:18,samedi,regular,['samedi'],Pass Samedi,Shotgun,50.0,56.51,1,1
2026-07-27,2026-07-27 07:41:06,samedi,regular,['samedi'],Pass Samedi,DICE,51.39,55.0,1,1
2026-07-27,2026-07-27 08:08:07,samedi,regular,['samedi'],Pass Samedi,DICE,51.39,55.0,1,1
2026-07-27,2026-07-27 11:36:12,vendredi,regular,['vendredi'],Pass Vendredi,DICE,51.39,55.0,1,1
2026-07-27,2026-07-27 12:28:50,samedi,regular,['samedi'],Pass Samedi,DICE,51.39,55.0,1,1
2026-07-27,2026-07-27 13:55:08,vendredi,regular,['vendredi'],Pass Vendredi,Shotgun,50.0,56.51,1,1
2026-07-27,2026-07-27 13:57:22,vendredi,regular,['vendredi'],Pass Vendredi,Shotgun,50.0,56.51,1,1
2026-07-27,2026-07-27 14:21:51,samedi,regular,['samedi'],Pass Samedi,DICE,51.39,55.0,1,1
2026-07-27,2026-07-27 15:01:52,2-jours,regular,,Pass 2 Jours,DICE,99.45,104.5,1,1
2026-07-27,2026-07-27 16:09:54,vendredi,regular,['vendredi'],Pass Vendredi,Shotgun,50.0,56.51,1,1
2026-07-27,2026-07-27 16:09:54,vendredi,regular,['vendredi'],Pass Vendredi,Shotgun,50.0,56.51,1,1
2026-07-27,2026-07-27 16:15:02,vendredi,regular,['vendredi'],Pass Vendredi,Shotgun,50.0,56.51,1,1
2026-07-27,2026-07-27 18:18:48,vendredi,regular,['vendredi'],Pass Vendredi,DICE,51.39,55.0,1,1
2026-07-27,2026-07-27 18:22:30,samedi,regular,['samedi'],Pass Samedi,Shotgun,50.0,56.51,1,1
2026-07-27,2026-07-27 18:29:14,samedi,regular,['samedi'],Pass Samedi,DICE,51.39,55.0,1,1
2026-07-27,2026-07-27 19:33:06,vendredi,regular,['vendredi'],Pass Vendredi,DICE,51.39,55.0,1,1
2026-07-27,2026-07-27 19:33:06,vendredi,regular,['vendredi'],Pass Vendredi,DICE,51.39,55.0,1,1
2026-07-27,2026-07-27 20:42:44,samedi,regular,['samedi'],Pass Samedi,Shotgun,50.0,56.51,1,1
2026-07-27,2026-07-27 22:31:20,2-jours,regular,"['vendredi', 'samedi']",Pass 2 Jours,Shotgun,95.0,107.37,1,1
2026-07-28,2026-07-28 05:03:32,samedi,regular,['samedi'],Pass Samedi,Shotgun,50.0,56.51,1,1
2026-07-28,2026-07-28 05:22:50,2-jours,regular,,Pass 2 Jours,DICE,99.45,104.5,1,1
2026-07-28,2026-07-28 05:22:50,2-jours,regular,,Pass 2 Jours,DICE,99.45,104.5,1,1
2026-07-28,2026-07-28 08:54:19,2-jours,regular,"['vendredi', 'samedi']",Pass 2 Jours,Shotgun,95.0,107.37,1,1
2026-07-28,2026-07-28 08:54:45,samedi,regular,['samedi'],Pass Samedi,Shotgun,50.0,56.51,1,1
2026-07-28,2026-07-28 09:15:44,samedi,regular,['samedi'],Pass Samedi,DICE,51.39,55.0,1,1
2026-07-28,2026-07-28 09:15:44,samedi,regular,['samedi'],Pass Samedi,DICE,51.39,55.0,1,1
2026-07-28,2026-07-28 09:29:44,vendredi,regular,['vendredi'],Pass Vendredi,Shotgun,50.0,56.51,1,1
2026-07-28,2026-07-28 09:45:07,vendredi,regular,['vendredi'],Pass Vendredi,Shotgun,50.0,56.51,1,1
2026-07-28,2026-07-28 11:14:26,samedi,regular,['samedi'],Pass Samedi,DICE,51.39,55.0,1,1
2026-07-28,2026-07-28 11:14:26,samedi,regular,['samedi'],Pass Samedi,DICE,51.39,55.0,1,1
2026-07-28,2026-07-28 12:57:16,samedi,regular,['samedi'],Pass Samedi,Shotgun,50.0,56.51,1,1
2026-07-28,2026-07-28 12:57:16,samedi,regular,['samedi'],Pass Samedi,Shotgun,50.0,56.51,1,1
2026-07-28,2026-07-28 13:23:56,2-jours,regular,,Pass 2 Jours,DICE,99.45,104.5,1,1
2026-07-28,2026-07-28 15:25:29,samedi,regular,['samedi'],Pass Samedi,Shotgun,50.0,56.51,1,1
2026-07-28,2026-07-28 15:25:29,samedi,regular,['samedi'],Pass Samedi,Shotgun,50.0,56.51,1,1
2026-07-28,2026-07-28 15:25:29,samedi,regular,['samedi'],Pass Samedi,Shotgun,50.0,56.51,1,1
2026-07-28,2026-07-28 16:22:47,samedi,regular,['samedi'],Pass Samedi,DICE,51.39,55.0,1,1
2026-07-28,2026-07-28 16:50:53,2-jours,regular,,Pass 2 Jours,DICE,99.45,104.5,1,1
2026-07-28,2026-07-28 17:19:09,samedi,regular,['samedi'],Pass Samedi,DICE,51.39,55.0,1,1
2026-07-28,2026-07-28 17:35:28,samedi,regular,['samedi'],Pass Samedi,DICE,51.39,55.0,1,1
2026-07-28,2026-07-28 17:44:32,2-jours,regular,"['vendredi', 'samedi']",Pass 2 Jours,Shotgun,95.0,107.37,1,1
2026-07-28,2026-07-28 18:05:38,samedi,regular,['samedi'],Pass Samedi,Shotgun,50.0,56.51,1,1
2026-07-28,2026-07-28 18:17:42,samedi,regular,['samedi'],Pass Samedi,Shotgun,50.0,56.51,1,1
2026-07-28,2026-07-28 18:26:26,2-jours,regular,,Pass 2 Jours,DICE,99.45,104.5,1,1
2026-07-28,2026-07-28 19:53:41,samedi,regular,['samedi'],Pass Samedi,DICE,51.39,55.0,1,1
2026-07-28,2026-07-28 19:54:46,2-jours,regular,"['vendredi', 'samedi']",Pass 2 Jours,Shotgun,95.0,107.37,1,1
2026-07-28,2026-07-28 20:24:48,2-jours,regular,,Pass 2 Jours,DICE,99.45,104.5,1,1
2026-07-28,2026-07-28 20:27:45,2-jours,regular,,Pass 2 Jours,DICE,99.45,104.5,1,1
2026-07-28,2026-07-28 20:27:57,2-jours,regular,,Pass 2 Jours,DICE,99.45,104.5,1,1
2026-07-28,2026-07-28 20:30:04,2-jours,regular,,Pass 2 Jours,DICE,99.45,104.5,1,1
2026-07-28,2026-07-28 20:42:48,2-jours,regular,,Pass 2 Jours,DICE,99.45,104.5,1,1
2026-07-28,2026-07-28 20:57:35,2-jours,regular,"['vendredi', 'samedi']",Pass 2 Jours,Shotgun,95.0,107.37,1,1
2026-07-28,2026-07-28 21:24:11,vendredi,regular,['vendredi'],Pass Vendredi,DICE,51.39,55.0,1,1
2026-07-28,2026-07-28 22:06:45,samedi,regular,['samedi'],Pass Samedi,Shotgun,50.0,56.51,1,1
2026-07-28,2026-07-28 22:28:45,2-jours,regular,,Pass 2 Jours,DICE,99.45,104.5,1,1
2026-07-29,2026-07-29 00:44:08,samedi,regular,['samedi'],Pass Samedi,Shotgun,50.0,56.51,1,1
2026-07-29,2026-07-29 08:32:41,vendredi,regular,['vendredi'],Pass Vendredi,Shotgun,50.0,56.51,1,1
2026-07-29,2026-07-29 08:58:17,2-jours,regular,"['vendredi', 'samedi']",Pass 2 Jours,Shotgun,95.0,107.37,1,1
2026-07-29,2026-07-29 08:58:17,2-jours,regular,"['vendredi', 'samedi']",Pass 2 Jours,Shotgun,95.0,107.37,1,1
2026-07-29,2026-07-29 08:59:02,2-jours,regular,,Pass 2 Jours,DICE,99.45,104.5,1,1
2026-07-29,2026-07-29 09:08:40,samedi,regular,['samedi'],Pass Samedi,DICE,51.39,55.0,1,1
2026-07-29,2026-07-29 11:10:56,vendredi,regular,['vendredi'],Pass Vendredi,DICE,51.39,55.0,1,1
2026-07-29,2026-07-29 11:10:56,vendredi,regular,['vendredi'],Pass Vendredi,DICE,51.39,55.0,1,1
2026-07-29,2026-07-29 11:21:50,vendredi,regular,['vendredi'],Pass Vendredi,DICE,51.39,55.0,1,1
2026-07-29,2026-07-29 11:24:13,samedi,regular,['samedi'],Pass Samedi,DICE,51.39,55.0,1,1
2026-07-29,2026-07-29 11:28:13,vendredi,regular,['vendredi'],Pass Vendredi,DICE,51.39,55.0,1,1
2026-07-29,2026-07-29 11:28:13,vendredi,regular,['vendredi'],Pass Vendredi,DICE,51.39,55.0,1,1
2026-07-29,2026-07-29 11:36:54,samedi,regular,['samedi'],Pass Samedi,Shotgun,50.0,56.51,1,1
2026-07-29,2026-07-29 11:37:59,vendredi,regular,['vendredi'],Pass Vendredi,Shotgun,50.0,56.51,1,1
2026-07-29,2026-07-29 11:40:15,vendredi,regular,['vendredi'],Pass Vendredi,DICE,51.39,55.0,1,1
2026-07-29,2026-07-29 12:06:14,vendredi,regular,['vendredi'],Pass Vendredi,DICE,51.39,55.0,1,1
2026-07-29,2026-07-29 12:30:38,samedi,regular,['samedi'],Pass Samedi,Shotgun,50.0,56.51,1,1
2026-07-29,2026-07-29 12:37:18,2-jours,regular,,Pass 2 Jours,DICE,99.45,104.5,1,1
2026-07-29,2026-07-29 12:37:18,2-jours,regular,,Pass 2 Jours,DICE,99.45,104.5,1,1
2026-07-29,2026-07-29 13:02:36,samedi,regular,['samedi'],Pass Samedi,Shotgun,50.0,56.51,1,1
2026-07-29,2026-07-29 13:02:36,samedi,regular,['samedi'],Pass Samedi,Shotgun,50.0,56.51,1,1
2026-07-29,2026-07-29 13:19:25,vendredi,regular,['vendredi'],Pass Vendredi,Shotgun,50.0,56.51,1,1
2026-07-29,2026-07-29 13:19:25,vendredi,regular,['vendredi'],Pass Vendredi,Shotgun,50.0,56.51,1,1
2026-07-29,2026-07-29 14:08:26,vendredi,regular,['vendredi'],Pass Vendredi,DICE,51.39,55.0,1,1
2026-07-29,2026-07-29 14:44:03,vendredi,regular,['vendredi'],Pass Vendredi,DICE,51.39,55.0,1,1
2026-07-29,2026-07-29 14:44:03,vendredi,regular,['vendredi'],Pass Vendredi,DICE,51.39,55.0,1,1
2026-07-29,2026-07-29 14:44:03,vendredi,regular,['vendredi'],Pass Vendredi,DICE,51.39,55.0,1,1
2026-07-29,2026-07-29 14:53:04,2-jours,regular,"['vendredi', 'samedi']",Pass 2 Jours,Shotgun,95.0,107.37,1,1
2026-07-29,2026-07-29 15:21:59,2-jours,regular,,Pass 2 Jours,DICE,99.45,104.5,1,1
2026-07-29,2026-07-29 15:21:59,2-jours,regular,,Pass 2 Jours,DICE,99.45,104.5,1,1
2026-07-29,2026-07-29 16:22:02,samedi,regular,['samedi'],Pass Samedi,Shotgun,50.0,56.51,1,1
2026-07-29,2026-07-29 16:22:02,samedi,regular,['samedi'],Pass Samedi,Shotgun,50.0,56.51,1,1
2026-07-29,2026-07-29 17:38:55,2-jours,regular,"['vendredi', 'samedi']",Pass 2 Jours,Shotgun,95.0,107.37,1,1
2026-07-29,2026-07-29 17:40:00,2-jours,regular,,Pass 2 Jours,DICE,99.45,104.5,1,1
2026-07-29,2026-07-29 17:40:00,2-jours,regular,,Pass 2 Jours,DICE,99.45,104.5,1,1
2026-07-29,2026-07-29 18:07:48,2-jours,regular,"['vendredi', 'samedi']",Pass 2 Jours,Shotgun,95.0,107.37,1,1
2026-07-29,2026-07-29 18:36:21,2-jours,regular,,Pass 2 Jours,DICE,99.45,104.5,1,1
2026-07-29,2026-07-29 18:36:21,2-jours,regular,,Pass 2 Jours,DICE,99.45,104.5,1,1
2026-07-29,2026-07-29 19:21:03,vendredi,regular,['vendredi'],Pass Vendredi,DICE,51.39,55.0,1,1
2026-07-29,2026-07-29 19:21:03,vendredi,regular,['vendredi'],Pass Vendredi,DICE,51.39,55.0,1,1
2026-07-29,2026-07-29 19:54:19,samedi,regular,['samedi'],Pass Samedi,DICE,51.39,55.0,1,1
2026-07-29,2026-07-29 21:31:16,2-jours,regular,"['vendredi', 'samedi']",Pass 2 Jours,Shotgun,95.0,107.37,1,1
2026-07-29,2026-07-29 22:12:44,vendredi,regular,['vendredi'],Pass Vendredi,DICE,51.39,55.0,1,1
2026-07-29,2026-07-29 22:12:44,vendredi,regular,['vendredi'],Pass Vendredi,DICE,51.39,55.0,1,1
2026-07-30,2026-07-30 03:38:24,vendredi,regular,['vendredi'],Pass Vendredi,DICE,51.39,55.0,1,1
2026-07-30,2026-07-30 03:38:24,vendredi,regular,['vendredi'],Pass Vendredi,DICE,51.39,55.0,1,1
2026-07-30,2026-07-30 04:08:40,2-jours,regular,"['vendredi', 'samedi']",Pass 2 Jours,Shotgun,95.0,107.37,1,1
2026-07-30,2026-07-30 07:24:53,2-jours,regular,,Pass 2 Jours,DICE,99.45,104.5,1,1
2026-07-30,2026-07-30 07:45:38,vendredi,regular,['vendredi'],Pass Vendredi,Shotgun,50.0,56.51,1,1
2026-07-30,2026-07-30 07:52:38,samedi,regular,['samedi'],Pass Samedi,Shotgun,50.0,56.51,1,1
2026-07-30,2026-07-30 08:50:20,samedi,regular,['samedi'],Pass Samedi,DICE,51.39,55.0,1,1
2026-07-30,2026-07-30 08:54:02,samedi,regular,['samedi'],Pass Samedi,Shotgun,50.0,56.51,1,1
2026-07-30,2026-07-30 10:22:08,2-jours,regular,"['vendredi', 'samedi']",Pass 2 Jours,Shotgun,95.0,107.37,1,1
2026-07-30,2026-07-30 12:08:41,2-jours,regular,"['vendredi', 'samedi']",Pass 2 Jours,Shotgun,95.0,107.37,1,1
2026-07-30,2026-07-30 12:33:06,vendredi,regular,['vendredi'],Pass Vendredi,Shotgun,50.0,56.51,1,1
2026-07-30,2026-07-30 12:33:06,vendredi,regular,['vendredi'],Pass Vendredi,Shotgun,50.0,56.51,1,1
2026-07-30,2026-07-30 16:15:55,2-jours,regular,,Pass 2 Jours,DICE,99.45,104.5,1,1
2026-07-30,2026-07-30 16:20:17,samedi,regular,['samedi'],Pass Samedi,Shotgun,50.0,56.51,1,1
2026-07-30,2026-07-30 16:20:17,samedi,regular,['samedi'],Pass Samedi,Shotgun,50.0,56.51,1,1
2026-07-30,2026-07-30 17:08:45,samedi,regular,['samedi'],Pass Samedi,DICE,51.39,55.0,1,1
2026-07-30,2026-07-30 17:39:44,vendredi,regular,['vendredi'],Pass Vendredi,DICE,51.39,55.0,1,1
2026-07-30,2026-07-30 19:16:21,2-jours,regular,,Pass 2 Jours,DICE,99.45,104.5,1,1
2026-07-30,2026-07-30 19:16:21,2-jours,regular,,Pass 2 Jours,DICE,99.45,104.5,1,1
2026-07-30,2026-07-30 19:43:25,samedi,regular,['samedi'],Pass Samedi,DICE,51.39,55.0,1,1
2026-07-30,2026-07-30 19:43:25,samedi,regular,['samedi'],Pass Samedi,DICE,51.39,55.0,1,1
2026-07-30,2026-07-30 19:58:41,vendredi,regular,['vendredi'],Pass Vendredi,Shotgun,50.0,56.51,1,1
2026-07-30,2026-07-30 20:24:53,vendredi,regular,['vendredi'],Pass Vendredi,DICE,51.39,55.0,1,1
2026-07-30,2026-07-30 20:33:08,samedi,regular,['samedi'],Pass Samedi,DICE,51.39,55.0,1,1
2026-07-30,2026-07-30 20:45:43,vendredi,regular,['vendredi'],Pass Vendredi,Shotgun,50.0,56.51,1,1
2026-07-30,2026-07-30 21:03:55,samedi,regular,['samedi'],Pass Samedi,DICE,51.39,55.0,1,1
2026-07-30,2026-07-30 21:18:56,vendredi,regular,['vendredi'],Pass Vendredi,Shotgun,50.0,56.51,1,1
2026-07-30,2026-07-30 21:19:48,vendredi,regular,['vendredi'],Pass Vendredi,DICE,51.39,55.0,1,1
2026-07-30,2026-07-30 21:55:28,vendredi,regular,['vendredi'],Pass Vendredi,DICE,51.39,55.0,1,1
2026-07-30,2026-07-30 23:05:59,samedi,regular,['samedi'],Pass Samedi,DICE,51.39,55.0,1,1
2026-07-30,2026-07-30 23:27:59,2-jours,regular,"['vendredi', 'samedi']",Pass 2 Jours,Shotgun,95.0,107.37,1,1
2026-07-31,2026-07-31 02:43:03,samedi,regular,['samedi'],Pass Samedi,Shotgun,50.0,56.51,1,1
2026-07-31,2026-07-31 05:52:39,samedi,regular,['samedi'],Pass Samedi,Shotgun,50.0,56.51,1,1
2026-07-31,2026-07-31 05:52:39,samedi,regular,['samedi'],Pass Samedi,Shotgun,50.0,56.51,1,1
2026-07-31,2026-07-31 06:56:45,2-jours,regular,,Pass 2 Jours,DICE,99.45,104.5,1,1
2026-07-31,2026-07-31 06:56:45,2-jours,regular,,Pass 2 Jours,DICE,99.45,104.5,1,1
2026-07-31,2026-07-31 08:54:50,vendredi,regular,['vendredi'],Pass Vendredi,Shotgun,50.0,56.51,1,1
2026-07-31,2026-07-31 08:57:31,samedi,regular,['samedi'],Pass Samedi,DICE,51.39,55.0,1,1
2026-07-31,2026-07-31 08:57:31,samedi,regular,['samedi'],Pass Samedi,DICE,51.39,55.0,1,1
2026-07-31,2026-07-31 09:02:27,samedi,regular,['samedi'],Pass Samedi,DICE,51.39,55.0,1,1
2026-07-31,2026-07-31 09:02:27,samedi,regular,['samedi'],Pass Samedi,DICE,51.39,55.0,1,1
2026-07-31,2026-07-31 09:19:18,2-jours,regular,"['vendredi', 'samedi']",Pass 2 Jours,Shotgun,95.0,107.37,1,1
2026-07-31,2026-07-31 09:37:16,vendredi,regular,['vendredi'],Pass Vendredi,Shotgun,50.0,56.51,1,1
2026-07-31,2026-07-31 09:57:39,2-jours,regular,,Pass 2 Jours,DICE,99.45,104.5,1,1
2026-07-31,2026-07-31 10:02:00,2-jours,regular,"['vendredi', 'samedi']",Pass 2 Jours,Shotgun,95.0,107.37,1,1
2026-07-31,2026-07-31 10:02:44,2-jours,regular,"['vendredi', 'samedi']",Pass 2 Jours,Shotgun,95.0,107.37,1,1
2026-07-31,2026-07-31 10:03:12,2-jours,regular,,Pass 2 Jours,DICE,99.45,104.5,1,1
2026-07-31,2026-07-31 10:14:04,2-jours,regular,,Pass 2 Jours,DICE,99.45,104.5,1,1
2026-07-31,2026-07-31 10:23:47,vendredi,regular,['vendredi'],Pass Vendredi,Shotgun,50.0,56.51,1,1
2026-07-31,2026-07-31 10:24:21,vendredi,regular,['vendredi'],Pass Vendredi,Shotgun,50.0,56.51,1,1
2026-07-31,2026-07-31 10:24:23,vendredi,regular,['vendredi'],Pass Vendredi,Shotgun,50.0,56.51,1,1
2026-07-31,2026-07-31 10:26:20,samedi,regular,['samedi'],Pass Samedi,Shotgun,50.0,56.51,1,1
2026-07-31,2026-07-31 11:30:04,samedi,regular,['samedi'],Pass Samedi,Shotgun,50.0,56.51,1,1
2026-07-31,2026-07-31 11:31:19,2-jours,regular,"['vendredi', 'samedi']",Pass 2 Jours,Shotgun,95.0,107.37,1,1
2026-07-31,2026-07-31 11:31:51,samedi,regular,['samedi'],Pass Samedi,Shotgun,50.0,56.51,1,1
2026-07-31,2026-07-31 11:42:52,samedi,regular,['samedi'],Pass Samedi,Shotgun,50.0,56.51,1,1
2026-07-31,2026-07-31 12:07:59,2-jours,regular,"['vendredi', 'samedi']",Pass 2 Jours,Shotgun,95.0,107.37,1,1
2026-07-31,2026-07-31 12:07:59,2-jours,regular,"['vendredi', 'samedi']",Pass 2 Jours,Shotgun,95.0,107.37,1,1
2026-07-31,2026-07-31 12:12:01,vendredi,regular,['vendredi'],Pass Vendredi,Shotgun,50.0,56.51,1,1
2026-07-31,2026-07-31 12:12:01,samedi,regular,['samedi'],Pass Samedi,Shotgun,50.0,56.51,1,1
2026-07-31,2026-07-31 12:20:32,2-jours,regular,,Pass 2 Jours,DICE,99.45,104.5,1,1
2026-07-31,2026-07-31 12:25:06,2-jours,regular,,Pass 2 Jours,DICE,99.45,104.5,1,1
2026-07-31,2026-07-31 12:25:06,2-jours,regular,,Pass 2 Jours,DICE,99.45,104.5,1,1
2026-07-31,2026-07-31 12:32:39,vendredi,regular,['vendredi'],Pass Vendredi,Shotgun,50.0,56.51,1,1
2026-07-31,2026-07-31 12:45:04,2-jours,regular,,Pass 2 Jours,DICE,99.45,104.5,1,1
2026-07-31,2026-07-31 12:45:04,2-jours,regular,,Pass 2 Jours,DICE,99.45,104.5,1,1
2026-07-31,2026-07-31 13:05:20,vendredi,regular,['vendredi'],Pass Vendredi,DICE,51.39,55.0,1,1
2026-07-31,2026-07-31 13:05:35,2-jours,regular,,Pass 2 Jours,DICE,99.45,104.5,1,1
2026-07-31,2026-07-31 13:05:35,2-jours,regular,,Pass 2 Jours,DICE,99.45,104.5,1,1
2026-07-31,2026-07-31 13:23:10,2-jours,regular,,Pass 2 Jours,DICE,99.45,104.5,1,1
2026-07-31,2026-07-31 13:30:51,samedi,regular,['samedi'],Pass Samedi,DICE,51.39,55.0,1,1
2026-07-31,2026-07-31 13:30:51,samedi,regular,['samedi'],Pass Samedi,DICE,51.39,55.0,1,1
2026-07-31,2026-07-31 13:53:02,vendredi,regular,['vendredi'],Pass Vendredi,DICE,51.39,55.0,1,1
2026-07-31,2026-07-31 13:58:33,vendredi,regular,['vendredi'],Pass Vendredi,Shotgun,50.0,56.51,1,1
2026-07-31,2026-07-31 14:12:23,samedi,regular,['samedi'],Pass Samedi,DICE,51.39,55.0,1,1
2026-07-31,2026-07-31 14:20:26,2-jours,regular,"['vendredi', 'samedi']",Pass 2 Jours,Shotgun,95.0,107.37,1,1
2026-07-31,2026-07-31 14:35:01,samedi,regular,['samedi'],Pass Samedi,DICE,51.39,55.0,1,1
2026-07-31,2026-07-31 14:37:53,2-jours,regular,,Pass 2 Jours,DICE,99.45,104.5,1,1
2026-07-31,2026-07-31 14:37:53,2-jours,regular,,Pass 2 Jours,DICE,99.45,104.5,1,1
2026-07-31,2026-07-31 14:57:46,2-jours,regular,,Pass 2 Jours,DICE,99.45,104.5,1,1
2026-07-31,2026-07-31 15:03:42,samedi,regular,['samedi'],Pass Samedi,DICE,51.39,55.0,1,1
2026-07-31,2026-07-31 15:04:23,samedi,regular,['samedi'],Pass Samedi,Shotgun,50.0,56.51,1,1
2026-07-31,2026-07-31 15:04:23,samedi,regular,['samedi'],Pass Samedi,Shotgun,50.0,56.51,1,1
2026-07-31,2026-07-31 15:09:38,samedi,regular,['samedi'],Pass Samedi,DICE,51.39,55.0,1,1
2026-07-31,2026-07-31 15:09:38,samedi,regular,['samedi'],Pass Samedi,DICE,51.39,55.0,1,1
2026-07-31,2026-07-31 15:09:38,samedi,regular,['samedi'],Pass Samedi,DICE,51.39,55.0,1,1
2026-07-31,2026-07-31 15:09:38,samedi,regular,['samedi'],Pass Samedi,DICE,51.39,55.0,1,1
2026-07-31,2026-07-31 15:12:55,vendredi,regular,['vendredi'],Pass Vendredi,DICE,51.39,55.0,1,1
2026-07-31,2026-07-31 15:12:55,vendredi,regular,['vendredi'],Pass Vendredi,DICE,51.39,55.0,1,1
2026-07-31,2026-07-31 15:19:55,vendredi,regular,['vendredi'],Pass Vendredi,DICE,51.39,55.0,1,1
2026-07-31,2026-07-31 15:19:55,vendredi,regular,['vendredi'],Pass Vendredi,DICE,51.39,55.0,1,1
2026-07-31,2026-07-31 15:46:22,vendredi,regular,['vendredi'],Pass Vendredi,DICE,51.39,55.0,1,1
2026-07-31,2026-07-31 15:46:22,vendredi,regular,['vendredi'],Pass Vendredi,DICE,51.39,55.0,1,1
2026-07-31,2026-07-31 15:46:58,vendredi,regular,['vendredi'],Pass Vendredi,Shotgun,50.0,56.51,1,1
2026-07-31,2026-07-31 16:05:57,samedi,regular,['samedi'],Pass Samedi,Shotgun,50.0,56.51,1,1
2026-07-31,2026-07-31 16:14:08,vendredi,regular,['vendredi'],Pass Vendredi,Shotgun,50.0,56.51,1,1
2026-07-31,2026-07-31 16:14:17,vendredi,regular,['vendredi'],Pass Vendredi,Shotgun,50.0,56.51,1,1
2026-07-31,2026-07-31 16:19:00,2-jours,regular,"['vendredi', 'samedi']",Pass 2 Jours,Shotgun,95.0,107.37,1,1
2026-07-31,2026-07-31 16:20:30,vendredi,regular,['vendredi'],Pass Vendredi,Shotgun,50.0,56.51,1,1
2026-07-31,2026-07-31 16:23:39,2-jours,regular,"['vendredi', 'samedi']",Pass 2 Jours,Shotgun,95.0,107.37,1,1
2026-07-31,2026-07-31 16:31:10,2-jours,regular,,Pass 2 Jours,DICE,99.45,104.5,1,1
2026-07-31,2026-07-31 16:33:46,2-jours,regular,"['vendredi', 'samedi']",Pass 2 Jours,Shotgun,95.0,107.37,1,1
2026-07-31,2026-07-31 16:48:18,samedi,regular,['samedi'],Pass Samedi,Shotgun,50.0,56.51,1,1
2026-07-31,2026-07-31 16:48:18,samedi,regular,['samedi'],Pass Samedi,Shotgun,50.0,56.51,1,1
2026-07-31,2026-07-31 16:48:18,samedi,regular,['samedi'],Pass Samedi,Shotgun,50.0,56.51,1,1
2026-07-31,2026-07-31 17:01:53,2-jours,regular,"['vendredi', 'samedi']",Pass 2 Jours,Shotgun,95.0,107.37,1,1
2026-07-31,2026-07-31 17:07:58,vendredi,regular,['vendredi'],Pass Vendredi,Shotgun,50.0,56.51,1,1
2026-07-31,2026-07-31 17:09:13,2-jours,regular,"['vendredi', 'samedi']",Pass 2 Jours,Shotgun,95.0,107.37,1,1
2026-07-31,2026-07-31 17:21:24,samedi,regular,['samedi'],Pass Samedi,Shotgun,50.0,56.51,1,1
2026-07-31,2026-07-31 17:21:24,samedi,regular,['samedi'],Pass Samedi,Shotgun,50.0,56.51,1,1
2026-07-31,2026-07-31 17:23:02,samedi,regular,['samedi'],Pass Samedi,Shotgun,50.0,56.51,1,1
2026-07-31,2026-07-31 17:28:45,vendredi,regular,['vendredi'],Pass Vendredi,DICE,51.39,55.0,1,1
2026-07-31,2026-07-31 17:43:05,2-jours,regular,,Pass 2 Jours,DICE,99.45,104.5,1,1
2026-07-31,2026-07-31 17:43:05,2-jours,regular,,Pass 2 Jours,DICE,99.45,104.5,1,1
2026-07-31,2026-07-31 17:56:51,2-jours,regular,,Pass 2 Jours,DICE,99.45,104.5,1,1
2026-07-31,2026-07-31 17:56:51,2-jours,regular,,Pass 2 Jours,DICE,99.45,104.5,1,1
2026-07-31,2026-07-31 18:02:35,vendredi,regular,['vendredi'],Pass Vendredi,Shotgun,50.0,56.51,1,1
2026-07-31,2026-07-31 18:09:47,2-jours,regular,,Pass 2 Jours,DICE,99.45,104.5,1,1
2026-07-31,2026-07-31 18:09:47,2-jours,regular,,Pass 2 Jours,DICE,99.45,104.5,1,1
2026-07-31,2026-07-31 18:10:23,samedi,regular,['samedi'],Pass Samedi,DICE,51.39,55.0,1,1
2026-07-31,2026-07-31 18:20:39,vendredi,regular,['vendredi'],Pass Vendredi,Shotgun,50.0,56.51,1,1
2026-07-31,2026-07-31 18:31:01,vendredi,regular,['vendredi'],Pass Vendredi,DICE,51.39,55.0,1,1
2026-07-31,2026-07-31 18:31:01,vendredi,regular,['vendredi'],Pass Vendredi,DICE,51.39,55.0,1,1
2026-07-31,2026-07-31 18:37:27,samedi,regular,['samedi'],Pass Samedi,DICE,51.39,55.0,1,1
2026-07-31,2026-07-31 18:43:07,vendredi,regular,['vendredi'],Pass Vendredi,DICE,51.39,55.0,1,1
2026-07-31,2026-07-31 18:49:46,samedi,regular,['samedi'],Pass Samedi,DICE,51.39,55.0,1,1
2026-07-31,2026-07-31 18:49:46,samedi,regular,['samedi'],Pass Samedi,DICE,51.39,55.0,1,1
2026-07-31,2026-07-31 18:53:38,samedi,regular,['samedi'],Pass Samedi,DICE,51.39,55.0,1,1
2026-07-31,2026-07-31 18:53:38,samedi,regular,['samedi'],Pass Samedi,DICE,51.39,55.0,1,1
2026-07-31,2026-07-31 19:14:05,2-jours,regular,,Pass 2 Jours,DICE,99.45,104.5,1,1
2026-07-31,2026-07-31 19:14:48,2-jours,regular,"['vendredi', 'samedi']",Pass 2 Jours,Shotgun,95.0,107.37,1,1
2026-07-31,2026-07-31 19:26:08,2-jours,regular,"['vendredi', 'samedi']",Pass 2 Jours,Shotgun,95.0,107.37,1,1
2026-07-31,2026-07-31 19:33:26,samedi,regular,['samedi'],Pass Samedi,DICE,51.39,55.0,1,1
2026-07-31,2026-07-31 19:33:26,samedi,regular,['samedi'],Pass Samedi,DICE,51.39,55.0,1,1
2026-07-31,2026-07-31 19:35:16,vendredi,regular,['vendredi'],Pass Vendredi,Shotgun,50.0,56.51,1,1
2026-07-31,2026-07-31 19:36:35,2-jours,regular,"['vendredi', 'samedi']",Pass 2 Jours,Shotgun,95.0,107.37,1,1
2026-07-31,2026-07-31 19:36:54,2-jours,regular,"['vendredi', 'samedi']",Pass 2 Jours,Shotgun,95.0,107.37,1,1
2026-07-31,2026-07-31 19:40:53,vendredi,regular,['vendredi'],Pass Vendredi,Shotgun,50.0,56.51,1,1
2026-07-31,2026-07-31 19:41:51,samedi,regular,['samedi'],Pass Samedi,DICE,51.39,55.0,1,1
2026-07-31,2026-07-31 19:42:47,vendredi,regular,['vendredi'],Pass Vendredi,Shotgun,50.0,56.51,1,1
2026-07-31,2026-07-31 19:43:03,vendredi,regular,['vendredi'],Pass Vendredi,Shotgun,50.0,56.51,1,1
2026-07-31,2026-07-31 19:43:55,samedi,regular,['samedi'],Pass Samedi,DICE,51.39,55.0,1,1
2026-07-31,2026-07-31 19:45:25,vendredi,regular,['vendredi'],Pass Vendredi,Shotgun,50.0,56.51,1,1
2026-07-31,2026-07-31 19:46:19,samedi,regular,['samedi'],Pass Samedi,DICE,51.39,55.0,1,1
2026-07-31,2026-07-31 19:46:28,vendredi,regular,['vendredi'],Pass Vendredi,Shotgun,50.0,56.51,1,1
2026-07-31,2026-07-31 19:50:47,samedi,regular,['samedi'],Pass Samedi,DICE,51.39,55.0,1,1
2026-07-31,2026-07-31 20:01:21,2-jours,regular,,Pass 2 Jours,DICE,99.45,104.5,1,1
2026-07-31,2026-07-31 20:01:21,2-jours,regular,,Pass 2 Jours,DICE,99.45,104.5,1,1
2026-07-31,2026-07-31 20:01:21,2-jours,regular,,Pass 2 Jours,DICE,99.45,104.5,1,1
2026-07-31,2026-07-31 20:01:40,vendredi,regular,['vendredi'],Pass Vendredi,Shotgun,50.0,56.51,1,1
2026-07-31,2026-07-31 20:01:44,samedi,regular,['samedi'],Pass Samedi,Shotgun,50.0,56.51,1,1
2026-07-31,2026-07-31 20:04:04,2-jours,regular,"['vendredi', 'samedi']",Pass 2 Jours,Shotgun,95.0,107.37,1,1
2026-07-31,2026-07-31 20:04:30,vendredi,regular,['vendredi'],Pass Vendredi,Shotgun,50.0,56.51,1,1
2026-07-31,2026-07-31 20:07:16,samedi,regular,['samedi'],Pass Samedi,DICE,51.39,55.0,1,1
2026-07-31,2026-07-31 20:07:16,samedi,regular,['samedi'],Pass Samedi,DICE,51.39,55.0,1,1
2026-07-31,2026-07-31 20:11:36,vendredi,regular,['vendredi'],Pass Vendredi,DICE,51.39,55.0,1,1
2026-07-31,2026-07-31 20:11:36,vendredi,regular,['vendredi'],Pass Vendredi,DICE,51.39,55.0,1,1
2026-07-31,2026-07-31 20:11:40,vendredi,regular,['vendredi'],Pass Vendredi,Shotgun,50.0,56.51,1,1
2026-07-31,2026-07-31 20:16:27,samedi,regular,['samedi'],Pass Samedi,DICE,51.39,55.0,1,1
2026-07-31,2026-07-31 20:16:27,samedi,regular,['samedi'],Pass Samedi,DICE,51.39,55.0,1,1
2026-07-31,2026-07-31 20:21:08,2-jours,regular,,Pass 2 Jours,DICE,99.45,104.5,1,1
2026-07-31,2026-07-31 21:16:46,2-jours,regular,"['vendredi', 'samedi']",Pass 2 Jours,Shotgun,95.0,107.37,1,1
2026-07-31,2026-07-31 21:19:29,2-jours,regular,"['vendredi', 'samedi']",Pass 2 Jours,Shotgun,95.0,107.37,1,1
2026-07-31,2026-07-31 21:19:45,2-jours,regular,"['vendredi', 'samedi']",Pass 2 Jours,Shotgun,95.0,107.37,1,1
2026-07-31,2026-07-31 21:33:53,samedi,regular,['samedi'],Pass Samedi,Shotgun,50.0,56.51,1,1
2026-07-31,2026-07-31 21:33:53,samedi,regular,['samedi'],Pass Samedi,Shotgun,50.0,56.51,1,1
2026-07-31,2026-07-31 21:33:53,samedi,regular,['samedi'],Pass Samedi,Shotgun,50.0,56.51,1,1
2026-07-31,2026-07-31 22:06:06,2-jours,regular,,Pass 2 Jours,DICE,99.45,104.5,1,1
2026-07-31,2026-07-31 22:09:41,2-jours,regular,,Pass 2 Jours,DICE,99.45,104.5,1,1
2026-07-31,2026-07-31 22:11:29,2-jours,regular,"['vendredi', 'samedi']",Pass 2 Jours,Shotgun,95.0,107.37,1,1
2026-07-31,2026-07-31 22:28:16,vendredi,regular,['vendredi'],Pass Vendredi,Shotgun,50.0,56.51,1,1
2026-07-31,2026-07-31 23:03:46,samedi,regular,['samedi'],Pass Samedi,Shotgun,50.0,56.51,1,1
2026-08-01,2026-08-01 01:24:51,2-jours,regular,,Pass 2 Jours,DICE,99.45,104.5,1,1
2026-08-01,2026-08-01 03:00:00,vendredi,regular,['vendredi'],Pass Vendredi,Shotgun,50.0,56.51,1,1
2026-08-01,2026-08-01 03:00:00,vendredi,regular,['vendredi'],Pass Vendredi,Shotgun,50.0,56.51,1,1
2026-08-01,2026-08-01 06:19:10,samedi,regular,['samedi'],Pass Samedi,DICE,51.39,55.0,1,1
2026-08-01,2026-08-01 06:19:10,samedi,regular,['samedi'],Pass Samedi,DICE,51.39,55.0,1,1
2026-08-01,2026-08-01 07:27:20,vendredi,regular,['vendredi'],Pass Vendredi,Shotgun,50.0,56.51,1,1
2026-08-01,2026-08-01 07:27:20,vendredi,regular,['vendredi'],Pass Vendredi,Shotgun,50.0,56.51,1,1
2026-08-01,2026-08-01 07:28:14,2-jours,regular,"['vendredi', 'samedi']",Pass 2 Jours,Shotgun,95.0,107.37,1,1
2026-08-01,2026-08-01 07:37:50,samedi,regular,['samedi'],Pass Samedi,Shotgun,50.0,56.51,1,1
2026-08-01,2026-08-01 07:37:50,samedi,regular,['samedi'],Pass Samedi,Shotgun,50.0,56.51,1,1
2026-08-01,2026-08-01 08:19:41,vendredi,regular,['vendredi'],Pass Vendredi,DICE,51.39,55.0,1,1
2026-08-01,2026-08-01 08:44:49,2-jours,regular,"['vendredi', 'samedi']",Pass 2 Jours,Shotgun,95.0,107.37,1,1
2026-08-01,2026-08-01 09:04:15,vendredi,regular,['vendredi'],Pass Vendredi,Shotgun,50.0,56.51,1,1
2026-08-01,2026-08-01 09:22:17,vendredi,regular,['vendredi'],Pass Vendredi,DICE,51.39,55.0,1,1
2026-08-01,2026-08-01 09:22:17,vendredi,regular,['vendredi'],Pass Vendredi,DICE,51.39,55.0,1,1
2026-08-01,2026-08-01 09:23:12,vendredi,regular,['vendredi'],Pass Vendredi,DICE,51.39,55.0,1,1
2026-08-01,2026-08-01 09:23:12,vendredi,regular,['vendredi'],Pass Vendredi,DICE,51.39,55.0,1,1
2026-08-01,2026-08-01 10:28:34,2-jours,regular,"['vendredi', 'samedi']",Pass 2 Jours,Shotgun,95.0,107.37,1,1
2026-08-01,2026-08-01 10:32:02,2-jours,regular,"['vendredi', 'samedi']",Pass 2 Jours,Shotgun,95.0,107.37,1,1
2026-08-01,2026-08-01 10:32:02,2-jours,regular,"['vendredi', 'samedi']",Pass 2 Jours,Shotgun,95.0,107.37,1,1
2026-08-01,2026-08-01 11:15:08,2-jours,regular,,Pass 2 Jours,DICE,99.45,104.5,1,1
2026-08-01,2026-08-01 11:27:20,vendredi,regular,['vendredi'],Pass Vendredi,Shotgun,50.0,56.51,1,1
2026-08-01,2026-08-01 11:28:23,vendredi,regular,['vendredi'],Pass Vendredi,DICE,51.39,55.0,1,1
2026-08-01,2026-08-01 11:59:15,samedi,regular,['samedi'],Pass Samedi,Shotgun,50.0,56.51,1,1
2026-08-01,2026-08-01 12:09:11,vendredi,regular,['vendredi'],Pass Vendredi,Shotgun,50.0,56.51,1,1
2026-08-01,2026-08-01 12:19:24,samedi,regular,['samedi'],Pass Samedi,DICE,51.39,55.0,1,1
2026-08-01,2026-08-01 12:28:47,samedi,regular,['samedi'],Pass Samedi,DICE,51.39,55.0,1,1
2026-08-01,2026-08-01 12:53:13,vendredi,regular,['vendredi'],Pass Vendredi,Shotgun,50.0,56.51,1,1
2026-08-01,2026-08-01 12:56:29,vendredi,regular,['vendredi'],Pass Vendredi,Shotgun,50.0,56.51,1,1
2026-08-01,2026-08-01 12:56:29,vendredi,regular,['vendredi'],Pass Vendredi,Shotgun,50.0,56.51,1,1
2026-08-01,2026-08-01 12:56:29,vendredi,regular,['vendredi'],Pass Vendredi,Shotgun,50.0,56.51,1,1
2026-08-01,2026-08-01 12:59:29,samedi,regular,['samedi'],Pass Samedi,Shotgun,50.0,56.51,1,1
2026-08-01,2026-08-01 13:00:41,vendredi,regular,['vendredi'],Pass Vendredi,Shotgun,50.0,56.51,1,1
2026-08-01,2026-08-01 13:04:24,2-jours,regular,"['vendredi', 'samedi']",Pass 2 Jours,Shotgun,95.0,107.37,1,1
2026-08-01,2026-08-01 13:04:26,2-jours,regular,"['vendredi', 'samedi']",Pass 2 Jours,Shotgun,95.0,107.37,1,1
2026-08-01,2026-08-01 13:04:26,2-jours,regular,"['vendredi', 'samedi']",Pass 2 Jours,Shotgun,95.0,107.37,1,1
2026-08-01,2026-08-01 13:22:47,2-jours,regular,,Pass 2 Jours,DICE,99.45,104.5,1,1
2026-08-01,2026-08-01 13:36:37,2-jours,regular,,Pass 2 Jours,DICE,99.45,104.5,1,1
2026-08-01,2026-08-01 13:36:37,2-jours,regular,,Pass 2 Jours,DICE,99.45,104.5,1,1
2026-08-01,2026-08-01 14:14:18,vendredi,regular,['vendredi'],Pass Vendredi,DICE,51.39,55.0,1,1
2026-08-01,2026-08-01 14:15:02,2-jours,regular,,Pass 2 Jours,DICE,99.45,104.5,1,1
2026-08-01,2026-08-01 14:33:49,2-jours,regular,"['vendredi', 'samedi']",Pass 2 Jours,Shotgun,95.0,107.37,1,1
2026-08-01,2026-08-01 14:33:49,2-jours,regular,"['vendredi', 'samedi']",Pass 2 Jours,Shotgun,95.0,107.37,1,1
2026-08-01,2026-08-01 14:53:16,vendredi,regular,['vendredi'],Pass Vendredi,DICE,51.39,55.0,1,1
2026-08-01,2026-08-01 14:56:01,vendredi,regular,['vendredi'],Pass Vendredi,Shotgun,50.0,56.51,1,1
2026-08-01,2026-08-01 14:56:01,vendredi,regular,['vendredi'],Pass Vendredi,Shotgun,50.0,56.51,1,1
2026-08-01,2026-08-01 15:15:30,samedi,regular,['samedi'],Pass Samedi,DICE,51.39,55.0,1,1
2026-08-01,2026-08-01 15:15:30,samedi,regular,['samedi'],Pass Samedi,DICE,51.39,55.0,1,1
2026-08-01,2026-08-01 15:16:06,samedi,regular,['samedi'],Pass Samedi,DICE,51.39,55.0,1,1
2026-08-01,2026-08-01 15:19:34,samedi,regular,['samedi'],Pass Samedi,Shotgun,50.0,56.51,1,1
2026-08-01,2026-08-01 15:22:17,samedi,regular,['samedi'],Pass Samedi,Shotgun,50.0,56.51,1,1
2026-08-01,2026-08-01 15:24:25,samedi,regular,['samedi'],Pass Samedi,Shotgun,50.0,56.51,1,1
2026-08-01,2026-08-01 15:37:16,samedi,regular,['samedi'],Pass Samedi,Shotgun,50.0,56.51,1,1
2026-08-01,2026-08-01 16:28:01,vendredi,regular,['vendredi'],Pass Vendredi,Shotgun,50.0,56.51,1,1
2026-08-01,2026-08-01 16:28:01,vendredi,regular,['vendredi'],Pass Vendredi,Shotgun,50.0,56.51,1,1
2026-08-01,2026-08-01 16:28:13,vendredi,regular,['vendredi'],Pass Vendredi,DICE,51.39,55.0,1,1
2026-08-01,2026-08-01 16:28:13,vendredi,regular,['vendredi'],Pass Vendredi,DICE,51.39,55.0,1,1
2026-08-01,2026-08-01 17:01:24,vendredi,regular,['vendredi'],Pass Vendredi,Shotgun,50.0,56.51,1,1
2026-08-01,2026-08-01 17:20:10,samedi,regular,['samedi'],Pass Samedi,DICE,51.39,55.0,1,1
2026-08-01,2026-08-01 17:23:40,vendredi,regular,['vendredi'],Pass Vendredi,DICE,51.39,55.0,1,1
2026-08-01,2026-08-01 17:26:27,vendredi,regular,['vendredi'],Pass Vendredi,DICE,51.39,55.0,1,1
2026-08-01,2026-08-01 17:29:57,2-jours,regular,,Pass 2 Jours,DICE,99.45,104.5,1,1
2026-08-01,2026-08-01 17:30:58,vendredi,regular,['vendredi'],Pass Vendredi,DICE,51.39,55.0,1,1
2026-08-01,2026-08-01 17:36:03,vendredi,regular,['vendredi'],Pass Vendredi,DICE,51.39,55.0,1,1
2026-08-01,2026-08-01 19:27:11,2-jours,regular,"['vendredi', 'samedi']",Pass 2 Jours,Shotgun,95.0,107.37,1,1
2026-08-01,2026-08-01 19:35:52,2-jours,regular,,Pass 2 Jours,DICE,99.45,104.5,1,1
2026-08-01,2026-08-01 19:35:52,2-jours,regular,,Pass 2 Jours,DICE,99.45,104.5,1,1
2026-08-01,2026-08-01 19:38:38,vendredi,regular,['vendredi'],Pass Vendredi,Shotgun,50.0,56.51,1,1
2026-08-01,2026-08-01 19:41:36,2-jours,regular,,Pass 2 Jours,DICE,99.45,104.5,1,1
2026-08-01,2026-08-01 19:41:36,2-jours,regular,,Pass 2 Jours,DICE,99.45,104.5,1,1
2026-08-01,2026-08-01 19:44:22,2-jours,regular,,Pass 2 Jours,DICE,99.45,104.5,1,1
2026-08-01,2026-08-01 19:48:54,2-jours,regular,,Pass 2 Jours,DICE,99.45,104.5,1,1
2026-08-01,2026-08-01 19:49:44,samedi,regular,['samedi'],Pass Samedi,DICE,51.39,55.0,1,1
2026-08-01,2026-08-01 20:03:41,2-jours,regular,"['vendredi', 'samedi']",Pass 2 Jours,Shotgun,95.0,107.37,1,1
2026-08-01,2026-08-01 20:04:07,vendredi,regular,['vendredi'],Pass Vendredi,DICE,51.39,55.0,1,1
2026-08-01,2026-08-01 20:07:57,2-jours,regular,"['vendredi', 'samedi']",Pass 2 Jours,Shotgun,95.0,107.37,1,1
2026-08-01,2026-08-01 20:38:05,samedi,regular,['samedi'],Pass Samedi,DICE,51.39,55.0,1,1
2026-08-01,2026-08-01 20:38:20,samedi,regular,['samedi'],Pass Samedi,Shotgun,50.0,56.51,1,1
2026-08-01,2026-08-01 20:38:44,2-jours,regular,"['vendredi', 'samedi']",Pass 2 Jours,Shotgun,95.0,107.37,1,1
2026-08-01,2026-08-01 20:38:58,samedi,regular,['samedi'],Pass Samedi,DICE,51.39,55.0,1,1
2026-08-01,2026-08-01 20:39:19,2-jours,regular,"['vendredi', 'samedi']",Pass 2 Jours,Shotgun,95.0,107.37,1,1
2026-08-01,2026-08-01 21:49:12,samedi,regular,['samedi'],Pass Samedi,Shotgun,50.0,56.51,1,1
2026-08-01,2026-08-01 22:16:04,2-jours,regular,"['vendredi', 'samedi']",Pass 2 Jours,Shotgun,95.0,107.37,1,1
2026-08-01,2026-08-01 22:16:04,2-jours,regular,"['vendredi', 'samedi']",Pass 2 Jours,Shotgun,95.0,107.37,1,1
2026-08-01,2026-08-01 22:24:51,2-jours,regular,"['vendredi', 'samedi']",Pass 2 Jours,Shotgun,95.0,107.37,1,1
2026-08-01,2026-08-01 22:40:39,2-jours,regular,"['vendredi', 'samedi']",Pass 2 Jours,Shotgun,95.0,107.37,1,1
2026-08-01,2026-08-01 22:45:26,samedi,regular,['samedi'],Pass Samedi,Shotgun,50.0,56.51,1,1
2026-08-01,2026-08-01 23:17:51,vendredi,regular,['vendredi'],Pass Vendredi,Shotgun,50.0,56.51,1,1
2026-08-01,2026-08-01 23:19:18,samedi,regular,['samedi'],Pass Samedi,Shotgun,50.0,56.51,1,1
2026-08-01,2026-08-01 23:27:12,2-jours,regular,,Pass 2 Jours,DICE,99.45,104.5,1,1
2026-08-01,2026-08-01 23:30:52,samedi,regular,['samedi'],Pass Samedi,DICE,51.39,55.0,1,1
2026-08-01,2026-08-01 23:30:52,samedi,regular,['samedi'],Pass Samedi,DICE,51.39,55.0,1,1
2026-08-02,2026-08-02 00:41:09,2-jours,regular,"['vendredi', 'samedi']",Pass 2 Jours,Shotgun,95.0,107.37,1,1
2026-08-02,2026-08-02 00:41:09,2-jours,regular,"['vendredi', 'samedi']",Pass 2 Jours,Shotgun,95.0,107.37,1,1
2026-08-02,2026-08-02 00:53:22,2-jours,regular,"['vendredi', 'samedi']",Pass 2 Jours,Shotgun,95.0,107.37,1,1
2026-08-02,2026-08-02 01:28:53,2-jours,regular,"['vendredi', 'samedi']",Pass 2 Jours,Shotgun,95.0,107.37,1,1
2026-08-02,2026-08-02 03:11:42,vendredi,regular,['vendredi'],Pass Vendredi,Shotgun,50.0,56.51,1,1
2026-08-02,2026-08-02 06:11:13,samedi,regular,['samedi'],Pass Samedi,DICE,51.39,55.0,1,1
2026-08-02,2026-08-02 08:23:29,2-jours,regular,,Pass 2 Jours,DICE,99.45,104.5,1,1
2026-08-02,2026-08-02 09:05:58,vendredi,regular,['vendredi'],Pass Vendredi,Shotgun,50.0,56.51,1,1
2026-08-02,2026-08-02 09:13:15,samedi,regular,['samedi'],Pass Samedi,DICE,51.39,55.0,1,1
2026-08-02,2026-08-02 09:13:15,samedi,regular,['samedi'],Pass Samedi,DICE,51.39,55.0,1,1
2026-08-02,2026-08-02 09:28:35,vendredi,regular,['vendredi'],Pass Vendredi,DICE,51.39,55.0,1,1
2026-08-02,2026-08-02 09:28:35,vendredi,regular,['vendredi'],Pass Vendredi,DICE,51.39,55.0,1,1
2026-08-02,2026-08-02 09:30:40,vendredi,regular,['vendredi'],Pass Vendredi,DICE,51.39,55.0,1,1
2026-08-02,2026-08-02 09:34:01,samedi,regular,['samedi'],Pass Samedi,DICE,51.39,55.0,1,1
2026-08-02,2026-08-02 09:34:01,samedi,regular,['samedi'],Pass Samedi,DICE,51.39,55.0,1,1
2026-08-02,2026-08-02 10:05:32,samedi,regular,['samedi'],Pass Samedi,DICE,51.39,55.0,1,1
2026-08-02,2026-08-02 10:05:32,samedi,regular,['samedi'],Pass Samedi,DICE,51.39,55.0,1,1
2026-08-02,2026-08-02 10:45:56,2-jours,regular,"['vendredi', 'samedi']",Pass 2 Jours,Shotgun,95.0,107.37,1,1
2026-08-02,2026-08-02 10:45:56,2-jours,regular,"['vendredi', 'samedi']",Pass 2 Jours,Shotgun,95.0,107.37,1,1
2026-08-02,2026-08-02 10:51:41,vendredi,regular,['vendredi'],Pass Vendredi,DICE,51.39,55.0,1,1
2026-08-02,2026-08-02 10:52:13,samedi,regular,['samedi'],Pass Samedi,Shotgun,50.0,56.51,1,1
2026-08-02,2026-08-02 11:12:48,2-jours,regular,,Pass 2 Jours,DICE,99.45,104.5,1,1
2026-08-02,2026-08-02 11:19:58,2-jours,regular,"['vendredi', 'samedi']",Pass 2 Jours,Shotgun,95.0,107.37,1,1
2026-08-02,2026-08-02 11:27:14,vendredi,regular,['vendredi'],Pass Vendredi,Shotgun,50.0,56.51,1,1
2026-08-02,2026-08-02 11:40:03,vendredi,regular,['vendredi'],Pass Vendredi,DICE,51.39,55.0,1,1
2026-08-02,2026-08-02 11:45:49,vendredi,regular,['vendredi'],Pass Vendredi,DICE,51.39,55.0,1,1
2026-08-02,2026-08-02 12:13:01,vendredi,regular,['vendredi'],Pass Vendredi,Shotgun,50.0,56.51,1,1
2026-08-02,2026-08-02 12:25:30,vendredi,regular,['vendredi'],Pass Vendredi,Shotgun,50.0,56.51,1,1
2026-08-02,2026-08-02 12:31:16,samedi,regular,['samedi'],Pass Samedi,Shotgun,50.0,56.51,1,1
2026-08-02,2026-08-02 12:31:23,vendredi,regular,['vendredi'],Pass Vendredi,Shotgun,50.0,56.51,1,1
2026-08-02,2026-08-02 12:31:23,vendredi,regular,['vendredi'],Pass Vendredi,Shotgun,50.0,56.51,1,1
2026-08-02,2026-08-02 12:51:35,2-jours,regular,,Pass 2 Jours,DICE,99.45,104.5,1,1
2026-08-02,2026-08-02 12:53:43,2-jours,regular,"['vendredi', 'samedi']",Pass 2 Jours,Shotgun,95.0,107.37,1,1
2026-08-02,2026-08-02 13:48:47,vendredi,regular,['vendredi'],Pass Vendredi,Shotgun,50.0,56.51,1,1
2026-08-02,2026-08-02 13:48:47,vendredi,regular,['vendredi'],Pass Vendredi,Shotgun,50.0,56.51,1,1
2026-08-02,2026-08-02 13:51:42,samedi,regular,['samedi'],Pass Samedi,Shotgun,50.0,56.51,1,1
2026-08-02,2026-08-02 14:34:48,samedi,regular,['samedi'],Pass Samedi,DICE,51.39,55.0,1,1
2026-08-02,2026-08-02 14:57:08,2-jours,regular,,Pass 2 Jours,DICE,99.45,104.5,1,1
2026-08-02,2026-08-02 14:57:20,2-jours,regular,"['vendredi', 'samedi']",Pass 2 Jours,Shotgun,95.0,107.37,1,1
2026-08-02,2026-08-02 15:03:27,2-jours,regular,,Pass 2 Jours,DICE,99.45,104.5,1,1
2026-08-02,2026-08-02 15:03:54,2-jours,regular,,Pass 2 Jours,DICE,99.45,104.5,1,1
2026-08-02,2026-08-02 15:04:41,samedi,regular,['samedi'],Pass Samedi,Shotgun,50.0,56.51,1,1
2026-08-02,2026-08-02 16:03:34,vendredi,regular,['vendredi'],Pass Vendredi,DICE,51.39,55.0,1,1
2026-08-02,2026-08-02 16:03:34,vendredi,regular,['vendredi'],Pass Vendredi,DICE,51.39,55.0,1,1
2026-08-02,2026-08-02 16:22:17,2-jours,regular,"['vendredi', 'samedi']",Pass 2 Jours,Shotgun,95.0,107.37,1,1
2026-08-02,2026-08-02 16:33:41,vendredi,regular,['vendredi'],Pass Vendredi,Shotgun,50.0,56.51,1,1
2026-08-02,2026-08-02 16:52:06,vendredi,regular,['vendredi'],Pass Vendredi,Shotgun,50.0,56.51,1,1
2026-08-02,2026-08-02 16:56:31,2-jours,regular,"['vendredi', 'samedi']",Pass 2 Jours,Shotgun,95.0,107.37,1,1
2026-08-02,2026-08-02 17:00:16,2-jours,regular,"['vendredi', 'samedi']",Pass 2 Jours,Shotgun,95.0,107.37,1,1
2026-08-02,2026-08-02 17:11:28,vendredi,regular,['vendredi'],Pass Vendredi,DICE,51.39,55.0,1,1
2026-08-02,2026-08-02 17:11:28,vendredi,regular,['vendredi'],Pass Vendredi,DICE,51.39,55.0,1,1
2026-08-02,2026-08-02 17:17:52,vendredi,regular,['vendredi'],Pass Vendredi,Shotgun,50.0,56.51,1,1
2026-08-02,2026-08-02 17:17:52,vendredi,regular,['vendredi'],Pass Vendredi,Shotgun,50.0,56.51,1,1
2026-08-02,2026-08-02 17:27:30,samedi,regular,['samedi'],Pass Samedi,Shotgun,50.0,56.51,1,1
2026-08-02,2026-08-02 17:34:47,vendredi,regular,['vendredi'],Pass Vendredi,DICE,51.39,55.0,1,1
2026-08-02,2026-08-02 17:35:26,vendredi,regular,['vendredi'],Pass Vendredi,DICE,51.39,55.0,1,1
2026-08-02,2026-08-02 18:25:37,samedi,regular,['samedi'],Pass Samedi,DICE,51.39,55.0,1,1
2026-08-02,2026-08-02 18:53:13,2-jours,regular,,Pass 2 Jours,DICE,99.45,104.5,1,1
2026-08-02,2026-08-02 18:53:13,2-jours,regular,,Pass 2 Jours,DICE,99.45,104.5,1,1
2026-08-02,2026-08-02 19:09:40,vendredi,regular,['vendredi'],Pass Vendredi,DICE,51.39,55.0,1,1
2026-08-02,2026-08-02 19:09:40,vendredi,regular,['vendredi'],Pass Vendredi,DICE,51.39,55.0,1,1
2026-08-02,2026-08-02 19:10:12,2-jours,regular,,Pass 2 Jours,DICE,99.45,104.5,1,1
2026-08-02,2026-08-02 19:10:12,2-jours,regular,,Pass 2 Jours,DICE,99.45,104.5,1,1
2026-08-02,2026-08-02 19:22:29,2-jours,regular,"['vendredi', 'samedi']",Pass 2 Jours,Shotgun,95.0,107.37,1,1
2026-08-02,2026-08-02 19:23:36,2-jours,regular,"['vendredi', 'samedi']",Pass 2 Jours,Shotgun,95.0,107.37,1,1
2026-08-02,2026-08-02 19:23:56,vendredi,regular,['vendredi'],Pass Vendredi,Shotgun,50.0,56.51,1,1
2026-08-02,2026-08-02 19:23:56,vendredi,regular,['vendredi'],Pass Vendredi,Shotgun,50.0,56.51,1,1
2026-08-02,2026-08-02 20:09:20,vendredi,regular,['vendredi'],Pass Vendredi,DICE,51.39,55.0,1,1
2026-08-02,2026-08-02 20:09:20,vendredi,regular,['vendredi'],Pass Vendredi,DICE,51.39,55.0,1,1
2026-08-02,2026-08-02 20:09:20,vendredi,regular,['vendredi'],Pass Vendredi,DICE,51.39,55.0,1,1
2026-08-02,2026-08-02 20:09:20,vendredi,regular,['vendredi'],Pass Vendredi,DICE,51.39,55.0,1,1
2026-08-02,2026-08-02 20:26:13,samedi,regular,['samedi'],Pass Samedi,Shotgun,50.0,56.51,1,1
2026-08-02,2026-08-02 20:26:13,samedi,regular,['samedi'],Pass Samedi,Shotgun,50.0,56.51,1,1
2026-08-02,2026-08-02 20:26:36,2-jours,regular,"['vendredi', 'samedi']",Pass 2 Jours,Shotgun,95.0,107.37,1,1
2026-08-02,2026-08-02 20:31:05,2-jours,regular,"['vendredi', 'samedi']",Pass 2 Jours,Shotgun,95.0,107.37,1,1
2026-08-02,2026-08-02 20:31:22,2-jours,regular,"['vendredi', 'samedi']",Pass 2 Jours,Shotgun,95.0,107.37,1,1
2026-08-02,2026-08-02 20:31:22,2-jours,regular,"['vendredi', 'samedi']",Pass 2 Jours,Shotgun,95.0,107.37,1,1
2026-08-02,2026-08-02 20:50:48,vendredi,regular,['vendredi'],Pass Vendredi,DICE,51.39,55.0,1,1
2026-08-02,2026-08-02 20:50:48,vendredi,regular,['vendredi'],Pass Vendredi,DICE,51.39,55.0,1,1
2026-08-02,2026-08-02 20:58:26,vendredi,regular,['vendredi'],Pass Vendredi,DICE,51.39,55.0,1,1
2026-08-02,2026-08-02 20:58:26,vendredi,regular,['vendredi'],Pass Vendredi,DICE,51.39,55.0,1,1
2026-08-02,2026-08-02 21:18:40,vendredi,regular,['vendredi'],Pass Vendredi,Shotgun,50.0,56.51,1,1
2026-08-02,2026-08-02 21:25:49,vendredi,regular,['vendredi'],Pass Vendredi,Shotgun,50.0,56.51,1,1
2026-08-02,2026-08-02 21:25:49,vendredi,regular,['vendredi'],Pass Vendredi,Shotgun,50.0,56.51,1,1
2026-08-02,2026-08-02 21:25:49,vendredi,regular,['vendredi'],Pass Vendredi,Shotgun,50.0,56.51,1,1
2026-08-02,2026-08-02 21:33:29,vendredi,regular,['vendredi'],Pass Vendredi,Shotgun,50.0,56.51,1,1
2026-08-02,2026-08-02 21:33:29,vendredi,regular,['vendredi'],Pass Vendredi,Shotgun,50.0,56.51,1,1
2026-08-02,2026-08-02 21:34:39,vendredi,regular,['vendredi'],Pass Vendredi,Shotgun,50.0,56.51,1,1
2026-08-02,2026-08-02 21:34:39,vendredi,regular,['vendredi'],Pass Vendredi,Shotgun,50.0,56.51,1,1
2026-08-02,2026-08-02 21:39:36,vendredi,regular,['vendredi'],Pass Vendredi,Shotgun,50.0,56.51,1,1
2026-08-02,2026-08-02 21:39:36,samedi,regular,['samedi'],Pass Samedi,Shotgun,50.0,56.51,1,1
2026-08-02,2026-08-02 22:14:00,samedi,regular,['samedi'],Pass Samedi,DICE,51.39,55.0,1,1
2026-08-03,2026-08-03 03:03:44,2-jours,regular,,Pass 2 Jours,DICE,99.45,104.5,1,1
2026-08-03,2026-08-03 04:40:42,vendredi,regular,['vendredi'],Pass Vendredi,Shotgun,50.0,56.51,1,1
2026-08-03,2026-08-03 04:40:42,vendredi,regular,['vendredi'],Pass Vendredi,Shotgun,50.0,56.51,1,1
2026-08-03,2026-08-03 07:11:21,samedi,regular,['samedi'],Pass Samedi,Shotgun,50.0,56.51,1,1
2026-08-03,2026-08-03 07:27:34,2-jours,regular,,Pass 2 Jours,DICE,99.45,104.5,1,1
2026-08-03,2026-08-03 07:37:31,vendredi,regular,['vendredi'],Pass Vendredi,DICE,51.39,55.0,1,1
2026-08-03,2026-08-03 07:37:33,vendredi,regular,['vendredi'],Pass Vendredi,Shotgun,50.0,56.51,1,1
2026-08-03,2026-08-03 08:01:20,vendredi,regular,['vendredi'],Pass Vendredi,DICE,51.39,55.0,1,1
2026-08-03,2026-08-03 08:03:29,2-jours,regular,"['vendredi', 'samedi']",Pass 2 Jours,Shotgun,95.0,107.37,1,1
2026-08-03,2026-08-03 09:10:03,2-jours,regular,"['vendredi', 'samedi']",Pass 2 Jours,Shotgun,95.0,107.37,1,1
2026-08-03,2026-08-03 09:15:19,vendredi,regular,['vendredi'],Pass Vendredi,Shotgun,50.0,56.51,1,1
2026-08-03,2026-08-03 09:17:59,vendredi,regular,['vendredi'],Pass Vendredi,Shotgun,50.0,56.51,1,1
2026-08-03,2026-08-03 09:26:27,2-jours,regular,"['vendredi', 'samedi']",Pass 2 Jours,Shotgun,95.0,107.37,1,1
2026-08-03,2026-08-03 09:31:50,samedi,regular,['samedi'],Pass Samedi,Shotgun,50.0,56.51,1,1
2026-08-03,2026-08-03 09:52:34,samedi,regular,['samedi'],Pass Samedi,Shotgun,50.0,56.51,1,1
2026-08-03,2026-08-03 10:12:43,2-jours,regular,"['vendredi', 'samedi']",Pass 2 Jours,Shotgun,95.0,107.37,1,1
2026-08-03,2026-08-03 10:12:43,2-jours,regular,"['vendredi', 'samedi']",Pass 2 Jours,Shotgun,95.0,107.37,1,1
2026-08-03,2026-08-03 10:12:43,2-jours,regular,"['vendredi', 'samedi']",Pass 2 Jours,Shotgun,95.0,107.37,1,1
2026-08-03,2026-08-03 10:16:00,vendredi,regular,['vendredi'],Pass Vendredi,Shotgun,50.0,56.51,1,1
2026-08-03,2026-08-03 10:44:09,samedi,regular,['samedi'],Pass Samedi,Shotgun,50.0,56.51,1,1
2026-08-03,2026-08-03 10:59:38,samedi,regular,['samedi'],Pass Samedi,Shotgun,50.0,56.51,1,1
2026-08-03,2026-08-03 11:02:12,samedi,regular,['samedi'],Pass Samedi,DICE,51.39,55.0,1,1
2026-08-03,2026-08-03 11:28:41,2-jours,regular,,Pass 2 Jours,DICE,99.45,104.5,1,1
2026-08-03,2026-08-03 11:30:25,vendredi,regular,['vendredi'],Pass Vendredi,Shotgun,50.0,56.51,1,1
2026-08-03,2026-08-03 11:30:25,vendredi,regular,['vendredi'],Pass Vendredi,Shotgun,50.0,56.51,1,1
2026-08-03,2026-08-03 11:32:06,samedi,regular,['samedi'],Pass Samedi,Shotgun,50.0,56.51,1,1
2026-08-03,2026-08-03 11:38:10,vendredi,regular,['vendredi'],Pass Vendredi,Shotgun,50.0,56.51,1,1
2026-08-03,2026-08-03 12:02:35,samedi,regular,['samedi'],Pass Samedi,DICE,51.39,55.0,1,1
2026-08-03,2026-08-03 12:08:21,samedi,regular,['samedi'],Pass Samedi,Shotgun,50.0,56.51,1,1
2026-08-03,2026-08-03 12:22:26,samedi,regular,['samedi'],Pass Samedi,Shotgun,50.0,56.51,1,1
2026-08-03,2026-08-03 12:40:29,vendredi,regular,['vendredi'],Pass Vendredi,Shotgun,50.0,56.51,1,1
2026-08-03,2026-08-03 12:43:44,2-jours,regular,"['vendredi', 'samedi']",Pass 2 Jours,Shotgun,95.0,107.37,1,1
2026-08-03,2026-08-03 12:53:58,2-jours,regular,"['vendredi', 'samedi']",Pass 2 Jours,Shotgun,95.0,107.37,1,1
2026-08-03,2026-08-03 13:32:10,samedi,regular,['samedi'],Pass Samedi,Shotgun,50.0,56.51,1,1
2026-08-03,2026-08-03 14:09:55,2-jours,regular,"['vendredi', 'samedi']",Pass 2 Jours,Shotgun,95.0,107.37,1,1
2026-08-03,2026-08-03 14:42:29,samedi,regular,['samedi'],Pass Samedi,DICE,51.39,55.0,1,1
2026-08-03,2026-08-03 14:50:22,samedi,regular,['samedi'],Pass Samedi,DICE,51.39,55.0,1,1
2026-08-03,2026-08-03 15:36:53,samedi,regular,['samedi'],Pass Samedi,Shotgun,50.0,56.51,1,1
2026-08-03,2026-08-03 16:30:58,samedi,regular,['samedi'],Pass Samedi,DICE,51.39,55.0,1,1
2026-08-03,2026-08-03 16:30:58,samedi,regular,['samedi'],Pass Samedi,DICE,51.39,55.0,1,1
2026-08-03,2026-08-03 17:11:02,2-jours,regular,,Pass 2 Jours,DICE,99.45,104.5,1,1
2026-08-03,2026-08-03 17:27:39,samedi,regular,['samedi'],Pass Samedi,DICE,51.39,55.0,1,1
2026-08-03,2026-08-03 17:29:16,samedi,regular,['samedi'],Pass Samedi,DICE,51.39,55.0,1,1
2026-08-03,2026-08-03 17:48:46,samedi,regular,['samedi'],Pass Samedi,Shotgun,50.0,56.51,1,1
2026-08-03,2026-08-03 18:15:51,vendredi,regular,['vendredi'],Pass Vendredi,DICE,51.39,55.0,1,1
2026-08-03,2026-08-03 18:16:40,2-jours,regular,"['vendredi', 'samedi']",Pass 2 Jours,Shotgun,95.0,107.37,1,1
2026-08-03,2026-08-03 18:29:10,samedi,regular,['samedi'],Pass Samedi,Shotgun,50.0,56.51,1,1
2026-08-03,2026-08-03 18:29:16,2-jours,regular,"['vendredi', 'samedi']",Pass 2 Jours,Shotgun,95.0,107.37,1,1
2026-08-03,2026-08-03 18:29:16,2-jours,regular,"['vendredi', 'samedi']",Pass 2 Jours,Shotgun,95.0,107.37,1,1
2026-08-03,2026-08-03 18:42:49,samedi,regular,['samedi'],Pass Samedi,Shotgun,50.0,56.51,1,1
2026-08-03,2026-08-03 18:42:49,samedi,regular,['samedi'],Pass Samedi,Shotgun,50.0,56.51,1,1
2026-08-03,2026-08-03 18:54:04,samedi,regular,['samedi'],Pass Samedi,Shotgun,50.0,56.51,1,1
2026-08-03,2026-08-03 18:54:44,2-jours,regular,,Pass 2 Jours,DICE,99.45,104.5,1,1
2026-08-03,2026-08-03 18:54:44,2-jours,regular,,Pass 2 Jours,DICE,99.45,104.5,1,1
2026-08-03,2026-08-03 18:58:00,2-jours,regular,,Pass 2 Jours,DICE,99.45,104.5,1,1
2026-08-03,2026-08-03 19:04:54,2-jours,regular,,Pass 2 Jours,DICE,99.45,104.5,1,1
2026-08-03,2026-08-03 19:12:34,vendredi,regular,['vendredi'],Pass Vendredi,Shotgun,50.0,56.51,1,1
2026-08-03,2026-08-03 19:16:46,vendredi,regular,['vendredi'],Pass Vendredi,Shotgun,50.0,56.51,1,1
2026-08-03,2026-08-03 19:36:09,samedi,regular,['samedi'],Pass Samedi,DICE,51.39,55.0,1,1
2026-08-03,2026-08-03 19:36:09,samedi,regular,['samedi'],Pass Samedi,DICE,51.39,55.0,1,1
2026-08-03,2026-08-03 19:44:18,2-jours,regular,,Pass 2 Jours,DICE,99.45,104.5,1,1
2026-08-03,2026-08-03 19:48:36,2-jours,regular,,Pass 2 Jours,DICE,99.45,104.5,1,1
2026-08-03,2026-08-03 19:48:36,2-jours,regular,,Pass 2 Jours,DICE,99.45,104.5,1,1
2026-08-03,2026-08-03 19:51:41,2-jours,regular,,Pass 2 Jours,DICE,99.45,104.5,1,1
2026-08-03,2026-08-03 19:51:41,2-jours,regular,,Pass 2 Jours,DICE,99.45,104.5,1,1
2026-08-03,2026-08-03 20:17:05,2-jours,regular,,Pass 2 Jours,DICE,99.45,104.5,1,1
2026-08-03,2026-08-03 20:23:18,2-jours,regular,"['vendredi', 'samedi']",Pass 2 Jours,Shotgun,95.0,107.37,1,1
2026-08-03,2026-08-03 20:27:36,2-jours,regular,"['vendredi', 'samedi']",Pass 2 Jours,Shotgun,95.0,107.37,1,1
2026-08-03,2026-08-03 20:38:56,2-jours,regular,,Pass 2 Jours,DICE,99.45,104.5,1,1
2026-08-03,2026-08-03 20:40:32,vendredi,regular,['vendredi'],Pass Vendredi,Shotgun,50.0,56.51,1,1
2026-08-03,2026-08-03 20:45:18,vendredi,regular,['vendredi'],Pass Vendredi,Shotgun,50.0,56.51,1,1
2026-08-03,2026-08-03 21:03:09,vendredi,regular,['vendredi'],Pass Vendredi,Shotgun,50.0,56.51,1,1
2026-08-03,2026-08-03 21:08:04,2-jours,regular,"['vendredi', 'samedi']",Pass 2 Jours,Shotgun,95.0,107.37,1,1
2026-08-03,2026-08-03 21:08:42,2-jours,regular,,Pass 2 Jours,DICE,99.45,104.5,1,1
2026-08-03,2026-08-03 21:09:01,2-jours,regular,,Pass 2 Jours,DICE,99.45,104.5,1,1
2026-08-03,2026-08-03 21:30:18,vendredi,regular,['vendredi'],Pass Vendredi,DICE,51.39,55.0,1,1
2026-08-03,2026-08-03 21:32:01,vendredi,regular,['vendredi'],Pass Vendredi,DICE,51.39,55.0,1,1
2026-08-04,2026-08-04 01:06:04,samedi,regular,['samedi'],Pass Samedi,Shotgun,50.0,56.51,1,1
2026-08-04,2026-08-04 01:26:38,samedi,regular,['samedi'],Pass Samedi,DICE,51.39,55.0,1,1
2026-08-04,2026-08-04 06:15:13,samedi,regular,['samedi'],Pass Samedi,Shotgun,50.0,56.51,1,1
2026-08-04,2026-08-04 06:15:13,samedi,regular,['samedi'],Pass Samedi,Shotgun,50.0,56.51,1,1
2026-08-04,2026-08-04 06:51:27,vendredi,regular,['vendredi'],Pass Vendredi,Shotgun,50.0,56.51,1,1
2026-08-04,2026-08-04 08:21:32,samedi,regular,['samedi'],Pass Samedi,DICE,51.39,55.0,1,1
2026-08-04,2026-08-04 08:31:59,vendredi,regular,['vendredi'],Pass Vendredi,DICE,51.39,55.0,1,1
2026-08-04,2026-08-04 08:55:21,vendredi,regular,['vendredi'],Pass Vendredi,Shotgun,50.0,56.51,1,1
2026-08-04,2026-08-04 09:08:59,2-jours,regular,"['vendredi', 'samedi']",Pass 2 Jours,Shotgun,95.0,107.37,1,1
2026-08-04,2026-08-04 09:46:54,vendredi,regular,['vendredi'],Pass Vendredi,DICE,51.39,55.0,1,1
2026-08-04,2026-08-04 09:46:54,vendredi,regular,['vendredi'],Pass Vendredi,DICE,51.39,55.0,1,1
2026-08-04,2026-08-04 10:03:45,vendredi,regular,['vendredi'],Pass Vendredi,Shotgun,50.0,56.51,1,1
2026-08-04,2026-08-04 10:17:26,2-jours,regular,,Pass 2 Jours,DICE,99.45,104.5,1,1
2026-08-04,2026-08-04 10:33:49,samedi,regular,['samedi'],Pass Samedi,Shotgun,50.0,56.51,1,1
2026-08-04,2026-08-04 10:37:43,2-jours,regular,"['vendredi', 'samedi']",Pass 2 Jours,Shotgun,95.0,107.37,1,1
2026-08-04,2026-08-04 11:27:59,vendredi,regular,['vendredi'],Pass Vendredi,DICE,51.39,55.0,1,1
2026-08-04,2026-08-04 11:33:46,2-jours,regular,"['vendredi', 'samedi']",Pass 2 Jours,Shotgun,95.0,107.37,1,1
2026-08-04,2026-08-04 11:36:12,2-jours,regular,"['vendredi', 'samedi']",Pass 2 Jours,Shotgun,95.0,107.37,1,1
2026-08-04,2026-08-04 11:40:42,samedi,regular,['samedi'],Pass Samedi,DICE,51.39,55.0,1,1
2026-08-04,2026-08-04 11:40:42,samedi,regular,['samedi'],Pass Samedi,DICE,51.39,55.0,1,1
2026-08-04,2026-08-04 11:56:27,2-jours,regular,"['vendredi', 'samedi']",Pass 2 Jours,Shotgun,95.0,107.37,1,1
2026-08-04,2026-08-04 12:27:51,2-jours,regular,"['vendredi', 'samedi']",Pass 2 Jours,Shotgun,95.0,107.37,1,1
2026-08-04,2026-08-04 12:27:51,2-jours,regular,"['vendredi', 'samedi']",Pass 2 Jours,Shotgun,95.0,107.37,1,1
2026-08-04,2026-08-04 12:51:22,2-jours,regular,,Pass 2 Jours,DICE,99.45,104.5,1,1
2026-08-04,2026-08-04 13:42:37,samedi,regular,['samedi'],Pass Samedi,DICE,51.39,55.0,1,1
2026-08-04,2026-08-04 13:58:40,samedi,regular,['samedi'],Pass Samedi,Shotgun,50.0,56.51,1,1
2026-08-04,2026-08-04 14:34:15,2-jours,regular,"['vendredi', 'samedi']",Pass 2 Jours,Shotgun,95.0,107.37,1,1
2026-08-04,2026-08-04 14:37:03,vendredi,regular,['vendredi'],Pass Vendredi,Shotgun,50.0,56.51,1,1
2026-08-04,2026-08-04 14:37:15,samedi,regular,['samedi'],Pass Samedi,Shotgun,50.0,56.51,1,1
2026-08-04,2026-08-04 15:33:10,vendredi,regular,['vendredi'],Pass Vendredi,Shotgun,50.0,56.51,1,1
2026-08-04,2026-08-04 15:33:10,vendredi,regular,['vendredi'],Pass Vendredi,Shotgun,50.0,56.51,1,1
2026-08-04,2026-08-04 15:56:45,samedi,regular,['samedi'],Pass Samedi,Shotgun,50.0,56.51,1,1
2026-08-04,2026-08-04 16:02:07,samedi,regular,['samedi'],Pass Samedi,Shotgun,50.0,56.51,1,1
2026-08-04,2026-08-04 16:03:31,samedi,regular,['samedi'],Pass Samedi,Shotgun,50.0,56.51,1,1
2026-08-04,2026-08-04 16:03:31,samedi,regular,['samedi'],Pass Samedi,Shotgun,50.0,56.51,1,1
2026-08-04,2026-08-04 16:12:48,samedi,regular,['samedi'],Pass Samedi,DICE,51.39,55.0,1,1
2026-08-04,2026-08-04 16:43:28,2-jours,regular,"['vendredi', 'samedi']",Pass 2 Jours,Shotgun,95.0,107.37,1,1
2026-08-04,2026-08-04 16:57:39,vendredi,regular,['vendredi'],Pass Vendredi,DICE,51.39,55.0,1,1
2026-08-04,2026-08-04 17:33:42,2-jours,regular,"['vendredi', 'samedi']",Pass 2 Jours,Shotgun,95.0,107.37,1,1
2026-08-04,2026-08-04 17:41:04,samedi,regular,['samedi'],Pass Samedi,DICE,51.39,55.0,1,1
2026-08-04,2026-08-04 18:03:35,vendredi,regular,['vendredi'],Pass Vendredi,DICE,51.39,55.0,1,1
2026-08-04,2026-08-04 18:07:09,samedi,regular,['samedi'],Pass Samedi,Shotgun,50.0,56.51,1,1
2026-08-04,2026-08-04 18:32:08,vendredi,regular,['vendredi'],Pass Vendredi,DICE,51.39,55.0,1,1
2026-08-04,2026-08-04 18:35:24,samedi,regular,['samedi'],Pass Samedi,DICE,51.39,55.0,1,1
2026-08-04,2026-08-04 18:35:24,samedi,regular,['samedi'],Pass Samedi,DICE,51.39,55.0,1,1
2026-08-04,2026-08-04 18:39:14,vendredi,regular,['vendredi'],Pass Vendredi,DICE,51.39,55.0,1,1
2026-08-04,2026-08-04 18:42:54,samedi,regular,['samedi'],Pass Samedi,DICE,51.39,55.0,1,1
2026-08-04,2026-08-04 19:16:59,2-jours,regular,"['vendredi', 'samedi']",Pass 2 Jours,Shotgun,95.0,107.37,1,1
2026-08-04,2026-08-04 19:16:59,vendredi,regular,['vendredi'],Pass Vendredi,Shotgun,50.0,56.51,1,1
2026-08-04,2026-08-04 19:16:59,vendredi,regular,['vendredi'],Pass Vendredi,Shotgun,50.0,56.51,1,1
2026-08-04,2026-08-04 19:16:59,2-jours,regular,"['vendredi', 'samedi']",Pass 2 Jours,Shotgun,95.0,107.37,1,1
2026-08-04,2026-08-04 19:18:15,2-jours,regular,"['vendredi', 'samedi']",Pass 2 Jours,Shotgun,95.0,107.37,1,1
2026-08-04,2026-08-04 19:18:15,2-jours,regular,"['vendredi', 'samedi']",Pass 2 Jours,Shotgun,95.0,107.37,1,1
2026-08-04,2026-08-04 19:23:36,vendredi,regular,['vendredi'],Pass Vendredi,DICE,51.39,55.0,1,1
2026-08-04,2026-08-04 19:24:24,2-jours,regular,"['vendredi', 'samedi']",Pass 2 Jours,Shotgun,95.0,107.37,1,1
2026-08-04,2026-08-04 19:35:20,samedi,regular,['samedi'],Pass Samedi,DICE,51.39,55.0,1,1
2026-08-04,2026-08-04 19:38:08,vendredi,regular,['vendredi'],Pass Vendredi,DICE,51.39,55.0,1,1
2026-08-04,2026-08-04 19:58:36,2-jours,regular,,Pass 2 Jours,DICE,99.45,104.5,1,1
2026-08-04,2026-08-04 19:59:46,2-jours,regular,,Pass 2 Jours,DICE,99.45,104.5,1,1
2026-08-04,2026-08-04 20:15:22,samedi,regular,['samedi'],Pass Samedi,DICE,51.39,55.0,1,1
2026-08-04,2026-08-04 20:29:24,vendredi,regular,['vendredi'],Pass Vendredi,DICE,51.39,55.0,1,1
2026-08-04,2026-08-04 20:29:24,vendredi,regular,['vendredi'],Pass Vendredi,DICE,51.39,55.0,1,1
2026-08-04,2026-08-04 20:47:04,samedi,regular,['samedi'],Pass Samedi,DICE,51.39,55.0,1,1
2026-08-04,2026-08-04 21:04:33,vendredi,regular,['vendredi'],Pass Vendredi,DICE,51.39,55.0,1,1
2026-08-04,2026-08-04 21:04:33,vendredi,regular,['vendredi'],Pass Vendredi,DICE,51.39,55.0,1,1
2026-08-04,2026-08-04 21:12:54,2-jours,regular,"['vendredi', 'samedi']",Pass 2 Jours,Shotgun,95.0,107.37,1,1
2026-08-04,2026-08-04 21:17:47,samedi,regular,['samedi'],Pass Samedi,DICE,51.39,55.0,1,1
2026-08-04,2026-08-04 21:39:55,2-jours,regular,"['vendredi', 'samedi']",Pass 2 Jours,Shotgun,95.0,107.37,1,1
2026-08-04,2026-08-04 21:41:21,2-jours,regular,"['vendredi', 'samedi']",Pass 2 Jours,Shotgun,95.0,107.37,1,1
2026-08-04,2026-08-04 22:08:44,vendredi,regular,['vendredi'],Pass Vendredi,DICE,51.39,55.0,1,1
2026-08-05,2026-08-05 05:04:10,2-jours,regular,"['vendredi', 'samedi']",Pass 2 Jours,Shotgun,95.0,107.37,1,1
2026-08-05,2026-08-05 05:43:23,vendredi,regular,['vendredi'],Pass Vendredi,Shotgun,50.0,56.51,1,1
2026-08-05,2026-08-05 05:43:23,vendredi,regular,['vendredi'],Pass Vendredi,Shotgun,50.0,56.51,1,1
2026-08-05,2026-08-05 07:15:41,2-jours,regular,,Pass 2 Jours,DICE,99.45,104.5,1,1
2026-08-05,2026-08-05 07:46:19,samedi,regular,['samedi'],Pass Samedi,Shotgun,50.0,56.51,1,1
2026-08-05,2026-08-05 07:52:00,vendredi,regular,['vendredi'],Pass Vendredi,Shotgun,50.0,56.51,1,1
2026-08-05,2026-08-05 07:55:13,samedi,regular,['samedi'],Pass Samedi,DICE,51.39,55.0,1,1
2026-08-05,2026-08-05 08:07:28,vendredi,regular,['vendredi'],Pass Vendredi,Shotgun,50.0,56.51,1,1
2026-08-05,2026-08-05 08:07:28,vendredi,regular,['vendredi'],Pass Vendredi,Shotgun,50.0,56.51,1,1
2026-08-05,2026-08-05 08:20:10,2-jours,regular,"['vendredi', 'samedi']",Pass 2 Jours,Shotgun,95.0,107.37,1,1
2026-08-05,2026-08-05 09:22:26,samedi,regular,['samedi'],Pass Samedi,DICE,51.39,55.0,1,1
2026-08-05,2026-08-05 09:28:00,samedi,regular,['samedi'],Pass Samedi,Shotgun,50.0,56.51,1,1
2026-08-05,2026-08-05 09:54:10,samedi,regular,['samedi'],Pass Samedi,DICE,51.39,55.0,1,1
2026-08-05,2026-08-05 10:09:06,2-jours,regular,"['vendredi', 'samedi']",Pass 2 Jours,Shotgun,95.0,107.37,1,1
2026-08-05,2026-08-05 10:22:16,vendredi,regular,['vendredi'],Pass Vendredi,Shotgun,50.0,56.51,1,1
2026-08-05,2026-08-05 10:39:26,2-jours,regular,"['vendredi', 'samedi']",Pass 2 Jours,Shotgun,95.0,107.37,1,1
2026-08-05,2026-08-05 10:55:08,samedi,regular,['samedi'],Pass Samedi,DICE,51.39,55.0,1,1
2026-08-05,2026-08-05 11:06:46,2-jours,regular,,Pass 2 Jours,DICE,99.45,104.5,1,1
2026-08-05,2026-08-05 11:44:48,samedi,regular,['samedi'],Pass Samedi,Shotgun,50.0,56.51,1,1
2026-08-05,2026-08-05 12:14:58,2-jours,regular,,Pass 2 Jours,DICE,99.45,104.5,1,1
2026-08-05,2026-08-05 12:58:02,2-jours,regular,"['vendredi', 'samedi']",Pass 2 Jours,Shotgun,95.0,107.37,1,1
2026-08-05,2026-08-05 13:10:28,vendredi,regular,['vendredi'],Pass Vendredi,DICE,51.39,55.0,1,1
2026-08-05,2026-08-05 13:10:28,vendredi,regular,['vendredi'],Pass Vendredi,DICE,51.39,55.0,1,1
2026-08-05,2026-08-05 13:17:31,2-jours,regular,"['vendredi', 'samedi']",Pass 2 Jours,Shotgun,95.0,107.37,1,1
2026-08-05,2026-08-05 13:46:48,samedi,regular,['samedi'],Pass Samedi,Shotgun,50.0,56.51,1,1
2026-08-05,2026-08-05 14:19:07,2-jours,regular,"['vendredi', 'samedi']",Pass 2 Jours,Shotgun,95.0,107.37,1,1
2026-08-05,2026-08-05 14:26:01,samedi,regular,['samedi'],Pass Samedi,Shotgun,50.0,56.51,1,1
2026-08-05,2026-08-05 14:30:13,vendredi,regular,['vendredi'],Pass Vendredi,DICE,51.39,55.0,1,1
2026-08-05,2026-08-05 14:41:22,samedi,regular,['samedi'],Pass Samedi,DICE,51.39,55.0,1,1
2026-08-05,2026-08-05 14:41:22,samedi,regular,['samedi'],Pass Samedi,DICE,51.39,55.0,1,1
2026-08-05,2026-08-05 14:57:33,2-jours,regular,"['vendredi', 'samedi']",Pass 2 Jours,Shotgun,95.0,107.37,1,1
2026-08-05,2026-08-05 15:00:04,2-jours,regular,"['vendredi', 'samedi']",Pass 2 Jours,Shotgun,95.0,107.37,1,1
2026-08-05,2026-08-05 15:24:42,samedi,regular,['samedi'],Pass Samedi,DICE,51.39,55.0,1,1
2026-08-05,2026-08-05 16:04:57,samedi,regular,['samedi'],Pass Samedi,DICE,51.39,55.0,1,1
2026-08-05,2026-08-05 16:30:53,samedi,regular,['samedi'],Pass Samedi,Shotgun,50.0,56.51,1,1
2026-08-05,2026-08-05 16:38:23,2-jours,regular,,Pass 2 Jours,DICE,99.45,104.5,1,1
2026-08-05,2026-08-05 17:11:36,vendredi,regular,['vendredi'],Pass Vendredi,Shotgun,50.0,56.51,1,1
2026-08-05,2026-08-05 17:14:32,2-jours,regular,"['vendredi', 'samedi']",Pass 2 Jours,Shotgun,95.0,107.37,1,1
2026-08-05,2026-08-05 17:24:59,vendredi,regular,['vendredi'],Pass Vendredi,DICE,51.39,55.0,1,1
2026-08-05,2026-08-05 17:30:52,2-jours,regular,"['vendredi', 'samedi']",Pass 2 Jours,Shotgun,95.0,107.37,1,1
2026-08-05,2026-08-05 17:36:25,samedi,regular,['samedi'],Pass Samedi,DICE,51.39,55.0,1,1
2026-08-05,2026-08-05 17:36:25,samedi,regular,['samedi'],Pass Samedi,DICE,51.39,55.0,1,1
2026-08-05,2026-08-05 17:49:16,vendredi,regular,['vendredi'],Pass Vendredi,Shotgun,50.0,56.51,1,1
2026-08-05,2026-08-05 17:49:16,samedi,regular,['samedi'],Pass Samedi,Shotgun,50.0,56.51,1,1
2026-08-05,2026-08-05 18:02:24,2-jours,regular,"['vendredi', 'samedi']",Pass 2 Jours,Shotgun,95.0,107.37,1,1
2026-08-05,2026-08-05 18:13:47,samedi,regular,['samedi'],Pass Samedi,Shotgun,50.0,56.51,1,1
2026-08-05,2026-08-05 18:13:47,samedi,regular,['samedi'],Pass Samedi,Shotgun,50.0,56.51,1,1
2026-08-05,2026-08-05 18:38:40,2-jours,regular,"['vendredi', 'samedi']",Pass 2 Jours,Shotgun,95.0,107.37,1,1
2026-08-05,2026-08-05 18:44:32,vendredi,regular,['vendredi'],Pass Vendredi,DICE,51.39,55.0,1,1
2026-08-05,2026-08-05 18:53:33,vendredi,regular,['vendredi'],Pass Vendredi,DICE,51.39,55.0,1,1
2026-08-05,2026-08-05 18:54:29,vendredi,regular,['vendredi'],Pass Vendredi,DICE,51.39,55.0,1,1
2026-08-05,2026-08-05 18:54:51,vendredi,regular,['vendredi'],Pass Vendredi,DICE,51.39,55.0,1,1
2026-08-05,2026-08-05 19:04:46,samedi,regular,['samedi'],Pass Samedi,DICE,51.39,55.0,1,1
2026-08-05,2026-08-05 19:12:03,vendredi,regular,['vendredi'],Pass Vendredi,Shotgun,50.0,56.51,1,1
2026-08-05,2026-08-05 19:12:25,samedi,regular,['samedi'],Pass Samedi,Shotgun,50.0,56.51,1,1
2026-08-05,2026-08-05 19:12:25,samedi,regular,['samedi'],Pass Samedi,Shotgun,50.0,56.51,1,1
2026-08-05,2026-08-05 20:03:07,2-jours,regular,"['vendredi', 'samedi']",Pass 2 Jours,Shotgun,95.0,107.37,1,1
2026-08-05,2026-08-05 20:26:58,vendredi,regular,['vendredi'],Pass Vendredi,DICE,51.39,55.0,1,1
2026-08-05,2026-08-05 20:26:58,vendredi,regular,['vendredi'],Pass Vendredi,DICE,51.39,55.0,1,1
2026-08-05,2026-08-05 20:38:58,samedi,regular,['samedi'],Pass Samedi,DICE,51.39,55.0,1,1
2026-08-05,2026-08-05 20:39:04,samedi,regular,['samedi'],Pass Samedi,DICE,51.39,55.0,1,1
2026-08-05,2026-08-05 20:39:04,samedi,regular,['samedi'],Pass Samedi,DICE,51.39,55.0,1,1
2026-08-05,2026-08-05 20:45:56,2-jours,regular,,Pass 2 Jours,DICE,99.45,104.5,1,1
2026-08-05,2026-08-05 20:50:37,2-jours,regular,"['vendredi', 'samedi']",Pass 2 Jours,Shotgun,95.0,107.37,1,1
2026-08-05,2026-08-05 20:52:52,samedi,regular,['samedi'],Pass Samedi,DICE,51.39,55.0,1,1
2026-08-05,2026-08-05 20:52:52,samedi,regular,['samedi'],Pass Samedi,DICE,51.39,55.0,1,1
2026-08-05,2026-08-05 21:08:59,vendredi,regular,['vendredi'],Pass Vendredi,Shotgun,50.0,56.51,1,1
2026-08-05,2026-08-05 21:12:25,samedi,regular,['samedi'],Pass Samedi,Shotgun,50.0,56.51,1,1
2026-08-05,2026-08-05 21:12:25,samedi,regular,['samedi'],Pass Samedi,Shotgun,50.0,56.51,1,1
2026-08-05,2026-08-05 21:14:31,vendredi,regular,['vendredi'],Pass Vendredi,Shotgun,50.0,56.51,1,1
2026-08-05,2026-08-05 21:14:31,vendredi,regular,['vendredi'],Pass Vendredi,Shotgun,50.0,56.51,1,1
2026-08-05,2026-08-05 21:30:36,vendredi,regular,['vendredi'],Pass Vendredi,Shotgun,50.0,56.51,1,1
2026-08-05,2026-08-05 21:30:36,vendredi,regular,['vendredi'],Pass Vendredi,Shotgun,50.0,56.51,1,1
2026-08-05,2026-08-05 21:32:26,samedi,regular,['samedi'],Pass Samedi,Shotgun,50.0,56.51,1,1
2026-08-05,2026-08-05 21:32:26,samedi,regular,['samedi'],Pass Samedi,Shotgun,50.0,56.51,1,1
2026-08-05,2026-08-05 21:33:11,2-jours,regular,"['vendredi', 'samedi']",Pass 2 Jours,Shotgun,95.0,107.37,1,1
2026-08-05,2026-08-05 22:18:12,2-jours,regular,"['vendredi', 'samedi']",Pass 2 Jours,Shotgun,95.0,107.37,1,1
2026-08-05,2026-08-05 22:33:54,samedi,regular,['samedi'],Pass Samedi,DICE,51.39,55.0,1,1
2026-08-05,2026-08-05 22:33:54,samedi,regular,['samedi'],Pass Samedi,DICE,51.39,55.0,1,1
2026-08-05,2026-08-05 22:33:54,samedi,regular,['samedi'],Pass Samedi,DICE,51.39,55.0,1,1
2026-08-05,2026-08-05 23:14:52,2-jours,regular,,Pass 2 Jours,DICE,99.45,104.5,1,1
2026-08-06,2026-08-06 00:26:23,2-jours,regular,"['vendredi', 'samedi']",Pass 2 Jours,Shotgun,95.0,107.37,1,1
2026-08-06,2026-08-06 01:56:42,vendredi,regular,['vendredi'],Pass Vendredi,Shotgun,50.0,56.51,1,1
2026-08-06,2026-08-06 02:44:08,2-jours,regular,"['vendredi', 'samedi']",Pass 2 Jours,Shotgun,95.0,107.37,1,1
2026-08-06,2026-08-06 02:47:59,2-jours,regular,"['vendredi', 'samedi']",Pass 2 Jours,Shotgun,95.0,107.37,1,1
2026-08-06,2026-08-06 03:04:12,2-jours,regular,"['vendredi', 'samedi']",Pass 2 Jours,Shotgun,95.0,107.37,1,1
2026-08-06,2026-08-06 03:38:53,vendredi,regular,['vendredi'],Pass Vendredi,Shotgun,50.0,56.51,1,1
2026-08-06,2026-08-06 03:42:04,samedi,regular,['samedi'],Pass Samedi,Shotgun,50.0,56.51,1,1
2026-08-06,2026-08-06 06:38:28,2-jours,regular,"['vendredi', 'samedi']",Pass 2 Jours,Shotgun,95.0,107.37,1,1
2026-08-06,2026-08-06 06:48:27,vendredi,regular,['vendredi'],Pass Vendredi,Shotgun,50.0,56.51,1,1
2026-08-06,2026-08-06 07:23:56,samedi,regular,['samedi'],Pass Samedi,Shotgun,50.0,56.51,1,1
2026-08-06,2026-08-06 07:49:32,samedi,regular,['samedi'],Pass Samedi,Shotgun,50.0,56.51,1,1
2026-08-06,2026-08-06 08:50:52,samedi,regular,['samedi'],Pass Samedi,DICE,51.39,55.0,1,1
2026-08-06,2026-08-06 09:06:56,2-jours,regular,"['vendredi', 'samedi']",Pass 2 Jours,Shotgun,95.0,107.37,1,1
2026-08-06,2026-08-06 09:14:19,2-jours,regular,"['vendredi', 'samedi']",Pass 2 Jours,Shotgun,95.0,107.37,1,1
2026-08-06,2026-08-06 09:38:05,2-jours,regular,,Pass 2 Jours,DICE,99.45,104.5,1,1
2026-08-06,2026-08-06 09:46:10,2-jours,regular,"['vendredi', 'samedi']",Pass 2 Jours,Shotgun,95.0,107.37,1,1
2026-08-06,2026-08-06 09:54:43,vendredi,regular,['vendredi'],Pass Vendredi,DICE,51.39,55.0,1,1
2026-08-06,2026-08-06 09:54:43,vendredi,regular,['vendredi'],Pass Vendredi,DICE,51.39,55.0,1,1
2026-08-06,2026-08-06 10:20:54,vendredi,regular,['vendredi'],Pass Vendredi,DICE,51.39,55.0,1,1
2026-08-06,2026-08-06 10:24:12,vendredi,regular,['vendredi'],Pass Vendredi,DICE,51.39,55.0,1,1
2026-08-06,2026-08-06 11:04:03,samedi,regular,['samedi'],Pass Samedi,Shotgun,50.0,56.51,1,1
2026-08-06,2026-08-06 11:04:03,samedi,regular,['samedi'],Pass Samedi,Shotgun,50.0,56.51,1,1
2026-08-06,2026-08-06 11:14:40,vendredi,regular,['vendredi'],Pass Vendredi,Shotgun,50.0,56.51,1,1
2026-08-06,2026-08-06 11:19:19,vendredi,regular,['vendredi'],Pass Vendredi,Shotgun,50.0,56.51,1,1
2026-08-06,2026-08-06 12:16:14,vendredi,regular,['vendredi'],Pass Vendredi,Shotgun,50.0,56.51,1,1
2026-08-06,2026-08-06 12:16:14,vendredi,regular,['vendredi'],Pass Vendredi,Shotgun,50.0,56.51,1,1
2026-08-06,2026-08-06 13:12:33,vendredi,regular,['vendredi'],Pass Vendredi,DICE,51.39,55.0,1,1
2026-08-06,2026-08-06 13:12:33,vendredi,regular,['vendredi'],Pass Vendredi,DICE,51.39,55.0,1,1
2026-08-06,2026-08-06 14:25:44,2-jours,regular,"['vendredi', 'samedi']",Pass 2 Jours,Shotgun,95.0,107.37,1,1
2026-08-06,2026-08-06 15:00:34,vendredi,regular,['vendredi'],Pass Vendredi,Shotgun,50.0,56.51,1,1
2026-08-06,2026-08-06 15:16:59,2-jours,regular,"['vendredi', 'samedi']",Pass 2 Jours,Shotgun,95.0,107.37,1,1
2026-08-06,2026-08-06 15:22:35,vendredi,regular,['vendredi'],Pass Vendredi,Shotgun,50.0,56.51,1,1
2026-08-06,2026-08-06 15:22:35,vendredi,regular,['vendredi'],Pass Vendredi,Shotgun,50.0,56.51,1,1
2026-08-06,2026-08-06 15:33:12,2-jours,regular,"['vendredi', 'samedi']",Pass 2 Jours,Shotgun,95.0,107.37,1,1
2026-08-06,2026-08-06 15:33:12,2-jours,regular,"['vendredi', 'samedi']",Pass 2 Jours,Shotgun,95.0,107.37,1,1
2026-08-06,2026-08-06 15:37:54,vendredi,regular,['vendredi'],Pass Vendredi,Shotgun,50.0,56.51,1,1
2026-08-06,2026-08-06 15:38:12,samedi,regular,['samedi'],Pass Samedi,DICE,51.39,55.0,1,1
2026-08-06,2026-08-06 15:42:43,vendredi,regular,['vendredi'],Pass Vendredi,Shotgun,50.0,56.51,1,1
2026-08-06,2026-08-06 16:12:55,2-jours,regular,"['vendredi', 'samedi']",Pass 2 Jours,Shotgun,95.0,107.37,1,1
2026-08-06,2026-08-06 16:49:50,vendredi,regular,['vendredi'],Pass Vendredi,Shotgun,50.0,56.51,1,1
2026-08-06,2026-08-06 17:12:07,vendredi,regular,['vendredi'],Pass Vendredi,DICE,51.39,55.0,1,1
2026-08-06,2026-08-06 17:17:47,2-jours,regular,"['vendredi', 'samedi']",Pass 2 Jours,Shotgun,95.0,107.37,1,1
2026-08-06,2026-08-06 17:33:01,2-jours,regular,,Pass 2 Jours,DICE,99.45,104.5,1,1
2026-08-06,2026-08-06 17:37:05,vendredi,regular,['vendredi'],Pass Vendredi,Shotgun,50.0,56.51,1,1
2026-08-06,2026-08-06 17:51:53,vendredi,regular,['vendredi'],Pass Vendredi,Shotgun,50.0,56.51,1,1
2026-08-06,2026-08-06 18:00:54,vendredi,regular,['vendredi'],Pass Vendredi,DICE,51.39,55.0,1,1
2026-08-06,2026-08-06 18:00:54,vendredi,regular,['vendredi'],Pass Vendredi,DICE,51.39,55.0,1,1
2026-08-06,2026-08-06 18:00:54,vendredi,regular,['vendredi'],Pass Vendredi,DICE,51.39,55.0,1,1
2026-08-06,2026-08-06 18:00:54,vendredi,regular,['vendredi'],Pass Vendredi,DICE,51.39,55.0,1,1
2026-08-06,2026-08-06 18:00:54,vendredi,regular,['vendredi'],Pass Vendredi,DICE,51.39,55.0,1,1
2026-08-06,2026-08-06 18:04:16,2-jours,regular,"['vendredi', 'samedi']",Pass 2 Jours,Shotgun,95.0,107.37,1,1
2026-08-06,2026-08-06 18:22:35,vendredi,regular,['vendredi'],Pass Vendredi,Shotgun,50.0,56.51,1,1
2026-08-06,2026-08-06 18:22:35,vendredi,regular,['vendredi'],Pass Vendredi,Shotgun,50.0,56.51,1,1
2026-08-06,2026-08-06 18:22:35,vendredi,regular,['vendredi'],Pass Vendredi,Shotgun,50.0,56.51,1,1
2026-08-06,2026-08-06 18:24:32,vendredi,regular,['vendredi'],Pass Vendredi,Shotgun,50.0,56.51,1,1
2026-08-06,2026-08-06 18:24:32,vendredi,regular,['vendredi'],Pass Vendredi,Shotgun,50.0,56.51,1,1
2026-08-06,2026-08-06 18:43:19,2-jours,regular,"['vendredi', 'samedi']",Pass 2 Jours,Shotgun,95.0,107.37,1,1
2026-08-06,2026-08-06 19:16:19,samedi,regular,['samedi'],Pass Samedi,Shotgun,50.0,56.51,1,1
2026-08-06,2026-08-06 19:16:19,samedi,regular,['samedi'],Pass Samedi,Shotgun,50.0,56.51,1,1
2026-08-06,2026-08-06 19:40:18,2-jours,regular,"['vendredi', 'samedi']",Pass 2 Jours,Shotgun,95.0,107.37,1,1
2026-08-06,2026-08-06 19:43:31,2-jours,regular,,Pass 2 Jours,DICE,99.45,104.5,1,1
2026-08-06,2026-08-06 20:33:44,samedi,regular,['samedi'],Pass Samedi,Shotgun,50.0,56.51,1,1
2026-08-06,2026-08-06 21:01:51,vendredi,regular,['vendredi'],Pass Vendredi,Shotgun,50.0,56.51,1,1
2026-08-06,2026-08-06 21:07:14,2-jours,regular,,Pass 2 Jours,DICE,99.45,104.5,1,1
2026-08-06,2026-08-06 21:08:43,2-jours,regular,"['vendredi', 'samedi']",Pass 2 Jours,Shotgun,95.0,107.37,1,1
2026-08-06,2026-08-06 21:09:16,2-jours,regular,"['vendredi', 'samedi']",Pass 2 Jours,Shotgun,95.0,107.37,1,1
2026-08-06,2026-08-06 21:12:25,2-jours,regular,"['vendredi', 'samedi']",Pass 2 Jours,Shotgun,95.0,107.37,1,1
2026-08-06,2026-08-06 21:16:36,samedi,regular,['samedi'],Pass Samedi,Shotgun,50.0,56.51,1,1
2026-08-06,2026-08-06 21:52:39,vendredi,regular,['vendredi'],Pass Vendredi,Shotgun,50.0,56.51,1,1
2026-08-06,2026-08-06 21:52:39,vendredi,regular,['vendredi'],Pass Vendredi,Shotgun,50.0,56.51,1,1
2026-08-06,2026-08-06 21:55:12,vendredi,regular,['vendredi'],Pass Vendredi,DICE,51.39,55.0,1,1
2026-08-06,2026-08-06 22:00:27,samedi,regular,['samedi'],Pass Samedi,DICE,51.39,55.0,1,1
2026-08-06,2026-08-06 22:00:27,samedi,regular,['samedi'],Pass Samedi,DICE,51.39,55.0,1,1
2026-08-07,2026-08-07 02:53:08,samedi,regular,['samedi'],Pass Samedi,DICE,51.39,55.0,1,1
2026-08-07,2026-08-07 03:09:57,samedi,regular,['samedi'],Pass Samedi,DICE,51.39,55.0,1,1
2026-08-07,2026-08-07 03:53:11,samedi,regular,['samedi'],Pass Samedi,Shotgun,50.0,56.51,1,1
2026-08-07,2026-08-07 05:57:14,vendredi,regular,['vendredi'],Pass Vendredi,Shotgun,50.0,56.51,1,1
2026-08-07,2026-08-07 05:57:14,vendredi,regular,['vendredi'],Pass Vendredi,Shotgun,50.0,56.51,1,1
2026-08-07,2026-08-07 07:37:13,2-jours,regular,"['vendredi', 'samedi']",Pass 2 Jours,Shotgun,95.0,107.37,1,1
2026-08-07,2026-08-07 07:37:13,2-jours,regular,"['vendredi', 'samedi']",Pass 2 Jours,Shotgun,95.0,107.37,1,1
2026-08-07,2026-08-07 09:43:35,vendredi,regular,['vendredi'],Pass Vendredi,Shotgun,50.0,56.51,1,1
2026-08-07,2026-08-07 09:48:50,samedi,regular,['samedi'],Pass Samedi,Shotgun,50.0,56.51,1,1
2026-08-07,2026-08-07 10:18:36,vendredi,regular,['vendredi'],Pass Vendredi,DICE,51.39,55.0,1,1
2026-08-07,2026-08-07 10:20:40,samedi,regular,['samedi'],Pass Samedi,Shotgun,50.0,56.51,1,1
2026-08-07,2026-08-07 10:27:20,samedi,regular,['samedi'],Pass Samedi,Shotgun,50.0,56.51,1,1
2026-08-07,2026-08-07 10:27:20,samedi,regular,['samedi'],Pass Samedi,Shotgun,50.0,56.51,1,1
2026-08-07,2026-08-07 10:36:48,samedi,regular,['samedi'],Pass Samedi,DICE,51.39,55.0,1,1
2026-08-07,2026-08-07 11:35:52,vendredi,regular,['vendredi'],Pass Vendredi,DICE,51.39,55.0,1,1
2026-08-07,2026-08-07 11:56:53,samedi,regular,['samedi'],Pass Samedi,Shotgun,50.0,56.51,1,1
2026-08-07,2026-08-07 12:00:48,samedi,regular,['samedi'],Pass Samedi,Shotgun,50.0,56.51,1,1
2026-08-07,2026-08-07 12:42:47,2-jours,regular,"['vendredi', 'samedi']",Pass 2 Jours,Shotgun,95.0,107.37,1,1
2026-08-07,2026-08-07 13:16:33,samedi,regular,['samedi'],Pass Samedi,Shotgun,50.0,56.51,1,1
2026-08-07,2026-08-07 13:16:33,samedi,regular,['samedi'],Pass Samedi,Shotgun,50.0,56.51,1,1
2026-08-07,2026-08-07 13:58:02,vendredi,regular,['vendredi'],Pass Vendredi,DICE,51.39,55.0,1,1
2026-08-07,2026-08-07 13:58:02,vendredi,regular,['vendredi'],Pass Vendredi,DICE,51.39,55.0,1,1
2026-08-07,2026-08-07 14:08:55,2-jours,regular,"['vendredi', 'samedi']",Pass 2 Jours,Shotgun,95.0,107.37,1,1
2026-08-07,2026-08-07 15:09:35,2-jours,regular,"['vendredi', 'samedi']",Pass 2 Jours,Shotgun,95.0,107.37,1,1
2026-08-07,2026-08-07 15:40:29,vendredi,regular,['vendredi'],Pass Vendredi,Shotgun,50.0,56.51,1,1
2026-08-07,2026-08-07 15:40:29,vendredi,regular,['vendredi'],Pass Vendredi,Shotgun,50.0,56.51,1,1
2026-08-07,2026-08-07 15:49:02,vendredi,regular,['vendredi'],Pass Vendredi,Shotgun,50.0,56.51,1,1
2026-08-07,2026-08-07 15:49:02,vendredi,regular,['vendredi'],Pass Vendredi,Shotgun,50.0,56.51,1,1
2026-08-07,2026-08-07 15:50:32,2-jours,regular,"['vendredi', 'samedi']",Pass 2 Jours,Shotgun,95.0,107.37,1,1
2026-08-07,2026-08-07 16:39:42,samedi,regular,['samedi'],Pass Samedi,Shotgun,50.0,56.51,1,1
2026-08-07,2026-08-07 16:42:37,samedi,regular,['samedi'],Pass Samedi,Shotgun,50.0,56.51,1,1
2026-08-07,2026-08-07 16:48:41,vendredi,regular,['vendredi'],Pass Vendredi,Shotgun,50.0,56.51,1,1
2026-08-07,2026-08-07 17:02:09,vendredi,regular,['vendredi'],Pass Vendredi,DICE,51.39,55.0,1,1
2026-08-07,2026-08-07 17:02:09,vendredi,regular,['vendredi'],Pass Vendredi,DICE,51.39,55.0,1,1
2026-08-07,2026-08-07 17:08:43,vendredi,regular,['vendredi'],Pass Vendredi,Shotgun,50.0,56.51,1,1
2026-08-07,2026-08-07 17:10:05,samedi,regular,['samedi'],Pass Samedi,Shotgun,50.0,56.51,1,1
2026-08-07,2026-08-07 17:54:46,2-jours,regular,,Pass 2 Jours,DICE,99.45,104.5,1,1
2026-08-07,2026-08-07 17:59:36,samedi,regular,['samedi'],Pass Samedi,Shotgun,50.0,56.51,1,1
2026-08-07,2026-08-07 17:59:36,samedi,regular,['samedi'],Pass Samedi,Shotgun,50.0,56.51,1,1
2026-08-07,2026-08-07 18:39:40,2-jours,regular,"['vendredi', 'samedi']",Pass 2 Jours,Shotgun,95.0,107.37,1,1
2026-08-07,2026-08-07 18:39:40,2-jours,regular,"['vendredi', 'samedi']",Pass 2 Jours,Shotgun,95.0,107.37,1,1
2026-08-07,2026-08-07 18:47:13,vendredi,regular,['vendredi'],Pass Vendredi,Shotgun,50.0,56.51,1,1
2026-08-07,2026-08-07 19:10:50,2-jours,regular,"['vendredi', 'samedi']",Pass 2 Jours,Shotgun,95.0,107.37,1,1
2026-08-07,2026-08-07 19:13:31,2-jours,regular,"['vendredi', 'samedi']",Pass 2 Jours,Shotgun,95.0,107.37,1,1
2026-08-07,2026-08-07 19:15:57,2-jours,regular,"['vendredi', 'samedi']",Pass 2 Jours,Shotgun,95.0,107.37,1,1
2026-08-07,2026-08-07 19:34:34,2-jours,regular,"['vendredi', 'samedi']",Pass 2 Jours,Shotgun,95.0,107.37,1,1
2026-08-07,2026-08-07 19:36:07,samedi,regular,['samedi'],Pass Samedi,Shotgun,50.0,56.51,1,1
2026-08-07,2026-08-07 19:36:07,samedi,regular,['samedi'],Pass Samedi,Shotgun,50.0,56.51,1,1
2026-08-07,2026-08-07 19:39:17,2-jours,regular,"['vendredi', 'samedi']",Pass 2 Jours,Shotgun,95.0,107.37,1,1
2026-08-07,2026-08-07 20:04:15,2-jours,regular,"['vendredi', 'samedi']",Pass 2 Jours,Shotgun,95.0,107.37,1,1
2026-08-07,2026-08-07 20:12:55,2-jours,regular,"['vendredi', 'samedi']",Pass 2 Jours,Shotgun,95.0,107.37,1,1
2026-08-07,2026-08-07 20:12:55,2-jours,regular,"['vendredi', 'samedi']",Pass 2 Jours,Shotgun,95.0,107.37,1,1
2026-08-07,2026-08-07 20:34:30,vendredi,regular,['vendredi'],Pass Vendredi,Shotgun,50.0,56.51,1,1
2026-08-07,2026-08-07 20:34:30,vendredi,regular,['vendredi'],Pass Vendredi,Shotgun,50.0,56.51,1,1
2026-08-07,2026-08-07 20:35:15,samedi,regular,['samedi'],Pass Samedi,Shotgun,50.0,56.51,1,1
2026-08-07,2026-08-07 20:40:37,2-jours,regular,"['vendredi', 'samedi']",Pass 2 Jours,Shotgun,95.0,107.37,1,1
2026-08-07,2026-08-07 21:39:26,samedi,regular,['samedi'],Pass Samedi,Shotgun,50.0,56.51,1,1
2026-08-07,2026-08-07 21:40:45,samedi,regular,['samedi'],Pass Samedi,Shotgun,50.0,56.51,1,1
2026-08-07,2026-08-07 22:22:11,vendredi,regular,['vendredi'],Pass Vendredi,Shotgun,50.0,56.51,1,1
2026-08-07,2026-08-07 22:22:11,vendredi,regular,['vendredi'],Pass Vendredi,Shotgun,50.0,56.51,1,1
2026-08-08,2026-08-08 06:19:03,vendredi,regular,['vendredi'],Pass Vendredi,Shotgun,50.0,56.51,1,1
2026-08-08,2026-08-08 06:22:25,samedi,regular,['samedi'],Pass Samedi,Shotgun,50.0,56.51,1,1
2026-08-08,2026-08-08 06:55:41,vendredi,regular,['vendredi'],Pass Vendredi,Shotgun,50.0,56.51,1,1
2026-08-08,2026-08-08 06:55:41,vendredi,regular,['vendredi'],Pass Vendredi,Shotgun,50.0,56.51,1,1
2026-08-08,2026-08-08 06:55:41,vendredi,regular,['vendredi'],Pass Vendredi,Shotgun,50.0,56.51,1,1
2026-08-08,2026-08-08 07:37:40,vendredi,regular,['vendredi'],Pass Vendredi,DICE,51.39,55.0,1,1
2026-08-08,2026-08-08 07:37:40,vendredi,regular,['vendredi'],Pass Vendredi,DICE,51.39,55.0,1,1
2026-08-08,2026-08-08 08:26:05,samedi,regular,['samedi'],Pass Samedi,Shotgun,50.0,56.51,1,1
2026-08-08,2026-08-08 09:23:50,vendredi,regular,['vendredi'],Pass Vendredi,Shotgun,50.0,56.51,1,1
2026-08-08,2026-08-08 09:23:50,vendredi,regular,['vendredi'],Pass Vendredi,Shotgun,50.0,56.51,1,1
2026-08-08,2026-08-08 09:47:48,samedi,regular,['samedi'],Pass Samedi,DICE,51.39,55.0,1,1
2026-08-08,2026-08-08 09:52:39,2-jours,regular,,Pass 2 Jours,DICE,99.45,104.5,1,1
2026-08-08,2026-08-08 09:52:39,2-jours,regular,,Pass 2 Jours,DICE,99.45,104.5,1,1
2026-08-08,2026-08-08 10:35:39,vendredi,regular,['vendredi'],Pass Vendredi,Shotgun,50.0,56.51,1,1
2026-08-08,2026-08-08 11:11:29,vendredi,regular,['vendredi'],Pass Vendredi,Shotgun,50.0,56.51,1,1
2026-08-08,2026-08-08 11:27:20,samedi,regular,['samedi'],Pass Samedi,Shotgun,50.0,56.51,1,1
2026-08-08,2026-08-08 12:33:05,2-jours,regular,,Pass 2 Jours,DICE,99.45,104.5,1,1
2026-08-08,2026-08-08 12:33:05,2-jours,regular,,Pass 2 Jours,DICE,99.45,104.5,1,1
2026-08-08,2026-08-08 12:45:44,samedi,regular,['samedi'],Pass Samedi,Shotgun,50.0,56.51,1,1
2026-08-08,2026-08-08 12:49:09,samedi,regular,['samedi'],Pass Samedi,Shotgun,50.0,56.51,1,1
2026-08-08,2026-08-08 12:49:09,samedi,regular,['samedi'],Pass Samedi,Shotgun,50.0,56.51,1,1
2026-08-08,2026-08-08 12:49:09,samedi,regular,['samedi'],Pass Samedi,Shotgun,50.0,56.51,1,1
2026-08-08,2026-08-08 14:00:12,samedi,regular,['samedi'],Pass Samedi,Shotgun,50.0,56.51,1,1
2026-08-08,2026-08-08 14:44:17,samedi,regular,['samedi'],Pass Samedi,Shotgun,50.0,56.51,1,1
2026-08-08,2026-08-08 14:46:32,vendredi,regular,['vendredi'],Pass Vendredi,Shotgun,50.0,56.51,1,1
2026-08-08,2026-08-08 14:56:09,vendredi,regular,['vendredi'],Pass Vendredi,Shotgun,50.0,56.51,1,1
2026-08-08,2026-08-08 14:56:09,vendredi,regular,['vendredi'],Pass Vendredi,Shotgun,50.0,56.51,1,1
2026-08-08,2026-08-08 15:10:54,vendredi,regular,['vendredi'],Pass Vendredi,DICE,51.39,55.0,1,1
2026-08-08,2026-08-08 15:15:05,samedi,regular,['samedi'],Pass Samedi,Shotgun,50.0,56.51,1,1
2026-08-08,2026-08-08 15:32:01,2-jours,regular,"['vendredi', 'samedi']",Pass 2 Jours,Shotgun,95.0,107.37,1,1
2026-08-08,2026-08-08 16:16:21,2-jours,regular,"['vendredi', 'samedi']",Pass 2 Jours,Shotgun,95.0,107.37,1,1
2026-08-08,2026-08-08 16:19:51,vendredi,regular,['vendredi'],Pass Vendredi,Shotgun,50.0,56.51,1,1
2026-08-08,2026-08-08 16:51:17,samedi,regular,['samedi'],Pass Samedi,Shotgun,50.0,56.51,1,1
2026-08-08,2026-08-08 16:51:17,samedi,regular,['samedi'],Pass Samedi,Shotgun,50.0,56.51,1,1
2026-08-08,2026-08-08 17:26:45,2-jours,regular,"['vendredi', 'samedi']",Pass 2 Jours,Shotgun,95.0,107.37,1,1
2026-08-08,2026-08-08 17:29:56,samedi,regular,['samedi'],Pass Samedi,Shotgun,50.0,56.51,1,1
2026-08-08,2026-08-08 17:33:57,samedi,regular,['samedi'],Pass Samedi,Shotgun,50.0,56.51,1,1
2026-08-08,2026-08-08 17:34:22,samedi,regular,['samedi'],Pass Samedi,Shotgun,50.0,56.51,1,1
2026-08-08,2026-08-08 17:40:10,samedi,regular,['samedi'],Pass Samedi,Shotgun,50.0,56.51,1,1
2026-08-08,2026-08-08 17:40:10,samedi,regular,['samedi'],Pass Samedi,Shotgun,50.0,56.51,1,1
2026-08-08,2026-08-08 18:07:18,2-jours,regular,"['vendredi', 'samedi']",Pass 2 Jours,Shotgun,95.0,107.37,1,1
2026-08-08,2026-08-08 18:48:40,2-jours,regular,"['vendredi', 'samedi']",Pass 2 Jours,Shotgun,95.0,107.37,1,1
2026-08-08,2026-08-08 19:22:28,samedi,regular,['samedi'],Pass Samedi,Shotgun,50.0,56.51,1,1
2026-08-08,2026-08-08 19:22:28,samedi,regular,['samedi'],Pass Samedi,Shotgun,50.0,56.51,1,1
2026-08-08,2026-08-08 19:24:01,2-jours,regular,,Pass 2 Jours,DICE,99.45,104.5,1,1
2026-08-08,2026-08-08 19:34:53,2-jours,regular,"['vendredi', 'samedi']",Pass 2 Jours,Shotgun,95.0,107.37,1,1
2026-08-08,2026-08-08 19:41:12,vendredi,regular,['vendredi'],Pass Vendredi,Shotgun,50.0,56.51,1,1
2026-08-08,2026-08-08 20:03:56,vendredi,regular,['vendredi'],Pass Vendredi,Shotgun,50.0,56.51,1,1
2026-08-08,2026-08-08 20:03:56,vendredi,regular,['vendredi'],Pass Vendredi,Shotgun,50.0,56.51,1,1
2026-08-08,2026-08-08 20:03:56,vendredi,regular,['vendredi'],Pass Vendredi,Shotgun,50.0,56.51,1,1
2026-08-08,2026-08-08 21:09:50,2-jours,regular,"['vendredi', 'samedi']",Pass 2 Jours,Shotgun,95.0,107.37,1,1
2026-08-08,2026-08-08 21:11:34,2-jours,regular,"['vendredi', 'samedi']",Pass 2 Jours,Shotgun,95.0,107.37,1,1
2026-08-08,2026-08-08 21:13:49,2-jours,regular,"['vendredi', 'samedi']",Pass 2 Jours,Shotgun,95.0,107.37,1,1
2026-08-08,2026-08-08 21:28:52,samedi,regular,['samedi'],Pass Samedi,Shotgun,50.0,56.51,1,1
2026-08-08,2026-08-08 22:13:56,2-jours,regular,,Pass 2 Jours,DICE,99.45,104.5,1,1
2026-08-08,2026-08-08 22:15:11,2-jours,regular,,Pass 2 Jours,DICE,99.45,104.5,1,1
2026-08-08,2026-08-08 22:43:59,2-jours,regular,"['vendredi', 'samedi']",Pass 2 Jours,Shotgun,95.0,107.37,1,1
2026-08-09,2026-08-09 07:26:59,2-jours,regular,"['vendredi', 'samedi']",Pass 2 Jours,Shotgun,95.0,107.37,1,1
2026-08-09,2026-08-09 09:22:23,samedi,regular,['samedi'],Pass Samedi,Shotgun,50.0,56.51,1,1
2026-08-09,2026-08-09 09:22:23,samedi,regular,['samedi'],Pass Samedi,Shotgun,50.0,56.51,1,1
2026-08-09,2026-08-09 09:22:23,samedi,regular,['samedi'],Pass Samedi,Shotgun,50.0,56.51,1,1
2026-08-09,2026-08-09 09:34:24,samedi,regular,['samedi'],Pass Samedi,Shotgun,50.0,56.51,1,1
2026-08-09,2026-08-09 10:17:54,vendredi,regular,['vendredi'],Pass Vendredi,DICE,51.39,55.0,1,1
2026-08-09,2026-08-09 11:47:03,vendredi,regular,['vendredi'],Pass Vendredi,Shotgun,50.0,56.51,1,1
2026-08-09,2026-08-09 11:47:03,vendredi,regular,['vendredi'],Pass Vendredi,Shotgun,50.0,56.51,1,1
2026-08-09,2026-08-09 11:48:32,vendredi,regular,['vendredi'],Pass Vendredi,Shotgun,50.0,56.51,1,1
2026-08-09,2026-08-09 11:56:17,samedi,regular,['samedi'],Pass Samedi,Shotgun,50.0,56.51,1,1
2026-08-09,2026-08-09 11:56:17,samedi,regular,['samedi'],Pass Samedi,Shotgun,50.0,56.51,1,1
2026-08-09,2026-08-09 12:12:33,samedi,regular,['samedi'],Pass Samedi,Shotgun,50.0,56.51,1,1
2026-08-09,2026-08-09 12:37:44,2-jours,regular,,Pass 2 Jours,DICE,99.45,104.5,1,1
2026-08-09,2026-08-09 12:46:26,2-jours,regular,"['vendredi', 'samedi']",Pass 2 Jours,Shotgun,95.0,107.37,1,1
2026-08-09,2026-08-09 12:57:18,vendredi,regular,['vendredi'],Pass Vendredi,Shotgun,50.0,56.51,1,1
2026-08-09,2026-08-09 12:57:18,vendredi,regular,['vendredi'],Pass Vendredi,Shotgun,50.0,56.51,1,1
2026-08-09,2026-08-09 12:57:18,vendredi,regular,['vendredi'],Pass Vendredi,Shotgun,50.0,56.51,1,1
2026-08-09,2026-08-09 13:08:35,vendredi,regular,['vendredi'],Pass Vendredi,DICE,51.39,55.0,1,1
2026-08-09,2026-08-09 13:08:35,vendredi,regular,['vendredi'],Pass Vendredi,DICE,51.39,55.0,1,1
2026-08-09,2026-08-09 13:53:16,samedi,regular,['samedi'],Pass Samedi,Shotgun,50.0,56.51,1,1
2026-08-09,2026-08-09 13:53:16,samedi,regular,['samedi'],Pass Samedi,Shotgun,50.0,56.51,1,1
2026-08-09,2026-08-09 14:21:34,samedi,regular,['samedi'],Pass Samedi,Shotgun,50.0,56.51,1,1
2026-08-09,2026-08-09 14:22:27,2-jours,regular,"['vendredi', 'samedi']",Pass 2 Jours,Shotgun,95.0,107.37,1,1
2026-08-09,2026-08-09 14:25:44,vendredi,regular,['vendredi'],Pass Vendredi,Shotgun,50.0,56.51,1,1
2026-08-09,2026-08-09 15:12:20,2-jours,regular,"['vendredi', 'samedi']",Pass 2 Jours,Shotgun,95.0,107.37,1,1
2026-08-09,2026-08-09 15:13:57,2-jours,regular,"['vendredi', 'samedi']",Pass 2 Jours,Shotgun,95.0,107.37,1,1
2026-08-09,2026-08-09 15:17:24,2-jours,regular,"['vendredi', 'samedi']",Pass 2 Jours,Shotgun,95.0,107.37,1,1
2026-08-09,2026-08-09 15:17:24,2-jours,regular,"['vendredi', 'samedi']",Pass 2 Jours,Shotgun,95.0,107.37,1,1
2026-08-09,2026-08-09 15:18:43,samedi,regular,['samedi'],Pass Samedi,Shotgun,50.0,56.51,1,1
2026-08-09,2026-08-09 15:20:25,samedi,regular,['samedi'],Pass Samedi,Shotgun,50.0,56.51,1,1
2026-08-09,2026-08-09 15:22:13,vendredi,regular,['vendredi'],Pass Vendredi,Shotgun,50.0,56.51,1,1
2026-08-09,2026-08-09 15:27:51,2-jours,regular,"['vendredi', 'samedi']",Pass 2 Jours,Shotgun,95.0,107.37,1,1
2026-08-09,2026-08-09 15:31:37,samedi,regular,['samedi'],Pass Samedi,Shotgun,50.0,56.51,1,1
2026-08-09,2026-08-09 15:31:37,samedi,regular,['samedi'],Pass Samedi,Shotgun,50.0,56.51,1,1
2026-08-09,2026-08-09 15:34:49,vendredi,regular,['vendredi'],Pass Vendredi,Shotgun,50.0,56.51,1,1
2026-08-09,2026-08-09 15:37:35,2-jours,regular,"['vendredi', 'samedi']",Pass 2 Jours,Shotgun,95.0,107.37,1,1
2026-08-09,2026-08-09 15:40:02,samedi,regular,['samedi'],Pass Samedi,DICE,51.39,55.0,1,1
2026-08-09,2026-08-09 15:40:02,samedi,regular,['samedi'],Pass Samedi,DICE,51.39,55.0,1,1
2026-08-09,2026-08-09 15:42:33,samedi,regular,['samedi'],Pass Samedi,Shotgun,50.0,56.51,1,1
2026-08-09,2026-08-09 15:43:55,vendredi,regular,['vendredi'],Pass Vendredi,Shotgun,50.0,56.51,1,1
2026-08-09,2026-08-09 15:43:55,samedi,regular,['samedi'],Pass Samedi,Shotgun,50.0,56.51,1,1
2026-08-09,2026-08-09 15:45:04,vendredi,regular,['vendredi'],Pass Vendredi,Shotgun,50.0,56.51,1,1
2026-08-09,2026-08-09 15:45:21,vendredi,regular,['vendredi'],Pass Vendredi,Shotgun,50.0,56.51,1,1
2026-08-09,2026-08-09 15:49:16,2-jours,regular,"['vendredi', 'samedi']",Pass 2 Jours,Shotgun,95.0,107.37,1,1
2026-08-09,2026-08-09 15:51:14,2-jours,regular,"['vendredi', 'samedi']",Pass 2 Jours,Shotgun,95.0,107.37,1,1
2026-08-09,2026-08-09 16:01:02,samedi,regular,['samedi'],Pass Samedi,DICE,51.39,55.0,1,1
2026-08-09,2026-08-09 16:03:22,2-jours,regular,,Pass 2 Jours,DICE,99.45,104.5,1,1
2026-08-09,2026-08-09 16:03:22,2-jours,regular,,Pass 2 Jours,DICE,99.45,104.5,1,1
2026-08-09,2026-08-09 16:04:05,samedi,regular,['samedi'],Pass Samedi,Shotgun,50.0,56.51,1,1
2026-08-09,2026-08-09 16:08:45,2-jours,regular,"['vendredi', 'samedi']",Pass 2 Jours,Shotgun,95.0,107.37,1,1
2026-08-09,2026-08-09 16:10:10,2-jours,regular,"['vendredi', 'samedi']",Pass 2 Jours,Shotgun,95.0,107.37,1,1
2026-08-09,2026-08-09 16:10:57,2-jours,regular,"['vendredi', 'samedi']",Pass 2 Jours,Shotgun,95.0,107.37,1,1
2026-08-09,2026-08-09 16:19:31,2-jours,regular,"['vendredi', 'samedi']",Pass 2 Jours,Shotgun,95.0,107.37,1,1
2026-08-09,2026-08-09 16:20:05,vendredi,regular,['vendredi'],Pass Vendredi,Shotgun,50.0,56.51,1,1
2026-08-09,2026-08-09 16:20:05,vendredi,regular,['vendredi'],Pass Vendredi,Shotgun,50.0,56.51,1,1
2026-08-09,2026-08-09 16:20:05,vendredi,regular,['vendredi'],Pass Vendredi,Shotgun,50.0,56.51,1,1
2026-08-09,2026-08-09 16:22:00,2-jours,regular,"['vendredi', 'samedi']",Pass 2 Jours,Shotgun,95.0,107.37,1,1
2026-08-09,2026-08-09 16:22:18,vendredi,regular,['vendredi'],Pass Vendredi,DICE,51.39,55.0,1,1
2026-08-09,2026-08-09 16:22:18,vendredi,regular,['vendredi'],Pass Vendredi,DICE,51.39,55.0,1,1
2026-08-09,2026-08-09 16:24:08,samedi,regular,['samedi'],Pass Samedi,Shotgun,50.0,56.51,1,1
2026-08-09,2026-08-09 16:24:18,samedi,regular,['samedi'],Pass Samedi,Shotgun,50.0,56.51,1,1
2026-08-09,2026-08-09 16:24:26,2-jours,regular,"['vendredi', 'samedi']",Pass 2 Jours,Shotgun,95.0,107.37,1,1
2026-08-09,2026-08-09 16:25:26,2-jours,regular,"['vendredi', 'samedi']",Pass 2 Jours,Shotgun,95.0,107.37,1,1
2026-08-09,2026-08-09 16:28:17,2-jours,regular,"['vendredi', 'samedi']",Pass 2 Jours,Shotgun,95.0,107.37,1,1
2026-08-09,2026-08-09 16:35:12,2-jours,regular,"['vendredi', 'samedi']",Pass 2 Jours,Shotgun,95.0,107.37,1,1
2026-08-09,2026-08-09 16:35:12,2-jours,regular,"['vendredi', 'samedi']",Pass 2 Jours,Shotgun,95.0,107.37,1,1
2026-08-09,2026-08-09 16:35:47,2-jours,regular,"['vendredi', 'samedi']",Pass 2 Jours,Shotgun,95.0,107.37,1,1
2026-08-09,2026-08-09 16:42:10,2-jours,regular,"['vendredi', 'samedi']",Pass 2 Jours,Shotgun,95.0,107.37,1,1
2026-08-09,2026-08-09 16:42:10,2-jours,regular,"['vendredi', 'samedi']",Pass 2 Jours,Shotgun,95.0,107.37,1,1
2026-08-09,2026-08-09 16:48:54,2-jours,regular,"['vendredi', 'samedi']",Pass 2 Jours,Shotgun,95.0,107.37,1,1
2026-08-09,2026-08-09 16:48:56,2-jours,regular,,Pass 2 Jours,DICE,99.45,104.5,1,1
2026-08-09,2026-08-09 16:53:23,vendredi,regular,['vendredi'],Pass Vendredi,DICE,51.39,55.0,1,1
2026-08-09,2026-08-09 16:56:25,vendredi,regular,['vendredi'],Pass Vendredi,Shotgun,50.0,56.51,1,1
2026-08-09,2026-08-09 16:56:25,vendredi,regular,['vendredi'],Pass Vendredi,Shotgun,50.0,56.51,1,1
2026-08-09,2026-08-09 16:56:25,samedi,regular,['samedi'],Pass Samedi,Shotgun,50.0,56.51,1,1
2026-08-09,2026-08-09 16:56:25,samedi,regular,['samedi'],Pass Samedi,Shotgun,50.0,56.51,1,1
2026-08-09,2026-08-09 16:57:57,2-jours,regular,"['vendredi', 'samedi']",Pass 2 Jours,Shotgun,95.0,107.37,1,1
2026-08-09,2026-08-09 17:01:28,vendredi,regular,['vendredi'],Pass Vendredi,Shotgun,50.0,56.51,1,1
2026-08-09,2026-08-09 17:01:28,vendredi,regular,['vendredi'],Pass Vendredi,Shotgun,50.0,56.51,1,1
2026-08-09,2026-08-09 17:02:05,samedi,regular,['samedi'],Pass Samedi,DICE,51.39,55.0,1,1
2026-08-09,2026-08-09 17:02:05,samedi,regular,['samedi'],Pass Samedi,DICE,51.39,55.0,1,1
2026-08-09,2026-08-09 17:02:22,2-jours,regular,"['vendredi', 'samedi']",Pass 2 Jours,Shotgun,95.0,107.37,1,1
2026-08-09,2026-08-09 17:03:37,samedi,regular,['samedi'],Pass Samedi,Shotgun,50.0,56.51,1,1
2026-08-09,2026-08-09 17:04:36,vendredi,regular,['vendredi'],Pass Vendredi,Shotgun,50.0,56.51,1,1
2026-08-09,2026-08-09 17:04:36,vendredi,regular,['vendredi'],Pass Vendredi,Shotgun,50.0,56.51,1,1
2026-08-09,2026-08-09 17:04:36,vendredi,regular,['vendredi'],Pass Vendredi,Shotgun,50.0,56.51,1,1
2026-08-09,2026-08-09 17:08:26,2-jours,regular,"['vendredi', 'samedi']",Pass 2 Jours,Shotgun,95.0,107.37,1,1
2026-08-09,2026-08-09 17:11:05,2-jours,regular,,Pass 2 Jours,DICE,99.45,104.5,1,1
2026-08-09,2026-08-09 17:23:10,samedi,regular,['samedi'],Pass Samedi,DICE,51.39,55.0,1,1
2026-08-09,2026-08-09 17:23:46,vendredi,regular,['vendredi'],Pass Vendredi,Shotgun,50.0,56.51,1,1
2026-08-09,2026-08-09 17:25:21,vendredi,regular,['vendredi'],Pass Vendredi,Shotgun,50.0,56.51,1,1
2026-08-09,2026-08-09 17:25:21,vendredi,regular,['vendredi'],Pass Vendredi,Shotgun,50.0,56.51,1,1
2026-08-09,2026-08-09 17:27:10,samedi,regular,['samedi'],Pass Samedi,DICE,51.39,55.0,1,1
2026-08-09,2026-08-09 17:27:48,2-jours,regular,"['vendredi', 'samedi']",Pass 2 Jours,Shotgun,95.0,107.37,1,1
2026-08-09,2026-08-09 17:29:30,samedi,regular,['samedi'],Pass Samedi,Shotgun,50.0,56.51,1,1
2026-08-09,2026-08-09 17:35:04,samedi,regular,['samedi'],Pass Samedi,Shotgun,50.0,56.51,1,1
2026-08-09,2026-08-09 17:41:07,2-jours,regular,"['vendredi', 'samedi']",Pass 2 Jours,Shotgun,95.0,107.37,1,1
2026-08-09,2026-08-09 17:44:57,2-jours,regular,"['vendredi', 'samedi']",Pass 2 Jours,Shotgun,95.0,107.37,1,1
2026-08-09,2026-08-09 17:53:52,samedi,regular,['samedi'],Pass Samedi,Shotgun,50.0,56.51,1,1
2026-08-09,2026-08-09 17:54:00,samedi,regular,['samedi'],Pass Samedi,Shotgun,50.0,56.51,1,1
2026-08-09,2026-08-09 17:55:22,vendredi,regular,['vendredi'],Pass Vendredi,Shotgun,50.0,56.51,1,1
2026-08-09,2026-08-09 17:59:26,2-jours,regular,"['vendredi', 'samedi']",Pass 2 Jours,Shotgun,95.0,107.37,1,1
2026-08-09,2026-08-09 18:00:06,samedi,regular,['samedi'],Pass Samedi,Shotgun,50.0,56.51,1,1
2026-08-09,2026-08-09 18:00:50,2-jours,regular,,Pass 2 Jours,DICE,99.45,104.5,1,1
2026-08-09,2026-08-09 18:04:16,samedi,regular,['samedi'],Pass Samedi,Shotgun,50.0,56.51,1,1
2026-08-09,2026-08-09 18:04:17,samedi,regular,['samedi'],Pass Samedi,Shotgun,50.0,56.51,1,1
2026-08-09,2026-08-09 18:08:09,vendredi,regular,['vendredi'],Pass Vendredi,Shotgun,50.0,56.51,1,1
2026-08-09,2026-08-09 18:08:09,vendredi,regular,['vendredi'],Pass Vendredi,Shotgun,50.0,56.51,1,1
2026-08-09,2026-08-09 18:08:41,vendredi,regular,['vendredi'],Pass Vendredi,Shotgun,50.0,56.51,1,1
2026-08-09,2026-08-09 18:08:44,vendredi,regular,['vendredi'],Pass Vendredi,Shotgun,50.0,56.51,1,1
2026-08-09,2026-08-09 18:10:17,samedi,regular,['samedi'],Pass Samedi,Shotgun,50.0,56.51,1,1
2026-08-09,2026-08-09 18:10:17,samedi,regular,['samedi'],Pass Samedi,Shotgun,50.0,56.51,1,1
2026-08-09,2026-08-09 18:10:36,vendredi,regular,['vendredi'],Pass Vendredi,Shotgun,50.0,56.51,1,1
2026-08-09,2026-08-09 18:10:36,vendredi,regular,['vendredi'],Pass Vendredi,Shotgun,50.0,56.51,1,1
2026-08-09,2026-08-09 18:17:38,2-jours,regular,"['vendredi', 'samedi']",Pass 2 Jours,Shotgun,95.0,107.37,1,1
2026-08-09,2026-08-09 18:21:01,vendredi,regular,['vendredi'],Pass Vendredi,Shotgun,50.0,56.51,1,1
2026-08-09,2026-08-09 18:23:11,2-jours,regular,"['vendredi', 'samedi']",Pass 2 Jours,Shotgun,95.0,107.37,1,1
2026-08-09,2026-08-09 18:24:32,vendredi,regular,['vendredi'],Pass Vendredi,Shotgun,50.0,56.51,1,1
2026-08-09,2026-08-09 18:24:32,vendredi,regular,['vendredi'],Pass Vendredi,Shotgun,50.0,56.51,1,1
2026-08-09,2026-08-09 18:25:32,2-jours,regular,"['vendredi', 'samedi']",Pass 2 Jours,Shotgun,95.0,107.37,1,1
2026-08-09,2026-08-09 18:32:33,2-jours,regular,"['vendredi', 'samedi']",Pass 2 Jours,Shotgun,95.0,107.37,1,1
2026-08-09,2026-08-09 18:34:17,samedi,regular,['samedi'],Pass Samedi,Shotgun,50.0,56.51,1,1
2026-08-09,2026-08-09 18:34:17,samedi,regular,['samedi'],Pass Samedi,Shotgun,50.0,56.51,1,1
2026-08-09,2026-08-09 18:34:17,samedi,regular,['samedi'],Pass Samedi,Shotgun,50.0,56.51,1,1
2026-08-09,2026-08-09 18:46:32,samedi,regular,['samedi'],Pass Samedi,DICE,51.39,55.0,1,1
2026-08-09,2026-08-09 18:46:46,2-jours,regular,"['vendredi', 'samedi']",Pass 2 Jours,Shotgun,95.0,107.37,1,1
2026-08-09,2026-08-09 18:51:02,samedi,regular,['samedi'],Pass Samedi,Shotgun,50.0,56.51,1,1
2026-08-09,2026-08-09 18:51:12,samedi,regular,['samedi'],Pass Samedi,Shotgun,50.0,56.51,1,1
2026-08-09,2026-08-09 18:51:12,samedi,regular,['samedi'],Pass Samedi,Shotgun,50.0,56.51,1,1
2026-08-09,2026-08-09 18:52:28,2-jours,regular,"['vendredi', 'samedi']",Pass 2 Jours,Shotgun,95.0,107.37,1,1
2026-08-09,2026-08-09 18:52:28,2-jours,regular,"['vendredi', 'samedi']",Pass 2 Jours,Shotgun,95.0,107.37,1,1
2026-08-09,2026-08-09 18:54:40,samedi,regular,['samedi'],Pass Samedi,Shotgun,50.0,56.51,1,1
2026-08-09,2026-08-09 18:57:58,2-jours,regular,"['vendredi', 'samedi']",Pass 2 Jours,Shotgun,95.0,107.37,1,1
2026-08-09,2026-08-09 19:19:31,vendredi,regular,['vendredi'],Pass Vendredi,Shotgun,50.0,56.51,1,1
2026-08-09,2026-08-09 19:19:31,vendredi,regular,['vendredi'],Pass Vendredi,Shotgun,50.0,56.51,1,1
2026-08-09,2026-08-09 19:23:02,samedi,regular,['samedi'],Pass Samedi,Shotgun,50.0,56.51,1,1
2026-08-09,2026-08-09 19:25:23,samedi,regular,['samedi'],Pass Samedi,Shotgun,50.0,56.51,1,1
2026-08-09,2026-08-09 19:28:39,2-jours,regular,"['vendredi', 'samedi']",Pass 2 Jours,Shotgun,95.0,107.37,1,1
2026-08-09,2026-08-09 19:33:47,vendredi,regular,['vendredi'],Pass Vendredi,Shotgun,50.0,56.51,1,1
2026-08-09,2026-08-09 19:37:51,samedi,regular,['samedi'],Pass Samedi,Shotgun,50.0,56.51,1,1
2026-08-09,2026-08-09 19:43:24,samedi,regular,['samedi'],Pass Samedi,Shotgun,50.0,56.51,1,1
2026-08-09,2026-08-09 19:44:34,samedi,regular,['samedi'],Pass Samedi,Shotgun,50.0,56.51,1,1
2026-08-09,2026-08-09 19:56:59,2-jours,regular,"['vendredi', 'samedi']",Pass 2 Jours,Shotgun,95.0,107.37,1,1
2026-08-09,2026-08-09 19:57:26,samedi,regular,['samedi'],Pass Samedi,Shotgun,50.0,56.51,1,1
2026-08-09,2026-08-09 19:57:26,samedi,regular,['samedi'],Pass Samedi,Shotgun,50.0,56.51,1,1
2026-08-09,2026-08-09 19:57:26,samedi,regular,['samedi'],Pass Samedi,Shotgun,50.0,56.51,1,1
2026-08-09,2026-08-09 19:58:11,samedi,regular,['samedi'],Pass Samedi,Shotgun,50.0,56.51,1,1
2026-08-09,2026-08-09 19:59:00,2-jours,regular,"['vendredi', 'samedi']",Pass 2 Jours,Shotgun,95.0,107.37,1,1
2026-08-09,2026-08-09 19:59:00,2-jours,regular,"['vendredi', 'samedi']",Pass 2 Jours,Shotgun,95.0,107.37,1,1
2026-08-09,2026-08-09 19:59:12,2-jours,regular,"['vendredi', 'samedi']",Pass 2 Jours,Shotgun,95.0,107.37,1,1
2026-08-09,2026-08-09 19:59:12,2-jours,regular,"['vendredi', 'samedi']",Pass 2 Jours,Shotgun,95.0,107.37,1,1
2026-08-09,2026-08-09 19:59:12,2-jours,regular,"['vendredi', 'samedi']",Pass 2 Jours,Shotgun,95.0,107.37,1,1
2026-08-09,2026-08-09 20:01:19,2-jours,regular,"['vendredi', 'samedi']",Pass 2 Jours,Shotgun,95.0,107.37,1,1
2026-08-09,2026-08-09 20:02:10,2-jours,regular,"['vendredi', 'samedi']",Pass 2 Jours,Shotgun,95.0,107.37,1,1
2026-08-09,2026-08-09 20:03:04,2-jours,regular,"['vendredi', 'samedi']",Pass 2 Jours,Shotgun,95.0,107.37,1,1
2026-08-09,2026-08-09 20:04:46,vendredi,regular,['vendredi'],Pass Vendredi,DICE,51.39,55.0,1,1
2026-08-09,2026-08-09 20:04:46,vendredi,regular,['vendredi'],Pass Vendredi,DICE,51.39,55.0,1,1
2026-08-09,2026-08-09 20:05:04,vendredi,regular,['vendredi'],Pass Vendredi,Shotgun,50.0,56.51,1,1
2026-08-09,2026-08-09 20:05:37,samedi,regular,['samedi'],Pass Samedi,Shotgun,50.0,56.51,1,1
2026-08-09,2026-08-09 20:06:51,2-jours,regular,"['vendredi', 'samedi']",Pass 2 Jours,Shotgun,95.0,107.37,1,1
2026-08-09,2026-08-09 20:07:12,2-jours,regular,,Pass 2 Jours,DICE,99.45,104.5,1,1
2026-08-09,2026-08-09 20:07:44,vendredi,regular,['vendredi'],Pass Vendredi,Shotgun,50.0,56.51,1,1
2026-08-09,2026-08-09 20:09:02,vendredi,regular,['vendredi'],Pass Vendredi,Shotgun,50.0,56.51,1,1
2026-08-09,2026-08-09 20:09:23,samedi,regular,['samedi'],Pass Samedi,Shotgun,50.0,56.51,1,1
2026-08-09,2026-08-09 20:12:05,vendredi,regular,['vendredi'],Pass Vendredi,Shotgun,50.0,56.51,1,1
2026-08-09,2026-08-09 20:12:05,vendredi,regular,['vendredi'],Pass Vendredi,Shotgun,50.0,56.51,1,1
2026-08-09,2026-08-09 20:12:59,vendredi,regular,['vendredi'],Pass Vendredi,Shotgun,50.0,56.51,1,1
2026-08-09,2026-08-09 20:18:26,samedi,regular,['samedi'],Pass Samedi,Shotgun,50.0,56.51,1,1
2026-08-09,2026-08-09 20:19:19,samedi,regular,['samedi'],Pass Samedi,Shotgun,50.0,56.51,1,1
2026-08-09,2026-08-09 20:20:09,2-jours,regular,"['vendredi', 'samedi']",Pass 2 Jours,Shotgun,95.0,107.37,1,1
2026-08-09,2026-08-09 20:20:09,2-jours,regular,"['vendredi', 'samedi']",Pass 2 Jours,Shotgun,95.0,107.37,1,1
2026-08-09,2026-08-09 20:21:08,samedi,regular,['samedi'],Pass Samedi,Shotgun,50.0,56.51,1,1
2026-08-09,2026-08-09 20:24:54,samedi,regular,['samedi'],Pass Samedi,Shotgun,50.0,56.51,1,1
2026-08-09,2026-08-09 20:29:08,samedi,regular,['samedi'],Pass Samedi,Shotgun,50.0,56.51,1,1
2026-08-09,2026-08-09 20:34:57,vendredi,regular,['vendredi'],Pass Vendredi,Shotgun,50.0,56.51,1,1
2026-08-09,2026-08-09 20:35:26,samedi,regular,['samedi'],Pass Samedi,DICE,51.39,55.0,1,1
2026-08-09,2026-08-09 20:40:44,vendredi,regular,['vendredi'],Pass Vendredi,Shotgun,50.0,56.51,1,1
2026-08-09,2026-08-09 20:44:42,samedi,regular,['samedi'],Pass Samedi,Shotgun,50.0,56.51,1,1
2026-08-09,2026-08-09 20:50:18,2-jours,regular,"['vendredi', 'samedi']",Pass 2 Jours,Shotgun,95.0,107.37,1,1
2026-08-09,2026-08-09 20:59:35,vendredi,regular,['vendredi'],Pass Vendredi,Shotgun,50.0,56.51,1,1
2026-08-09,2026-08-09 21:11:49,vendredi,regular,['vendredi'],Pass Vendredi,Shotgun,50.0,56.51,1,1
2026-08-09,2026-08-09 21:18:34,vendredi,regular,['vendredi'],Pass Vendredi,Shotgun,50.0,56.51,1,1
2026-08-09,2026-08-09 21:21:45,2-jours,regular,"['vendredi', 'samedi']",Pass 2 Jours,Shotgun,95.0,107.37,1,1
2026-08-09,2026-08-09 21:25:03,vendredi,regular,['vendredi'],Pass Vendredi,Shotgun,50.0,56.51,1,1
2026-08-09,2026-08-09 21:26:09,2-jours,regular,"['vendredi', 'samedi']",Pass 2 Jours,Shotgun,95.0,107.37,1,1
2026-08-09,2026-08-09 21:45:39,vendredi,regular,['vendredi'],Pass Vendredi,Shotgun,50.0,56.51,1,1
2026-08-09,2026-08-09 21:45:39,vendredi,regular,['vendredi'],Pass Vendredi,Shotgun,50.0,56.51,1,1
2026-08-09,2026-08-09 21:45:39,vendredi,regular,['vendredi'],Pass Vendredi,Shotgun,50.0,56.51,1,1
2026-08-09,2026-08-09 21:49:39,samedi,regular,['samedi'],Pass Samedi,Shotgun,50.0,56.51,1,1
2026-08-09,2026-08-09 21:53:51,vendredi,regular,['vendredi'],Pass Vendredi,Shotgun,50.0,56.51,1,1
2026-08-09,2026-08-09 22:04:20,samedi,regular,['samedi'],Pass Samedi,Shotgun,50.0,56.51,1,1
2026-08-09,2026-08-09 22:05:51,2-jours,regular,"['vendredi', 'samedi']",Pass 2 Jours,Shotgun,95.0,107.37,1,1
2026-08-09,2026-08-09 22:25:57,2-jours,regular,"['vendredi', 'samedi']",Pass 2 Jours,Shotgun,95.0,107.37,1,1
2026-08-09,2026-08-09 22:26:17,vendredi,regular,['vendredi'],Pass Vendredi,Shotgun,50.0,56.51,1,1
2026-08-09,2026-08-09 22:26:17,vendredi,regular,['vendredi'],Pass Vendredi,Shotgun,50.0,56.51,1,1
2026-08-09,2026-08-09 22:28:14,2-jours,regular,"['vendredi', 'samedi']",Pass 2 Jours,Shotgun,95.0,107.37,1,1
2026-08-09,2026-08-09 22:41:00,samedi,regular,['samedi'],Pass Samedi,Shotgun,50.0,56.51,1,1
2026-08-09,2026-08-09 23:48:37,samedi,regular,['samedi'],Pass Samedi,Shotgun,50.0,56.51,1,1
2026-08-10,2026-08-10 00:02:45,2-jours,regular,"['vendredi', 'samedi']",Pass 2 Jours,Shotgun,95.0,107.37,1,1
2026-08-10,2026-08-10 00:25:19,2-jours,regular,"['vendredi', 'samedi']",Pass 2 Jours,Shotgun,95.0,107.37,1,1
2026-08-10,2026-08-10 02:03:59,2-jours,regular,"['vendredi', 'samedi']",Pass 2 Jours,Shotgun,95.0,107.37,1,1
2026-08-10,2026-08-10 07:27:47,samedi,regular,['samedi'],Pass Samedi,Shotgun,50.0,56.51,1,1
2026-08-10,2026-08-10 07:36:43,samedi,regular,['samedi'],Pass Samedi,Shotgun,50.0,56.51,1,1
2026-08-10,2026-08-10 07:47:22,2-jours,regular,"['vendredi', 'samedi']",Pass 2 Jours,Shotgun,95.0,107.37,1,1
2026-08-10,2026-08-10 07:57:35,2-jours,regular,"['vendredi', 'samedi']",Pass 2 Jours,Shotgun,95.0,107.37,1,1
2026-08-10,2026-08-10 08:03:07,vendredi,regular,['vendredi'],Pass Vendredi,DICE,51.39,55.0,1,1
2026-08-10,2026-08-10 08:04:26,2-jours,regular,"['vendredi', 'samedi']",Pass 2 Jours,Shotgun,95.0,107.37,1,1
2026-08-10,2026-08-10 08:25:48,samedi,regular,['samedi'],Pass Samedi,Shotgun,50.0,56.51,1,1
2026-08-10,2026-08-10 08:25:48,samedi,regular,['samedi'],Pass Samedi,Shotgun,50.0,56.51,1,1
2026-08-10,2026-08-10 08:55:15,samedi,regular,['samedi'],Pass Samedi,Shotgun,50.0,56.51,1,1
2026-08-10,2026-08-10 08:57:23,2-jours,regular,"['vendredi', 'samedi']",Pass 2 Jours,Shotgun,95.0,107.37,1,1
2026-08-10,2026-08-10 08:58:28,2-jours,regular,"['vendredi', 'samedi']",Pass 2 Jours,Shotgun,95.0,107.37,1,1
2026-08-10,2026-08-10 09:07:36,samedi,regular,['samedi'],Pass Samedi,DICE,51.39,55.0,1,1
2026-08-10,2026-08-10 09:08:24,vendredi,regular,['vendredi'],Pass Vendredi,Shotgun,50.0,56.51,1,1
2026-08-10,2026-08-10 09:08:24,vendredi,regular,['vendredi'],Pass Vendredi,Shotgun,50.0,56.51,1,1
2026-08-10,2026-08-10 09:08:24,vendredi,regular,['vendredi'],Pass Vendredi,Shotgun,50.0,56.51,1,1
2026-08-10,2026-08-10 09:13:59,vendredi,regular,['vendredi'],Pass Vendredi,Shotgun,50.0,56.51,1,1
2026-08-10,2026-08-10 09:54:09,2-jours,regular,"['vendredi', 'samedi']",Pass 2 Jours,Shotgun,95.0,107.37,1,1
2026-08-10,2026-08-10 09:56:00,2-jours,regular,"['vendredi', 'samedi']",Pass 2 Jours,Shotgun,95.0,107.37,1,1
2026-08-10,2026-08-10 09:57:51,samedi,regular,['samedi'],Pass Samedi,Shotgun,50.0,56.51,1,1
2026-08-10,2026-08-10 09:58:07,samedi,regular,['samedi'],Pass Samedi,Shotgun,50.0,56.51,1,1
2026-08-10,2026-08-10 09:58:20,2-jours,regular,"['vendredi', 'samedi']",Pass 2 Jours,Shotgun,95.0,107.37,1,1
2026-08-10,2026-08-10 10:08:10,vendredi,regular,['vendredi'],Pass Vendredi,Shotgun,50.0,56.51,1,1
2026-08-10,2026-08-10 10:08:10,vendredi,regular,['vendredi'],Pass Vendredi,Shotgun,50.0,56.51,1,1
2026-08-10,2026-08-10 10:08:10,vendredi,regular,['vendredi'],Pass Vendredi,Shotgun,50.0,56.51,1,1
2026-08-10,2026-08-10 10:33:57,vendredi,regular,['vendredi'],Pass Vendredi,Shotgun,50.0,56.51,1,1
2026-08-10,2026-08-10 10:33:57,vendredi,regular,['vendredi'],Pass Vendredi,Shotgun,50.0,56.51,1,1
2026-08-10,2026-08-10 10:36:28,vendredi,regular,['vendredi'],Pass Vendredi,Shotgun,50.0,56.51,1,1
2026-08-10,2026-08-10 10:36:55,2-jours,regular,"['vendredi', 'samedi']",Pass 2 Jours,Shotgun,105.0,118.68,1,1
2026-08-10,2026-08-10 10:36:55,2-jours,regular,"['vendredi', 'samedi']",Pass 2 Jours,Shotgun,105.0,118.68,1,1
2026-08-10,2026-08-10 10:39:17,samedi,regular,['samedi'],Pass Samedi,Shotgun,50.0,56.51,1,1
2026-08-10,2026-08-10 10:39:17,samedi,regular,['samedi'],Pass Samedi,Shotgun,50.0,56.51,1,1
2026-08-10,2026-08-10 10:40:28,2-jours,regular,"['vendredi', 'samedi']",Pass 2 Jours,Shotgun,95.0,107.37,1,1
2026-08-10,2026-08-10 10:48:08,2-jours,regular,"['vendredi', 'samedi']",Pass 2 Jours,Shotgun,95.0,107.37,1,1
2026-08-10,2026-08-10 10:48:16,2-jours,regular,"['vendredi', 'samedi']",Pass 2 Jours,Shotgun,95.0,107.37,1,1
2026-08-10,2026-08-10 10:57:39,samedi,regular,['samedi'],Pass Samedi,Shotgun,50.0,56.51,1,1
2026-08-10,2026-08-10 10:58:17,2-jours,regular,"['vendredi', 'samedi']",Pass 2 Jours,Shotgun,95.0,107.37,1,1
2026-08-10,2026-08-10 11:01:42,vendredi,regular,['vendredi'],Pass Vendredi,Shotgun,50.0,56.51,1,1
2026-08-10,2026-08-10 11:04:11,samedi,regular,['samedi'],Pass Samedi,Shotgun,50.0,56.51,1,1
2026-08-10,2026-08-10 11:04:44,2-jours,regular,"['vendredi', 'samedi']",Pass 2 Jours,Shotgun,95.0,107.37,1,1
2026-08-10,2026-08-10 11:08:08,vendredi,regular,['vendredi'],Pass Vendredi,Shotgun,50.0,56.51,1,1
2026-08-10,2026-08-10 11:14:15,samedi,regular,['samedi'],Pass Samedi,Shotgun,50.0,56.51,1,1
2026-08-10,2026-08-10 11:23:41,vendredi,regular,['vendredi'],Pass Vendredi,Shotgun,50.0,56.51,1,1
2026-08-10,2026-08-10 11:29:20,2-jours,regular,"['vendredi', 'samedi']",Pass 2 Jours,Shotgun,95.0,107.37,1,1
2026-08-10,2026-08-10 11:31:46,2-jours,regular,"['vendredi', 'samedi']",Pass 2 Jours,Shotgun,95.0,107.37,1,1
2026-08-10,2026-08-10 11:44:26,2-jours,regular,"['vendredi', 'samedi']",Pass 2 Jours,Shotgun,95.0,107.37,1,1
2026-08-10,2026-08-10 11:49:25,samedi,regular,['samedi'],Pass Samedi,Shotgun,50.0,56.51,1,1
2026-08-10,2026-08-10 11:58:39,vendredi,regular,['vendredi'],Pass Vendredi,Shotgun,50.0,56.51,1,1
2026-08-10,2026-08-10 11:58:39,vendredi,regular,['vendredi'],Pass Vendredi,Shotgun,50.0,56.51,1,1
2026-08-10,2026-08-10 11:58:54,vendredi,regular,['vendredi'],Pass Vendredi,Shotgun,50.0,56.51,1,1
2026-08-10,2026-08-10 12:02:55,vendredi,regular,['vendredi'],Pass Vendredi,Shotgun,50.0,56.51,1,1
2026-08-10,2026-08-10 12:05:19,2-jours,regular,"['vendredi', 'samedi']",Pass 2 Jours,Shotgun,95.0,107.37,1,1
2026-08-10,2026-08-10 12:10:16,samedi,regular,['samedi'],Pass Samedi,DICE,51.39,55.0,1,1
2026-08-10,2026-08-10 12:10:16,samedi,regular,['samedi'],Pass Samedi,DICE,51.39,55.0,1,1
2026-08-10,2026-08-10 12:10:16,samedi,regular,['samedi'],Pass Samedi,DICE,51.39,55.0,1,1
2026-08-10,2026-08-10 12:19:44,2-jours,regular,"['vendredi', 'samedi']",Pass 2 Jours,Shotgun,95.0,107.37,1,1
2026-08-10,2026-08-10 12:22:54,vendredi,regular,['vendredi'],Pass Vendredi,Shotgun,50.0,56.51,1,1
2026-08-10,2026-08-10 12:22:54,vendredi,regular,['vendredi'],Pass Vendredi,Shotgun,50.0,56.51,1,1
2026-08-10,2026-08-10 12:30:58,2-jours,regular,"['vendredi', 'samedi']",Pass 2 Jours,Shotgun,95.0,107.37,1,1
2026-08-10,2026-08-10 12:36:16,2-jours,regular,"['vendredi', 'samedi']",Pass 2 Jours,Shotgun,95.0,107.37,1,1
2026-08-10,2026-08-10 12:36:16,2-jours,regular,"['vendredi', 'samedi']",Pass 2 Jours,Shotgun,95.0,107.37,1,1
2026-08-10,2026-08-10 12:55:55,2-jours,regular,"['vendredi', 'samedi']",Pass 2 Jours,Shotgun,95.0,107.37,1,1
2026-08-10,2026-08-10 12:55:55,2-jours,regular,"['vendredi', 'samedi']",Pass 2 Jours,Shotgun,95.0,107.37,1,1
2026-08-10,2026-08-10 13:15:38,samedi,regular,['samedi'],Pass Samedi,Shotgun,50.0,56.51,1,1
2026-08-10,2026-08-10 13:59:43,samedi,regular,['samedi'],Pass Samedi,Shotgun,50.0,56.51,1,1
2026-08-10,2026-08-10 13:59:43,samedi,regular,['samedi'],Pass Samedi,Shotgun,50.0,56.51,1,1
2026-08-10,2026-08-10 14:08:05,2-jours,regular,"['vendredi', 'samedi']",Pass 2 Jours,Shotgun,95.0,107.37,1,1
2026-08-10,2026-08-10 14:12:57,samedi,regular,['samedi'],Pass Samedi,Shotgun,50.0,56.51,1,1
2026-08-10,2026-08-10 14:28:36,2-jours,regular,"['vendredi', 'samedi']",Pass 2 Jours,Shotgun,95.0,107.37,1,1
2026-08-10,2026-08-10 14:39:00,samedi,regular,['samedi'],Pass Samedi,Shotgun,50.0,56.51,1,1
2026-08-10,2026-08-10 14:39:00,samedi,regular,['samedi'],Pass Samedi,Shotgun,50.0,56.51,1,1
2026-08-10,2026-08-10 14:41:04,vendredi,regular,['vendredi'],Pass Vendredi,Shotgun,50.0,56.51,1,1
2026-08-10,2026-08-10 14:48:31,2-jours,regular,"['vendredi', 'samedi']",Pass 2 Jours,Shotgun,95.0,107.37,1,1
2026-08-10,2026-08-10 14:53:25,vendredi,regular,['vendredi'],Pass Vendredi,Shotgun,50.0,56.51,1,1
2026-08-10,2026-08-10 14:53:25,vendredi,regular,['vendredi'],Pass Vendredi,Shotgun,50.0,56.51,1,1
2026-08-10,2026-08-10 15:02:06,samedi,regular,['samedi'],Pass Samedi,Shotgun,50.0,56.51,1,1
2026-08-10,2026-08-10 15:05:56,samedi,regular,['samedi'],Pass Samedi,Shotgun,50.0,56.51,1,1
2026-08-10,2026-08-10 15:17:55,vendredi,regular,['vendredi'],Pass Vendredi,Shotgun,50.0,56.51,1,1
2026-08-10,2026-08-10 15:17:57,samedi,regular,['samedi'],Pass Samedi,Shotgun,50.0,56.51,1,1
2026-08-10,2026-08-10 15:18:58,2-jours,regular,"['vendredi', 'samedi']",Pass 2 Jours,Shotgun,95.0,107.37,1,1
2026-08-10,2026-08-10 15:26:18,vendredi,regular,['vendredi'],Pass Vendredi,Shotgun,50.0,56.51,1,1
2026-08-10,2026-08-10 15:26:18,vendredi,regular,['vendredi'],Pass Vendredi,Shotgun,50.0,56.51,1,1
2026-08-10,2026-08-10 15:42:34,2-jours,regular,"['vendredi', 'samedi']",Pass 2 Jours,Shotgun,95.0,107.37,1,1
2026-08-10,2026-08-10 16:02:51,2-jours,regular,,Pass 2 Jours,DICE,99.45,104.5,1,1
2026-08-10,2026-08-10 16:07:23,vendredi,regular,['vendredi'],Pass Vendredi,Shotgun,50.0,56.51,1,1
2026-08-10,2026-08-10 16:10:23,vendredi,regular,['vendredi'],Pass Vendredi,Shotgun,50.0,56.51,1,1
2026-08-10,2026-08-10 16:33:05,samedi,regular,['samedi'],Pass Samedi,Shotgun,50.0,56.51,1,1
2026-08-10,2026-08-10 16:49:58,samedi,regular,['samedi'],Pass Samedi,Shotgun,50.0,56.51,1,1
2026-08-10,2026-08-10 16:52:29,2-jours,regular,"['vendredi', 'samedi']",Pass 2 Jours,Shotgun,95.0,107.37,1,1
2026-08-10,2026-08-10 16:54:18,samedi,regular,['samedi'],Pass Samedi,Shotgun,50.0,56.51,1,1
2026-08-10,2026-08-10 17:02:22,samedi,regular,['samedi'],Pass Samedi,Shotgun,50.0,56.51,1,1
2026-08-10,2026-08-10 17:15:12,vendredi,regular,['vendredi'],Pass Vendredi,Shotgun,50.0,56.51,1,1
2026-08-10,2026-08-10 17:15:12,vendredi,regular,['vendredi'],Pass Vendredi,Shotgun,50.0,56.51,1,1
2026-08-10,2026-08-10 17:20:10,vendredi,regular,['vendredi'],Pass Vendredi,Shotgun,50.0,56.51,1,1
2026-08-10,2026-08-10 17:20:45,vendredi,regular,['vendredi'],Pass Vendredi,Shotgun,50.0,56.51,1,1
2026-08-10,2026-08-10 17:21:02,vendredi,regular,['vendredi'],Pass Vendredi,Shotgun,50.0,56.51,1,1
2026-08-10,2026-08-10 17:46:23,vendredi,regular,['vendredi'],Pass Vendredi,Shotgun,50.0,56.51,1,1
2026-08-10,2026-08-10 17:49:31,samedi,regular,['samedi'],Pass Samedi,Shotgun,50.0,56.51,1,1
2026-08-10,2026-08-10 17:51:52,vendredi,regular,['vendredi'],Pass Vendredi,Shotgun,50.0,56.51,1,1
2026-08-10,2026-08-10 17:54:41,samedi,regular,['samedi'],Pass Samedi,Shotgun,50.0,56.51,1,1
2026-08-10,2026-08-10 18:02:44,samedi,regular,['samedi'],Pass Samedi,Shotgun,50.0,56.51,1,1
2026-08-10,2026-08-10 18:03:27,samedi,regular,['samedi'],Pass Samedi,Shotgun,50.0,56.51,1,1
2026-08-10,2026-08-10 18:05:53,samedi,regular,['samedi'],Pass Samedi,Shotgun,50.0,56.51,1,1
2026-08-10,2026-08-10 18:11:48,vendredi,regular,['vendredi'],Pass Vendredi,Shotgun,50.0,56.51,1,1
2026-08-10,2026-08-10 18:13:01,vendredi,regular,['vendredi'],Pass Vendredi,Shotgun,50.0,56.51,1,1
2026-08-10,2026-08-10 18:13:01,vendredi,regular,['vendredi'],Pass Vendredi,Shotgun,50.0,56.51,1,1
2026-08-10,2026-08-10 18:14:37,samedi,regular,['samedi'],Pass Samedi,Shotgun,50.0,56.51,1,1
2026-08-10,2026-08-10 18:14:39,samedi,regular,['samedi'],Pass Samedi,Shotgun,50.0,56.51,1,1
2026-08-10,2026-08-10 18:14:39,samedi,regular,['samedi'],Pass Samedi,Shotgun,50.0,56.51,1,1
2026-08-10,2026-08-10 18:38:53,vendredi,regular,['vendredi'],Pass Vendredi,Shotgun,50.0,56.51,1,1
2026-08-10,2026-08-10 18:38:53,vendredi,regular,['vendredi'],Pass Vendredi,Shotgun,50.0,56.51,1,1
2026-08-10,2026-08-10 18:43:45,vendredi,regular,['vendredi'],Pass Vendredi,Shotgun,50.0,56.51,1,1
2026-08-10,2026-08-10 18:43:45,vendredi,regular,['vendredi'],Pass Vendredi,Shotgun,50.0,56.51,1,1
2026-08-10,2026-08-10 18:47:39,samedi,regular,['samedi'],Pass Samedi,DICE,51.39,55.0,1,1
2026-08-10,2026-08-10 18:54:51,samedi,regular,['samedi'],Pass Samedi,Shotgun,50.0,56.51,1,1
2026-08-10,2026-08-10 18:56:25,samedi,regular,['samedi'],Pass Samedi,Shotgun,50.0,56.51,1,1
2026-08-10,2026-08-10 19:01:39,vendredi,regular,['vendredi'],Pass Vendredi,Shotgun,50.0,56.51,1,1
2026-08-10,2026-08-10 19:22:17,vendredi,regular,['vendredi'],Pass Vendredi,Shotgun,50.0,56.51,1,1
2026-08-10,2026-08-10 19:32:58,2-jours,regular,"['vendredi', 'samedi']",Pass 2 Jours,Shotgun,95.0,107.37,1,1
2026-08-10,2026-08-10 19:44:53,samedi,regular,['samedi'],Pass Samedi,Shotgun,50.0,56.51,1,1
2026-08-10,2026-08-10 19:45:26,2-jours,regular,"['vendredi', 'samedi']",Pass 2 Jours,Shotgun,95.0,107.37,1,1
2026-08-10,2026-08-10 19:45:26,2-jours,regular,"['vendredi', 'samedi']",Pass 2 Jours,Shotgun,95.0,107.37,1,1
2026-08-10,2026-08-10 19:46:48,vendredi,regular,['vendredi'],Pass Vendredi,Shotgun,50.0,56.51,1,1
2026-08-10,2026-08-10 19:46:48,vendredi,regular,['vendredi'],Pass Vendredi,Shotgun,50.0,56.51,1,1
2026-08-10,2026-08-10 19:47:20,vendredi,regular,['vendredi'],Pass Vendredi,Shotgun,50.0,56.51,1,1
2026-08-10,2026-08-10 19:48:42,vendredi,regular,['vendredi'],Pass Vendredi,Shotgun,50.0,56.51,1,1
2026-08-10,2026-08-10 19:48:42,vendredi,regular,['vendredi'],Pass Vendredi,Shotgun,50.0,56.51,1,1
2026-08-10,2026-08-10 20:00:10,2-jours,regular,"['vendredi', 'samedi']",Pass 2 Jours,Shotgun,95.0,107.37,1,1
2026-08-10,2026-08-10 20:06:25,vendredi,regular,['vendredi'],Pass Vendredi,Shotgun,50.0,56.51,1,1
2026-08-10,2026-08-10 20:20:39,vendredi,regular,['vendredi'],Pass Vendredi,DICE,51.39,55.0,1,1
2026-08-10,2026-08-10 20:23:59,vendredi,regular,['vendredi'],Pass Vendredi,Shotgun,50.0,56.51,1,1
2026-08-10,2026-08-10 21:07:04,2-jours,regular,"['vendredi', 'samedi']",Pass 2 Jours,Shotgun,95.0,107.37,1,1
2026-08-10,2026-08-10 21:08:04,2-jours,regular,"['vendredi', 'samedi']",Pass 2 Jours,Shotgun,95.0,107.37,1,1
2026-08-10,2026-08-10 21:09:12,2-jours,regular,"['vendredi', 'samedi']",Pass 2 Jours,Shotgun,95.0,107.37,1,1
2026-08-10,2026-08-10 21:17:30,vendredi,regular,['vendredi'],Pass Vendredi,Shotgun,50.0,56.51,1,1
2026-08-10,2026-08-10 21:26:01,vendredi,regular,['vendredi'],Pass Vendredi,Shotgun,50.0,56.51,1,1
2026-08-10,2026-08-10 21:26:01,vendredi,regular,['vendredi'],Pass Vendredi,Shotgun,50.0,56.51,1,1
2026-08-10,2026-08-10 21:26:01,vendredi,regular,['vendredi'],Pass Vendredi,Shotgun,50.0,56.51,1,1
2026-08-10,2026-08-10 21:26:01,vendredi,regular,['vendredi'],Pass Vendredi,Shotgun,50.0,56.51,1,1
2026-08-10,2026-08-10 21:35:27,samedi,regular,['samedi'],Pass Samedi,Shotgun,50.0,56.51,1,1
2026-08-10,2026-08-10 21:35:50,2-jours,regular,"['vendredi', 'samedi']",Pass 2 Jours,Shotgun,95.0,107.37,1,1
2026-08-10,2026-08-10 22:16:01,2-jours,regular,"['vendredi', 'samedi']",Pass 2 Jours,Shotgun,95.0,107.37,1,1
2026-08-10,2026-08-10 23:30:32,vendredi,regular,['vendredi'],Pass Vendredi,Shotgun,50.0,56.51,1,1
2026-08-10,2026-08-10 23:33:27,vendredi,regular,['vendredi'],Pass Vendredi,Shotgun,50.0,56.51,1,1
2026-08-10,2026-08-10 23:46:53,2-jours,regular,"['vendredi', 'samedi']",Pass 2 Jours,Shotgun,95.0,107.37,1,1
2026-08-10,2026-08-10 23:54:22,2-jours,regular,,Pass 2 Jours,DICE,99.45,104.5,1,1
2026-08-11,2026-08-11 00:02:01,samedi,regular,['samedi'],Pass Samedi,Shotgun,50.0,56.51,1,1
2026-08-11,2026-08-11 00:02:01,samedi,regular,['samedi'],Pass Samedi,Shotgun,50.0,56.51,1,1
2026-08-11,2026-08-11 03:57:47,samedi,regular,['samedi'],Pass Samedi,Shotgun,50.0,56.51,1,1
2026-08-11,2026-08-11 06:13:15,samedi,regular,['samedi'],Pass Samedi,Shotgun,50.0,56.51,1,1
2026-08-11,2026-08-11 06:27:46,samedi,regular,['samedi'],Pass Samedi,Shotgun,50.0,56.51,1,1
2026-08-11,2026-08-11 06:32:25,samedi,regular,['samedi'],Pass Samedi,Shotgun,50.0,56.51,1,1
2026-08-11,2026-08-11 07:03:33,2-jours,regular,"['vendredi', 'samedi']",Pass 2 Jours,Shotgun,95.0,107.37,1,1
2026-08-11,2026-08-11 07:25:54,vendredi,regular,['vendredi'],Pass Vendredi,Shotgun,50.0,56.51,1,1
2026-08-11,2026-08-11 07:31:42,samedi,regular,['samedi'],Pass Samedi,Shotgun,50.0,56.51,1,1
2026-08-11,2026-08-11 08:08:43,samedi,regular,['samedi'],Pass Samedi,Shotgun,50.0,56.51,1,1
2026-08-11,2026-08-11 08:39:41,vendredi,regular,['vendredi'],Pass Vendredi,Shotgun,50.0,56.51,1,1
2026-08-11,2026-08-11 08:40:18,2-jours,regular,"['vendredi', 'samedi']",Pass 2 Jours,Shotgun,95.0,107.37,1,1
2026-08-11,2026-08-11 08:43:34,samedi,regular,['samedi'],Pass Samedi,Shotgun,50.0,56.51,1,1
2026-08-11,2026-08-11 08:51:37,2-jours,regular,"['vendredi', 'samedi']",Pass 2 Jours,Shotgun,95.0,107.37,1,1
2026-08-11,2026-08-11 09:21:17,2-jours,regular,"['vendredi', 'samedi']",Pass 2 Jours,Shotgun,95.0,107.37,1,1
2026-08-11,2026-08-11 09:24:13,2-jours,regular,"['vendredi', 'samedi']",Pass 2 Jours,Shotgun,95.0,107.37,1,1
2026-08-11,2026-08-11 09:32:46,2-jours,regular,"['vendredi', 'samedi']",Pass 2 Jours,Shotgun,95.0,107.37,1,1
2026-08-11,2026-08-11 09:34:31,samedi,regular,['samedi'],Pass Samedi,Shotgun,50.0,56.51,1,1
2026-08-11,2026-08-11 09:52:27,samedi,regular,['samedi'],Pass Samedi,Shotgun,50.0,56.51,1,1
2026-08-11,2026-08-11 09:52:27,samedi,regular,['samedi'],Pass Samedi,Shotgun,50.0,56.51,1,1
2026-08-11,2026-08-11 09:57:31,2-jours,regular,"['vendredi', 'samedi']",Pass 2 Jours,Shotgun,95.0,107.37,1,1
2026-08-11,2026-08-11 09:57:33,2-jours,regular,"['vendredi', 'samedi']",Pass 2 Jours,Shotgun,95.0,107.37,1,1
2026-08-11,2026-08-11 10:45:33,2-jours,regular,,Pass 2 Jours,DICE,99.45,104.5,1,1
2026-08-11,2026-08-11 11:03:17,vendredi,regular,['vendredi'],Pass Vendredi,Shotgun,50.0,56.51,1,1
2026-08-11,2026-08-11 11:34:53,2-jours,regular,"['vendredi', 'samedi']",Pass 2 Jours,Shotgun,95.0,107.37,1,1
2026-08-11,2026-08-11 11:37:09,2-jours,regular,"['vendredi', 'samedi']",Pass 2 Jours,Shotgun,95.0,107.37,1,1
2026-08-11,2026-08-11 11:43:43,2-jours,regular,"['vendredi', 'samedi']",Pass 2 Jours,Shotgun,95.0,107.37,1,1
2026-08-11,2026-08-11 11:44:06,2-jours,regular,"['vendredi', 'samedi']",Pass 2 Jours,Shotgun,95.0,107.37,1,1
2026-08-11,2026-08-11 11:45:16,2-jours,regular,"['vendredi', 'samedi']",Pass 2 Jours,Shotgun,95.0,107.37,1,1
2026-08-11,2026-08-11 12:02:10,vendredi,regular,['vendredi'],Pass Vendredi,DICE,51.39,55.0,1,1
2026-08-11,2026-08-11 12:19:20,vendredi,regular,['vendredi'],Pass Vendredi,Shotgun,50.0,56.51,1,1
2026-08-11,2026-08-11 12:29:59,2-jours,regular,"['vendredi', 'samedi']",Pass 2 Jours,Shotgun,95.0,107.37,1,1
2026-08-11,2026-08-11 12:29:59,2-jours,regular,"['vendredi', 'samedi']",Pass 2 Jours,Shotgun,95.0,107.37,1,1
2026-08-11,2026-08-11 12:29:59,2-jours,regular,"['vendredi', 'samedi']",Pass 2 Jours,Shotgun,95.0,107.37,1,1
2026-08-11,2026-08-11 12:29:59,2-jours,regular,"['vendredi', 'samedi']",Pass 2 Jours,Shotgun,95.0,107.37,1,1
2026-08-11,2026-08-11 12:48:38,samedi,regular,['samedi'],Pass Samedi,Shotgun,50.0,56.51,1,1
2026-08-11,2026-08-11 12:55:24,samedi,regular,['samedi'],Pass Samedi,Shotgun,50.0,56.51,1,1
2026-08-11,2026-08-11 12:56:55,2-jours,regular,"['vendredi', 'samedi']",Pass 2 Jours,Shotgun,95.0,107.37,1,1
2026-08-11,2026-08-11 12:56:55,2-jours,regular,"['vendredi', 'samedi']",Pass 2 Jours,Shotgun,95.0,107.37,1,1
2026-08-11,2026-08-11 13:02:39,vendredi,regular,['vendredi'],Pass Vendredi,Shotgun,50.0,56.51,1,1
2026-08-11,2026-08-11 13:02:39,vendredi,regular,['vendredi'],Pass Vendredi,Shotgun,50.0,56.51,1,1
2026-08-11,2026-08-11 13:44:43,2-jours,regular,"['vendredi', 'samedi']",Pass 2 Jours,Shotgun,95.0,107.37,1,1
2026-08-11,2026-08-11 14:08:27,samedi,regular,['samedi'],Pass Samedi,Shotgun,50.0,56.51,1,1
2026-08-11,2026-08-11 14:44:56,2-jours,regular,"['vendredi', 'samedi']",Pass 2 Jours,Shotgun,95.0,107.37,1,1
2026-08-11,2026-08-11 15:18:38,samedi,regular,['samedi'],Pass Samedi,Shotgun,50.0,56.51,1,1
2026-08-11,2026-08-11 15:23:43,samedi,regular,['samedi'],Pass Samedi,Shotgun,50.0,56.51,1,1
2026-08-11,2026-08-11 15:23:43,samedi,regular,['samedi'],Pass Samedi,Shotgun,50.0,56.51,1,1
2026-08-11,2026-08-11 15:27:46,samedi,regular,['samedi'],Pass Samedi,Shotgun,50.0,56.51,1,1
2026-08-11,2026-08-11 15:42:00,samedi,regular,['samedi'],Pass Samedi,Shotgun,50.0,56.51,1,1
2026-08-11,2026-08-11 15:58:40,2-jours,regular,,Pass 2 Jours,DICE,99.45,104.5,1,1
2026-08-11,2026-08-11 16:57:47,samedi,regular,['samedi'],Pass Samedi,Shotgun,50.0,56.51,1,1
2026-08-11,2026-08-11 17:01:49,vendredi,regular,['vendredi'],Pass Vendredi,Shotgun,50.0,56.51,1,1
2026-08-11,2026-08-11 17:04:08,vendredi,regular,['vendredi'],Pass Vendredi,Shotgun,50.0,56.51,1,1
2026-08-11,2026-08-11 17:12:39,vendredi,regular,['vendredi'],Pass Vendredi,Shotgun,50.0,56.51,1,1
2026-08-11,2026-08-11 17:12:39,vendredi,regular,['vendredi'],Pass Vendredi,Shotgun,50.0,56.51,1,1
2026-08-11,2026-08-11 17:15:02,samedi,regular,['samedi'],Pass Samedi,Shotgun,50.0,56.51,1,1
2026-08-11,2026-08-11 17:22:48,samedi,regular,['samedi'],Pass Samedi,Shotgun,50.0,56.51,1,1
2026-08-11,2026-08-11 17:30:14,vendredi,regular,['vendredi'],Pass Vendredi,Shotgun,50.0,56.51,1,1
2026-08-11,2026-08-11 17:30:14,vendredi,regular,['vendredi'],Pass Vendredi,Shotgun,50.0,56.51,1,1
2026-08-11,2026-08-11 17:31:11,2-jours,regular,"['vendredi', 'samedi']",Pass 2 Jours,Shotgun,95.0,107.37,1,1
2026-08-11,2026-08-11 17:31:39,vendredi,regular,['vendredi'],Pass Vendredi,Shotgun,50.0,56.51,1,1
2026-08-11,2026-08-11 17:41:51,2-jours,regular,"['vendredi', 'samedi']",Pass 2 Jours,Shotgun,95.0,107.37,1,1
2026-08-11,2026-08-11 17:41:51,2-jours,regular,"['vendredi', 'samedi']",Pass 2 Jours,Shotgun,95.0,107.37,1,1
2026-08-11,2026-08-11 17:54:48,2-jours,regular,"['vendredi', 'samedi']",Pass 2 Jours,Shotgun,95.0,107.37,1,1
2026-08-11,2026-08-11 18:27:58,vendredi,regular,['vendredi'],Pass Vendredi,Shotgun,50.0,56.51,1,1
2026-08-11,2026-08-11 18:40:12,vendredi,regular,['vendredi'],Pass Vendredi,Shotgun,50.0,56.51,1,1
2026-08-11,2026-08-11 18:40:12,vendredi,regular,['vendredi'],Pass Vendredi,Shotgun,50.0,56.51,1,1
2026-08-11,2026-08-11 18:42:28,2-jours,regular,"['vendredi', 'samedi']",Pass 2 Jours,Shotgun,95.0,107.37,1,1
2026-08-11,2026-08-11 18:50:23,samedi,regular,['samedi'],Pass Samedi,Shotgun,50.0,56.51,1,1
2026-08-11,2026-08-11 18:53:27,2-jours,regular,"['vendredi', 'samedi']",Pass 2 Jours,Shotgun,95.0,107.37,1,1
2026-08-11,2026-08-11 18:55:25,2-jours,regular,"['vendredi', 'samedi']",Pass 2 Jours,Shotgun,95.0,107.37,1,1
2026-08-11,2026-08-11 19:06:24,samedi,regular,['samedi'],Pass Samedi,Shotgun,50.0,56.51,1,1
2026-08-11,2026-08-11 19:29:54,2-jours,regular,"['vendredi', 'samedi']",Pass 2 Jours,Shotgun,95.0,107.37,1,1
2026-08-11,2026-08-11 19:52:35,2-jours,regular,"['vendredi', 'samedi']",Pass 2 Jours,Shotgun,95.0,107.37,1,1
2026-08-11,2026-08-11 19:54:23,vendredi,regular,['vendredi'],Pass Vendredi,Shotgun,50.0,56.51,1,1
2026-08-11,2026-08-11 19:54:47,2-jours,regular,"['vendredi', 'samedi']",Pass 2 Jours,Shotgun,95.0,107.37,1,1
2026-08-11,2026-08-11 19:54:47,2-jours,regular,"['vendredi', 'samedi']",Pass 2 Jours,Shotgun,95.0,107.37,1,1
2026-08-11,2026-08-11 19:55:06,2-jours,regular,"['vendredi', 'samedi']",Pass 2 Jours,Shotgun,95.0,107.37,1,1
2026-08-11,2026-08-11 20:03:48,2-jours,regular,"['vendredi', 'samedi']",Pass 2 Jours,Shotgun,95.0,107.37,1,1
2026-08-11,2026-08-11 20:03:48,2-jours,regular,"['vendredi', 'samedi']",Pass 2 Jours,Shotgun,95.0,107.37,1,1
2026-08-11,2026-08-11 20:03:48,2-jours,regular,"['vendredi', 'samedi']",Pass 2 Jours,Shotgun,95.0,107.37,1,1
2026-08-11,2026-08-11 20:13:41,vendredi,regular,['vendredi'],Pass Vendredi,DICE,51.39,55.0,1,1
2026-08-11,2026-08-11 20:14:34,samedi,regular,['samedi'],Pass Samedi,Shotgun,50.0,56.51,1,1
2026-08-11,2026-08-11 20:14:34,samedi,regular,['samedi'],Pass Samedi,Shotgun,50.0,56.51,1,1
2026-08-11,2026-08-11 20:41:40,samedi,regular,['samedi'],Pass Samedi,Shotgun,50.0,56.51,1,1
2026-08-11,2026-08-11 20:41:40,samedi,regular,['samedi'],Pass Samedi,Shotgun,50.0,56.51,1,1
2026-08-11,2026-08-11 21:22:05,2-jours,regular,"['vendredi', 'samedi']",Pass 2 Jours,Shotgun,95.0,107.37,1,1
2026-08-11,2026-08-11 21:26:19,vendredi,regular,['vendredi'],Pass Vendredi,Shotgun,50.0,56.51,1,1
2026-08-11,2026-08-11 22:02:41,2-jours,regular,"['vendredi', 'samedi']",Pass 2 Jours,Shotgun,95.0,107.37,1,1
2026-08-11,2026-08-11 22:11:22,vendredi,regular,['vendredi'],Pass Vendredi,Shotgun,50.0,56.51,1,1
2026-08-11,2026-08-11 22:11:22,vendredi,regular,['vendredi'],Pass Vendredi,Shotgun,50.0,56.51,1,1
2026-08-11,2026-08-11 22:11:24,2-jours,regular,"['vendredi', 'samedi']",Pass 2 Jours,Shotgun,95.0,107.37,1,1
2026-08-11,2026-08-11 22:11:45,2-jours,regular,"['vendredi', 'samedi']",Pass 2 Jours,Shotgun,95.0,107.37,1,1
2026-08-11,2026-08-11 22:33:52,2-jours,regular,"['vendredi', 'samedi']",Pass 2 Jours,Shotgun,95.0,107.37,1,1
2026-08-11,2026-08-11 23:05:19,2-jours,regular,"['vendredi', 'samedi']",Pass 2 Jours,Shotgun,95.0,107.37,1,1
2026-08-11,2026-08-11 23:12:17,vendredi,regular,['vendredi'],Pass Vendredi,Shotgun,50.0,56.51,1,1
2026-08-12,2026-08-12 00:08:32,2-jours,regular,,Pass 2 Jours,DICE,99.45,104.5,1,1
2026-08-12,2026-08-12 00:12:04,2-jours,regular,,Pass 2 Jours,DICE,99.45,104.5,1,1
2026-08-12,2026-08-12 00:19:55,samedi,regular,['samedi'],Pass Samedi,Shotgun,50.0,56.51,1,1
2026-08-12,2026-08-12 01:56:25,vendredi,regular,['vendredi'],Pass Vendredi,Shotgun,50.0,56.51,1,1
2026-08-12,2026-08-12 01:56:25,vendredi,regular,['vendredi'],Pass Vendredi,Shotgun,50.0,56.51,1,1
2026-08-12,2026-08-12 03:24:41,vendredi,regular,['vendredi'],Pass Vendredi,Shotgun,50.0,56.51,1,1
2026-08-12,2026-08-12 03:24:41,samedi,regular,['samedi'],Pass Samedi,Shotgun,50.0,56.51,1,1
2026-08-12,2026-08-12 04:04:07,2-jours,regular,"['vendredi', 'samedi']",Pass 2 Jours,Shotgun,95.0,107.37,1,1
2026-08-12,2026-08-12 05:14:47,2-jours,regular,"['vendredi', 'samedi']",Pass 2 Jours,Shotgun,95.0,107.37,1,1
2026-08-12,2026-08-12 05:37:01,2-jours,regular,"['vendredi', 'samedi']",Pass 2 Jours,Shotgun,95.0,107.37,1,1
2026-08-12,2026-08-12 06:06:13,2-jours,regular,"['vendredi', 'samedi']",Pass 2 Jours,Shotgun,95.0,107.37,1,1
2026-08-12,2026-08-12 07:18:03,samedi,regular,['samedi'],Pass Samedi,Shotgun,50.0,56.51,1,1
2026-08-12,2026-08-12 08:16:50,samedi,regular,['samedi'],Pass Samedi,DICE,51.39,55.0,1,1
2026-08-12,2026-08-12 08:43:06,2-jours,regular,"['vendredi', 'samedi']",Pass 2 Jours,Shotgun,95.0,107.37,1,1
2026-08-12,2026-08-12 09:24:14,vendredi,regular,['vendredi'],Pass Vendredi,Shotgun,50.0,56.51,1,1
2026-08-12,2026-08-12 09:48:31,samedi,regular,['samedi'],Pass Samedi,Shotgun,50.0,56.51,1,1
2026-08-12,2026-08-12 09:54:52,samedi,regular,['samedi'],Pass Samedi,Shotgun,50.0,56.51,1,1
2026-08-12,2026-08-12 10:07:19,2-jours,regular,"['vendredi', 'samedi']",Pass 2 Jours,Shotgun,95.0,107.37,1,1
2026-08-12,2026-08-12 10:27:03,vendredi,regular,['vendredi'],Pass Vendredi,DICE,51.39,55.0,1,1
2026-08-12,2026-08-12 10:27:38,vendredi,regular,['vendredi'],Pass Vendredi,Shotgun,50.0,56.51,1,1
2026-08-12,2026-08-12 10:36:42,samedi,regular,['samedi'],Pass Samedi,Shotgun,50.0,56.51,1,1
2026-08-12,2026-08-12 10:55:51,samedi,regular,['samedi'],Pass Samedi,Shotgun,50.0,56.51,1,1
2026-08-12,2026-08-12 11:23:06,samedi,regular,['samedi'],Pass Samedi,Shotgun,50.0,56.51,1,1
2026-08-12,2026-08-12 11:23:06,samedi,regular,['samedi'],Pass Samedi,Shotgun,50.0,56.51,1,1
2026-08-12,2026-08-12 11:36:37,samedi,regular,['samedi'],Pass Samedi,Shotgun,50.0,56.51,1,1
2026-08-12,2026-08-12 11:39:30,samedi,regular,['samedi'],Pass Samedi,Shotgun,50.0,56.51,1,1
2026-08-12,2026-08-12 12:01:31,samedi,regular,['samedi'],Pass Samedi,Shotgun,50.0,56.51,1,1
2026-08-12,2026-08-12 12:01:31,samedi,regular,['samedi'],Pass Samedi,Shotgun,50.0,56.51,1,1
2026-08-12,2026-08-12 12:12:10,2-jours,regular,"['vendredi', 'samedi']",Pass 2 Jours,Shotgun,95.0,107.37,1,1
2026-08-12,2026-08-12 12:18:45,samedi,regular,['samedi'],Pass Samedi,Shotgun,50.0,56.51,1,1
2026-08-12,2026-08-12 12:33:20,2-jours,regular,"['vendredi', 'samedi']",Pass 2 Jours,Shotgun,95.0,107.37,1,1
2026-08-12,2026-08-12 12:33:20,2-jours,regular,"['vendredi', 'samedi']",Pass 2 Jours,Shotgun,95.0,107.37,1,1
2026-08-12,2026-08-12 12:50:36,2-jours,regular,"['vendredi', 'samedi']",Pass 2 Jours,Shotgun,95.0,107.37,1,1
2026-08-12,2026-08-12 12:54:51,2-jours,regular,"['vendredi', 'samedi']",Pass 2 Jours,Shotgun,95.0,107.37,1,1
2026-08-12,2026-08-12 13:09:29,vendredi,regular,['vendredi'],Pass Vendredi,Shotgun,50.0,56.51,1,1
2026-08-12,2026-08-12 13:09:29,vendredi,regular,['vendredi'],Pass Vendredi,Shotgun,50.0,56.51,1,1
2026-08-12,2026-08-12 13:18:20,samedi,regular,['samedi'],Pass Samedi,Shotgun,50.0,56.51,1,1
2026-08-12,2026-08-12 13:30:06,2-jours,regular,"['vendredi', 'samedi']",Pass 2 Jours,Shotgun,95.0,107.37,1,1
2026-08-12,2026-08-12 13:45:53,vendredi,regular,['vendredi'],Pass Vendredi,Shotgun,50.0,56.51,1,1
2026-08-12,2026-08-12 13:46:00,samedi,regular,['samedi'],Pass Samedi,Shotgun,50.0,56.51,1,1
2026-08-12,2026-08-12 13:46:00,samedi,regular,['samedi'],Pass Samedi,Shotgun,50.0,56.51,1,1
2026-08-12,2026-08-12 13:48:42,2-jours,regular,"['vendredi', 'samedi']",Pass 2 Jours,Shotgun,95.0,107.37,1,1
2026-08-12,2026-08-12 13:48:42,2-jours,regular,"['vendredi', 'samedi']",Pass 2 Jours,Shotgun,95.0,107.37,1,1
2026-08-12,2026-08-12 14:02:31,samedi,regular,['samedi'],Pass Samedi,Shotgun,50.0,56.51,1,1
2026-08-12,2026-08-12 14:46:25,vendredi,regular,['vendredi'],Pass Vendredi,Shotgun,50.0,56.51,1,1
2026-08-12,2026-08-12 14:46:25,vendredi,regular,['vendredi'],Pass Vendredi,Shotgun,50.0,56.51,1,1
2026-08-12,2026-08-12 14:46:25,vendredi,regular,['vendredi'],Pass Vendredi,Shotgun,50.0,56.51,1,1
2026-08-12,2026-08-12 14:53:30,vendredi,regular,['vendredi'],Pass Vendredi,Shotgun,50.0,56.51,1,1
2026-08-12,2026-08-12 14:53:30,vendredi,regular,['vendredi'],Pass Vendredi,Shotgun,50.0,56.51,1,1
2026-08-12,2026-08-12 14:53:30,vendredi,regular,['vendredi'],Pass Vendredi,Shotgun,50.0,56.51,1,1
2026-08-12,2026-08-12 15:14:42,2-jours,regular,"['vendredi', 'samedi']",Pass 2 Jours,Shotgun,95.0,107.37,1,1
2026-08-12,2026-08-12 15:14:42,2-jours,regular,"['vendredi', 'samedi']",Pass 2 Jours,Shotgun,95.0,107.37,1,1
2026-08-12,2026-08-12 15:14:42,2-jours,regular,"['vendredi', 'samedi']",Pass 2 Jours,Shotgun,95.0,107.37,1,1
2026-08-12,2026-08-12 15:21:13,2-jours,regular,"['vendredi', 'samedi']",Pass 2 Jours,Shotgun,95.0,107.37,1,1
2026-08-12,2026-08-12 15:31:01,2-jours,regular,"['vendredi', 'samedi']",Pass 2 Jours,Shotgun,95.0,107.37,1,1
2026-08-12,2026-08-12 15:40:39,2-jours,regular,"['vendredi', 'samedi']",Pass 2 Jours,Shotgun,95.0,107.37,1,1
2026-08-12,2026-08-12 15:40:39,2-jours,regular,"['vendredi', 'samedi']",Pass 2 Jours,Shotgun,95.0,107.37,1,1
2026-08-12,2026-08-12 15:50:11,2-jours,regular,"['vendredi', 'samedi']",Pass 2 Jours,Shotgun,95.0,107.37,1,1
2026-08-12,2026-08-12 16:00:06,vendredi,regular,['vendredi'],Pass Vendredi,Shotgun,50.0,56.51,1,1
2026-08-12,2026-08-12 16:00:06,vendredi,regular,['vendredi'],Pass Vendredi,Shotgun,50.0,56.51,1,1
2026-08-12,2026-08-12 16:27:35,2-jours,regular,"['vendredi', 'samedi']",Pass 2 Jours,Shotgun,95.0,107.37,1,1
2026-08-12,2026-08-12 16:57:44,vendredi,regular,['vendredi'],Pass Vendredi,Shotgun,50.0,56.51,1,1
2026-08-12,2026-08-12 17:26:55,samedi,regular,['samedi'],Pass Samedi,Shotgun,50.0,56.51,1,1
2026-08-12,2026-08-12 17:31:32,samedi,regular,['samedi'],Pass Samedi,Shotgun,50.0,56.51,1,1
2026-08-12,2026-08-12 17:33:11,samedi,regular,['samedi'],Pass Samedi,Shotgun,50.0,56.51,1,1
2026-08-12,2026-08-12 18:52:46,samedi,regular,['samedi'],Pass Samedi,Shotgun,50.0,56.51,1,1
2026-08-12,2026-08-12 19:05:05,vendredi,regular,['vendredi'],Pass Vendredi,Shotgun,50.0,56.51,1,1
2026-08-12,2026-08-12 19:17:58,samedi,regular,['samedi'],Pass Samedi,Shotgun,50.0,56.51,1,1
2026-08-12,2026-08-12 19:17:58,samedi,regular,['samedi'],Pass Samedi,Shotgun,50.0,56.51,1,1
2026-08-12,2026-08-12 19:17:58,samedi,regular,['samedi'],Pass Samedi,Shotgun,50.0,56.51,1,1
2026-08-12,2026-08-12 19:17:58,samedi,regular,['samedi'],Pass Samedi,Shotgun,50.0,56.51,1,1
2026-08-12,2026-08-12 19:17:58,samedi,regular,['samedi'],Pass Samedi,Shotgun,50.0,56.51,1,1
2026-08-12,2026-08-12 19:18:08,vendredi,regular,['vendredi'],Pass Vendredi,Shotgun,50.0,56.51,1,1
2026-08-12,2026-08-12 19:24:35,2-jours,regular,,Pass 2 Jours,DICE,99.45,104.5,1,1
2026-08-12,2026-08-12 19:31:58,samedi,regular,['samedi'],Pass Samedi,Shotgun,50.0,56.51,1,1
2026-08-12,2026-08-12 19:32:45,samedi,regular,['samedi'],Pass Samedi,Shotgun,50.0,56.51,1,1
2026-08-12,2026-08-12 19:34:22,vendredi,regular,['vendredi'],Pass Vendredi,Shotgun,50.0,56.51,1,1
2026-08-12,2026-08-12 19:34:22,vendredi,regular,['vendredi'],Pass Vendredi,Shotgun,50.0,56.51,1,1
2026-08-12,2026-08-12 19:46:17,samedi,regular,['samedi'],Pass Samedi,Shotgun,50.0,56.51,1,1
2026-08-12,2026-08-12 20:07:25,vendredi,regular,['vendredi'],Pass Vendredi,Shotgun,50.0,56.51,1,1
2026-08-12,2026-08-12 20:07:25,vendredi,regular,['vendredi'],Pass Vendredi,Shotgun,50.0,56.51,1,1
2026-08-12,2026-08-12 20:09:23,2-jours,regular,"['vendredi', 'samedi']",Pass 2 Jours,Shotgun,95.0,107.37,1,1
2026-08-12,2026-08-12 20:25:20,2-jours,regular,"['vendredi', 'samedi']",Pass 2 Jours,Shotgun,95.0,107.37,1,1
2026-08-12,2026-08-12 20:34:12,samedi,regular,['samedi'],Pass Samedi,Shotgun,50.0,56.51,1,1
2026-08-12,2026-08-12 20:34:12,samedi,regular,['samedi'],Pass Samedi,Shotgun,50.0,56.51,1,1
2026-08-12,2026-08-12 21:01:52,samedi,regular,['samedi'],Pass Samedi,Shotgun,50.0,56.51,1,1
2026-08-12,2026-08-12 21:02:00,vendredi,regular,['vendredi'],Pass Vendredi,Shotgun,50.0,56.51,1,1
2026-08-12,2026-08-12 21:12:08,vendredi,regular,['vendredi'],Pass Vendredi,Shotgun,50.0,56.51,1,1
2026-08-12,2026-08-12 21:12:08,vendredi,regular,['vendredi'],Pass Vendredi,Shotgun,50.0,56.51,1,1
2026-08-12,2026-08-12 21:18:51,2-jours,regular,,Pass 2 Jours,DICE,99.45,104.5,1,1
2026-08-12,2026-08-12 21:24:00,vendredi,regular,['vendredi'],Pass Vendredi,Shotgun,50.0,56.51,1,1
2026-08-12,2026-08-12 21:49:03,2-jours,regular,,Pass 2 Jours,DICE,99.45,104.5,1,1
2026-08-12,2026-08-12 22:25:33,vendredi,regular,['vendredi'],Pass Vendredi,Shotgun,50.0,56.51,1,1
2026-08-12,2026-08-12 23:26:22,2-jours,regular,"['vendredi', 'samedi']",Pass 2 Jours,Shotgun,95.0,107.37,1,1
2026-08-12,2026-08-12 23:30:54,2-jours,regular,"['vendredi', 'samedi']",Pass 2 Jours,Shotgun,95.0,107.37,1,1
2026-08-13,2026-08-13 05:16:40,2-jours,regular,"['vendredi', 'samedi']",Pass 2 Jours,Shotgun,95.0,107.37,1,1
2026-08-13,2026-08-13 05:24:56,2-jours,regular,"['vendredi', 'samedi']",Pass 2 Jours,Shotgun,95.0,107.37,1,1
2026-08-13,2026-08-13 05:24:56,2-jours,regular,"['vendredi', 'samedi']",Pass 2 Jours,Shotgun,95.0,107.37,1,1
2026-08-13,2026-08-13 05:41:14,vendredi,regular,['vendredi'],Pass Vendredi,Shotgun,50.0,56.51,1,1
2026-08-13,2026-08-13 06:14:24,2-jours,regular,"['vendredi', 'samedi']",Pass 2 Jours,Shotgun,95.0,107.37,1,1
2026-08-13,2026-08-13 07:52:49,vendredi,regular,['vendredi'],Pass Vendredi,Shotgun,50.0,56.51,1,1
2026-08-13,2026-08-13 07:52:56,vendredi,regular,['vendredi'],Pass Vendredi,Shotgun,50.0,56.51,1,1
2026-08-13,2026-08-13 07:57:28,samedi,regular,['samedi'],Pass Samedi,Shotgun,50.0,56.51,1,1
2026-08-13,2026-08-13 07:58:53,vendredi,regular,['vendredi'],Pass Vendredi,Shotgun,50.0,56.51,1,1
2026-08-13,2026-08-13 08:23:33,2-jours,regular,,Pass 2 Jours,DICE,99.45,104.5,1,1
2026-08-13,2026-08-13 08:47:13,vendredi,regular,['vendredi'],Pass Vendredi,Shotgun,50.0,56.51,1,1
2026-08-13,2026-08-13 08:47:13,vendredi,regular,['vendredi'],Pass Vendredi,Shotgun,50.0,56.51,1,1
2026-08-13,2026-08-13 10:15:31,samedi,regular,['samedi'],Pass Samedi,Shotgun,50.0,56.51,1,1
2026-08-13,2026-08-13 10:25:17,samedi,regular,['samedi'],Pass Samedi,Shotgun,50.0,56.51,1,1
2026-08-13,2026-08-13 13:43:28,samedi,regular,['samedi'],Pass Samedi,Shotgun,50.0,56.51,1,1
2026-08-13,2026-08-13 13:51:25,samedi,regular,['samedi'],Pass Samedi,Shotgun,50.0,56.51,1,1
2026-08-13,2026-08-13 14:41:32,2-jours,regular,"['vendredi', 'samedi']",Pass 2 Jours,Shotgun,95.0,107.37,1,1
2026-08-13,2026-08-13 14:42:56,samedi,regular,['samedi'],Pass Samedi,Shotgun,50.0,56.51,1,1
2026-08-13,2026-08-13 15:01:57,2-jours,regular,"['vendredi', 'samedi']",Pass 2 Jours,Shotgun,95.0,107.37,1,1
2026-08-13,2026-08-13 15:38:10,samedi,regular,['samedi'],Pass Samedi,Shotgun,50.0,56.51,1,1
2026-08-13,2026-08-13 15:54:07,samedi,regular,['samedi'],Pass Samedi,Shotgun,50.0,56.51,1,1
2026-08-13,2026-08-13 16:04:04,vendredi,regular,['vendredi'],Pass Vendredi,Shotgun,50.0,56.51,1,1
2026-08-13,2026-08-13 16:50:50,2-jours,regular,"['vendredi', 'samedi']",Pass 2 Jours,Shotgun,95.0,107.37,1,1
2026-08-13,2026-08-13 16:52:33,samedi,regular,['samedi'],Pass Samedi,Shotgun,50.0,56.51,1,1
2026-08-13,2026-08-13 17:03:02,vendredi,regular,['vendredi'],Pass Vendredi,Shotgun,50.0,56.51,1,1
2026-08-13,2026-08-13 17:03:02,vendredi,regular,['vendredi'],Pass Vendredi,Shotgun,50.0,56.51,1,1
2026-08-13,2026-08-13 17:11:34,2-jours,regular,,Pass 2 Jours,DICE,99.45,104.5,1,1
2026-08-13,2026-08-13 17:12:23,2-jours,regular,,Pass 2 Jours,DICE,99.45,104.5,1,1
2026-08-13,2026-08-13 17:13:03,samedi,regular,['samedi'],Pass Samedi,Shotgun,50.0,56.51,1,1
2026-08-13,2026-08-13 17:13:03,samedi,regular,['samedi'],Pass Samedi,Shotgun,50.0,56.51,1,1
2026-08-13,2026-08-13 17:14:55,samedi,regular,['samedi'],Pass Samedi,DICE,51.39,55.0,1,1
2026-08-13,2026-08-13 17:46:37,vendredi,regular,['vendredi'],Pass Vendredi,Shotgun,50.0,56.51,1,1
2026-08-13,2026-08-13 18:12:30,vendredi,regular,['vendredi'],Pass Vendredi,Shotgun,50.0,56.51,1,1
2026-08-13,2026-08-13 18:17:00,samedi,regular,['samedi'],Pass Samedi,Shotgun,50.0,56.51,1,1
2026-08-13,2026-08-13 18:19:41,vendredi,regular,['vendredi'],Pass Vendredi,Shotgun,50.0,56.51,1,1
2026-08-13,2026-08-13 18:19:41,vendredi,regular,['vendredi'],Pass Vendredi,Shotgun,50.0,56.51,1,1
2026-08-13,2026-08-13 19:02:53,vendredi,regular,['vendredi'],Pass Vendredi,Shotgun,50.0,56.51,1,1
2026-08-13,2026-08-13 19:02:53,vendredi,regular,['vendredi'],Pass Vendredi,Shotgun,50.0,56.51,1,1
2026-08-13,2026-08-13 19:06:34,samedi,regular,['samedi'],Pass Samedi,Shotgun,50.0,56.51,1,1
2026-08-13,2026-08-13 19:21:50,samedi,regular,['samedi'],Pass Samedi,Shotgun,50.0,56.51,1,1
2026-08-13,2026-08-13 19:54:28,vendredi,regular,['vendredi'],Pass Vendredi,Shotgun,50.0,56.51,1,1
2026-08-13,2026-08-13 19:54:28,vendredi,regular,['vendredi'],Pass Vendredi,Shotgun,50.0,56.51,1,1
2026-08-13,2026-08-13 20:01:35,vendredi,regular,['vendredi'],Pass Vendredi,Shotgun,50.0,56.51,1,1
2026-08-13,2026-08-13 20:02:19,vendredi,regular,['vendredi'],Pass Vendredi,Shotgun,50.0,56.51,1,1
2026-08-13,2026-08-13 20:18:03,vendredi,regular,['vendredi'],Pass Vendredi,Shotgun,50.0,56.51,1,1
2026-08-13,2026-08-13 20:18:03,vendredi,regular,['vendredi'],Pass Vendredi,Shotgun,50.0,56.51,1,1
2026-08-13,2026-08-13 20:22:38,samedi,regular,['samedi'],Pass Samedi,Shotgun,50.0,56.51,1,1
2026-08-13,2026-08-13 20:23:21,2-jours,regular,"['vendredi', 'samedi']",Pass 2 Jours,Shotgun,95.0,107.37,1,1
2026-08-13,2026-08-13 20:39:42,2-jours,regular,"['vendredi', 'samedi']",Pass 2 Jours,Shotgun,95.0,107.37,1,1
2026-08-13,2026-08-13 20:42:24,samedi,regular,['samedi'],Pass Samedi,Shotgun,50.0,56.51,1,1
2026-08-13,2026-08-13 20:48:15,2-jours,regular,"['vendredi', 'samedi']",Pass 2 Jours,Shotgun,95.0,107.37,1,1
2026-08-13,2026-08-13 21:38:19,2-jours,regular,"['vendredi', 'samedi']",Pass 2 Jours,Shotgun,95.0,107.37,1,1
2026-08-13,2026-08-13 21:38:19,2-jours,regular,"['vendredi', 'samedi']",Pass 2 Jours,Shotgun,95.0,107.37,1,1
2026-08-13,2026-08-13 21:38:22,samedi,regular,['samedi'],Pass Samedi,Shotgun,50.0,56.51,1,1
2026-08-13,2026-08-13 21:40:14,samedi,regular,['samedi'],Pass Samedi,Shotgun,50.0,56.51,1,1
2026-08-13,2026-08-13 21:41:18,samedi,regular,['samedi'],Pass Samedi,Shotgun,50.0,56.51,1,1
2026-08-13,2026-08-13 22:03:32,samedi,regular,['samedi'],Pass Samedi,Shotgun,54.09,61.14,1,1
2026-08-13,2026-08-13 22:16:29,2-jours,regular,"['vendredi', 'samedi']",Pass 2 Jours,Shotgun,95.0,107.37,1,1
2026-08-14,2026-08-14 05:44:05,samedi,regular,['samedi'],Pass Samedi,Shotgun,50.0,56.51,1,1
2026-08-14,2026-08-14 05:44:05,samedi,regular,['samedi'],Pass Samedi,Shotgun,50.0,56.51,1,1
2026-08-14,2026-08-14 08:33:46,vendredi,regular,['vendredi'],Pass Vendredi,Shotgun,50.0,56.51,1,1
2026-08-14,2026-08-14 08:35:12,samedi,regular,['samedi'],Pass Samedi,Shotgun,50.0,56.51,1,1
2026-08-14,2026-08-14 08:38:53,vendredi,regular,['vendredi'],Pass Vendredi,Shotgun,50.0,56.51,1,1
2026-08-14,2026-08-14 09:04:08,samedi,regular,['samedi'],Pass Samedi,Shotgun,50.0,56.51,1,1
2026-08-14,2026-08-14 09:57:34,samedi,regular,['samedi'],Pass Samedi,Shotgun,50.0,56.51,1,1
2026-08-14,2026-08-14 09:57:34,samedi,regular,['samedi'],Pass Samedi,Shotgun,50.0,56.51,1,1
2026-08-14,2026-08-14 10:52:19,2-jours,regular,"['vendredi', 'samedi']",Pass 2 Jours,Shotgun,95.0,107.37,1,1
2026-08-14,2026-08-14 11:03:10,2-jours,regular,"['vendredi', 'samedi']",Pass 2 Jours,Shotgun,95.0,107.37,1,1
2026-08-14,2026-08-14 11:31:26,vendredi,regular,['vendredi'],Pass Vendredi,Shotgun,50.0,56.51,1,1
2026-08-14,2026-08-14 11:31:26,vendredi,regular,['vendredi'],Pass Vendredi,Shotgun,50.0,56.51,1,1
2026-08-14,2026-08-14 11:48:40,samedi,regular,['samedi'],Pass Samedi,Shotgun,50.0,56.51,1,1
2026-08-14,2026-08-14 11:48:40,samedi,regular,['samedi'],Pass Samedi,Shotgun,50.0,56.51,1,1
2026-08-14,2026-08-14 13:42:44,2-jours,regular,"['vendredi', 'samedi']",Pass 2 Jours,Shotgun,95.0,107.37,1,1
2026-08-14,2026-08-14 14:15:28,vendredi,regular,['vendredi'],Pass Vendredi,Shotgun,50.0,56.51,1,1
2026-08-14,2026-08-14 14:17:21,vendredi,regular,['vendredi'],Pass Vendredi,Shotgun,50.0,56.51,1,1
2026-08-14,2026-08-14 14:29:07,vendredi,regular,['vendredi'],Pass Vendredi,Shotgun,50.0,56.51,1,1
2026-08-14,2026-08-14 14:29:07,vendredi,regular,['vendredi'],Pass Vendredi,Shotgun,50.0,56.51,1,1
2026-08-14,2026-08-14 14:29:07,vendredi,regular,['vendredi'],Pass Vendredi,Shotgun,50.0,56.51,1,1
2026-08-14,2026-08-14 15:21:29,vendredi,regular,['vendredi'],Pass Vendredi,Shotgun,50.0,56.51,1,1
2026-08-14,2026-08-14 15:21:29,vendredi,regular,['vendredi'],Pass Vendredi,Shotgun,50.0,56.51,1,1
2026-08-14,2026-08-14 17:14:19,samedi,regular,['samedi'],Pass Samedi,Shotgun,50.0,56.51,1,1
2026-08-14,2026-08-14 17:22:22,2-jours,regular,"['vendredi', 'samedi']",Pass 2 Jours,Shotgun,95.0,107.37,1,1
2026-08-14,2026-08-14 17:23:52,vendredi,regular,['vendredi'],Pass Vendredi,Shotgun,50.0,56.51,1,1
2026-08-14,2026-08-14 17:44:32,samedi,regular,['samedi'],Pass Samedi,DICE,51.39,55.0,1,1
2026-08-14,2026-08-14 19:24:33,2-jours,regular,"['vendredi', 'samedi']",Pass 2 Jours,Shotgun,95.0,107.37,1,1
2026-08-14,2026-08-14 19:26:39,2-jours,regular,"['vendredi', 'samedi']",Pass 2 Jours,Shotgun,95.0,107.37,1,1
2026-08-14,2026-08-14 19:27:23,vendredi,regular,['vendredi'],Pass Vendredi,Shotgun,50.0,56.51,1,1
2026-08-14,2026-08-14 19:27:23,vendredi,regular,['vendredi'],Pass Vendredi,Shotgun,50.0,56.51,1,1
2026-08-14,2026-08-14 19:30:17,vendredi,regular,['vendredi'],Pass Vendredi,Shotgun,50.0,56.51,1,1
2026-08-14,2026-08-14 19:30:17,vendredi,regular,['vendredi'],Pass Vendredi,Shotgun,50.0,56.51,1,1
2026-08-14,2026-08-14 19:36:55,vendredi,regular,['vendredi'],Pass Vendredi,Shotgun,50.0,56.51,1,1
2026-08-14,2026-08-14 19:40:08,2-jours,regular,"['vendredi', 'samedi']",Pass 2 Jours,Shotgun,95.0,107.37,1,1
2026-08-14,2026-08-14 19:51:37,samedi,regular,['samedi'],Pass Samedi,Shotgun,50.0,56.51,1,1
2026-08-14,2026-08-14 20:02:39,vendredi,regular,['vendredi'],Pass Vendredi,Shotgun,50.0,56.51,1,1
2026-08-14,2026-08-14 20:03:38,samedi,regular,['samedi'],Pass Samedi,Shotgun,50.0,56.51,1,1
2026-08-14,2026-08-14 20:36:10,samedi,regular,['samedi'],Pass Samedi,Shotgun,50.0,56.51,1,1
2026-08-14,2026-08-14 21:16:28,2-jours,regular,"['vendredi', 'samedi']",Pass 2 Jours,Shotgun,95.0,107.37,1,1
2026-08-14,2026-08-14 21:58:28,samedi,regular,['samedi'],Pass Samedi,Shotgun,50.0,56.51,1,1
2026-08-14,2026-08-14 22:24:19,vendredi,regular,['vendredi'],Pass Vendredi,Shotgun,50.0,56.51,1,1
2026-08-14,2026-08-14 22:38:21,vendredi,regular,['vendredi'],Pass Vendredi,DICE,51.39,55.0,1,1
2026-08-14,2026-08-14 22:39:50,samedi,regular,['samedi'],Pass Samedi,Shotgun,50.0,56.51,1,1
2026-08-14,2026-08-14 22:40:10,samedi,regular,['samedi'],Pass Samedi,Shotgun,50.0,56.51,1,1
2026-08-14,2026-08-14 22:51:19,2-jours,regular,"['vendredi', 'samedi']",Pass 2 Jours,Shotgun,95.0,107.37,1,1
2026-08-14,2026-08-14 22:52:19,2-jours,regular,"['vendredi', 'samedi']",Pass 2 Jours,Shotgun,95.0,107.37,1,1
2026-08-14,2026-08-14 23:43:04,2-jours,regular,"['vendredi', 'samedi']",Pass 2 Jours,Shotgun,95.0,107.37,1,1
2026-08-14,2026-08-14 23:47:12,2-jours,regular,"['vendredi', 'samedi']",Pass 2 Jours,Shotgun,95.0,107.37,1,1
2026-08-14,2026-08-14 23:47:21,2-jours,regular,"['vendredi', 'samedi']",Pass 2 Jours,Shotgun,95.0,107.37,1,1
2026-08-15,2026-08-15 00:10:46,samedi,regular,['samedi'],Pass Samedi,Shotgun,50.0,56.51,1,1
2026-08-15,2026-08-15 00:50:51,2-jours,regular,"['vendredi', 'samedi']",Pass 2 Jours,Shotgun,95.0,107.37,1,1
2026-08-15,2026-08-15 01:21:53,vendredi,regular,['vendredi'],Pass Vendredi,Shotgun,50.0,56.51,1,1
2026-08-15,2026-08-15 01:21:53,vendredi,regular,['vendredi'],Pass Vendredi,Shotgun,50.0,56.51,1,1
2026-08-15,2026-08-15 01:57:36,vendredi,regular,['vendredi'],Pass Vendredi,Shotgun,50.0,56.51,1,1
2026-08-15,2026-08-15 02:09:31,2-jours,regular,"['vendredi', 'samedi']",Pass 2 Jours,Shotgun,95.0,107.37,1,1
2026-08-15,2026-08-15 02:53:28,2-jours,regular,"['vendredi', 'samedi']",Pass 2 Jours,Shotgun,95.0,107.37,1,1
2026-08-15,2026-08-15 02:53:28,2-jours,regular,"['vendredi', 'samedi']",Pass 2 Jours,Shotgun,95.0,107.37,1,1
2026-08-15,2026-08-15 06:46:04,vendredi,regular,['vendredi'],Pass Vendredi,Shotgun,50.0,56.51,1,1
2026-08-15,2026-08-15 07:43:44,samedi,regular,['samedi'],Pass Samedi,DICE,51.39,55.0,1,1
2026-08-15,2026-08-15 07:49:47,vendredi,regular,['vendredi'],Pass Vendredi,Shotgun,50.0,56.51,1,1
2026-08-15,2026-08-15 07:49:47,vendredi,regular,['vendredi'],Pass Vendredi,Shotgun,50.0,56.51,1,1
2026-08-15,2026-08-15 07:52:10,samedi,regular,['samedi'],Pass Samedi,Shotgun,50.0,56.51,1,1
2026-08-15,2026-08-15 07:52:10,samedi,regular,['samedi'],Pass Samedi,Shotgun,50.0,56.51,1,1
2026-08-15,2026-08-15 07:54:29,samedi,regular,['samedi'],Pass Samedi,Shotgun,50.0,56.51,1,1
2026-08-15,2026-08-15 07:58:27,vendredi,regular,['vendredi'],Pass Vendredi,Shotgun,50.0,56.51,1,1
2026-08-15,2026-08-15 08:10:03,vendredi,regular,['vendredi'],Pass Vendredi,Shotgun,50.0,56.51,1,1
2026-08-15,2026-08-15 09:30:55,vendredi,regular,['vendredi'],Pass Vendredi,Shotgun,50.0,56.51,1,1
2026-08-15,2026-08-15 09:30:55,vendredi,regular,['vendredi'],Pass Vendredi,Shotgun,50.0,56.51,1,1
2026-08-15,2026-08-15 09:33:43,samedi,regular,['samedi'],Pass Samedi,Shotgun,50.0,56.51,1,1
2026-08-15,2026-08-15 09:36:41,samedi,regular,['samedi'],Pass Samedi,Shotgun,50.0,56.51,1,1
2026-08-15,2026-08-15 09:51:53,samedi,regular,['samedi'],Pass Samedi,Shotgun,50.0,56.51,1,1
2026-08-15,2026-08-15 10:26:40,vendredi,regular,['vendredi'],Pass Vendredi,Shotgun,50.0,56.51,1,1
2026-08-15,2026-08-15 10:30:25,samedi,regular,['samedi'],Pass Samedi,Shotgun,50.0,56.51,1,1
2026-08-15,2026-08-15 10:34:19,samedi,regular,['samedi'],Pass Samedi,Shotgun,50.0,56.51,1,1
2026-08-15,2026-08-15 10:34:19,samedi,regular,['samedi'],Pass Samedi,Shotgun,50.0,56.51,1,1
2026-08-15,2026-08-15 10:39:06,samedi,regular,['samedi'],Pass Samedi,Shotgun,50.0,56.51,1,1
2026-08-15,2026-08-15 10:44:32,2-jours,regular,"['vendredi', 'samedi']",Pass 2 Jours,Shotgun,95.0,107.37,1,1
2026-08-15,2026-08-15 10:44:32,2-jours,regular,"['vendredi', 'samedi']",Pass 2 Jours,Shotgun,95.0,107.37,1,1
2026-08-15,2026-08-15 10:44:32,2-jours,regular,"['vendredi', 'samedi']",Pass 2 Jours,Shotgun,95.0,107.37,1,1
2026-08-15,2026-08-15 10:54:36,vendredi,regular,['vendredi'],Pass Vendredi,Shotgun,50.0,56.51,1,1
2026-08-15,2026-08-15 10:54:36,vendredi,regular,['vendredi'],Pass Vendredi,Shotgun,50.0,56.51,1,1
2026-08-15,2026-08-15 11:31:00,vendredi,regular,['vendredi'],Pass Vendredi,Shotgun,50.0,56.51,1,1
2026-08-15,2026-08-15 11:33:17,vendredi,regular,['vendredi'],Pass Vendredi,Shotgun,50.0,56.51,1,1
2026-08-15,2026-08-15 12:11:20,vendredi,regular,['vendredi'],Pass Vendredi,Shotgun,50.0,56.51,1,1
2026-08-15,2026-08-15 12:14:52,samedi,regular,['samedi'],Pass Samedi,Shotgun,50.0,56.51,1,1
2026-08-15,2026-08-15 12:25:37,samedi,regular,['samedi'],Pass Samedi,Shotgun,50.0,56.51,1,1
2026-08-15,2026-08-15 12:28:29,2-jours,regular,"['vendredi', 'samedi']",Pass 2 Jours,Shotgun,95.0,107.37,1,1
2026-08-15,2026-08-15 12:28:29,2-jours,regular,"['vendredi', 'samedi']",Pass 2 Jours,Shotgun,95.0,107.37,1,1
2026-08-15,2026-08-15 12:55:32,vendredi,regular,['vendredi'],Pass Vendredi,Shotgun,50.0,56.51,1,1
2026-08-15,2026-08-15 14:45:32,2-jours,regular,"['vendredi', 'samedi']",Pass 2 Jours,Shotgun,95.0,107.37,1,1
2026-08-15,2026-08-15 14:47:46,2-jours,regular,"['vendredi', 'samedi']",Pass 2 Jours,Shotgun,95.0,107.37,1,1
2026-08-15,2026-08-15 14:47:46,2-jours,regular,"['vendredi', 'samedi']",Pass 2 Jours,Shotgun,95.0,107.37,1,1
2026-08-15,2026-08-15 14:52:23,samedi,regular,['samedi'],Pass Samedi,Shotgun,50.0,56.51,1,1
2026-08-15,2026-08-15 14:57:33,vendredi,regular,['vendredi'],Pass Vendredi,DICE,51.39,55.0,1,1
2026-08-15,2026-08-15 15:55:53,samedi,regular,['samedi'],Pass Samedi,Shotgun,50.0,56.51,1,1
2026-08-15,2026-08-15 15:55:53,samedi,regular,['samedi'],Pass Samedi,Shotgun,50.0,56.51,1,1
2026-08-15,2026-08-15 15:55:53,samedi,regular,['samedi'],Pass Samedi,Shotgun,50.0,56.51,1,1
2026-08-15,2026-08-15 16:32:08,samedi,regular,['samedi'],Pass Samedi,Shotgun,50.0,56.51,1,1
2026-08-15,2026-08-15 17:00:24,2-jours,regular,"['vendredi', 'samedi']",Pass 2 Jours,Shotgun,95.0,107.37,1,1
2026-08-15,2026-08-15 17:12:19,samedi,regular,['samedi'],Pass Samedi,Shotgun,50.0,56.51,1,1
2026-08-15,2026-08-15 17:30:32,samedi,regular,['samedi'],Pass Samedi,DICE,51.39,55.0,1,1
2026-08-15,2026-08-15 17:30:32,samedi,regular,['samedi'],Pass Samedi,DICE,51.39,55.0,1,1
2026-08-15,2026-08-15 18:27:27,samedi,regular,['samedi'],Pass Samedi,Shotgun,50.0,56.51,1,1
2026-08-15,2026-08-15 18:27:27,samedi,regular,['samedi'],Pass Samedi,Shotgun,50.0,56.51,1,1
2026-08-15,2026-08-15 18:58:13,2-jours,regular,"['vendredi', 'samedi']",Pass 2 Jours,Shotgun,95.0,107.37,1,1
2026-08-15,2026-08-15 19:02:03,samedi,regular,['samedi'],Pass Samedi,DICE,51.39,55.0,1,1
2026-08-15,2026-08-15 19:02:13,vendredi,regular,['vendredi'],Pass Vendredi,Shotgun,50.0,56.51,1,1
2026-08-15,2026-08-15 19:02:32,vendredi,regular,['vendredi'],Pass Vendredi,Shotgun,50.0,56.51,1,1
2026-08-15,2026-08-15 19:07:09,vendredi,regular,['vendredi'],Pass Vendredi,Shotgun,50.0,56.51,1,1
2026-08-15,2026-08-15 19:10:58,vendredi,regular,['vendredi'],Pass Vendredi,Shotgun,50.0,56.51,1,1
2026-08-15,2026-08-15 19:21:35,2-jours,regular,"['vendredi', 'samedi']",Pass 2 Jours,Shotgun,95.0,107.37,1,1
2026-08-15,2026-08-15 19:27:45,vendredi,regular,['vendredi'],Pass Vendredi,Shotgun,50.0,56.51,1,1
2026-08-15,2026-08-15 19:57:59,samedi,regular,['samedi'],Pass Samedi,Shotgun,50.0,56.51,1,1
2026-08-15,2026-08-15 19:57:59,samedi,regular,['samedi'],Pass Samedi,Shotgun,50.0,56.51,1,1
2026-08-15,2026-08-15 20:42:34,2-jours,regular,"['vendredi', 'samedi']",Pass 2 Jours,Shotgun,95.0,107.37,1,1
2026-08-15,2026-08-15 21:03:37,2-jours,regular,"['vendredi', 'samedi']",Pass 2 Jours,Shotgun,95.0,107.37,1,1
2026-08-15,2026-08-15 21:03:37,2-jours,regular,"['vendredi', 'samedi']",Pass 2 Jours,Shotgun,95.0,107.37,1,1
2026-08-15,2026-08-15 21:03:37,2-jours,regular,"['vendredi', 'samedi']",Pass 2 Jours,Shotgun,95.0,107.37,1,1
2026-08-15,2026-08-15 21:03:37,2-jours,regular,"['vendredi', 'samedi']",Pass 2 Jours,Shotgun,95.0,107.37,1,1
2026-08-15,2026-08-15 21:03:37,2-jours,regular,"['vendredi', 'samedi']",Pass 2 Jours,Shotgun,95.0,107.37,1,1
2026-08-15,2026-08-15 21:53:34,2-jours,regular,"['vendredi', 'samedi']",Pass 2 Jours,Shotgun,95.0,107.37,1,1
2026-08-15,2026-08-15 21:53:34,samedi,regular,['samedi'],Pass Samedi,Shotgun,54.09,61.14,1,1
2026-08-15,2026-08-15 23:04:28,2-jours,regular,"['vendredi', 'samedi']",Pass 2 Jours,Shotgun,95.0,107.37,1,1
2026-08-16,2026-08-16 00:43:45,vendredi,regular,['vendredi'],Pass Vendredi,DICE,51.39,55.0,1,1
2026-08-16,2026-08-16 08:16:53,samedi,regular,['samedi'],Pass Samedi,Shotgun,50.0,56.51,1,1
2026-08-16,2026-08-16 08:20:41,samedi,regular,['samedi'],Pass Samedi,Shotgun,50.0,56.51,1,1
2026-08-16,2026-08-16 08:29:58,vendredi,regular,['vendredi'],Pass Vendredi,Shotgun,50.0,56.51,1,1
2026-08-16,2026-08-16 08:29:58,vendredi,regular,['vendredi'],Pass Vendredi,Shotgun,50.0,56.51,1,1
2026-08-16,2026-08-16 09:07:42,samedi,regular,['samedi'],Pass Samedi,DICE,51.39,55.0,1,1
2026-08-16,2026-08-16 09:27:11,2-jours,regular,"['vendredi', 'samedi']",Pass 2 Jours,Shotgun,95.0,107.37,1,1
2026-08-16,2026-08-16 09:52:21,2-jours,regular,,Pass 2 Jours,DICE,99.45,104.5,1,1
2026-08-16,2026-08-16 09:57:15,vendredi,regular,['vendredi'],Pass Vendredi,DICE,51.39,55.0,1,1
2026-08-16,2026-08-16 11:46:46,vendredi,regular,['vendredi'],Pass Vendredi,Shotgun,50.0,56.51,1,1
2026-08-16,2026-08-16 12:05:51,2-jours,regular,"['vendredi', 'samedi']",Pass 2 Jours,Shotgun,95.0,107.37,1,1
2026-08-16,2026-08-16 12:18:51,samedi,regular,['samedi'],Pass Samedi,Shotgun,50.0,56.51,1,1
2026-08-16,2026-08-16 12:32:25,samedi,regular,['samedi'],Pass Samedi,Shotgun,50.0,56.51,1,1
2026-08-16,2026-08-16 12:32:25,samedi,regular,['samedi'],Pass Samedi,Shotgun,50.0,56.51,1,1
2026-08-16,2026-08-16 12:39:59,samedi,regular,['samedi'],Pass Samedi,Shotgun,50.0,56.51,1,1
2026-08-16,2026-08-16 12:39:59,samedi,regular,['samedi'],Pass Samedi,Shotgun,50.0,56.51,1,1
2026-08-16,2026-08-16 12:43:44,samedi,regular,['samedi'],Pass Samedi,Shotgun,50.0,56.51,1,1
2026-08-16,2026-08-16 12:43:44,samedi,regular,['samedi'],Pass Samedi,Shotgun,50.0,56.51,1,1
2026-08-16,2026-08-16 12:43:44,samedi,regular,['samedi'],Pass Samedi,Shotgun,50.0,56.51,1,1
2026-08-16,2026-08-16 12:43:44,samedi,regular,['samedi'],Pass Samedi,Shotgun,50.0,56.51,1,1
2026-08-16,2026-08-16 12:43:44,samedi,regular,['samedi'],Pass Samedi,Shotgun,50.0,56.51,1,1
2026-08-16,2026-08-16 12:43:44,samedi,regular,['samedi'],Pass Samedi,Shotgun,50.0,56.51,1,1
2026-08-16,2026-08-16 12:43:44,samedi,regular,['samedi'],Pass Samedi,Shotgun,50.0,56.51,1,1
2026-08-16,2026-08-16 12:43:44,samedi,regular,['samedi'],Pass Samedi,Shotgun,50.0,56.51,1,1
2026-08-16,2026-08-16 13:11:50,vendredi,regular,['vendredi'],Pass Vendredi,Shotgun,50.0,56.51,1,1
2026-08-16,2026-08-16 13:13:14,vendredi,regular,['vendredi'],Pass Vendredi,Shotgun,50.0,56.51,1,1
2026-08-16,2026-08-16 13:50:54,samedi,regular,['samedi'],Pass Samedi,Shotgun,50.0,56.51,1,1
2026-08-16,2026-08-16 13:53:04,samedi,regular,['samedi'],Pass Samedi,Shotgun,50.0,56.51,1,1
2026-08-16,2026-08-16 14:03:17,vendredi,regular,['vendredi'],Pass Vendredi,Shotgun,50.0,56.51,1,1
2026-08-16,2026-08-16 14:33:23,2-jours,regular,"['vendredi', 'samedi']",Pass 2 Jours,Shotgun,95.0,107.37,1,1
2026-08-16,2026-08-16 14:35:54,2-jours,regular,"['vendredi', 'samedi']",Pass 2 Jours,Shotgun,95.0,107.37,1,1
2026-08-16,2026-08-16 14:56:06,vendredi,regular,['vendredi'],Pass Vendredi,Shotgun,50.0,56.51,1,1
2026-08-16,2026-08-16 15:09:47,vendredi,regular,['vendredi'],Pass Vendredi,Shotgun,50.0,56.51,1,1
2026-08-16,2026-08-16 15:54:05,vendredi,regular,['vendredi'],Pass Vendredi,Shotgun,50.0,56.51,1,1
2026-08-16,2026-08-16 16:11:16,2-jours,regular,,Pass 2 Jours,DICE,99.45,104.5,1,1
2026-08-16,2026-08-16 16:11:16,2-jours,regular,,Pass 2 Jours,DICE,99.45,104.5,1,1
2026-08-16,2026-08-16 16:32:17,samedi,regular,['samedi'],Pass Samedi,Shotgun,50.0,56.51,1,1
2026-08-16,2026-08-16 16:32:17,samedi,regular,['samedi'],Pass Samedi,Shotgun,50.0,56.51,1,1
2026-08-16,2026-08-16 16:32:17,samedi,regular,['samedi'],Pass Samedi,Shotgun,50.0,56.51,1,1
2026-08-16,2026-08-16 16:32:17,samedi,regular,['samedi'],Pass Samedi,Shotgun,50.0,56.51,1,1
2026-08-16,2026-08-16 16:44:29,2-jours,regular,"['vendredi', 'samedi']",Pass 2 Jours,Shotgun,95.0,107.37,1,1
2026-08-16,2026-08-16 17:54:07,2-jours,regular,"['vendredi', 'samedi']",Pass 2 Jours,Shotgun,95.0,107.37,1,1
2026-08-16,2026-08-16 17:57:37,2-jours,regular,"['vendredi', 'samedi']",Pass 2 Jours,Shotgun,95.0,107.37,1,1
2026-08-16,2026-08-16 17:59:54,2-jours,regular,"['vendredi', 'samedi']",Pass 2 Jours,Shotgun,95.0,107.37,1,1
2026-08-16,2026-08-16 18:02:02,vendredi,regular,['vendredi'],Pass Vendredi,Shotgun,50.0,56.51,1,1
2026-08-16,2026-08-16 18:02:02,vendredi,regular,['vendredi'],Pass Vendredi,Shotgun,50.0,56.51,1,1
2026-08-16,2026-08-16 18:03:05,samedi,regular,['samedi'],Pass Samedi,Shotgun,50.0,56.51,1,1
2026-08-16,2026-08-16 18:03:05,samedi,regular,['samedi'],Pass Samedi,Shotgun,50.0,56.51,1,1
2026-08-16,2026-08-16 18:56:51,vendredi,regular,['vendredi'],Pass Vendredi,Shotgun,50.0,56.51,1,1
2026-08-16,2026-08-16 18:56:51,vendredi,regular,['vendredi'],Pass Vendredi,Shotgun,50.0,56.51,1,1
2026-08-16,2026-08-16 19:29:00,vendredi,regular,['vendredi'],Pass Vendredi,Shotgun,50.0,56.51,1,1
2026-08-16,2026-08-16 19:39:54,vendredi,regular,['vendredi'],Pass Vendredi,Shotgun,50.0,56.51,1,1
2026-08-16,2026-08-16 19:39:54,vendredi,regular,['vendredi'],Pass Vendredi,Shotgun,50.0,56.51,1,1
2026-08-16,2026-08-16 20:09:58,vendredi,regular,['vendredi'],Pass Vendredi,Shotgun,50.0,56.51,1,1
2026-08-16,2026-08-16 20:11:06,vendredi,regular,['vendredi'],Pass Vendredi,Shotgun,50.0,56.51,1,1
2026-08-16,2026-08-16 20:50:51,samedi,regular,['samedi'],Pass Samedi,Shotgun,50.0,56.51,1,1
2026-08-16,2026-08-16 21:54:49,2-jours,regular,"['vendredi', 'samedi']",Pass 2 Jours,Shotgun,95.0,107.37,1,1
2026-08-16,2026-08-16 21:54:49,2-jours,regular,"['vendredi', 'samedi']",Pass 2 Jours,Shotgun,95.0,107.37,1,1
2026-08-16,2026-08-16 22:47:47,2-jours,regular,,Pass 2 Jours,DICE,99.45,104.5,1,1
2026-08-16,2026-08-16 22:49:17,2-jours,regular,,Pass 2 Jours,DICE,99.45,104.5,1,1
2026-08-17,2026-08-17 06:25:07,vendredi,regular,['vendredi'],Pass Vendredi,Shotgun,50.0,56.51,1,1
2026-08-17,2026-08-17 07:45:17,vendredi,regular,['vendredi'],Pass Vendredi,Shotgun,50.0,56.51,1,1
2026-08-17,2026-08-17 07:45:17,vendredi,regular,['vendredi'],Pass Vendredi,Shotgun,50.0,56.51,1,1
2026-08-17,2026-08-17 09:28:06,vendredi,regular,['vendredi'],Pass Vendredi,DICE,51.39,55.0,1,1
2026-08-17,2026-08-17 09:40:29,2-jours,regular,"['vendredi', 'samedi']",Pass 2 Jours,Shotgun,95.0,107.37,1,1
2026-08-17,2026-08-17 09:53:34,samedi,regular,['samedi'],Pass Samedi,Shotgun,50.0,56.51,1,1
2026-08-17,2026-08-17 09:53:34,samedi,regular,['samedi'],Pass Samedi,Shotgun,50.0,56.51,1,1
2026-08-17,2026-08-17 09:53:34,samedi,regular,['samedi'],Pass Samedi,Shotgun,50.0,56.51,1,1
2026-08-17,2026-08-17 09:53:34,samedi,regular,['samedi'],Pass Samedi,Shotgun,50.0,56.51,1,1
2026-08-17,2026-08-17 10:05:44,vendredi,regular,['vendredi'],Pass Vendredi,Shotgun,50.0,56.51,1,1
2026-08-17,2026-08-17 10:40:20,samedi,regular,['samedi'],Pass Samedi,Shotgun,50.0,56.51,1,1
2026-08-17,2026-08-17 10:52:38,samedi,regular,['samedi'],Pass Samedi,Shotgun,50.0,56.51,1,1
2026-08-17,2026-08-17 10:56:57,samedi,regular,['samedi'],Pass Samedi,Shotgun,50.0,56.51,1,1
2026-08-17,2026-08-17 11:28:48,2-jours,regular,"['vendredi', 'samedi']",Pass 2 Jours,Shotgun,95.0,107.37,1,1
2026-08-17,2026-08-17 12:43:42,samedi,regular,['samedi'],Pass Samedi,Shotgun,50.0,56.51,1,1
2026-08-17,2026-08-17 12:43:42,samedi,regular,['samedi'],Pass Samedi,Shotgun,50.0,56.51,1,1
2026-08-17,2026-08-17 12:51:00,samedi,regular,['samedi'],Pass Samedi,Shotgun,50.0,56.51,1,1
2026-08-17,2026-08-17 12:53:50,samedi,regular,['samedi'],Pass Samedi,Shotgun,50.0,56.51,1,1
2026-08-17,2026-08-17 14:07:01,2-jours,regular,"['vendredi', 'samedi']",Pass 2 Jours,Shotgun,95.0,107.37,1,1
2026-08-17,2026-08-17 14:15:04,vendredi,regular,['vendredi'],Pass Vendredi,Shotgun,50.0,56.51,1,1
2026-08-17,2026-08-17 14:15:42,2-jours,regular,"['vendredi', 'samedi']",Pass 2 Jours,Shotgun,95.0,107.37,1,1
2026-08-17,2026-08-17 14:28:08,samedi,regular,['samedi'],Pass Samedi,Shotgun,50.0,56.51,1,1
2026-08-17,2026-08-17 14:28:08,samedi,regular,['samedi'],Pass Samedi,Shotgun,50.0,56.51,1,1
2026-08-17,2026-08-17 15:22:42,samedi,regular,['samedi'],Pass Samedi,Shotgun,50.0,56.51,1,1
2026-08-17,2026-08-17 15:46:02,2-jours,regular,"['vendredi', 'samedi']",Pass 2 Jours,Shotgun,95.0,107.37,1,1
2026-08-17,2026-08-17 15:51:55,samedi,regular,['samedi'],Pass Samedi,Shotgun,50.0,56.51,1,1
2026-08-17,2026-08-17 16:13:41,2-jours,regular,"['vendredi', 'samedi']",Pass 2 Jours,Shotgun,95.0,107.37,1,1
2026-08-17,2026-08-17 16:20:03,samedi,regular,['samedi'],Pass Samedi,Shotgun,50.0,56.51,1,1
2026-08-17,2026-08-17 16:44:04,2-jours,regular,"['vendredi', 'samedi']",Pass 2 Jours,Shotgun,95.0,107.37,1,1
2026-08-17,2026-08-17 16:45:21,samedi,regular,['samedi'],Pass Samedi,Shotgun,50.0,56.51,1,1
2026-08-17,2026-08-17 16:46:40,2-jours,regular,"['vendredi', 'samedi']",Pass 2 Jours,Shotgun,95.0,107.37,1,1
2026-08-17,2026-08-17 17:06:30,2-jours,regular,"['vendredi', 'samedi']",Pass 2 Jours,Shotgun,95.0,107.37,1,1
2026-08-17,2026-08-17 17:44:36,2-jours,regular,"['vendredi', 'samedi']",Pass 2 Jours,Shotgun,95.0,107.37,1,1
2026-08-17,2026-08-17 17:46:31,2-jours,regular,"['vendredi', 'samedi']",Pass 2 Jours,Shotgun,95.0,107.37,1,1
2026-08-17,2026-08-17 18:09:53,samedi,regular,['samedi'],Pass Samedi,Shotgun,50.0,56.51,1,1
2026-08-17,2026-08-17 18:15:07,vendredi,regular,['vendredi'],Pass Vendredi,Shotgun,50.0,56.51,1,1
2026-08-17,2026-08-17 18:29:03,vendredi,regular,['vendredi'],Pass Vendredi,Shotgun,50.0,56.51,1,1
2026-08-17,2026-08-17 18:34:40,samedi,regular,['samedi'],Pass Samedi,Shotgun,50.0,56.51,1,1
2026-08-17,2026-08-17 18:34:40,samedi,regular,['samedi'],Pass Samedi,Shotgun,50.0,56.51,1,1
2026-08-17,2026-08-17 18:51:00,vendredi,regular,['vendredi'],Pass Vendredi,Shotgun,50.0,56.51,1,1
2026-08-17,2026-08-17 19:08:51,2-jours,regular,"['vendredi', 'samedi']",Pass 2 Jours,Shotgun,95.0,107.37,1,1
2026-08-17,2026-08-17 19:08:51,2-jours,regular,"['vendredi', 'samedi']",Pass 2 Jours,Shotgun,95.0,107.37,1,1
2026-08-17,2026-08-17 19:13:57,vendredi,regular,['vendredi'],Pass Vendredi,DICE,51.39,55.0,1,1
2026-08-17,2026-08-17 19:49:42,2-jours,regular,"['vendredi', 'samedi']",Pass 2 Jours,Shotgun,95.0,107.37,1,1
2026-08-17,2026-08-17 20:01:47,vendredi,regular,['vendredi'],Pass Vendredi,Shotgun,50.0,56.51,1,1
2026-08-17,2026-08-17 20:15:42,vendredi,regular,['vendredi'],Pass Vendredi,Shotgun,50.0,56.51,1,1
2026-08-17,2026-08-17 20:34:11,vendredi,regular,['vendredi'],Pass Vendredi,Shotgun,50.0,56.51,1,1
2026-08-17,2026-08-17 20:34:11,vendredi,regular,['vendredi'],Pass Vendredi,Shotgun,50.0,56.51,1,1
2026-08-17,2026-08-17 21:03:07,samedi,regular,['samedi'],Pass Samedi,Shotgun,50.0,56.51,1,1
2026-08-17,2026-08-17 23:27:19,2-jours,regular,"['vendredi', 'samedi']",Pass 2 Jours,Shotgun,95.0,107.37,1,1
2026-08-18,2026-08-18 06:52:26,vendredi,regular,['vendredi'],Pass Vendredi,Shotgun,50.0,56.51,1,1
2026-08-18,2026-08-18 06:52:26,vendredi,regular,['vendredi'],Pass Vendredi,Shotgun,50.0,56.51,1,1
2026-08-18,2026-08-18 07:18:07,2-jours,regular,"['vendredi', 'samedi']",Pass 2 Jours,Shotgun,95.0,107.37,1,1
2026-08-18,2026-08-18 07:35:24,vendredi,regular,['vendredi'],Pass Vendredi,Shotgun,50.0,56.51,1,1
2026-08-18,2026-08-18 10:33:07,2-jours,regular,"['vendredi', 'samedi']",Pass 2 Jours,Shotgun,95.0,107.37,1,1
2026-08-18,2026-08-18 10:33:49,samedi,regular,['samedi'],Pass Samedi,Shotgun,50.0,56.51,1,1
2026-08-18,2026-08-18 10:40:34,samedi,regular,['samedi'],Pass Samedi,Shotgun,50.0,56.51,1,1
2026-08-18,2026-08-18 10:48:20,vendredi,regular,['vendredi'],Pass Vendredi,Shotgun,50.0,56.51,1,1
2026-08-18,2026-08-18 10:48:20,vendredi,regular,['vendredi'],Pass Vendredi,Shotgun,50.0,56.51,1,1
2026-08-18,2026-08-18 10:48:20,vendredi,regular,['vendredi'],Pass Vendredi,Shotgun,50.0,56.51,1,1
2026-08-18,2026-08-18 11:37:06,samedi,regular,['samedi'],Pass Samedi,Shotgun,50.0,56.51,1,1
2026-08-18,2026-08-18 11:50:00,samedi,regular,['samedi'],Pass Samedi,Shotgun,50.0,56.51,1,1
2026-08-18,2026-08-18 11:53:57,vendredi,regular,['vendredi'],Pass Vendredi,Shotgun,50.0,56.51,1,1
2026-08-18,2026-08-18 11:56:40,vendredi,regular,['vendredi'],Pass Vendredi,Shotgun,50.0,56.51,1,1
2026-08-18,2026-08-18 13:10:43,samedi,regular,['samedi'],Pass Samedi,Shotgun,50.0,56.51,1,1
2026-08-18,2026-08-18 13:19:36,samedi,regular,['samedi'],Pass Samedi,Shotgun,50.0,56.51,1,1
2026-08-18,2026-08-18 13:30:47,vendredi,regular,['vendredi'],Pass Vendredi,Shotgun,50.0,56.51,1,1
2026-08-18,2026-08-18 14:03:46,2-jours,regular,"['vendredi', 'samedi']",Pass 2 Jours,Shotgun,95.0,107.37,1,1
2026-08-18,2026-08-18 14:24:05,samedi,regular,['samedi'],Pass Samedi,Shotgun,50.0,56.51,1,1
2026-08-18,2026-08-18 14:24:05,samedi,regular,['samedi'],Pass Samedi,Shotgun,50.0,56.51,1,1
2026-08-18,2026-08-18 14:40:03,vendredi,regular,['vendredi'],Pass Vendredi,Shotgun,50.0,56.51,1,1
2026-08-18,2026-08-18 14:46:26,samedi,regular,['samedi'],Pass Samedi,Shotgun,50.0,56.51,1,1
2026-08-18,2026-08-18 14:54:28,2-jours,regular,"['vendredi', 'samedi']",Pass 2 Jours,Shotgun,95.0,107.37,1,1
2026-08-18,2026-08-18 15:20:01,2-jours,regular,"['vendredi', 'samedi']",Pass 2 Jours,Shotgun,95.0,107.37,1,1
2026-08-18,2026-08-18 15:20:01,2-jours,regular,"['vendredi', 'samedi']",Pass 2 Jours,Shotgun,95.0,107.37,1,1
2026-08-18,2026-08-18 15:23:10,samedi,regular,['samedi'],Pass Samedi,Shotgun,50.0,56.51,1,1
2026-08-18,2026-08-18 15:56:26,samedi,regular,['samedi'],Pass Samedi,Shotgun,50.0,56.51,1,1
2026-08-18,2026-08-18 16:23:01,samedi,regular,['samedi'],Pass Samedi,Shotgun,50.0,56.51,1,1
2026-08-18,2026-08-18 16:23:01,samedi,regular,['samedi'],Pass Samedi,Shotgun,50.0,56.51,1,1
2026-08-18,2026-08-18 16:28:33,vendredi,regular,['vendredi'],Pass Vendredi,Shotgun,50.0,56.51,1,1
2026-08-18,2026-08-18 18:04:51,samedi,regular,['samedi'],Pass Samedi,Shotgun,50.0,56.51,1,1
2026-08-18,2026-08-18 18:04:51,samedi,regular,['samedi'],Pass Samedi,Shotgun,50.0,56.51,1,1
2026-08-18,2026-08-18 18:16:14,2-jours,regular,"['vendredi', 'samedi']",Pass 2 Jours,Shotgun,95.0,107.37,1,1
2026-08-18,2026-08-18 18:30:27,vendredi,regular,['vendredi'],Pass Vendredi,DICE,51.39,55.0,1,1
2026-08-18,2026-08-18 18:30:27,vendredi,regular,['vendredi'],Pass Vendredi,DICE,51.39,55.0,1,1
2026-08-18,2026-08-18 19:00:56,vendredi,regular,['vendredi'],Pass Vendredi,Shotgun,50.0,56.51,1,1
2026-08-18,2026-08-18 19:02:09,vendredi,regular,['vendredi'],Pass Vendredi,Shotgun,50.0,56.51,1,1
2026-08-18,2026-08-18 19:06:42,vendredi,regular,['vendredi'],Pass Vendredi,Shotgun,50.0,56.51,1,1
2026-08-18,2026-08-18 19:07:51,samedi,regular,['samedi'],Pass Samedi,Shotgun,50.0,56.51,1,1
2026-08-18,2026-08-18 19:07:51,samedi,regular,['samedi'],Pass Samedi,Shotgun,50.0,56.51,1,1
2026-08-18,2026-08-18 19:15:06,vendredi,regular,['vendredi'],Pass Vendredi,Shotgun,50.0,56.51,1,1
2026-08-18,2026-08-18 19:45:00,vendredi,regular,['vendredi'],Pass Vendredi,Shotgun,50.0,56.51,1,1
2026-08-18,2026-08-18 19:59:16,vendredi,regular,['vendredi'],Pass Vendredi,Shotgun,50.0,56.51,1,1
2026-08-18,2026-08-18 19:59:16,vendredi,regular,['vendredi'],Pass Vendredi,Shotgun,50.0,56.51,1,1
2026-08-18,2026-08-18 20:12:42,2-jours,regular,"['vendredi', 'samedi']",Pass 2 Jours,Shotgun,95.0,107.37,1,1
2026-08-18,2026-08-18 20:35:50,vendredi,regular,['vendredi'],Pass Vendredi,Shotgun,50.0,56.51,1,1
2026-08-18,2026-08-18 20:46:00,2-jours,regular,"['vendredi', 'samedi']",Pass 2 Jours,Shotgun,95.0,107.37,1,1
2026-08-18,2026-08-18 21:16:37,vendredi,regular,['vendredi'],Pass Vendredi,Shotgun,50.0,56.51,1,1
2026-08-19,2026-08-19 01:29:33,vendredi,regular,['vendredi'],Pass Vendredi,Shotgun,50.0,56.51,1,1
2026-08-19,2026-08-19 01:29:33,vendredi,regular,['vendredi'],Pass Vendredi,Shotgun,50.0,56.51,1,1
2026-08-19,2026-08-19 06:20:25,vendredi,regular,['vendredi'],Pass Vendredi,Shotgun,50.0,56.51,1,1
2026-08-19,2026-08-19 06:20:25,vendredi,regular,['vendredi'],Pass Vendredi,Shotgun,50.0,56.51,1,1
2026-08-19,2026-08-19 06:20:25,vendredi,regular,['vendredi'],Pass Vendredi,Shotgun,50.0,56.51,1,1
2026-08-19,2026-08-19 07:10:37,samedi,regular,['samedi'],Pass Samedi,Shotgun,50.0,56.51,1,1
2026-08-19,2026-08-19 08:08:02,vendredi,regular,['vendredi'],Pass Vendredi,Shotgun,50.0,56.51,1,1
2026-08-19,2026-08-19 08:08:02,vendredi,regular,['vendredi'],Pass Vendredi,Shotgun,50.0,56.51,1,1
2026-08-19,2026-08-19 08:32:53,samedi,regular,['samedi'],Pass Samedi,Shotgun,50.0,56.51,1,1
2026-08-19,2026-08-19 08:46:23,samedi,regular,['samedi'],Pass Samedi,Shotgun,50.0,56.51,1,1
2026-08-19,2026-08-19 09:47:20,vendredi,regular,['vendredi'],Pass Vendredi,Shotgun,50.0,56.51,1,1
2026-08-19,2026-08-19 09:53:22,vendredi,regular,['vendredi'],Pass Vendredi,Shotgun,50.0,56.51,1,1
2026-08-19,2026-08-19 10:37:38,vendredi,regular,['vendredi'],Pass Vendredi,Shotgun,50.0,56.51,1,1
2026-08-19,2026-08-19 10:46:27,vendredi,regular,['vendredi'],Pass Vendredi,Shotgun,50.0,56.51,1,1
2026-08-19,2026-08-19 11:04:26,samedi,regular,['samedi'],Pass Samedi,Shotgun,50.0,56.51,1,1
2026-08-19,2026-08-19 11:23:58,samedi,regular,['samedi'],Pass Samedi,Shotgun,50.0,56.51,1,1
2026-08-19,2026-08-19 11:23:58,samedi,regular,['samedi'],Pass Samedi,Shotgun,50.0,56.51,1,1
2026-08-19,2026-08-19 11:28:10,samedi,regular,['samedi'],Pass Samedi,Shotgun,50.0,56.51,1,1
2026-08-19,2026-08-19 11:53:37,2-jours,regular,"['vendredi', 'samedi']",Pass 2 Jours,Shotgun,95.0,107.37,1,1
2026-08-19,2026-08-19 12:19:52,vendredi,regular,['vendredi'],Pass Vendredi,Shotgun,50.0,56.51,1,1
2026-08-19,2026-08-19 12:19:52,vendredi,regular,['vendredi'],Pass Vendredi,Shotgun,50.0,56.51,1,1
2026-08-19,2026-08-19 12:37:28,vendredi,regular,['vendredi'],Pass Vendredi,Shotgun,50.0,56.51,1,1
2026-08-19,2026-08-19 12:37:28,vendredi,regular,['vendredi'],Pass Vendredi,Shotgun,50.0,56.51,1,1
2026-08-19,2026-08-19 13:17:38,vendredi,regular,['vendredi'],Pass Vendredi,Shotgun,50.0,56.51,1,1
2026-08-19,2026-08-19 13:34:19,2-jours,regular,"['vendredi', 'samedi']",Pass 2 Jours,Shotgun,95.0,107.37,1,1
2026-08-19,2026-08-19 13:35:11,2-jours,regular,"['vendredi', 'samedi']",Pass 2 Jours,Shotgun,95.0,107.37,1,1
2026-08-19,2026-08-19 13:47:10,samedi,regular,['samedi'],Pass Samedi,Shotgun,50.0,56.51,1,1
2026-08-19,2026-08-19 14:45:17,samedi,regular,['samedi'],Pass Samedi,Shotgun,50.0,56.51,1,1
2026-08-19,2026-08-19 14:45:17,samedi,regular,['samedi'],Pass Samedi,Shotgun,50.0,56.51,1,1
2026-08-19,2026-08-19 15:03:36,samedi,regular,['samedi'],Pass Samedi,Shotgun,50.0,56.51,1,1
2026-08-19,2026-08-19 15:03:36,samedi,regular,['samedi'],Pass Samedi,Shotgun,50.0,56.51,1,1
2026-08-19,2026-08-19 15:57:30,vendredi,regular,['vendredi'],Pass Vendredi,Shotgun,50.0,56.51,1,1
2026-08-19,2026-08-19 16:25:21,2-jours,regular,,Pass 2 Jours,DICE,99.45,104.5,1,1
2026-08-19,2026-08-19 17:15:50,vendredi,regular,['vendredi'],Pass Vendredi,Shotgun,50.0,56.51,1,1
2026-08-19,2026-08-19 17:18:22,vendredi,regular,['vendredi'],Pass Vendredi,DICE,51.39,55.0,1,1
2026-08-19,2026-08-19 18:14:05,2-jours,regular,,Pass 2 Jours,DICE,99.45,104.5,1,1
2026-08-19,2026-08-19 18:21:21,vendredi,regular,['vendredi'],Pass Vendredi,Shotgun,50.0,56.51,1,1
2026-08-19,2026-08-19 18:21:21,vendredi,regular,['vendredi'],Pass Vendredi,Shotgun,50.0,56.51,1,1
2026-08-19,2026-08-19 18:25:28,vendredi,regular,['vendredi'],Pass Vendredi,Shotgun,50.0,56.51,1,1
2026-08-19,2026-08-19 18:25:28,vendredi,regular,['vendredi'],Pass Vendredi,Shotgun,50.0,56.51,1,1
2026-08-19,2026-08-19 18:25:28,vendredi,regular,['vendredi'],Pass Vendredi,Shotgun,50.0,56.51,1,1
2026-08-19,2026-08-19 18:48:16,samedi,regular,['samedi'],Pass Samedi,Shotgun,50.0,56.51,1,1
2026-08-19,2026-08-19 18:51:21,vendredi,regular,['vendredi'],Pass Vendredi,Shotgun,50.0,56.51,1,1
2026-08-19,2026-08-19 19:03:35,samedi,regular,['samedi'],Pass Samedi,Shotgun,50.0,56.51,1,1
2026-08-19,2026-08-19 19:08:59,samedi,regular,['samedi'],Pass Samedi,Shotgun,50.0,56.51,1,1
2026-08-19,2026-08-19 19:08:59,samedi,regular,['samedi'],Pass Samedi,Shotgun,50.0,56.51,1,1
2026-08-19,2026-08-19 19:14:32,samedi,regular,['samedi'],Pass Samedi,Shotgun,50.0,56.51,1,1
2026-08-19,2026-08-19 20:04:30,vendredi,regular,['vendredi'],Pass Vendredi,Shotgun,50.0,56.51,1,1
2026-08-19,2026-08-19 20:07:54,2-jours,regular,,Pass 2 Jours,DICE,99.45,104.5,1,1
2026-08-19,2026-08-19 20:14:38,samedi,regular,['samedi'],Pass Samedi,Shotgun,50.0,56.51,1,1
2026-08-19,2026-08-19 20:31:57,samedi,regular,['samedi'],Pass Samedi,Shotgun,50.0,56.51,1,1
2026-08-19,2026-08-19 21:12:59,vendredi,regular,['vendredi'],Pass Vendredi,Shotgun,50.0,56.51,1,1
2026-08-19,2026-08-19 21:25:53,samedi,regular,['samedi'],Pass Samedi,Shotgun,50.0,56.51,1,1
2026-08-19,2026-08-19 21:25:53,samedi,regular,['samedi'],Pass Samedi,Shotgun,50.0,56.51,1,1
2026-08-19,2026-08-19 22:38:59,samedi,regular,['samedi'],Pass Samedi,Shotgun,50.0,56.51,1,1
2026-08-19,2026-08-19 23:53:40,samedi,regular,['samedi'],Pass Samedi,Shotgun,50.0,56.51,1,1
2026-08-19,2026-08-19 23:53:40,samedi,regular,['samedi'],Pass Samedi,Shotgun,50.0,56.51,1,1
2026-08-20,2026-08-20 05:50:13,vendredi,regular,['vendredi'],Pass Vendredi,Shotgun,50.0,56.51,1,1
2026-08-20,2026-08-20 05:50:13,vendredi,regular,['vendredi'],Pass Vendredi,Shotgun,50.0,56.51,1,1
2026-08-20,2026-08-20 08:20:23,2-jours,regular,"['vendredi', 'samedi']",Pass 2 Jours,Shotgun,95.0,107.37,1,1
2026-08-20,2026-08-20 08:20:23,2-jours,regular,"['vendredi', 'samedi']",Pass 2 Jours,Shotgun,95.0,107.37,1,1
2026-08-20,2026-08-20 11:46:41,samedi,regular,['samedi'],Pass Samedi,DICE,51.39,55.0,1,1
2026-08-20,2026-08-20 11:56:21,samedi,regular,['samedi'],Pass Samedi,Shotgun,50.0,56.51,1,1
2026-08-20,2026-08-20 12:06:24,vendredi,regular,['vendredi'],Pass Vendredi,Shotgun,50.0,56.51,1,1
2026-08-20,2026-08-20 12:57:42,samedi,regular,['samedi'],Pass Samedi,Shotgun,50.0,56.51,1,1
2026-08-20,2026-08-20 13:50:42,vendredi,regular,['vendredi'],Pass Vendredi,Shotgun,50.0,56.51,1,1
2026-08-20,2026-08-20 14:51:42,2-jours,regular,"['vendredi', 'samedi']",Pass 2 Jours,Shotgun,95.0,107.37,1,1
2026-08-20,2026-08-20 15:08:13,samedi,regular,['samedi'],Pass Samedi,Shotgun,50.0,56.51,1,1
2026-08-20,2026-08-20 15:08:13,samedi,regular,['samedi'],Pass Samedi,Shotgun,50.0,56.51,1,1
2026-08-20,2026-08-20 15:41:28,vendredi,regular,['vendredi'],Pass Vendredi,Shotgun,50.0,56.51,1,1
2026-08-20,2026-08-20 15:41:28,vendredi,regular,['vendredi'],Pass Vendredi,Shotgun,50.0,56.51,1,1
2026-08-20,2026-08-20 15:58:09,vendredi,regular,['vendredi'],Pass Vendredi,Shotgun,50.0,56.51,1,1
2026-08-20,2026-08-20 16:36:18,vendredi,regular,['vendredi'],Pass Vendredi,Shotgun,50.0,56.51,1,1
2026-08-20,2026-08-20 16:38:57,vendredi,regular,['vendredi'],Pass Vendredi,Shotgun,50.0,56.51,1,1
2026-08-20,2026-08-20 18:07:47,vendredi,regular,['vendredi'],Pass Vendredi,DICE,51.39,55.0,1,1
2026-08-20,2026-08-20 18:07:47,vendredi,regular,['vendredi'],Pass Vendredi,DICE,51.39,55.0,1,1
2026-08-20,2026-08-20 18:13:17,vendredi,regular,['vendredi'],Pass Vendredi,DICE,51.39,55.0,1,1
2026-08-20,2026-08-20 18:22:13,vendredi,regular,['vendredi'],Pass Vendredi,DICE,51.39,55.0,1,1
2026-08-20,2026-08-20 18:26:37,vendredi,regular,['vendredi'],Pass Vendredi,Shotgun,50.0,56.51,1,1
2026-08-20,2026-08-20 18:34:38,vendredi,regular,['vendredi'],Pass Vendredi,Shotgun,50.0,56.51,1,1
2026-08-20,2026-08-20 18:48:43,2-jours,regular,"['vendredi', 'samedi']",Pass 2 Jours,Shotgun,95.0,107.37,1,1
2026-08-20,2026-08-20 18:53:03,2-jours,regular,"['vendredi', 'samedi']",Pass 2 Jours,Shotgun,95.0,107.37,1,1
2026-08-20,2026-08-20 19:05:57,2-jours,regular,"['vendredi', 'samedi']",Pass 2 Jours,Shotgun,95.0,107.37,1,1
2026-08-20,2026-08-20 19:27:10,vendredi,regular,['vendredi'],Pass Vendredi,Shotgun,50.0,56.51,1,1
2026-08-20,2026-08-20 19:27:10,vendredi,regular,['vendredi'],Pass Vendredi,Shotgun,50.0,56.51,1,1
2026-08-20,2026-08-20 19:29:52,samedi,regular,['samedi'],Pass Samedi,Shotgun,50.0,56.51,1,1
2026-08-20,2026-08-20 19:29:52,samedi,regular,['samedi'],Pass Samedi,Shotgun,50.0,56.51,1,1
2026-08-20,2026-08-20 21:08:57,samedi,regular,['samedi'],Pass Samedi,Shotgun,50.0,56.51,1,1
2026-08-20,2026-08-20 21:08:57,samedi,regular,['samedi'],Pass Samedi,Shotgun,50.0,56.51,1,1
2026-08-20,2026-08-20 23:20:20,vendredi,regular,['vendredi'],Pass Vendredi,Shotgun,50.0,56.51,1,1
2026-08-20,2026-08-20 23:41:25,2-jours,regular,"['vendredi', 'samedi']",Pass 2 Jours,Shotgun,95.0,107.37,1,1
2026-08-21,2026-08-21 08:12:53,samedi,regular,['samedi'],Pass Samedi,DICE,51.39,55.0,1,1
2026-08-21,2026-08-21 11:07:51,vendredi,regular,['vendredi'],Pass Vendredi,Shotgun,50.0,56.51,1,1
2026-08-21,2026-08-21 11:07:51,vendredi,regular,['vendredi'],Pass Vendredi,Shotgun,50.0,56.51,1,1
2026-08-21,2026-08-21 12:06:13,vendredi,regular,['vendredi'],Pass Vendredi,Shotgun,50.0,56.51,1,1
2026-08-21,2026-08-21 12:21:05,samedi,regular,['samedi'],Pass Samedi,Shotgun,50.0,56.51,1,1
2026-08-21,2026-08-21 12:28:14,vendredi,regular,['vendredi'],Pass Vendredi,Shotgun,50.0,56.51,1,1
2026-08-21,2026-08-21 13:58:44,vendredi,regular,['vendredi'],Pass Vendredi,Shotgun,50.0,56.51,1,1
2026-08-21,2026-08-21 15:09:35,samedi,regular,['samedi'],Pass Samedi,Shotgun,50.0,56.51,1,1
2026-08-21,2026-08-21 15:49:07,2-jours,regular,"['vendredi', 'samedi']",Pass 2 Jours,Shotgun,95.0,107.37,1,1
2026-08-21,2026-08-21 16:03:31,2-jours,regular,"['vendredi', 'samedi']",Pass 2 Jours,Shotgun,95.0,107.37,1,1
2026-08-21,2026-08-21 16:11:13,2-jours,regular,"['vendredi', 'samedi']",Pass 2 Jours,Shotgun,95.0,107.37,1,1
2026-08-21,2026-08-21 16:11:13,2-jours,regular,"['vendredi', 'samedi']",Pass 2 Jours,Shotgun,95.0,107.37,1,1
2026-08-21,2026-08-21 16:25:47,vendredi,regular,['vendredi'],Pass Vendredi,Shotgun,50.0,56.51,1,1
2026-08-21,2026-08-21 16:25:47,vendredi,regular,['vendredi'],Pass Vendredi,Shotgun,50.0,56.51,1,1
2026-08-21,2026-08-21 16:40:25,2-jours,regular,"['vendredi', 'samedi']",Pass 2 Jours,Shotgun,95.0,107.37,1,1
2026-08-21,2026-08-21 16:55:35,vendredi,regular,['vendredi'],Pass Vendredi,Shotgun,50.0,56.51,1,1
2026-08-21,2026-08-21 17:02:48,samedi,regular,['samedi'],Pass Samedi,Shotgun,50.0,56.51,1,1
2026-08-21,2026-08-21 17:08:06,2-jours,regular,"['vendredi', 'samedi']",Pass 2 Jours,Shotgun,95.0,107.37,1,1
2026-08-21,2026-08-21 17:24:26,vendredi,regular,['vendredi'],Pass Vendredi,Shotgun,50.0,56.51,1,1
2026-08-21,2026-08-21 18:12:52,2-jours,regular,"['vendredi', 'samedi']",Pass 2 Jours,Shotgun,95.0,107.37,1,1
2026-08-21,2026-08-21 18:12:52,2-jours,regular,"['vendredi', 'samedi']",Pass 2 Jours,Shotgun,95.0,107.37,1,1
2026-08-21,2026-08-21 18:26:31,vendredi,regular,['vendredi'],Pass Vendredi,Shotgun,50.0,56.51,1,1
2026-08-21,2026-08-21 18:43:59,samedi,regular,['samedi'],Pass Samedi,Shotgun,50.0,56.51,1,1
2026-08-21,2026-08-21 18:43:59,samedi,regular,['samedi'],Pass Samedi,Shotgun,50.0,56.51,1,1
2026-08-21,2026-08-21 18:44:15,samedi,regular,['samedi'],Pass Samedi,Shotgun,50.0,56.51,1,1
2026-08-21,2026-08-21 18:44:15,samedi,regular,['samedi'],Pass Samedi,Shotgun,50.0,56.51,1,1
2026-08-21,2026-08-21 18:44:15,samedi,regular,['samedi'],Pass Samedi,Shotgun,50.0,56.51,1,1
2026-08-21,2026-08-21 18:44:15,samedi,regular,['samedi'],Pass Samedi,Shotgun,50.0,56.51,1,1
2026-08-21,2026-08-21 18:52:38,samedi,regular,['samedi'],Pass Samedi,Shotgun,50.0,56.51,1,1
2026-08-21,2026-08-21 19:02:50,samedi,regular,['samedi'],Pass Samedi,Shotgun,50.0,56.51,1,1
2026-08-21,2026-08-21 19:02:50,samedi,regular,['samedi'],Pass Samedi,Shotgun,50.0,56.51,1,1
2026-08-21,2026-08-21 19:17:40,samedi,regular,['samedi'],Pass Samedi,Shotgun,50.0,56.51,1,1
2026-08-21,2026-08-21 19:41:28,vendredi,regular,['vendredi'],Pass Vendredi,Shotgun,50.0,56.51,1,1
2026-08-21,2026-08-21 19:54:48,samedi,regular,['samedi'],Pass Samedi,Shotgun,50.0,56.51,1,1
2026-08-21,2026-08-21 20:08:34,samedi,regular,['samedi'],Pass Samedi,Shotgun,50.0,56.51,1,1
2026-08-21,2026-08-21 20:15:53,samedi,regular,['samedi'],Pass Samedi,Shotgun,50.0,56.51,1,1
2026-08-21,2026-08-21 20:40:04,2-jours,regular,"['vendredi', 'samedi']",Pass 2 Jours,Shotgun,95.0,107.37,1,1
2026-08-21,2026-08-21 21:11:42,samedi,regular,['samedi'],Pass Samedi,Shotgun,50.0,56.51,1,1
2026-08-21,2026-08-21 21:11:42,samedi,regular,['samedi'],Pass Samedi,Shotgun,50.0,56.51,1,1
2026-08-21,2026-08-21 21:55:04,vendredi,regular,['vendredi'],Pass Vendredi,Shotgun,50.0,56.51,1,1
2026-08-21,2026-08-21 22:23:10,samedi,regular,['samedi'],Pass Samedi,Shotgun,50.0,56.51,1,1
2026-08-21,2026-08-21 22:35:47,samedi,regular,['samedi'],Pass Samedi,Shotgun,50.0,56.51,1,1
2026-08-21,2026-08-21 22:43:17,samedi,regular,['samedi'],Pass Samedi,Shotgun,50.0,56.51,1,1
2026-08-21,2026-08-21 22:55:09,samedi,regular,['samedi'],Pass Samedi,Shotgun,50.0,56.51,1,1
2026-08-21,2026-08-21 22:55:09,samedi,regular,['samedi'],Pass Samedi,Shotgun,50.0,56.51,1,1
2026-08-21,2026-08-21 22:55:09,samedi,regular,['samedi'],Pass Samedi,Shotgun,50.0,56.51,1,1
2026-08-22,2026-08-22 04:46:48,samedi,regular,['samedi'],Pass Samedi,Shotgun,50.0,56.51,1,1
2026-08-22,2026-08-22 06:37:50,vendredi,regular,['vendredi'],Pass Vendredi,Shotgun,50.0,56.51,1,1
2026-08-22,2026-08-22 06:37:50,vendredi,regular,['vendredi'],Pass Vendredi,Shotgun,50.0,56.51,1,1
2026-08-22,2026-08-22 07:27:21,samedi,regular,['samedi'],Pass Samedi,Shotgun,50.0,56.51,1,1
2026-08-22,2026-08-22 08:54:54,vendredi,regular,['vendredi'],Pass Vendredi,Shotgun,50.0,56.51,1,1
2026-08-22,2026-08-22 08:54:54,vendredi,regular,['vendredi'],Pass Vendredi,Shotgun,50.0,56.51,1,1
2026-08-22,2026-08-22 09:17:42,vendredi,regular,['vendredi'],Pass Vendredi,Shotgun,50.0,56.51,1,1
2026-08-22,2026-08-22 09:17:42,vendredi,regular,['vendredi'],Pass Vendredi,Shotgun,50.0,56.51,1,1
2026-08-22,2026-08-22 09:17:42,vendredi,regular,['vendredi'],Pass Vendredi,Shotgun,50.0,56.51,1,1
2026-08-22,2026-08-22 09:34:07,vendredi,regular,['vendredi'],Pass Vendredi,Shotgun,50.0,56.51,1,1
2026-08-22,2026-08-22 09:34:07,vendredi,regular,['vendredi'],Pass Vendredi,Shotgun,50.0,56.51,1,1
2026-08-22,2026-08-22 09:45:48,samedi,regular,['samedi'],Pass Samedi,Shotgun,50.0,56.51,1,1
2026-08-22,2026-08-22 09:45:57,vendredi,regular,['vendredi'],Pass Vendredi,Shotgun,50.0,56.51,1,1
2026-08-22,2026-08-22 09:56:34,2-jours,regular,"['vendredi', 'samedi']",Pass 2 Jours,Shotgun,95.0,107.37,1,1
2026-08-22,2026-08-22 10:10:15,2-jours,regular,"['vendredi', 'samedi']",Pass 2 Jours,Shotgun,95.0,107.37,1,1
2026-08-22,2026-08-22 10:20:54,samedi,regular,['samedi'],Pass Samedi,Shotgun,50.0,56.51,1,1
2026-08-22,2026-08-22 10:20:54,samedi,regular,['samedi'],Pass Samedi,Shotgun,50.0,56.51,1,1
2026-08-22,2026-08-22 11:11:10,vendredi,regular,['vendredi'],Pass Vendredi,DICE,51.39,55.0,1,1
2026-08-22,2026-08-22 11:21:26,vendredi,regular,['vendredi'],Pass Vendredi,Shotgun,50.0,56.51,1,1
2026-08-22,2026-08-22 12:33:41,vendredi,regular,['vendredi'],Pass Vendredi,DICE,51.39,55.0,1,1
2026-08-22,2026-08-22 12:33:41,vendredi,regular,['vendredi'],Pass Vendredi,DICE,51.39,55.0,1,1
2026-08-22,2026-08-22 12:34:25,vendredi,regular,['vendredi'],Pass Vendredi,Shotgun,50.0,56.51,1,1
2026-08-22,2026-08-22 12:34:25,vendredi,regular,['vendredi'],Pass Vendredi,Shotgun,50.0,56.51,1,1
2026-08-22,2026-08-22 12:35:03,vendredi,regular,['vendredi'],Pass Vendredi,Shotgun,50.0,56.51,1,1
2026-08-22,2026-08-22 12:35:03,vendredi,regular,['vendredi'],Pass Vendredi,Shotgun,50.0,56.51,1,1
2026-08-22,2026-08-22 13:31:01,samedi,regular,['samedi'],Pass Samedi,Shotgun,50.0,56.51,1,1
2026-08-22,2026-08-22 14:03:09,samedi,regular,['samedi'],Pass Samedi,Shotgun,50.0,56.51,1,1
2026-08-22,2026-08-22 14:24:01,samedi,regular,['samedi'],Pass Samedi,Shotgun,50.0,56.51,1,1
2026-08-22,2026-08-22 14:45:15,vendredi,regular,['vendredi'],Pass Vendredi,DICE,51.39,55.0,1,1
2026-08-22,2026-08-22 14:45:15,vendredi,regular,['vendredi'],Pass Vendredi,DICE,51.39,55.0,1,1
2026-08-22,2026-08-22 16:00:34,vendredi,regular,['vendredi'],Pass Vendredi,Shotgun,50.0,56.51,1,1
2026-08-22,2026-08-22 16:00:34,vendredi,regular,['vendredi'],Pass Vendredi,Shotgun,50.0,56.51,1,1
2026-08-22,2026-08-22 16:52:53,vendredi,regular,['vendredi'],Pass Vendredi,Shotgun,50.0,56.51,1,1
2026-08-22,2026-08-22 17:15:21,vendredi,regular,['vendredi'],Pass Vendredi,Shotgun,50.0,56.51,1,1
2026-08-22,2026-08-22 17:15:21,vendredi,regular,['vendredi'],Pass Vendredi,Shotgun,50.0,56.51,1,1
2026-08-22,2026-08-22 17:18:19,2-jours,regular,,Pass 2 Jours,DICE,99.45,104.5,1,1
2026-08-22,2026-08-22 18:27:53,samedi,regular,['samedi'],Pass Samedi,Shotgun,50.0,56.51,1,1
2026-08-22,2026-08-22 18:27:53,samedi,regular,['samedi'],Pass Samedi,Shotgun,50.0,56.51,1,1
2026-08-22,2026-08-22 18:27:53,samedi,regular,['samedi'],Pass Samedi,Shotgun,50.0,56.51,1,1
2026-08-22,2026-08-22 18:39:41,samedi,regular,['samedi'],Pass Samedi,Shotgun,50.0,56.51,1,1
2026-08-22,2026-08-22 18:41:54,vendredi,regular,['vendredi'],Pass Vendredi,Shotgun,50.0,56.51,1,1
2026-08-22,2026-08-22 18:52:18,2-jours,regular,"['vendredi', 'samedi']",Pass 2 Jours,Shotgun,95.0,107.37,1,1
2026-08-22,2026-08-22 19:03:27,vendredi,regular,['vendredi'],Pass Vendredi,DICE,51.39,55.0,1,1
2026-08-22,2026-08-22 19:03:27,vendredi,regular,['vendredi'],Pass Vendredi,DICE,51.39,55.0,1,1
2026-08-22,2026-08-22 19:03:27,vendredi,regular,['vendredi'],Pass Vendredi,DICE,51.39,55.0,1,1
2026-08-22,2026-08-22 19:13:20,vendredi,regular,['vendredi'],Pass Vendredi,Shotgun,50.0,56.51,1,1
2026-08-22,2026-08-22 19:13:20,vendredi,regular,['vendredi'],Pass Vendredi,Shotgun,50.0,56.51,1,1
2026-08-22,2026-08-22 19:21:33,samedi,regular,['samedi'],Pass Samedi,Shotgun,50.0,56.51,1,1
2026-08-22,2026-08-22 19:21:33,samedi,regular,['samedi'],Pass Samedi,Shotgun,50.0,56.51,1,1
2026-08-22,2026-08-22 19:22:20,samedi,regular,['samedi'],Pass Samedi,Shotgun,50.0,56.51,1,1
2026-08-22,2026-08-22 19:22:20,samedi,regular,['samedi'],Pass Samedi,Shotgun,50.0,56.51,1,1
2026-08-22,2026-08-22 19:30:28,2-jours,regular,"['vendredi', 'samedi']",Pass 2 Jours,Shotgun,95.0,107.37,1,1
2026-08-22,2026-08-22 19:30:28,2-jours,regular,"['vendredi', 'samedi']",Pass 2 Jours,Shotgun,95.0,107.37,1,1
2026-08-22,2026-08-22 20:23:25,samedi,regular,['samedi'],Pass Samedi,Shotgun,50.0,56.51,1,1
2026-08-22,2026-08-22 20:48:02,vendredi,regular,['vendredi'],Pass Vendredi,Shotgun,50.0,56.51,1,1
2026-08-22,2026-08-22 20:48:15,vendredi,regular,['vendredi'],Pass Vendredi,Shotgun,50.0,56.51,1,1
2026-08-22,2026-08-22 21:58:48,2-jours,regular,"['vendredi', 'samedi']",Pass 2 Jours,Shotgun,95.0,107.37,1,1
2026-08-22,2026-08-22 22:47:59,2-jours,regular,"['vendredi', 'samedi']",Pass 2 Jours,Shotgun,95.0,107.37,1,1
2026-08-22,2026-08-22 22:47:59,2-jours,regular,"['vendredi', 'samedi']",Pass 2 Jours,Shotgun,95.0,107.37,1,1
2026-08-22,2026-08-22 23:00:28,samedi,regular,['samedi'],Pass Samedi,Shotgun,50.0,56.51,1,1
2026-08-22,2026-08-22 23:04:07,vendredi,regular,['vendredi'],Pass Vendredi,Shotgun,50.0,56.51,1,1
2026-08-22,2026-08-22 23:05:44,vendredi,regular,['vendredi'],Pass Vendredi,Shotgun,50.0,56.51,1,1
2026-08-22,2026-08-22 23:21:09,2-jours,regular,"['vendredi', 'samedi']",Pass 2 Jours,Shotgun,95.0,107.37,1,1
2026-08-22,2026-08-22 23:21:10,2-jours,regular,"['vendredi', 'samedi']",Pass 2 Jours,Shotgun,95.0,107.37,1,1
2026-08-23,2026-08-23 00:08:54,vendredi,regular,['vendredi'],Pass Vendredi,Shotgun,50.0,56.51,1,1
2026-08-23,2026-08-23 00:19:55,samedi,regular,['samedi'],Pass Samedi,DICE,51.39,55.0,1,1
2026-08-23,2026-08-23 06:37:28,vendredi,regular,['vendredi'],Pass Vendredi,Shotgun,50.0,56.51,1,1
2026-08-23,2026-08-23 06:37:28,vendredi,regular,['vendredi'],Pass Vendredi,Shotgun,50.0,56.51,1,1
2026-08-23,2026-08-23 08:00:32,vendredi,regular,['vendredi'],Pass Vendredi,Shotgun,50.0,56.51,1,1
2026-08-23,2026-08-23 09:04:32,2-jours,regular,"['vendredi', 'samedi']",Pass 2 Jours,Shotgun,95.0,107.37,1,1
2026-08-23,2026-08-23 10:01:50,vendredi,regular,['vendredi'],Pass Vendredi,Shotgun,50.0,56.51,1,1
2026-08-23,2026-08-23 10:01:50,vendredi,regular,['vendredi'],Pass Vendredi,Shotgun,50.0,56.51,1,1
2026-08-23,2026-08-23 10:15:39,vendredi,regular,['vendredi'],Pass Vendredi,Shotgun,50.0,56.51,1,1
2026-08-23,2026-08-23 10:26:00,2-jours,regular,"['vendredi', 'samedi']",Pass 2 Jours,Shotgun,95.0,107.37,1,1
2026-08-23,2026-08-23 10:50:39,vendredi,regular,['vendredi'],Pass Vendredi,Shotgun,50.0,56.51,1,1
2026-08-23,2026-08-23 10:50:39,vendredi,regular,['vendredi'],Pass Vendredi,Shotgun,50.0,56.51,1,1
2026-08-23,2026-08-23 11:16:58,2-jours,regular,"['vendredi', 'samedi']",Pass 2 Jours,Shotgun,95.0,107.37,1,1
2026-08-23,2026-08-23 11:29:01,vendredi,regular,['vendredi'],Pass Vendredi,Shotgun,50.0,56.51,1,1
2026-08-23,2026-08-23 11:42:34,vendredi,regular,['vendredi'],Pass Vendredi,Shotgun,50.0,56.51,1,1
2026-08-23,2026-08-23 11:42:34,vendredi,regular,['vendredi'],Pass Vendredi,Shotgun,50.0,56.51,1,1
2026-08-23,2026-08-23 11:50:59,samedi,regular,['samedi'],Pass Samedi,Shotgun,54.09,61.14,1,1
2026-08-23,2026-08-23 12:01:26,vendredi,regular,['vendredi'],Pass Vendredi,Shotgun,50.0,56.51,1,1
2026-08-23,2026-08-23 12:15:39,samedi,regular,['samedi'],Pass Samedi,Shotgun,50.0,56.51,1,1
2026-08-23,2026-08-23 12:15:39,samedi,regular,['samedi'],Pass Samedi,Shotgun,50.0,56.51,1,1
2026-08-23,2026-08-23 12:15:39,samedi,regular,['samedi'],Pass Samedi,Shotgun,50.0,56.51,1,1
2026-08-23,2026-08-23 12:48:12,vendredi,regular,['vendredi'],Pass Vendredi,Shotgun,50.0,56.51,1,1
2026-08-23,2026-08-23 12:51:34,vendredi,regular,['vendredi'],Pass Vendredi,Shotgun,50.0,56.51,1,1
2026-08-23,2026-08-23 12:53:30,2-jours,regular,"['vendredi', 'samedi']",Pass 2 Jours,Shotgun,95.0,107.37,1,1
2026-08-23,2026-08-23 13:42:34,2-jours,regular,"['vendredi', 'samedi']",Pass 2 Jours,Shotgun,95.0,107.37,1,1
2026-08-23,2026-08-23 13:55:40,samedi,regular,['samedi'],Pass Samedi,Shotgun,50.0,56.51,1,1
2026-08-23,2026-08-23 14:00:45,samedi,regular,['samedi'],Pass Samedi,Shotgun,50.0,56.51,1,1
2026-08-23,2026-08-23 14:36:19,2-jours,regular,"['vendredi', 'samedi']",Pass 2 Jours,Shotgun,95.0,107.37,1,1
2026-08-23,2026-08-23 14:36:35,samedi,regular,['samedi'],Pass Samedi,Shotgun,50.0,56.51,1,1
2026-08-23,2026-08-23 14:36:35,samedi,regular,['samedi'],Pass Samedi,Shotgun,50.0,56.51,1,1
2026-08-23,2026-08-23 14:37:01,samedi,regular,['samedi'],Pass Samedi,Shotgun,50.0,56.51,1,1
2026-08-23,2026-08-23 14:46:00,samedi,regular,['samedi'],Pass Samedi,Shotgun,50.0,56.51,1,1
2026-08-23,2026-08-23 14:46:00,samedi,regular,['samedi'],Pass Samedi,Shotgun,50.0,56.51,1,1
2026-08-23,2026-08-23 15:05:34,samedi,regular,['samedi'],Pass Samedi,DICE,51.39,55.0,1,1
2026-08-23,2026-08-23 15:05:34,samedi,regular,['samedi'],Pass Samedi,DICE,51.39,55.0,1,1
2026-08-23,2026-08-23 15:12:21,samedi,regular,['samedi'],Pass Samedi,Shotgun,50.0,56.51,1,1
2026-08-23,2026-08-23 15:27:18,samedi,regular,['samedi'],Pass Samedi,Shotgun,50.0,56.51,1,1
2026-08-23,2026-08-23 15:27:18,samedi,regular,['samedi'],Pass Samedi,Shotgun,50.0,56.51,1,1
2026-08-23,2026-08-23 15:29:46,samedi,regular,['samedi'],Pass Samedi,Shotgun,50.0,56.51,1,1
2026-08-23,2026-08-23 15:34:47,samedi,regular,['samedi'],Pass Samedi,Shotgun,50.0,56.51,1,1
2026-08-23,2026-08-23 15:51:46,vendredi,regular,['vendredi'],Pass Vendredi,Shotgun,50.0,56.51,1,1
2026-08-23,2026-08-23 16:46:32,2-jours,regular,,Pass 2 Jours,DICE,99.45,104.5,1,1
2026-08-23,2026-08-23 16:46:32,2-jours,regular,,Pass 2 Jours,DICE,99.45,104.5,1,1
2026-08-23,2026-08-23 16:46:32,2-jours,regular,,Pass 2 Jours,DICE,99.45,104.5,1,1
2026-08-23,2026-08-23 17:18:28,samedi,regular,['samedi'],Pass Samedi,Shotgun,50.0,56.51,1,1
2026-08-23,2026-08-23 17:26:45,vendredi,regular,['vendredi'],Pass Vendredi,Shotgun,50.0,56.51,1,1
2026-08-23,2026-08-23 17:35:25,samedi,regular,['samedi'],Pass Samedi,Shotgun,50.0,56.51,1,1
2026-08-23,2026-08-23 17:35:25,samedi,regular,['samedi'],Pass Samedi,Shotgun,50.0,56.51,1,1
2026-08-23,2026-08-23 17:45:54,vendredi,regular,['vendredi'],Pass Vendredi,Shotgun,50.0,56.51,1,1
2026-08-23,2026-08-23 17:46:29,vendredi,regular,['vendredi'],Pass Vendredi,Shotgun,50.0,56.51,1,1
2026-08-23,2026-08-23 17:48:33,vendredi,regular,['vendredi'],Pass Vendredi,Shotgun,50.0,56.51,1,1
2026-08-23,2026-08-23 17:48:33,vendredi,regular,['vendredi'],Pass Vendredi,Shotgun,50.0,56.51,1,1
2026-08-23,2026-08-23 17:48:33,vendredi,regular,['vendredi'],Pass Vendredi,Shotgun,50.0,56.51,1,1
2026-08-23,2026-08-23 17:48:33,vendredi,regular,['vendredi'],Pass Vendredi,Shotgun,50.0,56.51,1,1
2026-08-23,2026-08-23 18:41:13,vendredi,regular,['vendredi'],Pass Vendredi,Shotgun,50.0,56.51,1,1
2026-08-23,2026-08-23 18:41:13,samedi,regular,['samedi'],Pass Samedi,Shotgun,50.0,56.51,1,1
2026-08-23,2026-08-23 19:17:53,vendredi,regular,['vendredi'],Pass Vendredi,DICE,51.39,55.0,1,1
2026-08-23,2026-08-23 19:30:05,vendredi,regular,['vendredi'],Pass Vendredi,Shotgun,50.0,56.51,1,1
2026-08-23,2026-08-23 19:30:05,vendredi,regular,['vendredi'],Pass Vendredi,Shotgun,50.0,56.51,1,1
2026-08-23,2026-08-23 19:35:57,vendredi,regular,['vendredi'],Pass Vendredi,DICE,51.39,55.0,1,1
2026-08-23,2026-08-23 19:36:02,samedi,regular,['samedi'],Pass Samedi,Shotgun,50.0,56.51,1,1
2026-08-23,2026-08-23 19:44:03,samedi,regular,['samedi'],Pass Samedi,Shotgun,50.0,56.51,1,1
2026-08-23,2026-08-23 19:44:03,samedi,regular,['samedi'],Pass Samedi,Shotgun,50.0,56.51,1,1
2026-08-23,2026-08-23 19:56:04,2-jours,regular,,Pass 2 Jours,DICE,99.45,104.5,1,1
2026-08-23,2026-08-23 20:27:19,vendredi,regular,['vendredi'],Pass Vendredi,Shotgun,50.0,56.51,1,1
2026-08-23,2026-08-23 20:27:19,vendredi,regular,['vendredi'],Pass Vendredi,Shotgun,50.0,56.51,1,1
2026-08-23,2026-08-23 20:32:51,vendredi,regular,['vendredi'],Pass Vendredi,Shotgun,50.0,56.51,1,1
2026-08-23,2026-08-23 20:32:51,vendredi,regular,['vendredi'],Pass Vendredi,Shotgun,50.0,56.51,1,1
2026-08-23,2026-08-23 21:09:09,2-jours,regular,"['vendredi', 'samedi']",Pass 2 Jours,Shotgun,95.0,107.37,1,1
2026-08-23,2026-08-23 21:37:13,vendredi,regular,['vendredi'],Pass Vendredi,Shotgun,50.0,56.51,1,1
2026-08-23,2026-08-23 21:37:13,vendredi,regular,['vendredi'],Pass Vendredi,Shotgun,50.0,56.51,1,1
2026-08-23,2026-08-23 22:14:22,vendredi,regular,['vendredi'],Pass Vendredi,Shotgun,54.09,61.14,1,1
2026-08-24,2026-08-24 00:59:30,vendredi,regular,['vendredi'],Pass Vendredi,Shotgun,50.0,56.51,1,1
2026-08-24,2026-08-24 04:31:41,2-jours,regular,,Pass 2 Jours,DICE,99.45,104.5,1,1
2026-08-24,2026-08-24 07:33:28,vendredi,regular,['vendredi'],Pass Vendredi,Shotgun,50.0,56.51,1,1
2026-08-24,2026-08-24 08:25:43,vendredi,regular,['vendredi'],Pass Vendredi,Shotgun,50.0,56.51,1,1
2026-08-24,2026-08-24 08:25:43,vendredi,regular,['vendredi'],Pass Vendredi,Shotgun,50.0,56.51,1,1
2026-08-24,2026-08-24 08:42:59,2-jours,regular,,Pass 2 Jours,DICE,99.45,104.5,1,1
2026-08-24,2026-08-24 08:46:40,vendredi,regular,['vendredi'],Pass Vendredi,Shotgun,50.0,56.51,1,1
2026-08-24,2026-08-24 09:30:19,2-jours,regular,"['vendredi', 'samedi']",Pass 2 Jours,Shotgun,95.0,107.37,1,1
2026-08-24,2026-08-24 09:37:20,vendredi,regular,['vendredi'],Pass Vendredi,Shotgun,50.0,56.51,1,1
2026-08-24,2026-08-24 10:46:44,samedi,regular,['samedi'],Pass Samedi,Shotgun,50.0,56.51,1,1
2026-08-24,2026-08-24 11:30:53,vendredi,regular,['vendredi'],Pass Vendredi,Shotgun,50.0,56.51,1,1
2026-08-24,2026-08-24 11:34:50,2-jours,regular,,Pass 2 Jours,DICE,99.45,104.5,1,1
2026-08-24,2026-08-24 12:09:30,2-jours,regular,"['vendredi', 'samedi']",Pass 2 Jours,Shotgun,95.0,107.37,1,1
2026-08-24,2026-08-24 12:14:05,samedi,regular,['samedi'],Pass Samedi,Shotgun,50.0,56.51,1,1
2026-08-24,2026-08-24 12:14:05,samedi,regular,['samedi'],Pass Samedi,Shotgun,50.0,56.51,1,1
2026-08-24,2026-08-24 12:52:40,vendredi,regular,['vendredi'],Pass Vendredi,Shotgun,50.0,56.51,1,1
2026-08-24,2026-08-24 13:52:41,samedi,regular,['samedi'],Pass Samedi,Shotgun,50.0,56.51,1,1
2026-08-24,2026-08-24 14:22:00,vendredi,regular,['vendredi'],Pass Vendredi,Shotgun,50.0,56.51,1,1
2026-08-24,2026-08-24 14:22:00,vendredi,regular,['vendredi'],Pass Vendredi,Shotgun,50.0,56.51,1,1
2026-08-24,2026-08-24 14:46:32,vendredi,regular,['vendredi'],Pass Vendredi,DICE,51.39,55.0,1,1
2026-08-24,2026-08-24 15:38:26,samedi,regular,['samedi'],Pass Samedi,Shotgun,50.0,56.51,1,1
2026-08-24,2026-08-24 15:38:26,samedi,regular,['samedi'],Pass Samedi,Shotgun,50.0,56.51,1,1
2026-08-24,2026-08-24 15:43:12,samedi,regular,['samedi'],Pass Samedi,Shotgun,50.0,56.51,1,1
2026-08-24,2026-08-24 16:45:07,vendredi,regular,['vendredi'],Pass Vendredi,Shotgun,50.0,56.51,1,1
2026-08-24,2026-08-24 17:18:12,vendredi,regular,['vendredi'],Pass Vendredi,Shotgun,50.0,56.51,1,1
2026-08-24,2026-08-24 17:22:29,samedi,regular,['samedi'],Pass Samedi,DICE,51.39,55.0,1,1
2026-08-24,2026-08-24 17:38:38,vendredi,regular,['vendredi'],Pass Vendredi,Shotgun,50.0,56.51,1,1
2026-08-24,2026-08-24 18:36:21,vendredi,regular,['vendredi'],Pass Vendredi,Shotgun,50.0,56.51,1,1
2026-08-24,2026-08-24 18:36:21,vendredi,regular,['vendredi'],Pass Vendredi,Shotgun,50.0,56.51,1,1
2026-08-24,2026-08-24 19:29:19,vendredi,regular,['vendredi'],Pass Vendredi,Shotgun,50.0,56.51,1,1
2026-08-24,2026-08-24 19:42:46,vendredi,regular,['vendredi'],Pass Vendredi,Shotgun,50.0,56.51,1,1
2026-08-24,2026-08-24 19:55:09,vendredi,regular,['vendredi'],Pass Vendredi,Shotgun,50.0,56.51,1,1
2026-08-24,2026-08-24 19:56:46,vendredi,regular,['vendredi'],Pass Vendredi,Shotgun,50.0,56.51,1,1
2026-08-24,2026-08-24 20:15:23,vendredi,regular,['vendredi'],Pass Vendredi,Shotgun,50.0,56.51,1,1
2026-08-24,2026-08-24 20:18:33,samedi,regular,['samedi'],Pass Samedi,Shotgun,50.0,56.51,1,1
2026-08-24,2026-08-24 20:22:38,samedi,regular,['samedi'],Pass Samedi,Shotgun,50.0,56.51,1,1
2026-08-24,2026-08-24 20:30:25,vendredi,regular,['vendredi'],Pass Vendredi,Shotgun,50.0,56.51,1,1
2026-08-24,2026-08-24 20:53:18,vendredi,regular,['vendredi'],Pass Vendredi,Shotgun,50.0,56.51,1,1
2026-08-24,2026-08-24 21:05:58,2-jours,regular,"['vendredi', 'samedi']",Pass 2 Jours,Shotgun,95.0,107.37,1,1
2026-08-24,2026-08-24 21:09:44,samedi,regular,['samedi'],Pass Samedi,Shotgun,50.0,56.51,1,1
2026-08-24,2026-08-24 21:09:44,samedi,regular,['samedi'],Pass Samedi,Shotgun,50.0,56.51,1,1
2026-08-24,2026-08-24 21:39:27,samedi,regular,['samedi'],Pass Samedi,Shotgun,50.0,56.51,1,1
2026-08-24,2026-08-24 21:41:35,samedi,regular,['samedi'],Pass Samedi,Shotgun,50.0,56.51,1,1
2026-08-24,2026-08-24 22:22:32,2-jours,regular,"['vendredi', 'samedi']",Pass 2 Jours,Shotgun,95.0,107.37,1,1
2026-08-24,2026-08-24 22:23:25,2-jours,regular,"['vendredi', 'samedi']",Pass 2 Jours,Shotgun,95.0,107.37,1,1
2026-08-25,2026-08-25 06:11:15,samedi,regular,['samedi'],Pass Samedi,Shotgun,50.0,56.51,1,1
2026-08-25,2026-08-25 06:46:00,vendredi,regular,['vendredi'],Pass Vendredi,Shotgun,50.0,56.51,1,1
2026-08-25,2026-08-25 07:46:26,samedi,regular,['samedi'],Pass Samedi,Shotgun,50.0,56.51,1,1
2026-08-25,2026-08-25 07:46:26,samedi,regular,['samedi'],Pass Samedi,Shotgun,50.0,56.51,1,1
2026-08-25,2026-08-25 07:59:18,samedi,regular,['samedi'],Pass Samedi,Shotgun,50.0,56.51,1,1
2026-08-25,2026-08-25 08:26:34,vendredi,regular,['vendredi'],Pass Vendredi,Shotgun,50.0,56.51,1,1
2026-08-25,2026-08-25 08:29:11,2-jours,regular,"['vendredi', 'samedi']",Pass 2 Jours,Shotgun,95.0,107.37,1,1
2026-08-25,2026-08-25 09:21:04,vendredi,regular,['vendredi'],Pass Vendredi,Shotgun,50.0,56.51,1,1
2026-08-25,2026-08-25 09:47:12,samedi,regular,['samedi'],Pass Samedi,Shotgun,50.0,56.51,1,1
2026-08-25,2026-08-25 09:53:23,samedi,regular,['samedi'],Pass Samedi,Shotgun,50.0,56.51,1,1
2026-08-25,2026-08-25 10:28:11,vendredi,regular,['vendredi'],Pass Vendredi,Shotgun,50.0,56.51,1,1
2026-08-25,2026-08-25 11:17:30,samedi,regular,['samedi'],Pass Samedi,Shotgun,50.0,56.51,1,1
2026-08-25,2026-08-25 11:49:49,2-jours,regular,"['vendredi', 'samedi']",Pass 2 Jours,Shotgun,95.0,107.37,1,1
