order_date,order_datetime,ticket_type,access_level,attendance_days,product_name,platform,price,gross_price,quantity,is_paid
2025-07-27,2025-07-27 22:52:22,single_day,early_entry,,Entrée avant 21h,Shotgun,43.64,49.32,1,1
2025-07-27,2025-07-27 22:52:22,single_day,early_entry,,Entrée avant 21h,Shotgun,43.64,49.32,1,1
2025-07-27,2025-07-27 23:11:20,single_day,regular,,Admission Générale,Shotgun,52.73,59.6,1,1
2025-07-27,2025-07-27 23:21:29,single_day,early_entry,,Entrée avant 21h,Shotgun,43.64,49.32,1,1
2025-09-16,2025-09-16 19:38:19,single_day,early_entry,,Entrée avant 21h,Shotgun,43.64,49.32,1,1
2025-09-16,2025-09-16 19:38:19,single_day,early_entry,,Entrée avant 21h,Shotgun,43.64,49.32,1,1
2025-09-16,2025-09-16 20:16:16,single_day,regular,,Admission Générale,Shotgun,52.73,59.6,1,1
2025-09-16,2025-09-16 20:58:21,single_day,regular,,Admission Générale,Shotgun,52.73,59.6,1,1
2025-09-16,2025-09-16 20:58:21,single_day,regular,,Admission Générale,Shotgun,52.73,59.6,1,1
2025-09-16,2025-09-16 21:07:27,single_day,regular,,Admission Générale,Shotgun,52.73,59.6,1,1
2025-09-16,2025-09-16 21:07:27,single_day,regular,,Admission Générale,Shotgun,52.73,59.6,1,1
2025-09-16,2025-09-16 22:05:08,single_day,early_entry,,Entrée avant 21h,Shotgun,43.64,49.32,1,1
2025-09-16,2025-09-16 22:05:08,single_day,early_entry,,Entrée avant 21h,Shotgun,43.64,49.32,1,1
2025-09-16,2025-09-16 22:51:02,single_day,early_entry,,Entrée avant 21h,Shotgun,43.64,49.32,1,1
2025-09-17,2025-09-17 05:59:22,single_day,early_entry,,Entrée avant 21h,Shotgun,43.64,49.32,1,1
2025-09-17,2025-09-17 05:59:22,single_day,early_entry,,Entrée avant 21h,Shotgun,43.64,49.32,1,1
2025-09-17,2025-09-17 05:23:48,single_day,early_entry,,Entrée avant 21h,Shotgun,43.64,49.32,1,1
2025-09-17,2025-09-17 05:20:12,single_day,early_entry,,Entrée avant 21h,Shotgun,43.64,49.32,1,1
2025-09-17,2025-09-17 05:20:12,single_day,early_entry,,Entrée avant 21h,Shotgun,43.64,49.32,1,1
2025-09-17,2025-09-17 05:20:12,single_day,early_entry,,Entrée avant 21h,Shotgun,43.64,49.32,1,1
2025-09-17,2025-09-17 07:15:30,single_day,early_entry,,Entrée avant 21h,Shotgun,43.64,49.32,1,1
2025-09-17,2025-09-17 07:15:30,single_day,early_entry,,Entrée avant 21h,Shotgun,43.64,49.32,1,1
2025-09-17,2025-09-17 11:00:20,single_day,early_entry,,Entrée avant 21h,Shotgun,43.64,49.32,1,1
2025-09-17,2025-09-17 11:00:20,single_day,early_entry,,Entrée avant 21h,Shotgun,43.64,49.32,1,1
2025-09-17,2025-09-17 11:28:23,single_day,early_entry,,Entrée avant 21h,Shotgun,43.64,49.32,1,1
2025-09-17,2025-09-17 11:28:23,single_day,early_entry,,Entrée avant 21h,Shotgun,43.64,49.32,1,1
2025-09-17,2025-09-17 12:05:35,single_day,regular,,Admission Générale,Shotgun,52.73,59.6,1,1
2025-09-17,2025-09-17 12:57:27,single_day,early_entry,,Entrée avant 21h,Shotgun,43.64,49.32,1,1
2025-09-17,2025-09-17 12:57:00,single_day,early_entry,,Entrée avant 21h,Shotgun,43.64,49.32,1,1
2025-07-28,2025-07-28 08:15:23,single_day,early_entry,,Entrée avant 21h,Shotgun,43.64,49.32,1,1
2025-07-28,2025-07-28 08:15:23,single_day,early_entry,,Entrée avant 21h,Shotgun,43.64,49.32,1,1
2025-07-28,2025-07-28 08:25:58,single_day,early_entry,,Entrée avant 21h,Shotgun,43.64,49.32,1,1
2025-07-28,2025-07-28 08:25:58,single_day,early_entry,,Entrée avant 21h,Shotgun,43.64,49.32,1,1
2025-09-17,2025-09-17 15:13:55,single_day,regular,,Admission Générale,Shotgun,52.73,59.6,1,1
2025-09-17,2025-09-17 15:35:18,single_day,early_entry,,Entrée avant 21h,Shotgun,43.64,49.32,1,1
2025-09-17,2025-09-17 16:12:15,single_day,early_entry,,Entrée avant 21h,Shotgun,43.64,49.32,1,1
2025-09-17,2025-09-17 16:25:34,single_day,regular,,Admission Générale,Shotgun,52.73,59.6,1,1
2025-09-17,2025-09-17 16:25:34,single_day,regular,,Admission Générale,Shotgun,52.73,59.6,1,1
2025-09-17,2025-09-17 16:25:34,single_day,regular,,Admission Générale,Shotgun,52.73,59.6,1,1
2025-09-17,2025-09-17 16:34:25,single_day,early_entry,,Entrée avant 21h,Shotgun,43.64,49.32,1,1
2025-09-17,2025-09-17 16:34:25,single_day,early_entry,,Entrée avant 21h,Shotgun,43.64,49.32,1,1
2025-09-17,2025-09-17 16:34:25,single_day,early_entry,,Entrée avant 21h,Shotgun,43.64,49.32,1,1
2025-07-28,2025-07-28 13:18:38,single_day,regular,,Admission Générale,Shotgun,52.73,59.6,1,1
2025-07-28,2025-07-28 13:18:38,single_day,regular,,Admission Générale,Shotgun,52.73,59.6,1,1
2025-07-28,2025-07-28 13:16:30,single_day,regular,,Admission Générale,Shotgun,52.73,59.6,1,1
2025-09-17,2025-09-17 18:07:16,single_day,early_entry,,Entrée avant 21h,Shotgun,43.64,49.32,1,1
2025-07-28,2025-07-28 16:25:04,single_day,regular,,Admission Générale,Shotgun,52.73,59.6,1,1
2025-07-28,2025-07-28 16:31:40,single_day,early_entry,,Entrée avant 21h,Shotgun,43.64,49.32,1,1
2025-07-28,2025-07-28 16:31:40,single_day,early_entry,,Entrée avant 21h,Shotgun,43.64,49.32,1,1
2025-09-17,2025-09-17 19:41:03,single_day,early_entry,,Entrée avant 21h,Shotgun,43.64,49.32,1,1
2025-09-17,2025-09-17 19:35:31,single_day,regular,,Admission Générale,Shotgun,52.73,59.6,1,1
2025-07-28,2025-07-28 17:59:13,single_day,regular,,Admission Générale,Shotgun,52.73,59.6,1,1
2025-07-28,2025-07-28 19:51:56,single_day,early_entry,,Entrée avant 21h,Shotgun,43.64,49.32,1,1
2025-07-28,2025-07-28 19:51:56,single_day,early_entry,,Entrée avant 21h,Shotgun,43.64,49.32,1,1
2025-07-28,2025-07-28 19:51:56,single_day,early_entry,,Entrée avant 21h,Shotgun,43.64,49.32,1,1
2025-07-28,2025-07-28 19:51:14,single_day,early_entry,,Entrée avant 21h,Shotgun,43.64,49.32,1,1
2025-07-28,2025-07-28 19:51:14,single_day,early_entry,,Entrée avant 21h,Shotgun,43.64,49.32,1,1
2025-09-17,2025-09-17 21:52:07,single_day,early_entry,,Entrée avant 21h,Shotgun,43.64,49.32,1,1
2025-09-17,2025-09-17 23:18:07,single_day,early_entry,,Entrée avant 21h,Shotgun,43.64,49.32,1,1
2025-09-17,2025-09-17 23:18:07,single_day,early_entry,,Entrée avant 21h,Shotgun,43.64,49.32,1,1
2025-07-29,2025-07-29 00:36:28,single_day,early_entry,,Entrée avant 21h,Shotgun,43.64,49.32,1,1
2025-07-29,2025-07-29 00:36:28,single_day,early_entry,,Entrée avant 21h,Shotgun,43.64,49.32,1,1
2025-10-07,2025-10-07 17:33:50,single_day,invitation,,Admission Générale,Shotgun,0.0,0.0,1,0
2025-10-07,2025-10-07 17:33:50,single_day,invitation,,Admission Générale,Shotgun,0.0,0.0,1,0
2025-10-07,2025-10-07 17:33:50,single_day,invitation,,Admission Générale,Shotgun,0.0,0.0,1,0
2025-10-07,2025-10-07 17:33:50,single_day,invitation,,Admission Générale,Shotgun,0.0,0.0,1,0
2025-10-07,2025-10-07 17:33:50,single_day,invitation,,Admission Générale,Shotgun,0.0,0.0,1,0
2025-10-07,2025-10-07 17:33:50,single_day,invitation,,Admission Générale,Shotgun,0.0,0.0,1,0
2025-10-07,2025-10-07 17:33:50,single_day,invitation,,Admission Générale,Shotgun,0.0,0.0,1,0
2025-10-07,2025-10-07 17:33:50,single_day,invitation,,Admission Générale,Shotgun,0.0,0.0,1,0
2025-07-29,2025-07-29 15:04:46,single_day,early_entry,,Entrée avant 21h,Shotgun,43.64,49.32,1,1
2025-07-29,2025-07-29 15:04:46,single_day,early_entry,,Entrée avant 21h,Shotgun,43.64,49.32,1,1
2025-09-18,2025-09-18 06:43:33,single_day,early_entry,,Entrée avant 21h,Shotgun,43.64,49.32,1,1
2025-09-18,2025-09-18 06:43:33,single_day,early_entry,,Entrée avant 21h,Shotgun,43.64,49.32,1,1
2025-07-29,2025-07-29 17:10:53,single_day,regular,,Admission Générale,Shotgun,52.73,59.6,1,1
2025-07-29,2025-07-29 17:10:53,single_day,regular,,Admission Générale,Shotgun,52.73,59.6,1,1
2025-07-29,2025-07-29 17:18:13,single_day,regular,,Admission Générale,Shotgun,52.73,59.6,1,1
2025-07-29,2025-07-29 17:22:22,single_day,regular,,Admission Générale,Shotgun,52.73,59.6,1,1
2025-09-18,2025-09-18 09:24:43,single_day,regular,,Admission Générale,Shotgun,52.73,59.6,1,1
2025-07-29,2025-07-29 17:33:30,single_day,regular,,Admission Générale,Shotgun,52.73,59.6,1,1
2025-07-29,2025-07-29 17:33:30,single_day,regular,,Admission Générale,Shotgun,52.73,59.6,1,1
2025-07-29,2025-07-29 17:33:30,single_day,regular,,Admission Générale,Shotgun,52.73,59.6,1,1
2025-09-18,2025-09-18 09:39:05,single_day,regular,,Admission Générale,Shotgun,52.73,59.6,1,1
2025-09-18,2025-09-18 09:39:05,single_day,regular,,Admission Générale,Shotgun,52.73,59.6,1,1
2025-07-29,2025-07-29 17:56:03,single_day,early_entry,,Entrée avant 21h,Shotgun,43.64,49.32,1,1
2025-07-29,2025-07-29 17:56:03,single_day,early_entry,,Entrée avant 21h,Shotgun,43.64,49.32,1,1
2025-07-29,2025-07-29 17:56:03,single_day,early_entry,,Entrée avant 21h,Shotgun,43.64,49.32,1,1
2025-09-18,2025-09-18 10:15:57,single_day,early_entry,,Entrée avant 21h,Shotgun,43.64,49.32,1,1
2025-07-29,2025-07-29 18:35:50,single_day,early_entry,,Entrée avant 21h,Shotgun,43.64,49.32,1,1
2025-09-18,2025-09-18 11:34:07,single_day,early_entry,,Entrée avant 21h,Shotgun,43.64,49.32,1,1
2025-09-18,2025-09-18 11:55:57,single_day,early_entry,,Entrée avant 21h,Shotgun,43.64,49.32,1,1
2025-09-18,2025-09-18 11:55:57,single_day,early_entry,,Entrée avant 21h,Shotgun,43.64,49.32,1,1
2025-07-29,2025-07-29 19:21:30,single_day,regular,,Admission Générale,Shotgun,52.73,59.6,1,1
2025-09-18,2025-09-18 13:15:13,single_day,early_entry,,Entrée avant 21h,Shotgun,43.64,49.32,1,1
2025-07-29,2025-07-29 21:46:55,single_day,early_entry,,Entrée avant 21h,Shotgun,43.64,49.32,1,1
2025-07-29,2025-07-29 21:46:55,single_day,early_entry,,Entrée avant 21h,Shotgun,43.64,49.32,1,1
2025-07-29,2025-07-29 21:46:55,single_day,early_entry,,Entrée avant 21h,Shotgun,43.64,49.32,1,1
2025-07-29,2025-07-29 22:22:17,single_day,early_entry,,Entrée avant 21h,Shotgun,43.64,49.32,1,1
2025-07-29,2025-07-29 22:22:17,single_day,early_entry,,Entrée avant 21h,Shotgun,43.64,49.32,1,1
2025-09-18,2025-09-18 15:41:05,single_day,regular,,Admission Générale,Shotgun,52.73,59.6,1,1
2025-07-29,2025-07-29 23:21:57,single_day,regular,,Admission Générale,Shotgun,52.73,59.6,1,1
2025-07-29,2025-07-29 23:34:18,single_day,early_entry,,Entrée avant 21h,Shotgun,43.64,49.32,1,1
2025-07-30,2025-07-30 00:56:39,single_day,early_entry,,Entrée avant 21h,Shotgun,43.64,49.32,1,1
2025-07-30,2025-07-30 09:44:05,single_day,early_entry,,Entrée avant 21h,Shotgun,43.64,49.32,1,1
2025-07-30,2025-07-30 17:38:51,single_day,early_entry,,Entrée avant 21h,Shotgun,43.64,49.32,1,1
2025-07-30,2025-07-30 17:38:51,single_day,early_entry,,Entrée avant 21h,Shotgun,43.64,49.32,1,1
2025-07-30,2025-07-30 17:48:48,single_day,early_entry,,Entrée avant 21h,Shotgun,43.64,49.32,1,1
2025-07-30,2025-07-30 17:48:48,single_day,early_entry,,Entrée avant 21h,Shotgun,43.64,49.32,1,1
2025-09-18,2025-09-18 18:26:31,single_day,regular,,Admission Générale,Shotgun,52.73,59.6,1,1
2025-07-30,2025-07-30 19:53:51,single_day,early_entry,,Entrée avant 21h,Shotgun,43.64,49.32,1,1
2025-07-30,2025-07-30 20:16:43,single_day,early_entry,,Entrée avant 21h,Shotgun,43.64,49.32,1,1
2025-07-30,2025-07-30 20:16:43,single_day,early_entry,,Entrée avant 21h,Shotgun,43.64,49.32,1,1
2025-07-30,2025-07-30 20:20:55,single_day,early_entry,,Entrée avant 21h,Shotgun,43.64,49.32,1,1
2025-07-30,2025-07-30 21:53:13,single_day,early_entry,,Entrée avant 21h,Shotgun,43.64,49.32,1,1
2025-09-18,2025-09-18 19:23:57,single_day,early_entry,,Entrée avant 21h,Shotgun,43.64,49.32,1,1
2025-09-18,2025-09-18 19:24:22,single_day,regular,,Admission Générale,Shotgun,52.73,59.6,1,1
2025-09-18,2025-09-18 19:38:54,single_day,regular,,Admission Générale,Shotgun,52.73,59.6,1,1
2025-09-18,2025-09-18 19:38:54,single_day,regular,,Admission Générale,Shotgun,52.73,59.6,1,1
2025-09-18,2025-09-18 19:45:13,single_day,regular,,Admission Générale,Shotgun,52.73,59.6,1,1
2025-09-18,2025-09-18 20:07:58,single_day,early_entry,,Entrée avant 21h,Shotgun,43.64,49.32,1,1
2025-09-18,2025-09-18 20:07:58,single_day,early_entry,,Entrée avant 21h,Shotgun,43.64,49.32,1,1
2025-09-18,2025-09-18 20:13:37,single_day,regular,,Admission Générale,Shotgun,52.73,59.6,1,1
2025-09-18,2025-09-18 20:13:37,single_day,regular,,Admission Générale,Shotgun,52.73,59.6,1,1
2025-07-31,2025-07-31 18:58:08,single_day,regular,,Admission Générale,Shotgun,52.73,59.6,1,1
2025-07-31,2025-07-31 18:58:08,single_day,regular,,Admission Générale,Shotgun,52.73,59.6,1,1
2025-07-31,2025-07-31 18:38:08,single_day,early_entry,,Entrée avant 21h,Shotgun,43.64,49.32,1,1
2025-07-31,2025-07-31 19:51:08,single_day,regular,,Admission Générale,Shotgun,52.73,59.6,1,1
2025-07-31,2025-07-31 19:51:08,single_day,regular,,Admission Générale,Shotgun,52.73,59.6,1,1
2025-07-31,2025-07-31 20:15:10,single_day,early_entry,,Entrée avant 21h,Shotgun,43.64,49.32,1,1
2025-07-31,2025-07-31 20:15:10,single_day,early_entry,,Entrée avant 21h,Shotgun,43.64,49.32,1,1
2025-07-31,2025-07-31 20:24:24,single_day,early_entry,,Entrée avant 21h,Shotgun,43.64,49.32,1,1
2025-07-31,2025-07-31 20:24:24,single_day,early_entry,,Entrée avant 21h,Shotgun,43.64,49.32,1,1
2025-09-18,2025-09-18 21:46:35,single_day,early_entry,,Entrée avant 21h,Shotgun,43.64,49.32,1,1
2025-09-18,2025-09-18 21:46:35,single_day,early_entry,,Entrée avant 21h,Shotgun,43.64,49.32,1,1
2025-09-18,2025-09-18 21:46:35,single_day,early_entry,,Entrée avant 21h,Shotgun,43.64,49.32,1,1
2025-07-31,2025-07-31 21:02:22,single_day,regular,,Admission Générale,Shotgun,52.73,59.6,1,1
2025-07-31,2025-07-31 21:02:22,single_day,regular,,Admission Générale,Shotgun,52.73,59.6,1,1
2025-07-31,2025-07-31 21:05:02,single_day,regular,,Admission Générale,Shotgun,52.73,59.6,1,1
2025-07-31,2025-07-31 21:05:02,single_day,regular,,Admission Générale,Shotgun,52.73,59.6,1,1
2025-07-31,2025-07-31 21:11:41,single_day,regular,,Admission Générale,Shotgun,52.73,59.6,1,1
2025-07-31,2025-07-31 23:32:21,single_day,early_entry,,Entrée avant 21h,Shotgun,43.64,49.32,1,1
2025-07-31,2025-07-31 23:32:21,single_day,early_entry,,Entrée avant 21h,Shotgun,43.64,49.32,1,1
2025-09-18,2025-09-18 22:27:00,single_day,early_entry,,Entrée avant 21h,Shotgun,43.64,49.32,1,1
2025-08-01,2025-08-01 14:40:23,single_day,early_entry,,Entrée avant 21h,Shotgun,43.64,49.32,1,1
2025-08-01,2025-08-01 14:40:23,single_day,early_entry,,Entrée avant 21h,Shotgun,43.64,49.32,1,1
2025-08-01,2025-08-01 12:50:46,single_day,regular,,Admission Générale,Shotgun,52.73,59.6,1,1
2025-08-01,2025-08-01 12:50:46,single_day,regular,,Admission Générale,Shotgun,52.73,59.6,1,1
2025-08-01,2025-08-01 17:24:58,single_day,regular,,Admission Générale,Shotgun,52.73,59.6,1,1
2025-08-01,2025-08-01 18:49:08,single_day,regular,,Admission Générale,Shotgun,52.73,59.6,1,1
2025-08-01,2025-08-01 22:42:13,single_day,regular,,Admission Générale,Shotgun,52.73,59.6,1,1
2025-08-01,2025-08-01 19:54:26,single_day,regular,,Admission Générale,Shotgun,52.73,59.6,1,1
2025-08-01,2025-08-01 19:54:26,single_day,regular,,Admission Générale,Shotgun,52.73,59.6,1,1
2025-08-02,2025-08-02 00:07:40,single_day,early_entry,,Entrée avant 21h,Shotgun,43.64,49.32,1,1
2025-08-02,2025-08-02 00:07:47,single_day,early_entry,,Entrée avant 21h,Shotgun,43.64,49.32,1,1
2025-08-02,2025-08-02 02:15:59,single_day,regular,,Admission Générale,Shotgun,52.73,59.6,1,1
2025-08-02,2025-08-02 11:59:13,single_day,regular,,Admission Générale,Shotgun,52.73,59.6,1,1
2025-08-02,2025-08-02 13:17:36,single_day,early_entry,,Entrée avant 21h,Shotgun,43.64,49.32,1,1
2025-08-02,2025-08-02 13:17:36,single_day,early_entry,,Entrée avant 21h,Shotgun,43.64,49.32,1,1
2025-08-02,2025-08-02 15:30:40,single_day,early_entry,,Entrée avant 21h,Shotgun,43.64,49.32,1,1
2025-08-02,2025-08-02 15:30:40,single_day,early_entry,,Entrée avant 21h,Shotgun,43.64,49.32,1,1
2025-08-02,2025-08-02 17:32:15,single_day,regular,,Admission Générale,Shotgun,52.73,59.6,1,1
2025-08-02,2025-08-02 17:32:15,single_day,regular,,Admission Générale,Shotgun,52.73,59.6,1,1
2025-09-19,2025-09-19 12:23:20,single_day,early_entry,,Entrée avant 21h,Shotgun,43.64,49.32,1,1
2025-09-19,2025-09-19 12:48:52,single_day,early_entry,,Entrée avant 21h,Shotgun,43.64,49.32,1,1
2025-07-31,2025-07-31 17:45:20,single_day,regular,,Admission Générale,Shotgun,52.73,59.6,1,1
2025-08-01,2025-08-01 10:55:47,single_day,regular,,Admission Générale,Shotgun,52.73,59.6,1,1
2025-08-01,2025-08-01 20:33:53,single_day,early_entry,,Entrée avant 21h,Shotgun,43.64,49.32,1,1
2025-08-01,2025-08-01 20:33:53,single_day,early_entry,,Entrée avant 21h,Shotgun,43.64,49.32,1,1
2025-08-01,2025-08-01 20:33:53,single_day,early_entry,,Entrée avant 21h,Shotgun,43.64,49.32,1,1
2025-08-01,2025-08-01 20:33:53,single_day,early_entry,,Entrée avant 21h,Shotgun,43.64,49.32,1,1
2025-08-01,2025-08-01 22:41:11,single_day,regular,,Admission Générale,Shotgun,52.73,59.6,1,1
2025-08-02,2025-08-02 06:52:48,single_day,early_entry,,Entrée avant 21h,Shotgun,43.64,49.32,1,1
2025-08-02,2025-08-02 21:42:50,single_day,early_entry,,Entrée avant 21h,Shotgun,43.64,49.32,1,1
2025-09-19,2025-09-19 08:27:41,single_day,early_entry,,Entrée avant 21h,Shotgun,43.64,49.32,1,1
2025-09-19,2025-09-19 08:27:41,single_day,early_entry,,Entrée avant 21h,Shotgun,43.64,49.32,1,1
2025-08-02,2025-08-02 22:28:32,single_day,early_entry,,Entrée avant 21h,Shotgun,43.64,49.32,1,1
2025-09-19,2025-09-19 13:04:27,single_day,regular,,Admission Générale,Shotgun,52.73,59.6,1,1
2025-08-03,2025-08-03 17:36:16,single_day,regular,,Admission Générale,Shotgun,52.73,59.6,1,1
2025-08-04,2025-08-04 02:52:24,single_day,regular,,Admission Générale,Shotgun,52.73,59.6,1,1
2025-08-03,2025-08-03 21:27:39,single_day,early_entry,,Entrée avant 21h,Shotgun,43.64,49.32,1,1
2025-08-03,2025-08-03 22:24:52,single_day,early_entry,,Entrée avant 21h,Shotgun,43.64,49.32,1,1
2025-09-19,2025-09-19 14:51:15,single_day,regular,,Admission Générale,Shotgun,52.73,59.6,1,1
2025-09-19,2025-09-19 15:41:32,single_day,regular,,Admission Générale,Shotgun,52.73,59.6,1,1
2025-08-04,2025-08-04 15:06:27,single_day,early_entry,,Entrée avant 21h,Shotgun,43.64,49.32,1,1
2025-08-04,2025-08-04 15:19:12,single_day,early_entry,,Entrée avant 21h,Shotgun,43.64,49.32,1,1
2025-08-05,2025-08-05 11:25:00,single_day,early_entry,,Entrée avant 21h,Shotgun,43.64,49.32,1,1
2025-08-04,2025-08-04 21:58:49,single_day,regular,,Admission Générale,Shotgun,52.73,59.6,1,1
2025-08-04,2025-08-04 21:58:49,single_day,regular,,Admission Générale,Shotgun,52.73,59.6,1,1
2025-07-06,2025-07-06 19:10:53,single_day,early_entry,,Entrée avant 21h,Shotgun,43.64,49.32,1,1
2025-07-06,2025-07-06 19:10:53,single_day,early_entry,,Entrée avant 21h,Shotgun,43.64,49.32,1,1
2025-07-06,2025-07-06 19:19:50,single_day,regular,,Admission Générale,Shotgun,52.73,59.6,1,1
2025-07-06,2025-07-06 19:19:50,single_day,regular,,Admission Générale,Shotgun,52.73,59.6,1,1
2025-07-06,2025-07-06 19:19:22,single_day,regular,,Admission Générale,Shotgun,52.73,59.6,1,1
2025-07-06,2025-07-06 19:20:44,single_day,regular,,Admission Générale,Shotgun,52.73,59.6,1,1
2025-07-06,2025-07-06 19:20:44,single_day,regular,,Admission Générale,Shotgun,52.73,59.6,1,1
2025-07-06,2025-07-06 19:26:14,single_day,early_entry,,Entrée avant 21h,Shotgun,43.64,49.32,1,1
2025-07-06,2025-07-06 19:26:14,single_day,early_entry,,Entrée avant 21h,Shotgun,43.64,49.32,1,1
2025-07-06,2025-07-06 19:39:52,single_day,early_entry,,Entrée avant 21h,Shotgun,43.64,49.32,1,1
2025-07-06,2025-07-06 19:46:00,single_day,early_entry,,Entrée avant 21h,Shotgun,43.64,49.32,1,1
2025-07-06,2025-07-06 20:01:14,single_day,early_entry,,Entrée avant 21h,Shotgun,43.64,49.32,1,1
2025-07-06,2025-07-06 20:01:35,single_day,early_entry,,Entrée avant 21h,Shotgun,43.64,49.32,1,1
2025-07-06,2025-07-06 20:01:35,single_day,early_entry,,Entrée avant 21h,Shotgun,43.64,49.32,1,1
2025-08-03,2025-08-03 16:31:42,single_day,early_entry,,Entrée avant 21h,Shotgun,43.64,49.32,1,1
2025-08-03,2025-08-03 14:31:43,single_day,regular,,Admission Générale,Shotgun,52.73,59.6,1,1
2025-09-19,2025-09-19 14:14:02,single_day,regular,,Admission Générale,Shotgun,52.73,59.6,1,1
2025-08-04,2025-08-04 18:23:04,single_day,early_entry,,Entrée avant 21h,Shotgun,43.64,49.32,1,1
2025-08-04,2025-08-04 15:06:47,single_day,early_entry,,Entrée avant 21h,Shotgun,43.64,49.32,1,1
2025-08-05,2025-08-05 11:26:19,single_day,regular,,Admission Générale,Shotgun,52.73,59.6,1,1
2025-08-04,2025-08-04 22:24:06,single_day,regular,,Admission Générale,Shotgun,52.73,59.6,1,1
2025-08-04,2025-08-04 22:24:06,single_day,regular,,Admission Générale,Shotgun,52.73,59.6,1,1
2025-07-06,2025-07-06 19:32:44,single_day,regular,,Admission Générale,Shotgun,52.73,59.6,1,1
2025-07-06,2025-07-06 19:32:44,single_day,regular,,Admission Générale,Shotgun,52.73,59.6,1,1
2025-07-06,2025-07-06 19:32:44,single_day,regular,,Admission Générale,Shotgun,52.73,59.6,1,1
2025-07-06,2025-07-06 19:32:44,single_day,regular,,Admission Générale,Shotgun,52.73,59.6,1,1
2025-07-06,2025-07-06 19:32:44,single_day,regular,,Admission Générale,Shotgun,52.73,59.6,1,1
2025-07-06,2025-07-06 20:02:20,single_day,early_entry,,Entrée avant 21h,Shotgun,43.64,49.32,1,1
2025-07-06,2025-07-06 20:09:56,single_day,early_entry,,Entrée avant 21h,Shotgun,43.64,49.32,1,1
2025-07-06,2025-07-06 20:13:40,single_day,early_entry,,Entrée avant 21h,Shotgun,43.64,49.32,1,1
2025-07-06,2025-07-06 20:17:35,single_day,early_entry,,Entrée avant 21h,Shotgun,43.64,49.32,1,1
2025-07-06,2025-07-06 20:39:10,single_day,early_entry,,Entrée avant 21h,Shotgun,43.64,49.32,1,1
2025-07-06,2025-07-06 20:39:10,single_day,early_entry,,Entrée avant 21h,Shotgun,43.64,49.32,1,1
2025-07-06,2025-07-06 20:56:19,single_day,regular,,Admission Générale,Shotgun,52.73,59.6,1,1
2025-07-06,2025-07-06 20:56:19,single_day,regular,,Admission Générale,Shotgun,52.73,59.6,1,1
2025-08-05,2025-08-05 01:15:38,single_day,early_entry,,Entrée avant 21h,Shotgun,43.64,49.32,1,1
2025-07-06,2025-07-06 22:22:26,single_day,regular,,Admission Générale,Shotgun,52.73,59.6,1,1
2025-07-06,2025-07-06 22:34:03,single_day,regular,,Admission Générale,Shotgun,52.73,59.6,1,1
2025-07-06,2025-07-06 22:34:03,single_day,regular,,Admission Générale,Shotgun,52.73,59.6,1,1
2025-07-07,2025-07-07 02:29:57,single_day,early_entry,,Entrée avant 21h,Shotgun,43.64,49.32,1,1
2025-07-07,2025-07-07 11:28:44,single_day,early_entry,,Entrée avant 21h,Shotgun,43.64,49.32,1,1
2025-08-05,2025-08-05 14:29:34,single_day,regular,,Admission Générale,Shotgun,52.73,59.6,1,1
2025-09-19,2025-09-19 16:47:38,single_day,regular,,Admission Générale,Shotgun,52.73,59.6,1,1
2025-07-07,2025-07-07 16:48:02,single_day,early_entry,,Entrée avant 21h,Shotgun,43.64,49.32,1,1
2025-07-07,2025-07-07 17:27:49,single_day,early_entry,,Entrée avant 21h,Shotgun,43.64,49.32,1,1
2025-07-07,2025-07-07 18:17:20,single_day,early_entry,,Entrée avant 21h,Shotgun,43.64,49.32,1,1
2025-07-07,2025-07-07 18:19:21,single_day,regular,,Admission Générale,Shotgun,52.73,59.6,1,1
2025-08-05,2025-08-05 15:28:04,single_day,early_entry,,Entrée avant 21h,Shotgun,43.64,49.32,1,1
2025-08-05,2025-08-05 15:37:28,single_day,early_entry,,Entrée avant 21h,Shotgun,43.64,49.32,1,1
2025-08-05,2025-08-05 16:15:49,single_day,early_entry,,Entrée avant 21h,Shotgun,43.64,49.32,1,1
2025-08-05,2025-08-05 16:15:49,single_day,early_entry,,Entrée avant 21h,Shotgun,43.64,49.32,1,1
2025-07-08,2025-07-08 07:05:26,single_day,early_entry,,Entrée avant 21h,Shotgun,43.64,49.32,1,1
2025-09-19,2025-09-19 17:08:05,single_day,early_entry,,Entrée avant 21h,Shotgun,43.64,49.32,1,1
2025-08-05,2025-08-05 16:54:33,single_day,regular,,Admission Générale,Shotgun,52.73,59.6,1,1
2025-07-08,2025-07-08 13:49:28,single_day,early_entry,,Entrée avant 21h,Shotgun,43.64,49.32,1,1
2025-07-08,2025-07-08 13:49:28,single_day,early_entry,,Entrée avant 21h,Shotgun,43.64,49.32,1,1
2025-07-08,2025-07-08 14:08:19,single_day,regular,,Admission Générale,Shotgun,52.73,59.6,1,1
2025-07-08,2025-07-08 14:08:19,single_day,regular,,Admission Générale,Shotgun,52.73,59.6,1,1
2025-07-08,2025-07-08 15:17:16,single_day,early_entry,,Entrée avant 21h,Shotgun,43.64,49.32,1,1
2025-07-08,2025-07-08 18:18:04,single_day,regular,,Admission Générale,Shotgun,52.73,59.6,1,1
2025-07-08,2025-07-08 18:18:04,single_day,regular,,Admission Générale,Shotgun,52.73,59.6,1,1
2025-07-06,2025-07-06 20:02:25,single_day,early_entry,,Entrée avant 21h,Shotgun,43.64,49.32,1,1
2025-07-06,2025-07-06 20:09:56,single_day,early_entry,,Entrée avant 21h,Shotgun,43.64,49.32,1,1
2025-07-06,2025-07-06 20:56:24,single_day,regular,,Admission Générale,Shotgun,52.73,59.6,1,1
2025-07-06,2025-07-06 21:12:37,single_day,regular,,Admission Générale,Shotgun,52.73,59.6,1,1
2025-07-06,2025-07-06 21:12:37,single_day,regular,,Admission Générale,Shotgun,52.73,59.6,1,1
2025-08-05,2025-08-05 14:24:49,single_day,early_entry,,Entrée avant 21h,Shotgun,43.64,49.32,1,1
2025-08-05,2025-08-05 14:24:49,single_day,early_entry,,Entrée avant 21h,Shotgun,43.64,49.32,1,1
2025-07-07,2025-07-07 12:13:13,single_day,regular,,Admission Générale,Shotgun,52.73,59.6,1,1
2025-07-07,2025-07-07 12:13:13,single_day,regular,,Admission Générale,Shotgun,52.73,59.6,1,1
2025-07-07,2025-07-07 18:07:19,single_day,regular,,Admission Générale,Shotgun,52.73,59.6,1,1
2025-07-07,2025-07-07 18:20:43,single_day,regular,,Admission Générale,Shotgun,52.73,59.6,1,1
2025-07-07,2025-07-07 23:08:57,single_day,early_entry,,Entrée avant 21h,Shotgun,43.64,49.32,1,1
2025-07-08,2025-07-08 12:14:53,single_day,early_entry,,Entrée avant 21h,Shotgun,43.64,49.32,1,1
2025-07-08,2025-07-08 18:13:24,single_day,early_entry,,Entrée avant 21h,Shotgun,43.64,49.32,1,1
2025-07-08,2025-07-08 18:13:24,single_day,early_entry,,Entrée avant 21h,Shotgun,43.64,49.32,1,1
2025-09-19,2025-09-19 18:00:31,single_day,early_entry,,Entrée avant 21h,Shotgun,43.64,49.32,1,1
2025-07-08,2025-07-08 22:10:39,single_day,early_entry,,Entrée avant 21h,Shotgun,43.64,49.32,1,1
2025-07-08,2025-07-08 22:10:39,single_day,early_entry,,Entrée avant 21h,Shotgun,43.64,49.32,1,1
2025-09-19,2025-09-19 18:12:59,single_day,early_entry,,Entrée avant 21h,Shotgun,43.64,49.32,1,1
2025-08-05,2025-08-05 19:24:48,single_day,early_entry,,Entrée avant 21h,Shotgun,43.64,49.32,1,1
2025-07-09,2025-07-09 17:49:09,single_day,early_entry,,Entrée avant 21h,Shotgun,43.64,49.32,1,1
2025-07-09,2025-07-09 17:49:09,single_day,early_entry,,Entrée avant 21h,Shotgun,43.64,49.32,1,1
2025-08-05,2025-08-05 20:11:55,single_day,early_entry,,Entrée avant 21h,Shotgun,43.64,49.32,1,1
2025-07-09,2025-07-09 20:22:07,single_day,early_entry,,Entrée avant 21h,Shotgun,43.64,49.32,1,1
2025-07-09,2025-07-09 20:22:07,single_day,early_entry,,Entrée avant 21h,Shotgun,43.64,49.32,1,1
2025-07-10,2025-07-10 09:43:19,single_day,regular,,Admission Générale,Shotgun,52.73,59.6,1,1
2025-07-10,2025-07-10 09:43:19,single_day,regular,,Admission Générale,Shotgun,52.73,59.6,1,1
2025-08-05,2025-08-05 21:47:13,single_day,regular,,Admission Générale,Shotgun,52.73,59.6,1,1
2025-07-10,2025-07-10 01:49:09,single_day,regular,,Admission Générale,Shotgun,52.73,59.6,1,1
2025-07-10,2025-07-10 01:49:09,single_day,regular,,Admission Générale,Shotgun,52.73,59.6,1,1
2025-07-10,2025-07-10 09:09:58,single_day,early_entry,,Entrée avant 21h,Shotgun,43.64,49.32,1,1
2025-09-19,2025-09-19 19:38:55,single_day,early_entry,,Entrée avant 21h,Shotgun,43.64,49.32,1,1
2025-09-19,2025-09-19 19:38:55,single_day,early_entry,,Entrée avant 21h,Shotgun,43.64,49.32,1,1
2025-07-10,2025-07-10 14:34:10,single_day,regular,,Admission Générale,Shotgun,52.73,59.6,1,1
2025-07-10,2025-07-10 18:14:42,single_day,regular,,Admission Générale,Shotgun,52.73,59.6,1,1
2025-09-19,2025-09-19 21:20:06,single_day,early_entry,,Entrée avant 21h,Shotgun,43.64,49.32,1,1
2025-09-19,2025-09-19 22:28:33,single_day,early_entry,,Entrée avant 21h,Shotgun,43.64,49.32,1,1
2025-07-12,2025-07-12 08:18:06,single_day,early_entry,,Entrée avant 21h,Shotgun,43.64,49.32,1,1
2025-07-12,2025-07-12 08:18:06,single_day,early_entry,,Entrée avant 21h,Shotgun,43.64,49.32,1,1
2025-07-12,2025-07-12 08:18:06,single_day,early_entry,,Entrée avant 21h,Shotgun,43.64,49.32,1,1
2025-07-12,2025-07-12 08:18:06,single_day,early_entry,,Entrée avant 21h,Shotgun,43.64,49.32,1,1
2025-07-08,2025-07-08 19:00:50,single_day,regular,,Admission Générale,Shotgun,52.73,59.6,1,1
2025-09-19,2025-09-19 18:09:50,single_day,early_entry,,Entrée avant 21h,Shotgun,43.64,49.32,1,1
2025-09-19,2025-09-19 18:09:50,single_day,early_entry,,Entrée avant 21h,Shotgun,43.64,49.32,1,1
2025-07-09,2025-07-09 09:41:14,single_day,early_entry,,Entrée avant 21h,Shotgun,43.64,49.32,1,1
2025-08-05,2025-08-05 19:34:25,single_day,early_entry,,Entrée avant 21h,Shotgun,43.64,49.32,1,1
2025-07-09,2025-07-09 19:37:36,single_day,early_entry,,Entrée avant 21h,Shotgun,43.64,49.32,1,1
2025-07-09,2025-07-09 19:37:36,single_day,early_entry,,Entrée avant 21h,Shotgun,43.64,49.32,1,1
2025-07-09,2025-07-09 20:42:03,single_day,regular,,Admission Générale,Shotgun,52.73,59.6,1,1
2025-07-09,2025-07-09 20:42:03,single_day,regular,,Admission Générale,Shotgun,52.73,59.6,1,1
2025-08-05,2025-08-05 20:35:43,single_day,early_entry,,Entrée avant 21h,Shotgun,43.64,49.32,1,1
2025-07-10,2025-07-10 13:25:54,single_day,regular,,Admission Générale,Shotgun,52.73,59.6,1,1
2025-07-10,2025-07-10 21:24:22,single_day,regular,,Admission Générale,Shotgun,52.73,59.6,1,1
2025-08-16,2025-08-16 19:50:51,single_day,early_entry,,Entrée avant 21h,Shotgun,43.64,49.32,1,1
2025-08-16,2025-08-16 19:50:51,single_day,early_entry,,Entrée avant 21h,Shotgun,43.64,49.32,1,1
2025-09-19,2025-09-19 23:19:18,single_day,regular,,Admission Générale,Shotgun,52.73,59.6,1,1
2025-09-19,2025-09-19 23:19:18,single_day,regular,,Admission Générale,Shotgun,52.73,59.6,1,1
2025-07-12,2025-07-12 23:17:57,single_day,early_entry,,Entrée avant 21h,Shotgun,43.64,49.32,1,1
2025-07-12,2025-07-12 23:17:57,single_day,early_entry,,Entrée avant 21h,Shotgun,43.64,49.32,1,1
2025-09-20,2025-09-20 00:09:37,single_day,early_entry,,Entrée avant 21h,Shotgun,43.64,49.32,1,1
2025-09-19,2025-09-19 23:56:43,single_day,regular,,Admission Générale,Shotgun,52.73,59.6,1,1
2025-07-13,2025-07-13 16:40:19,single_day,regular,,Admission Générale,Shotgun,52.73,59.6,1,1
2025-07-13,2025-07-13 21:04:50,single_day,regular,,Admission Générale,Shotgun,52.73,59.6,1,1
2025-07-13,2025-07-13 21:04:50,single_day,regular,,Admission Générale,Shotgun,52.73,59.6,1,1
2025-07-14,2025-07-14 00:20:43,single_day,early_entry,,Entrée avant 21h,Shotgun,43.64,49.32,1,1
2025-07-14,2025-07-14 00:20:43,single_day,early_entry,,Entrée avant 21h,Shotgun,43.64,49.32,1,1
2025-07-14,2025-07-14 00:20:43,single_day,early_entry,,Entrée avant 21h,Shotgun,43.64,49.32,1,1
2025-07-14,2025-07-14 00:20:43,single_day,early_entry,,Entrée avant 21h,Shotgun,43.64,49.32,1,1
2025-07-14,2025-07-14 10:16:46,single_day,early_entry,,Entrée avant 21h,Shotgun,43.64,49.32,1,1
2025-07-14,2025-07-14 10:16:46,single_day,early_entry,,Entrée avant 21h,Shotgun,43.64,49.32,1,1
2025-08-06,2025-08-06 19:48:25,single_day,regular,,Admission Générale,Shotgun,52.73,59.6,1,1
2025-08-06,2025-08-06 19:57:35,single_day,early_entry,,Entrée avant 21h,Shotgun,43.64,49.32,1,1
2025-08-06,2025-08-06 19:57:35,single_day,early_entry,,Entrée avant 21h,Shotgun,43.64,49.32,1,1
2025-07-15,2025-07-15 08:37:31,single_day,early_entry,,Entrée avant 21h,Shotgun,43.64,49.32,1,1
2025-07-15,2025-07-15 08:37:31,single_day,early_entry,,Entrée avant 21h,Shotgun,43.64,49.32,1,1
2025-07-15,2025-07-15 09:45:17,single_day,early_entry,,Entrée avant 21h,Shotgun,43.64,49.32,1,1
2025-07-15,2025-07-15 12:47:11,single_day,early_entry,,Entrée avant 21h,Shotgun,43.64,49.32,1,1
2025-07-15,2025-07-15 19:50:19,single_day,regular,,Admission Générale,Shotgun,52.73,59.6,1,1
2025-07-15,2025-07-15 19:50:19,single_day,regular,,Admission Générale,Shotgun,52.73,59.6,1,1
2025-07-16,2025-07-16 11:16:55,single_day,early_entry,,Entrée avant 21h,Shotgun,43.64,49.32,1,1
2025-08-06,2025-08-06 22:37:46,single_day,early_entry,,Entrée avant 21h,Shotgun,43.64,49.32,1,1
2025-09-20,2025-09-20 12:45:48,single_day,early_entry,,Entrée avant 21h,Shotgun,43.64,49.32,1,1
2025-09-20,2025-09-20 12:45:48,single_day,early_entry,,Entrée avant 21h,Shotgun,43.64,49.32,1,1
2025-08-07,2025-08-07 21:17:34,single_day,regular,,Admission Générale,Shotgun,52.73,59.6,1,1
2025-07-12,2025-07-12 12:11:04,single_day,regular,,Admission Générale,Shotgun,52.73,59.6,1,1
2025-07-12,2025-07-12 21:57:00,single_day,early_entry,,Entrée avant 21h,Shotgun,43.64,49.32,1,1
2025-07-13,2025-07-13 02:31:23,single_day,regular,,Admission Générale,Shotgun,52.73,59.6,1,1
2025-07-13,2025-07-13 02:31:23,single_day,regular,,Admission Générale,Shotgun,52.73,59.6,1,1
2025-07-13,2025-07-13 02:31:23,single_day,regular,,Admission Générale,Shotgun,52.73,59.6,1,1
2025-07-13,2025-07-13 17:20:16,single_day,early_entry,,Entrée avant 21h,Shotgun,43.64,49.32,1,1
2025-07-13,2025-07-13 17:20:16,single_day,early_entry,,Entrée avant 21h,Shotgun,43.64,49.32,1,1
2025-07-14,2025-07-14 10:04:29,single_day,early_entry,,Entrée avant 21h,Shotgun,43.64,49.32,1,1
2025-07-14,2025-07-14 12:25:50,single_day,regular,,Admission Générale,Shotgun,52.73,59.6,1,1
2025-08-06,2025-08-06 19:43:01,single_day,regular,,Admission Générale,Shotgun,52.73,59.6,1,1
2025-08-06,2025-08-06 19:55:38,single_day,early_entry,,Entrée avant 21h,Shotgun,43.64,49.32,1,1
2025-08-06,2025-08-06 19:55:38,single_day,early_entry,,Entrée avant 21h,Shotgun,43.64,49.32,1,1
2025-08-06,2025-08-06 20:05:22,single_day,early_entry,,Entrée avant 21h,Shotgun,43.64,49.32,1,1
2025-08-06,2025-08-06 20:05:22,single_day,early_entry,,Entrée avant 21h,Shotgun,43.64,49.32,1,1
2025-08-06,2025-08-06 22:02:43,single_day,early_entry,,Entrée avant 21h,Shotgun,43.64,49.32,1,1
2025-07-16,2025-07-16 14:03:32,single_day,regular,,Admission Générale,Shotgun,52.73,59.6,1,1
2025-07-16,2025-07-16 21:09:24,single_day,early_entry,,Entrée avant 21h,Shotgun,43.64,49.32,1,1
2025-07-16,2025-07-16 21:09:24,single_day,early_entry,,Entrée avant 21h,Shotgun,43.64,49.32,1,1
2025-09-20,2025-09-20 13:57:29,single_day,regular,,Admission Générale,Shotgun,52.73,59.6,1,1
2025-09-20,2025-09-20 13:57:29,single_day,regular,,Admission Générale,Shotgun,52.73,59.6,1,1
2025-09-20,2025-09-20 14:59:34,single_day,regular,,Admission Générale,Shotgun,52.73,59.6,1,1
2025-07-17,2025-07-17 08:50:36,single_day,early_entry,,Entrée avant 21h,Shotgun,43.64,49.32,1,1
2025-07-17,2025-07-17 10:38:45,single_day,regular,,Admission Générale,Shotgun,52.73,59.6,1,1
2025-07-17,2025-07-17 10:38:45,single_day,regular,,Admission Générale,Shotgun,52.73,59.6,1,1
2025-09-20,2025-09-20 15:17:18,single_day,regular,,Admission Générale,Shotgun,52.73,59.6,1,1
2025-07-17,2025-07-17 15:10:58,single_day,regular,,Admission Générale,Shotgun,52.73,59.6,1,1
2025-07-17,2025-07-17 16:54:54,single_day,regular,,Admission Générale,Shotgun,52.73,59.6,1,1
2025-08-07,2025-08-07 23:00:35,single_day,regular,,Admission Générale,Shotgun,52.73,59.6,1,1
2025-08-07,2025-08-07 23:58:33,single_day,early_entry,,Entrée avant 21h,Shotgun,43.64,49.32,1,1
2025-08-07,2025-08-07 23:58:33,single_day,early_entry,,Entrée avant 21h,Shotgun,43.64,49.32,1,1
2025-08-08,2025-08-08 17:59:28,single_day,early_entry,,Entrée avant 21h,Shotgun,43.64,49.32,1,1
2025-08-08,2025-08-08 17:59:28,single_day,early_entry,,Entrée avant 21h,Shotgun,43.64,49.32,1,1
2025-08-08,2025-08-08 17:59:28,single_day,early_entry,,Entrée avant 21h,Shotgun,43.64,49.32,1,1
2025-08-08,2025-08-08 11:26:24,single_day,vip,,Tickets Backstage,Shotgun,120.0,135.63,1,1
2025-08-08,2025-08-08 11:26:24,single_day,vip,,Tickets Backstage,Shotgun,120.0,135.63,1,1
2025-07-17,2025-07-17 21:34:16,single_day,regular,,Admission Générale,Shotgun,52.73,59.6,1,1
2025-07-17,2025-07-17 21:34:16,single_day,regular,,Admission Générale,Shotgun,52.73,59.6,1,1
2025-08-08,2025-08-08 20:55:34,single_day,early_entry,,Entrée avant 21h,Shotgun,43.64,49.32,1,1
2025-08-08,2025-08-08 20:55:34,single_day,early_entry,,Entrée avant 21h,Shotgun,43.64,49.32,1,1
2025-08-08,2025-08-08 19:27:02,single_day,regular,,Admission Générale,Shotgun,52.73,59.6,1,1
2025-08-09,2025-08-09 16:14:36,single_day,regular,,Admission Générale,Shotgun,52.73,59.6,1,1
2025-09-20,2025-09-20 02:21:00,single_day,early_entry,,Entrée avant 21h,Shotgun,43.64,49.32,1,1
2025-08-07,2025-08-07 19:36:45,single_day,regular,,Admission Générale,Shotgun,52.73,59.6,1,1
2025-07-17,2025-07-17 09:23:17,single_day,regular,,Admission Générale,Shotgun,52.73,59.6,1,1
2025-08-07,2025-08-07 16:20:01,single_day,early_entry,,Entrée avant 21h,Shotgun,43.64,49.32,1,1
2025-07-17,2025-07-17 15:42:32,single_day,regular,,Admission Générale,Shotgun,52.73,59.6,1,1
2025-07-17,2025-07-17 16:51:44,single_day,early_entry,,Entrée avant 21h,Shotgun,43.64,49.32,1,1
2025-07-17,2025-07-17 16:51:44,single_day,early_entry,,Entrée avant 21h,Shotgun,43.64,49.32,1,1
2025-08-08,2025-08-08 20:10:48,single_day,regular,,Admission Générale,Shotgun,52.73,59.6,1,1
2025-08-08,2025-08-08 20:10:48,single_day,regular,,Admission Générale,Shotgun,52.73,59.6,1,1
2025-08-08,2025-08-08 20:10:48,single_day,regular,,Admission Générale,Shotgun,52.73,59.6,1,1
2025-09-20,2025-09-20 19:16:38,single_day,early_entry,,Entrée avant 21h,Shotgun,43.64,49.32,1,1
2025-09-20,2025-09-20 19:16:38,single_day,early_entry,,Entrée avant 21h,Shotgun,43.64,49.32,1,1
2025-07-17,2025-07-17 23:12:45,single_day,early_entry,,Entrée avant 21h,Shotgun,43.64,49.32,1,1
2025-08-08,2025-08-08 15:21:51,single_day,early_entry,,Entrée avant 21h,Shotgun,43.64,49.32,1,1
2025-07-18,2025-07-18 09:53:53,single_day,early_entry,,Entrée avant 21h,Shotgun,43.64,49.32,1,1
2025-07-18,2025-07-18 09:53:53,single_day,early_entry,,Entrée avant 21h,Shotgun,43.64,49.32,1,1
2025-07-18,2025-07-18 09:53:53,single_day,early_entry,,Entrée avant 21h,Shotgun,43.64,49.32,1,1
2025-07-18,2025-07-18 09:53:53,single_day,early_entry,,Entrée avant 21h,Shotgun,43.64,49.32,1,1
2025-08-09,2025-08-09 16:44:33,single_day,early_entry,,Entrée avant 21h,Shotgun,43.64,49.32,1,1
2025-08-09,2025-08-09 16:44:33,single_day,early_entry,,Entrée avant 21h,Shotgun,43.64,49.32,1,1
2025-08-09,2025-08-09 13:06:26,single_day,early_entry,,Entrée avant 21h,Shotgun,43.64,49.32,1,1
2025-08-09,2025-08-09 13:48:16,single_day,early_entry,,Entrée avant 21h,Shotgun,43.64,49.32,1,1
2025-08-09,2025-08-09 13:48:16,single_day,early_entry,,Entrée avant 21h,Shotgun,43.64,49.32,1,1
2025-08-09,2025-08-09 23:51:39,single_day,early_entry,,Entrée avant 21h,Shotgun,43.64,49.32,1,1
2025-07-18,2025-07-18 21:15:08,single_day,early_entry,,Entrée avant 21h,Shotgun,43.64,49.32,1,1
2025-07-18,2025-07-18 21:34:10,single_day,early_entry,,Entrée avant 21h,Shotgun,43.64,49.32,1,1
2025-07-18,2025-07-18 21:34:10,single_day,early_entry,,Entrée avant 21h,Shotgun,43.64,49.32,1,1
2025-09-20,2025-09-20 21:01:03,single_day,regular,,Admission Générale,Shotgun,52.73,59.6,1,1
2025-07-19,2025-07-19 15:45:22,single_day,regular,,Admission Générale,Shotgun,52.73,59.6,1,1
2025-07-19,2025-07-19 15:45:22,single_day,regular,,Admission Générale,Shotgun,52.73,59.6,1,1
2025-08-10,2025-08-10 16:08:18,single_day,early_entry,,Entrée avant 21h,Shotgun,43.64,49.32,1,1
2025-08-10,2025-08-10 16:08:18,single_day,early_entry,,Entrée avant 21h,Shotgun,43.64,49.32,1,1
2025-08-10,2025-08-10 16:08:18,single_day,early_entry,,Entrée avant 21h,Shotgun,43.64,49.32,1,1
2025-07-19,2025-07-19 23:36:05,single_day,early_entry,,Entrée avant 21h,Shotgun,43.64,49.32,1,1
2025-07-19,2025-07-19 23:36:05,single_day,early_entry,,Entrée avant 21h,Shotgun,43.64,49.32,1,1
2025-07-19,2025-07-19 23:40:11,single_day,regular,,Admission Générale,Shotgun,52.73,59.6,1,1
2025-07-20,2025-07-20 00:11:38,single_day,regular,,Admission Générale,Shotgun,52.73,59.6,1,1
2025-07-20,2025-07-20 00:11:22,single_day,regular,,Admission Générale,Shotgun,52.73,59.6,1,1
2025-08-11,2025-08-11 00:34:00,single_day,regular,,Admission Générale,Shotgun,52.73,59.6,1,1
2025-08-11,2025-08-11 00:34:00,single_day,regular,,Admission Générale,Shotgun,52.73,59.6,1,1
2025-07-20,2025-07-20 12:27:58,single_day,regular,,Admission Générale,Shotgun,52.73,59.6,1,1
2025-07-20,2025-07-20 15:35:11,single_day,regular,,Admission Générale,Shotgun,52.73,59.6,1,1
2025-08-11,2025-08-11 09:08:18,single_day,early_entry,,Entrée avant 21h,Shotgun,43.64,49.32,1,1
2025-08-11,2025-08-11 09:08:18,single_day,early_entry,,Entrée avant 21h,Shotgun,43.64,49.32,1,1
2025-08-11,2025-08-11 09:08:18,single_day,early_entry,,Entrée avant 21h,Shotgun,43.64,49.32,1,1
2025-08-11,2025-08-11 09:08:18,single_day,early_entry,,Entrée avant 21h,Shotgun,43.64,49.32,1,1
2025-08-11,2025-08-11 09:08:18,single_day,early_entry,,Entrée avant 21h,Shotgun,43.64,49.32,1,1
2025-08-11,2025-08-11 09:45:32,single_day,early_entry,,Entrée avant 21h,Shotgun,43.64,49.32,1,1
2025-07-18,2025-07-18 10:57:13,single_day,early_entry,,Entrée avant 21h,Shotgun,43.64,49.32,1,1
2025-09-20,2025-09-20 19:59:04,single_day,early_entry,,Entrée avant 21h,Shotgun,43.64,49.32,1,1
2025-08-10,2025-08-10 15:00:37,single_day,early_entry,,Entrée avant 21h,Shotgun,43.64,49.32,1,1
2025-08-10,2025-08-10 15:00:37,single_day,early_entry,,Entrée avant 21h,Shotgun,43.64,49.32,1,1
2025-08-10,2025-08-10 15:09:35,single_day,regular,,Admission Générale,Shotgun,52.73,59.6,1,1
2025-08-10,2025-08-10 11:03:47,single_day,regular,,Admission Générale,Shotgun,52.73,59.6,1,1
2025-08-10,2025-08-10 11:03:47,single_day,regular,,Admission Générale,Shotgun,52.73,59.6,1,1
2025-07-19,2025-07-19 23:40:58,single_day,early_entry,,Entrée avant 21h,Shotgun,43.64,49.32,1,1
2025-07-20,2025-07-20 00:11:27,single_day,regular,,Admission Générale,Shotgun,52.73,59.6,1,1
2025-08-11,2025-08-11 09:44:19,single_day,early_entry,,Entrée avant 21h,Shotgun,43.64,49.32,1,1
2025-08-11,2025-08-11 09:44:19,single_day,early_entry,,Entrée avant 21h,Shotgun,43.64,49.32,1,1
2025-07-20,2025-07-20 19:25:31,single_day,regular,,Admission Générale,Shotgun,52.73,59.6,1,1
2025-07-21,2025-07-21 04:48:31,single_day,early_entry,,Entrée avant 21h,Shotgun,43.64,49.32,1,1
2025-07-21,2025-07-21 10:19:43,single_day,regular,,Admission Générale,Shotgun,52.73,59.6,1,1
2025-08-11,2025-08-11 14:24:41,single_day,regular,,Admission Générale,Shotgun,52.73,59.6,1,1
2025-08-11,2025-08-11 14:24:41,single_day,regular,,Admission Générale,Shotgun,52.73,59.6,1,1
2025-09-20,2025-09-20 23:08:52,single_day,regular,,Admission Générale,Shotgun,52.73,59.6,1,1
2025-09-20,2025-09-20 23:10:16,single_day,early_entry,,Entrée avant 21h,Shotgun,43.64,49.32,1,1
2025-09-20,2025-09-20 23:17:45,single_day,early_entry,,Entrée avant 21h,Shotgun,43.64,49.32,1,1
2025-09-20,2025-09-20 23:16:29,single_day,early_entry,,Entrée avant 21h,Shotgun,43.64,49.32,1,1
2025-07-22,2025-07-22 18:21:08,single_day,early_entry,,Entrée avant 21h,Shotgun,43.64,49.32,1,1
2025-07-22,2025-07-22 22:53:14,single_day,early_entry,,Entrée avant 21h,Shotgun,43.64,49.32,1,1
2025-07-23,2025-07-23 09:29:09,single_day,early_entry,,Entrée avant 21h,Shotgun,43.64,49.32,1,1
2025-07-23,2025-07-23 09:29:09,single_day,early_entry,,Entrée avant 21h,Shotgun,43.64,49.32,1,1
2025-08-11,2025-08-11 17:14:42,single_day,early_entry,,Entrée avant 21h,Shotgun,43.64,49.32,1,1
2025-08-11,2025-08-11 21:31:38,single_day,early_entry,,Entrée avant 21h,Shotgun,43.64,49.32,1,1
2025-08-11,2025-08-11 21:31:38,single_day,early_entry,,Entrée avant 21h,Shotgun,43.64,49.32,1,1
2025-07-24,2025-07-24 11:20:32,single_day,regular,,Admission Générale,Shotgun,52.73,59.6,1,1
2025-07-24,2025-07-24 20:54:40,single_day,early_entry,,Entrée avant 21h,Shotgun,43.64,49.32,1,1
2025-07-25,2025-07-25 00:17:24,single_day,regular,,Admission Générale,Shotgun,52.73,59.6,1,1
2025-07-25,2025-07-25 15:20:55,single_day,early_entry,,Entrée avant 21h,Shotgun,43.64,49.32,1,1
2025-07-25,2025-07-25 15:20:55,single_day,early_entry,,Entrée avant 21h,Shotgun,43.64,49.32,1,1
2025-07-20,2025-07-20 19:19:23,single_day,regular,,Admission Générale,Shotgun,52.73,59.6,1,1
2025-07-20,2025-07-20 19:19:23,single_day,regular,,Admission Générale,Shotgun,52.73,59.6,1,1
2025-07-20,2025-07-20 19:19:23,single_day,regular,,Admission Générale,Shotgun,52.73,59.6,1,1
2025-07-21,2025-07-21 13:23:23,single_day,early_entry,,Entrée avant 21h,Shotgun,43.64,49.32,1,1
2025-08-11,2025-08-11 14:58:21,single_day,early_entry,,Entrée avant 21h,Shotgun,43.64,49.32,1,1
2025-08-11,2025-08-11 14:58:21,single_day,early_entry,,Entrée avant 21h,Shotgun,43.64,49.32,1,1
2025-08-11,2025-08-11 14:58:21,single_day,early_entry,,Entrée avant 21h,Shotgun,43.64,49.32,1,1
2025-09-20,2025-09-20 23:13:26,single_day,early_entry,,Entrée avant 21h,Shotgun,43.64,49.32,1,1
2025-09-20,2025-09-20 23:25:29,single_day,early_entry,,Entrée avant 21h,Shotgun,43.64,49.32,1,1
2025-09-20,2025-09-20 23:25:23,single_day,early_entry,,Entrée avant 21h,Shotgun,43.64,49.32,1,1
2025-09-20,2025-09-20 23:42:08,single_day,early_entry,,Entrée avant 21h,Shotgun,43.64,49.32,1,1
2025-08-11,2025-08-11 19:17:24,single_day,early_entry,,Entrée avant 21h,Shotgun,43.64,49.32,1,1
2025-08-11,2025-08-11 19:17:24,single_day,early_entry,,Entrée avant 21h,Shotgun,43.64,49.32,1,1
2025-07-25,2025-07-25 15:23:12,single_day,early_entry,,Entrée avant 21h,Shotgun,43.64,49.32,1,1
2025-07-25,2025-07-25 21:50:21,single_day,regular,,Admission Générale,Shotgun,52.73,59.6,1,1
2025-08-12,2025-08-12 12:14:29,single_day,regular,,Admission Générale,Shotgun,52.73,59.6,1,1
2025-08-12,2025-08-12 12:29:25,single_day,regular,,Admission Générale,Shotgun,52.73,59.6,1,1
2025-07-26,2025-07-26 20:46:15,single_day,regular,,Admission Générale,Shotgun,52.73,59.6,1,1
2025-07-26,2025-07-26 20:46:15,single_day,regular,,Admission Générale,Shotgun,52.73,59.6,1,1
2025-07-27,2025-07-27 01:46:27,single_day,regular,,Admission Générale,Shotgun,52.73,59.6,1,1
2025-07-27,2025-07-27 11:15:47,single_day,early_entry,,Entrée avant 21h,Shotgun,43.64,49.32,1,1
2025-07-27,2025-07-27 11:15:47,single_day,early_entry,,Entrée avant 21h,Shotgun,43.64,49.32,1,1
2025-07-27,2025-07-27 16:34:55,single_day,regular,,Admission Générale,Shotgun,52.73,59.6,1,1
2025-07-27,2025-07-27 18:18:25,single_day,regular,,Admission Générale,Shotgun,52.73,59.6,1,1
2025-07-27,2025-07-27 18:24:28,single_day,regular,,Admission Générale,Shotgun,52.73,59.6,1,1
2025-09-21,2025-09-21 11:58:54,single_day,regular,,Admission Générale,Shotgun,52.73,59.6,1,1
2025-09-21,2025-09-21 11:58:54,single_day,regular,,Admission Générale,Shotgun,52.73,59.6,1,1
2025-09-21,2025-09-21 12:24:07,single_day,regular,,Admission Générale,Shotgun,52.73,59.6,1,1
2025-09-21,2025-09-21 12:24:07,single_day,regular,,Admission Générale,Shotgun,52.73,59.6,1,1
2025-09-21,2025-09-21 12:54:14,single_day,regular,,Admission Générale,Shotgun,52.73,59.6,1,1
2025-09-21,2025-09-21 12:54:14,single_day,regular,,Admission Générale,Shotgun,52.73,59.6,1,1
2025-08-12,2025-08-12 19:52:59,single_day,early_entry,,Entrée avant 21h,Shotgun,43.64,49.32,1,1
2025-08-12,2025-08-12 19:55:57,single_day,early_entry,,Entrée avant 21h,Shotgun,43.64,49.32,1,1
2025-07-25,2025-07-25 18:16:36,single_day,regular,,Admission Générale,Shotgun,52.73,59.6,1,1
2025-07-25,2025-07-25 19:26:27,single_day,early_entry,,Entrée avant 21h,Shotgun,43.64,49.32,1,1
2025-07-25,2025-07-25 19:26:27,single_day,early_entry,,Entrée avant 21h,Shotgun,43.64,49.32,1,1
2025-08-12,2025-08-12 14:55:13,single_day,regular,,Admission Générale,Shotgun,52.73,59.6,1,1
2025-07-27,2025-07-27 01:45:35,single_day,regular,,Admission Générale,Shotgun,52.73,59.6,1,1
2025-07-27,2025-07-27 11:33:13,single_day,early_entry,,Entrée avant 21h,Shotgun,43.64,49.32,1,1
2025-07-27,2025-07-27 11:33:13,single_day,early_entry,,Entrée avant 21h,Shotgun,43.64,49.32,1,1
2025-07-27,2025-07-27 11:33:13,single_day,early_entry,,Entrée avant 21h,Shotgun,43.64,49.32,1,1
2025-07-27,2025-07-27 11:33:13,single_day,early_entry,,Entrée avant 21h,Shotgun,43.64,49.32,1,1
2025-07-27,2025-07-27 18:16:56,single_day,regular,,Admission Générale,Shotgun,52.73,59.6,1,1
2025-07-27,2025-07-27 18:16:56,single_day,regular,,Admission Générale,Shotgun,52.73,59.6,1,1
2025-07-27,2025-07-27 21:56:54,single_day,early_entry,,Entrée avant 21h,Shotgun,43.64,49.32,1,1
2025-07-27,2025-07-27 21:56:54,single_day,early_entry,,Entrée avant 21h,Shotgun,43.64,49.32,1,1
2025-08-12,2025-08-12 18:52:13,single_day,regular,,Admission Générale,Shotgun,52.73,59.6,1,1
2025-08-12,2025-08-12 18:52:13,single_day,regular,,Admission Générale,Shotgun,52.73,59.6,1,1
2025-09-21,2025-09-21 15:42:38,single_day,regular,,Admission Générale,Shotgun,52.73,59.6,1,1
2025-09-21,2025-09-21 16:31:27,single_day,regular,,Admission Générale,Shotgun,52.73,59.6,1,1
2025-09-21,2025-09-21 17:01:09,single_day,early_entry,,Entrée avant 21h,Shotgun,43.64,49.32,1,1
2025-09-21,2025-09-21 17:01:09,single_day,early_entry,,Entrée avant 21h,Shotgun,43.64,49.32,1,1
2025-09-21,2025-09-21 11:00:23,single_day,early_entry,,Entrée avant 21h,Shotgun,43.64,49.32,1,1
2025-09-21,2025-09-21 11:00:23,single_day,early_entry,,Entrée avant 21h,Shotgun,43.64,49.32,1,1
2025-09-21,2025-09-21 11:00:23,single_day,early_entry,,Entrée avant 21h,Shotgun,43.64,49.32,1,1
2025-09-21,2025-09-21 11:00:23,single_day,early_entry,,Entrée avant 21h,Shotgun,43.64,49.32,1,1
2025-08-13,2025-08-13 15:17:08,single_day,early_entry,,Entrée avant 21h,Shotgun,43.64,49.32,1,1
2025-08-13,2025-08-13 15:33:38,single_day,early_entry,,Entrée avant 21h,Shotgun,43.64,49.32,1,1
2025-09-21,2025-09-21 17:10:08,single_day,early_entry,,Entrée avant 21h,Shotgun,43.64,49.32,1,1
2025-09-21,2025-09-21 17:11:53,single_day,early_entry,,Entrée avant 21h,Shotgun,43.64,49.32,1,1
2025-09-21,2025-09-21 17:35:06,single_day,regular,,Admission Générale,Shotgun,52.73,59.6,1,1
2025-08-13,2025-08-13 20:22:46,single_day,regular,,Admission Générale,Shotgun,52.73,59.6,1,1
2025-08-13,2025-08-13 20:42:54,single_day,regular,,Admission Générale,Shotgun,52.73,59.6,1,1
2025-08-13,2025-08-13 20:42:54,single_day,regular,,Admission Générale,Shotgun,52.73,59.6,1,1
2025-09-21,2025-09-21 18:54:39,single_day,regular,,Admission Générale,Shotgun,52.73,59.6,1,1
2025-09-21,2025-09-21 19:24:33,single_day,early_entry,,Entrée avant 21h,Shotgun,43.64,49.32,1,1
2025-09-21,2025-09-21 19:24:33,single_day,early_entry,,Entrée avant 21h,Shotgun,43.64,49.32,1,1
2025-09-21,2025-09-21 19:23:37,single_day,early_entry,,Entrée avant 21h,Shotgun,43.64,49.32,1,1
2025-09-21,2025-09-21 19:23:37,single_day,early_entry,,Entrée avant 21h,Shotgun,43.64,49.32,1,1
2025-09-22,2025-09-22 17:06:57,single_day,early_entry,,Entrée avant 21h,Shotgun,43.64,49.32,1,1
2025-09-22,2025-09-22 17:06:57,single_day,early_entry,,Entrée avant 21h,Shotgun,43.64,49.32,1,1
2025-08-14,2025-08-14 12:22:53,single_day,regular,,Admission Générale,Shotgun,52.73,59.6,1,1
2025-09-21,2025-09-21 20:49:54,single_day,early_entry,,Entrée avant 21h,Shotgun,43.64,49.32,1,1
2025-09-21,2025-09-21 20:49:54,single_day,early_entry,,Entrée avant 21h,Shotgun,43.64,49.32,1,1
2025-09-21,2025-09-21 20:49:54,single_day,early_entry,,Entrée avant 21h,Shotgun,43.64,49.32,1,1
2025-09-21,2025-09-21 20:49:54,single_day,early_entry,,Entrée avant 21h,Shotgun,43.64,49.32,1,1
2025-09-22,2025-09-22 16:59:13,single_day,regular,,Admission Générale,Shotgun,52.73,59.6,1,1
2025-09-22,2025-09-22 16:59:13,single_day,regular,,Admission Générale,Shotgun,52.73,59.6,1,1
2025-09-21,2025-09-21 21:23:58,single_day,regular,,Admission Générale,Shotgun,52.73,59.6,1,1
2025-09-22,2025-09-22 12:17:33,single_day,regular,,Admission Générale,Shotgun,52.73,59.6,1,1
2025-09-22,2025-09-22 12:17:33,single_day,regular,,Admission Générale,Shotgun,52.73,59.6,1,1
2025-08-13,2025-08-13 01:51:16,single_day,early_entry,,Entrée avant 21h,Shotgun,43.64,49.32,1,1
2025-09-21,2025-09-21 15:00:46,single_day,regular,,Admission Générale,Shotgun,52.73,59.6,1,1
2025-08-13,2025-08-13 15:16:16,single_day,early_entry,,Entrée avant 21h,Shotgun,43.64,49.32,1,1
2025-08-13,2025-08-13 15:16:16,single_day,early_entry,,Entrée avant 21h,Shotgun,43.64,49.32,1,1
2025-09-21,2025-09-21 17:08:41,single_day,early_entry,,Entrée avant 21h,Shotgun,43.64,49.32,1,1
2025-09-21,2025-09-21 17:23:09,single_day,early_entry,,Entrée avant 21h,Shotgun,43.64,49.32,1,1
2025-09-21,2025-09-21 17:23:09,single_day,early_entry,,Entrée avant 21h,Shotgun,43.64,49.32,1,1
2025-08-13,2025-08-13 19:22:49,single_day,regular,,Admission Générale,Shotgun,52.73,59.6,1,1
2025-08-13,2025-08-13 19:22:49,single_day,regular,,Admission Générale,Shotgun,52.73,59.6,1,1
2025-09-21,2025-09-21 19:21:42,single_day,early_entry,,Entrée avant 21h,Shotgun,43.64,49.32,1,1
2025-09-21,2025-09-21 20:07:04,single_day,early_entry,,Entrée avant 21h,Shotgun,43.64,49.32,1,1
2025-09-22,2025-09-22 14:58:34,single_day,regular,,Admission Générale,Shotgun,52.73,59.6,1,1
2025-09-21,2025-09-21 20:53:41,single_day,early_entry,,Entrée avant 21h,Shotgun,43.64,49.32,1,1
2025-09-21,2025-09-21 20:53:41,single_day,early_entry,,Entrée avant 21h,Shotgun,43.64,49.32,1,1
2025-09-21,2025-09-21 20:53:41,single_day,early_entry,,Entrée avant 21h,Shotgun,43.64,49.32,1,1
2025-09-21,2025-09-21 20:53:41,single_day,early_entry,,Entrée avant 21h,Shotgun,43.64,49.32,1,1
2025-09-21,2025-09-21 21:11:32,single_day,early_entry,,Entrée avant 21h,Shotgun,43.64,49.32,1,1
2025-09-22,2025-09-22 16:53:54,single_day,early_entry,,Entrée avant 21h,Shotgun,43.64,49.32,1,1
2025-09-22,2025-09-22 16:53:54,single_day,early_entry,,Entrée avant 21h,Shotgun,43.64,49.32,1,1
2025-08-14,2025-08-14 18:03:59,single_day,early_entry,,Entrée avant 21h,Shotgun,43.64,49.32,1,1
2025-08-14,2025-08-14 18:03:59,single_day,early_entry,,Entrée avant 21h,Shotgun,43.64,49.32,1,1
2025-08-14,2025-08-14 18:03:59,single_day,early_entry,,Entrée avant 21h,Shotgun,43.64,49.32,1,1
2025-08-14,2025-08-14 19:40:12,single_day,early_entry,,Entrée avant 21h,Shotgun,43.64,49.32,1,1
2025-09-22,2025-09-22 15:48:32,single_day,early_entry,,Entrée avant 21h,Shotgun,43.64,49.32,1,1
2025-09-22,2025-09-22 02:48:54,single_day,early_entry,,Entrée avant 21h,Shotgun,43.64,49.32,1,1
2025-08-14,2025-08-14 23:38:16,single_day,regular,,Admission Générale,Shotgun,52.73,59.6,1,1
2025-08-14,2025-08-14 23:38:16,single_day,regular,,Admission Générale,Shotgun,52.73,59.6,1,1
2025-09-22,2025-09-22 17:11:57,single_day,early_entry,,Entrée avant 21h,Shotgun,43.64,49.32,1,1
2025-09-22,2025-09-22 18:32:24,single_day,early_entry,,Entrée avant 21h,Shotgun,43.64,49.32,1,1
2025-08-15,2025-08-15 14:46:53,single_day,early_entry,,Entrée avant 21h,Shotgun,43.64,49.32,1,1
2025-08-15,2025-08-15 16:52:39,single_day,early_entry,,Entrée avant 21h,Shotgun,43.64,49.32,1,1
2025-08-15,2025-08-15 16:52:39,single_day,early_entry,,Entrée avant 21h,Shotgun,43.64,49.32,1,1
2025-09-23,2025-09-23 00:30:22,single_day,regular,,Admission Générale,Shotgun,52.73,59.6,1,1
2025-08-15,2025-08-15 17:59:01,single_day,early_entry,,Entrée avant 21h,Shotgun,43.64,49.32,1,1
2025-08-15,2025-08-15 17:59:01,single_day,early_entry,,Entrée avant 21h,Shotgun,43.64,49.32,1,1
2025-09-21,2025-09-21 03:35:12,single_day,early_entry,,Entrée avant 21h,Shotgun,43.64,49.32,1,1
2025-08-15,2025-08-15 19:38:18,single_day,early_entry,,Entrée avant 21h,Shotgun,43.64,49.32,1,1
2025-08-15,2025-08-15 19:38:18,single_day,early_entry,,Entrée avant 21h,Shotgun,43.64,49.32,1,1
2025-09-22,2025-09-22 20:53:19,single_day,regular,,Admission Générale,Shotgun,52.73,59.6,1,1
2025-09-22,2025-09-22 20:53:19,single_day,regular,,Admission Générale,Shotgun,52.73,59.6,1,1
2025-09-22,2025-09-22 21:09:52,single_day,regular,,Admission Générale,Shotgun,52.73,59.6,1,1
2025-09-22,2025-09-22 21:09:52,single_day,regular,,Admission Générale,Shotgun,52.73,59.6,1,1
2025-08-16,2025-08-16 03:13:34,single_day,early_entry,,Entrée avant 21h,Shotgun,43.64,49.32,1,1
2025-09-22,2025-09-22 21:39:39,single_day,early_entry,,Entrée avant 21h,Shotgun,43.64,49.32,1,1
2025-09-22,2025-09-22 21:39:39,single_day,early_entry,,Entrée avant 21h,Shotgun,43.64,49.32,1,1
2025-09-22,2025-09-22 12:22:18,single_day,regular,,Admission Générale,Shotgun,52.73,59.6,1,1
2025-08-14,2025-08-14 17:04:54,single_day,early_entry,,Entrée avant 21h,Shotgun,43.64,49.32,1,1
2025-08-14,2025-08-14 19:27:16,single_day,regular,,Admission Générale,Shotgun,52.73,59.6,1,1
2025-08-14,2025-08-14 21:41:52,single_day,regular,,Admission Générale,Shotgun,52.73,59.6,1,1
2025-09-22,2025-09-22 14:02:44,single_day,early_entry,,Entrée avant 21h,Shotgun,43.64,49.32,1,1
2025-09-22,2025-09-22 17:43:04,single_day,early_entry,,Entrée avant 21h,Shotgun,43.64,49.32,1,1
2025-09-22,2025-09-22 18:32:55,single_day,early_entry,,Entrée avant 21h,Shotgun,43.64,49.32,1,1
2025-08-15,2025-08-15 16:41:10,single_day,early_entry,,Entrée avant 21h,Shotgun,43.64,49.32,1,1
2025-09-23,2025-09-23 00:35:10,single_day,early_entry,,Entrée avant 21h,Shotgun,43.64,49.32,1,1
2025-08-15,2025-08-15 17:53:25,single_day,early_entry,,Entrée avant 21h,Shotgun,43.64,49.32,1,1
2025-08-15,2025-08-15 17:53:25,single_day,early_entry,,Entrée avant 21h,Shotgun,43.64,49.32,1,1
2025-09-22,2025-09-22 20:11:38,single_day,early_entry,,Entrée avant 21h,Shotgun,43.64,49.32,1,1
2025-09-22,2025-09-22 22:41:48,single_day,early_entry,,Entrée avant 21h,Shotgun,43.64,49.32,1,1
2025-08-16,2025-08-16 19:23:22,single_day,early_entry,,Entrée avant 21h,Shotgun,43.64,49.32,1,1
2025-08-16,2025-08-16 19:23:22,single_day,early_entry,,Entrée avant 21h,Shotgun,43.64,49.32,1,1
2025-09-23,2025-09-23 12:24:09,single_day,early_entry,,Entrée avant 21h,Shotgun,43.64,49.32,1,1
2025-09-23,2025-09-23 12:37:22,single_day,early_entry,,Entrée avant 21h,Shotgun,43.64,49.32,1,1
2025-09-23,2025-09-23 12:37:22,single_day,early_entry,,Entrée avant 21h,Shotgun,43.64,49.32,1,1
2025-08-16,2025-08-16 22:58:36,single_day,early_entry,,Entrée avant 21h,Shotgun,43.64,49.32,1,1
2025-08-16,2025-08-16 22:59:10,single_day,early_entry,,Entrée avant 21h,Shotgun,43.64,49.32,1,1
2025-08-17,2025-08-17 14:36:54,single_day,early_entry,,Entrée avant 21h,Shotgun,43.64,49.32,1,1
2025-08-17,2025-08-17 14:36:54,single_day,early_entry,,Entrée avant 21h,Shotgun,43.64,49.32,1,1
2025-08-17,2025-08-17 15:05:31,single_day,early_entry,,Entrée avant 21h,Shotgun,43.64,49.32,1,1
2025-08-17,2025-08-17 15:05:31,single_day,early_entry,,Entrée avant 21h,Shotgun,43.64,49.32,1,1
2025-08-17,2025-08-17 15:11:42,single_day,regular,,Admission Générale,Shotgun,52.73,59.6,1,1
2025-08-17,2025-08-17 15:45:50,single_day,early_entry,,Entrée avant 21h,Shotgun,43.64,49.32,1,1
2025-08-17,2025-08-17 19:45:10,single_day,regular,,Admission Générale,Shotgun,52.73,59.6,1,1
2025-08-17,2025-08-17 19:45:10,single_day,regular,,Admission Générale,Shotgun,52.73,59.6,1,1
2025-08-17,2025-08-17 19:45:10,single_day,regular,,Admission Générale,Shotgun,52.73,59.6,1,1
2025-08-17,2025-08-17 19:45:10,single_day,regular,,Admission Générale,Shotgun,52.73,59.6,1,1
2025-08-17,2025-08-17 20:42:54,single_day,early_entry,,Entrée avant 21h,Shotgun,43.64,49.32,1,1
2025-09-23,2025-09-23 11:35:31,single_day,regular,,Admission Générale,Shotgun,52.73,59.6,1,1
2025-08-16,2025-08-16 19:51:18,single_day,early_entry,,Entrée avant 21h,Shotgun,43.64,49.32,1,1
2025-08-16,2025-08-16 19:51:18,single_day,early_entry,,Entrée avant 21h,Shotgun,43.64,49.32,1,1
2025-09-23,2025-09-23 19:10:56,single_day,regular,,Admission Générale,Shotgun,52.73,59.6,1,1
2025-09-23,2025-09-23 12:42:04,single_day,regular,,Admission Générale,Shotgun,52.73,59.6,1,1
2025-09-23,2025-09-23 12:47:25,single_day,early_entry,,Entrée avant 21h,Shotgun,43.64,49.32,1,1
2025-08-16,2025-08-16 23:00:48,single_day,early_entry,,Entrée avant 21h,Shotgun,43.64,49.32,1,1
2025-09-23,2025-09-23 13:27:55,single_day,early_entry,,Entrée avant 21h,Shotgun,43.64,49.32,1,1
2025-09-23,2025-09-23 13:27:55,single_day,early_entry,,Entrée avant 21h,Shotgun,43.64,49.32,1,1
2025-09-23,2025-09-23 13:27:55,single_day,early_entry,,Entrée avant 21h,Shotgun,43.64,49.32,1,1
2025-08-17,2025-08-17 14:38:46,single_day,regular,,Admission Générale,Shotgun,52.73,59.6,1,1
2025-08-17,2025-08-17 14:38:46,single_day,regular,,Admission Générale,Shotgun,52.73,59.6,1,1
2025-08-17,2025-08-17 15:32:16,single_day,early_entry,,Entrée avant 21h,Shotgun,43.64,49.32,1,1
2025-09-23,2025-09-23 15:57:20,single_day,early_entry,,Entrée avant 21h,Shotgun,43.64,49.32,1,1
2025-09-23,2025-09-23 15:57:20,single_day,early_entry,,Entrée avant 21h,Shotgun,43.64,49.32,1,1
2025-09-23,2025-09-23 16:22:06,single_day,regular,,Admission Générale,Shotgun,52.73,59.6,1,1
2025-09-23,2025-09-23 20:10:34,single_day,regular,,Admission Générale,Shotgun,52.73,59.6,1,1
2025-09-23,2025-09-23 20:10:34,single_day,regular,,Admission Générale,Shotgun,52.73,59.6,1,1
2025-09-23,2025-09-23 20:13:05,single_day,early_entry,,Entrée avant 21h,Shotgun,43.64,49.32,1,1
2025-09-23,2025-09-23 20:13:05,single_day,early_entry,,Entrée avant 21h,Shotgun,43.64,49.32,1,1
2025-08-18,2025-08-18 14:35:30,single_day,early_entry,,Entrée avant 21h,Shotgun,43.64,49.32,1,1
2025-09-23,2025-09-23 20:24:06,single_day,regular,,Admission Générale,Shotgun,52.73,59.6,1,1
2025-09-23,2025-09-23 20:24:06,single_day,regular,,Admission Générale,Shotgun,52.73,59.6,1,1
2025-09-23,2025-09-23 20:24:06,single_day,regular,,Admission Générale,Shotgun,52.73,59.6,1,1
2025-09-23,2025-09-23 22:21:44,single_day,early_entry,,Entrée avant 21h,Shotgun,43.64,49.32,1,1
2025-09-23,2025-09-23 22:31:06,single_day,early_entry,,Entrée avant 21h,Shotgun,43.64,49.32,1,1
2025-09-24,2025-09-24 01:47:22,single_day,early_entry,,Entrée avant 21h,Shotgun,43.64,49.32,1,1
2025-09-24,2025-09-24 09:10:23,single_day,regular,,Admission Générale,Shotgun,52.73,59.6,1,1
2025-08-18,2025-08-18 19:29:56,single_day,early_entry,,Entrée avant 21h,Shotgun,43.64,49.32,1,1
2025-08-18,2025-08-18 19:29:56,single_day,early_entry,,Entrée avant 21h,Shotgun,43.64,49.32,1,1
2025-09-24,2025-09-24 11:10:35,single_day,regular,,Admission Générale,Shotgun,52.73,59.6,1,1
2025-09-24,2025-09-24 11:10:35,single_day,regular,,Admission Générale,Shotgun,52.73,59.6,1,1
2025-09-24,2025-09-24 11:52:43,single_day,early_entry,,Entrée avant 21h,Shotgun,43.64,49.32,1,1
2025-09-24,2025-09-24 11:52:59,single_day,vip,,Tickets Backstage,Shotgun,120.0,135.63,1,1
2025-09-24,2025-09-24 12:31:25,single_day,regular,,Admission Générale,Shotgun,52.73,59.6,1,1
2025-09-24,2025-09-24 12:31:25,single_day,regular,,Admission Générale,Shotgun,52.73,59.6,1,1
2025-09-24,2025-09-24 20:50:28,single_day,regular,,Admission Générale,Shotgun,52.73,59.6,1,1
2025-09-24,2025-09-24 20:50:28,single_day,regular,,Admission Générale,Shotgun,52.73,59.6,1,1
2025-09-24,2025-09-24 18:33:19,single_day,early_entry,,Entrée avant 21h,Shotgun,43.64,49.32,1,1
2025-08-18,2025-08-18 22:50:51,single_day,regular,,Admission Générale,Shotgun,52.73,59.6,1,1
2025-08-18,2025-08-18 22:50:51,single_day,regular,,Admission Générale,Shotgun,52.73,59.6,1,1
2025-09-24,2025-09-24 21:12:20,single_day,regular,,Admission Générale,Shotgun,52.73,59.6,1,1
2025-09-24,2025-09-24 14:09:18,single_day,early_entry,,Entrée avant 21h,Shotgun,43.64,49.32,1,1
2025-08-19,2025-08-19 01:30:04,single_day,regular,,Admission Générale,Shotgun,52.73,59.6,1,1
2025-08-19,2025-08-19 01:30:04,single_day,regular,,Admission Générale,Shotgun,52.73,59.6,1,1
2025-09-24,2025-09-24 15:42:26,single_day,invitation,,Admission Générale,Shotgun,0.0,0.0,1,0
2025-09-24,2025-09-24 15:20:06,single_day,regular,,Admission Générale,Shotgun,52.73,59.6,1,1
2025-09-24,2025-09-24 15:42:23,single_day,invitation,,Admission Générale,Shotgun,0.0,0.0,1,0
2025-08-19,2025-08-19 07:26:13,single_day,regular,,Admission Générale,Shotgun,52.73,59.6,1,1
2025-08-19,2025-08-19 07:26:13,single_day,regular,,Admission Générale,Shotgun,52.73,59.6,1,1
2025-08-19,2025-08-19 07:26:13,single_day,regular,,Admission Générale,Shotgun,52.73,59.6,1,1
2025-09-23,2025-09-23 20:07:27,single_day,early_entry,,Entrée avant 21h,Shotgun,43.64,49.32,1,1
2025-09-23,2025-09-23 20:07:27,single_day,early_entry,,Entrée avant 21h,Shotgun,43.64,49.32,1,1
2025-08-17,2025-08-17 22:11:30,single_day,early_entry,,Entrée avant 21h,Shotgun,43.64,49.32,1,1
2025-09-23,2025-09-23 20:10:34,single_day,regular,,Admission Générale,Shotgun,52.73,59.6,1,1
2025-09-23,2025-09-23 23:19:10,single_day,early_entry,,Entrée avant 21h,Shotgun,43.64,49.32,1,1
2025-09-24,2025-09-24 11:17:37,single_day,regular,,Admission Générale,Shotgun,52.73,59.6,1,1
2025-08-18,2025-08-18 21:00:53,single_day,early_entry,,Entrée avant 21h,Shotgun,43.64,49.32,1,1
2025-09-24,2025-09-24 12:31:21,single_day,early_entry,,Entrée avant 21h,Shotgun,43.64,49.32,1,1
2025-09-24,2025-09-24 12:31:21,single_day,early_entry,,Entrée avant 21h,Shotgun,43.64,49.32,1,1
2025-09-24,2025-09-24 20:58:51,single_day,regular,,Admission Générale,Shotgun,52.73,59.6,1,1
2025-09-24,2025-09-24 20:58:51,single_day,regular,,Admission Générale,Shotgun,52.73,59.6,1,1
2025-09-24,2025-09-24 15:42:25,single_day,invitation,,Admission Générale,Shotgun,0.0,0.0,1,0
2025-08-19,2025-08-19 02:08:21,single_day,early_entry,,Entrée avant 21h,Shotgun,43.64,49.32,1,1
2025-08-19,2025-08-19 02:08:21,single_day,early_entry,,Entrée avant 21h,Shotgun,43.64,49.32,1,1
2025-09-24,2025-09-24 15:42:24,single_day,invitation,,Admission Générale,Shotgun,0.0,0.0,1,0
2025-08-19,2025-08-19 07:33:05,single_day,regular,,Admission Générale,Shotgun,52.73,59.6,1,1
2025-09-24,2025-09-24 19:23:35,single_day,regular,,Admission Générale,Shotgun,52.73,59.6,1,1
2025-08-19,2025-08-19 09:56:30,single_day,regular,,Admission Générale,Shotgun,52.73,59.6,1,1
2025-09-24,2025-09-24 19:30:59,single_day,regular,,Admission Générale,Shotgun,52.73,59.6,1,1
2025-09-24,2025-09-24 19:30:59,single_day,regular,,Admission Générale,Shotgun,52.73,59.6,1,1
2025-08-19,2025-08-19 11:39:26,single_day,regular,,Admission Générale,Shotgun,52.73,59.6,1,1
2025-08-19,2025-08-19 12:44:59,single_day,early_entry,,Entrée avant 21h,Shotgun,43.64,49.32,1,1
2025-09-25,2025-09-25 18:52:44,single_day,early_entry,,Entrée avant 21h,Shotgun,43.64,49.32,1,1
2025-09-25,2025-09-25 18:52:44,single_day,early_entry,,Entrée avant 21h,Shotgun,43.64,49.32,1,1
2025-09-25,2025-09-25 18:52:44,single_day,early_entry,,Entrée avant 21h,Shotgun,43.64,49.32,1,1
2025-09-25,2025-09-25 09:17:40,single_day,early_entry,,Entrée avant 21h,Shotgun,43.64,49.32,1,1
2025-09-25,2025-09-25 09:17:40,single_day,early_entry,,Entrée avant 21h,Shotgun,43.64,49.32,1,1
2025-09-26,2025-09-26 00:00:23,single_day,regular,,Admission Générale,Shotgun,52.73,59.6,1,1
2025-09-25,2025-09-25 11:03:22,single_day,regular,,Admission Générale,Shotgun,52.73,59.6,1,1
2025-09-25,2025-09-25 11:03:22,single_day,regular,,Admission Générale,Shotgun,52.73,59.6,1,1
2025-09-25,2025-09-25 11:03:22,single_day,regular,,Admission Générale,Shotgun,52.73,59.6,1,1
2025-08-19,2025-08-19 15:30:31,single_day,regular,,Admission Générale,Shotgun,52.73,59.6,1,1
2025-09-25,2025-09-25 11:40:10,single_day,regular,,Admission Générale,Shotgun,52.73,59.6,1,1
2025-09-25,2025-09-25 11:40:10,single_day,regular,,Admission Générale,Shotgun,52.73,59.6,1,1
2025-09-25,2025-09-25 22:24:27,single_day,regular,,Admission Générale,Shotgun,52.73,59.6,1,1
2025-09-25,2025-09-25 12:37:46,single_day,early_entry,,Entrée avant 21h,Shotgun,43.64,49.32,1,1
2025-09-25,2025-09-25 12:37:46,single_day,early_entry,,Entrée avant 21h,Shotgun,43.64,49.32,1,1
2025-09-25,2025-09-25 12:37:46,single_day,early_entry,,Entrée avant 21h,Shotgun,43.64,49.32,1,1
2025-09-25,2025-09-25 12:55:23,single_day,regular,,Admission Générale,Shotgun,52.73,59.6,1,1
2025-09-25,2025-09-25 12:55:23,single_day,regular,,Admission Générale,Shotgun,52.73,59.6,1,1
2025-09-25,2025-09-25 13:31:21,single_day,regular,,Admission Générale,Shotgun,52.73,59.6,1,1
2025-09-25,2025-09-25 20:09:36,single_day,early_entry,,Entrée avant 21h,Shotgun,43.64,49.32,1,1
2025-09-25,2025-09-25 20:09:36,single_day,early_entry,,Entrée avant 21h,Shotgun,43.64,49.32,1,1
2025-09-25,2025-09-25 14:30:58,single_day,regular,,Admission Générale,Shotgun,52.73,59.6,1,1
2025-09-25,2025-09-25 14:30:58,single_day,regular,,Admission Générale,Shotgun,52.73,59.6,1,1
2025-08-19,2025-08-19 07:33:05,single_day,regular,,Admission Générale,Shotgun,52.73,59.6,1,1
2025-08-19,2025-08-19 09:44:57,single_day,early_entry,,Entrée avant 21h,Shotgun,43.64,49.32,1,1
2025-08-19,2025-08-19 09:44:57,single_day,early_entry,,Entrée avant 21h,Shotgun,43.64,49.32,1,1
2025-08-19,2025-08-19 10:31:49,single_day,early_entry,,Entrée avant 21h,Shotgun,43.64,49.32,1,1
2025-08-19,2025-08-19 10:31:49,single_day,early_entry,,Entrée avant 21h,Shotgun,43.64,49.32,1,1
2025-08-19,2025-08-19 12:07:31,single_day,early_entry,,Entrée avant 21h,Shotgun,43.64,49.32,1,1
2025-09-25,2025-09-25 09:21:37,single_day,regular,,Admission Générale,Shotgun,52.73,59.6,1,1
2025-09-25,2025-09-25 19:22:39,single_day,regular,,Admission Générale,Shotgun,52.73,59.6,1,1
2025-09-25,2025-09-25 19:22:39,single_day,regular,,Admission Générale,Shotgun,52.73,59.6,1,1
2025-09-25,2025-09-25 19:22:39,single_day,regular,,Admission Générale,Shotgun,52.73,59.6,1,1
2025-09-25,2025-09-25 13:27:58,single_day,regular,,Admission Générale,Shotgun,52.73,59.6,1,1
2025-09-25,2025-09-25 20:13:06,single_day,early_entry,,Entrée avant 21h,Shotgun,43.64,49.32,1,1
2025-09-25,2025-09-25 20:13:06,single_day,early_entry,,Entrée avant 21h,Shotgun,43.64,49.32,1,1
2025-09-25,2025-09-25 15:33:00,single_day,early_entry,,Entrée avant 21h,Shotgun,43.64,49.32,1,1
2025-09-25,2025-09-25 20:48:23,single_day,early_entry,,Entrée avant 21h,Shotgun,43.64,49.32,1,1
2025-08-19,2025-08-19 20:27:51,single_day,regular,,Admission Générale,Shotgun,52.73,59.6,1,1
2025-08-19,2025-08-19 20:27:51,single_day,regular,,Admission Générale,Shotgun,52.73,59.6,1,1
2025-09-25,2025-09-25 21:20:42,single_day,early_entry,,Entrée avant 21h,Shotgun,43.64,49.32,1,1
2025-08-19,2025-08-19 22:15:24,single_day,early_entry,,Entrée avant 21h,Shotgun,43.64,49.32,1,1
2025-09-25,2025-09-25 17:48:45,single_day,early_entry,,Entrée avant 21h,Shotgun,43.64,49.32,1,1
2025-08-20,2025-08-20 00:35:26,single_day,early_entry,,Entrée avant 21h,Shotgun,43.64,49.32,1,1
2025-08-02,2025-08-02 21:42:50,single_day,early_entry,,Entrée avant 21h,Shotgun,43.64,49.32,1,1
2025-08-20,2025-08-20 12:01:00,single_day,regular,,Admission Générale,Shotgun,52.73,59.6,1,1
2025-08-20,2025-08-20 14:31:18,single_day,early_entry,,Entrée avant 21h,Shotgun,43.64,49.32,1,1
2025-08-20,2025-08-20 14:31:18,single_day,regular,,Admission Générale,Shotgun,52.73,59.6,1,1
2025-09-26,2025-09-26 08:36:48,single_day,vip,,Tickets Backstage,Shotgun,120.0,135.63,1,1
2025-09-26,2025-09-26 08:36:48,single_day,vip,,Tickets Backstage,Shotgun,120.0,135.63,1,1
2025-08-20,2025-08-20 18:58:56,single_day,early_entry,,Entrée avant 21h,Shotgun,43.64,49.32,1,1
2025-09-26,2025-09-26 15:33:42,single_day,early_entry,,Entrée avant 21h,Shotgun,43.64,49.32,1,1
2025-09-26,2025-09-26 10:58:06,single_day,early_entry,,Entrée avant 21h,Shotgun,43.64,49.32,1,1
2025-09-26,2025-09-26 11:12:13,single_day,early_entry,,Entrée avant 21h,Shotgun,43.64,49.32,1,1
2025-09-26,2025-09-26 17:20:25,single_day,early_entry,,Entrée avant 21h,Shotgun,43.64,49.32,1,1
2025-08-21,2025-08-21 08:48:39,single_day,regular,,Admission Générale,Shotgun,52.73,59.6,1,1
2025-08-21,2025-08-21 08:48:39,single_day,regular,,Admission Générale,Shotgun,52.73,59.6,1,1
2025-09-25,2025-09-25 14:49:05,single_day,regular,,Admission Générale,Shotgun,52.73,59.6,1,1
2025-08-19,2025-08-19 17:48:17,single_day,regular,,Admission Générale,Shotgun,52.73,59.6,1,1
2025-09-25,2025-09-25 16:11:35,single_day,early_entry,,Entrée avant 21h,Shotgun,43.64,49.32,1,1
2025-09-25,2025-09-25 16:11:35,single_day,early_entry,,Entrée avant 21h,Shotgun,43.64,49.32,1,1
2025-09-25,2025-09-25 16:50:15,single_day,regular,,Admission Générale,Shotgun,52.73,59.6,1,1
2025-09-25,2025-09-25 16:50:15,single_day,regular,,Admission Générale,Shotgun,52.73,59.6,1,1
2025-08-19,2025-08-19 20:44:27,single_day,early_entry,,Entrée avant 21h,Shotgun,43.64,49.32,1,1
2025-09-25,2025-09-25 21:22:37,single_day,early_entry,,Entrée avant 21h,Shotgun,43.64,49.32,1,1
2025-09-25,2025-09-25 17:52:33,single_day,early_entry,,Entrée avant 21h,Shotgun,43.64,49.32,1,1
2025-09-26,2025-09-26 09:36:22,single_day,regular,,Admission Générale,Shotgun,52.73,59.6,1,1
2025-09-26,2025-09-26 09:36:22,single_day,regular,,Admission Générale,Shotgun,52.73,59.6,1,1
2025-09-26,2025-09-26 17:10:02,single_day,early_entry,,Entrée avant 21h,Shotgun,43.64,49.32,1,1
2025-09-26,2025-09-26 10:58:05,single_day,early_entry,,Entrée avant 21h,Shotgun,43.64,49.32,1,1
2025-09-26,2025-09-26 11:21:22,single_day,regular,,Admission Générale,Shotgun,52.73,59.6,1,1
2025-08-21,2025-08-21 03:18:14,single_day,regular,,Admission Générale,Shotgun,52.73,59.6,1,1
2025-08-21,2025-08-21 03:18:14,single_day,regular,,Admission Générale,Shotgun,52.73,59.6,1,1
2025-08-21,2025-08-21 09:06:10,single_day,regular,,Admission Générale,Shotgun,52.73,59.6,1,1
2025-08-21,2025-08-21 09:06:10,single_day,regular,,Admission Générale,Shotgun,52.73,59.6,1,1
2025-08-21,2025-08-21 14:38:00,single_day,early_entry,,Entrée avant 21h,Shotgun,43.64,49.32,1,1
2025-09-26,2025-09-26 18:02:45,single_day,regular,,Admission Générale,Shotgun,52.73,59.6,1,1
2025-09-26,2025-09-26 18:02:45,single_day,regular,,Admission Générale,Shotgun,52.73,59.6,1,1
2025-09-26,2025-09-26 18:02:45,single_day,regular,,Admission Générale,Shotgun,52.73,59.6,1,1
2025-08-21,2025-08-21 18:08:59,single_day,early_entry,,Entrée avant 21h,Shotgun,43.64,49.32,1,1
2025-09-26,2025-09-26 16:50:06,single_day,regular,,Admission Générale,Shotgun,52.73,59.6,1,1
2025-09-26,2025-09-26 16:50:06,single_day,regular,,Admission Générale,Shotgun,52.73,59.6,1,1
2025-08-21,2025-08-21 20:23:58,single_day,regular,,Admission Générale,Shotgun,52.73,59.6,1,1
2025-08-21,2025-08-21 20:23:58,single_day,regular,,Admission Générale,Shotgun,52.73,59.6,1,1
2025-09-26,2025-09-26 18:15:04,single_day,vip,,Tickets Backstage,Shotgun,120.0,135.63,1,1
2025-09-26,2025-09-26 18:15:04,single_day,vip,,Tickets Backstage,Shotgun,120.0,135.63,1,1
2025-08-21,2025-08-21 22:04:08,single_day,early_entry,,Entrée avant 21h,Shotgun,43.64,49.32,1,1
2025-08-21,2025-08-21 22:04:08,single_day,early_entry,,Entrée avant 21h,Shotgun,43.64,49.32,1,1
2025-08-21,2025-08-21 22:04:08,single_day,early_entry,,Entrée avant 21h,Shotgun,43.64,49.32,1,1
2025-08-21,2025-08-21 22:04:08,single_day,early_entry,,Entrée avant 21h,Shotgun,43.64,49.32,1,1
2025-08-22,2025-08-22 11:54:09,single_day,regular,,Admission Générale,Shotgun,52.73,59.6,1,1
2025-08-22,2025-08-22 11:54:09,single_day,regular,,Admission Générale,Shotgun,52.73,59.6,1,1
2025-09-26,2025-09-26 21:01:25,single_day,early_entry,,Entrée avant 21h,Shotgun,43.64,49.32,1,1
2025-09-26,2025-09-26 21:54:01,single_day,early_entry,,Entrée avant 21h,Shotgun,43.64,49.32,1,1
2025-09-26,2025-09-26 21:01:44,single_day,regular,,Admission Générale,Shotgun,52.73,59.6,1,1
2025-08-22,2025-08-22 16:17:43,single_day,regular,,Admission Générale,Shotgun,52.73,59.6,1,1
2025-08-22,2025-08-22 17:13:07,single_day,early_entry,,Entrée avant 21h,Shotgun,43.64,49.32,1,1
2025-08-22,2025-08-22 17:13:07,single_day,early_entry,,Entrée avant 21h,Shotgun,43.64,49.32,1,1
2025-09-26,2025-09-26 19:39:37,single_day,regular,,Admission Générale,Shotgun,52.73,59.6,1,1
2025-08-22,2025-08-22 20:32:36,single_day,early_entry,,Entrée avant 21h,Shotgun,43.64,49.32,1,1
2025-08-22,2025-08-22 22:05:31,single_day,regular,,Admission Générale,Shotgun,52.73,59.6,1,1
2025-08-21,2025-08-21 12:00:30,single_day,regular,,Admission Générale,Shotgun,52.73,59.6,1,1
2025-08-21,2025-08-21 12:36:35,single_day,early_entry,,Entrée avant 21h,Shotgun,43.64,49.32,1,1
2025-09-26,2025-09-26 12:36:09,single_day,early_entry,,Entrée avant 21h,Shotgun,43.64,49.32,1,1
2025-09-26,2025-09-26 12:36:09,single_day,early_entry,,Entrée avant 21h,Shotgun,43.64,49.32,1,1
2025-09-26,2025-09-26 16:47:10,single_day,regular,,Admission Générale,Shotgun,52.73,59.6,1,1
2025-09-26,2025-09-26 16:47:10,single_day,regular,,Admission Générale,Shotgun,52.73,59.6,1,1
2025-09-26,2025-09-26 16:47:10,single_day,regular,,Admission Générale,Shotgun,52.73,59.6,1,1
2025-08-22,2025-08-22 10:35:50,single_day,regular,,Admission Générale,Shotgun,52.73,59.6,1,1
2025-09-26,2025-09-26 21:02:42,single_day,early_entry,,Entrée avant 21h,Shotgun,43.64,49.32,1,1
2025-09-26,2025-09-26 19:03:40,single_day,vip,,Tickets Backstage,Shotgun,120.0,135.63,1,1
2025-09-26,2025-09-26 19:15:53,single_day,regular,,Admission Générale,Shotgun,52.73,59.6,1,1
2025-09-26,2025-09-26 19:15:53,single_day,regular,,Admission Générale,Shotgun,52.73,59.6,1,1
2025-09-26,2025-09-26 19:15:53,single_day,regular,,Admission Générale,Shotgun,52.73,59.6,1,1
2025-08-22,2025-08-22 20:03:36,single_day,early_entry,,Entrée avant 21h,Shotgun,43.64,49.32,1,1
2025-09-26,2025-09-26 22:08:17,single_day,early_entry,,Entrée avant 21h,Shotgun,43.64,49.32,1,1
2025-08-23,2025-08-23 00:10:11,single_day,early_entry,,Entrée avant 21h,Shotgun,43.64,49.32,1,1
2025-08-23,2025-08-23 00:10:11,single_day,early_entry,,Entrée avant 21h,Shotgun,43.64,49.32,1,1
2025-09-26,2025-09-26 22:30:54,single_day,regular,,Admission Générale,Shotgun,52.73,59.6,1,1
2025-09-26,2025-09-26 22:30:54,single_day,regular,,Admission Générale,Shotgun,52.73,59.6,1,1
2025-09-26,2025-09-26 22:30:54,single_day,regular,,Admission Générale,Shotgun,52.73,59.6,1,1
2025-08-23,2025-08-23 09:50:38,single_day,regular,,Admission Générale,Shotgun,52.73,59.6,1,1
2025-09-26,2025-09-26 22:59:57,single_day,regular,,Admission Générale,Shotgun,52.73,59.6,1,1
2025-09-26,2025-09-26 22:59:57,single_day,regular,,Admission Générale,Shotgun,52.73,59.6,1,1
2025-08-23,2025-08-23 18:44:41,single_day,regular,,Admission Générale,Shotgun,52.73,59.6,1,1
2025-08-23,2025-08-23 20:28:32,single_day,early_entry,,Entrée avant 21h,Shotgun,43.64,49.32,1,1
2025-08-23,2025-08-23 20:28:32,single_day,early_entry,,Entrée avant 21h,Shotgun,43.64,49.32,1,1
2025-08-23,2025-08-23 21:15:03,single_day,early_entry,,Entrée avant 21h,Shotgun,43.64,49.32,1,1
2025-09-26,2025-09-26 23:49:57,single_day,early_entry,,Entrée avant 21h,Shotgun,43.64,49.32,1,1
2025-09-26,2025-09-26 23:49:57,single_day,early_entry,,Entrée avant 21h,Shotgun,43.64,49.32,1,1
2025-09-26,2025-09-26 23:49:57,single_day,early_entry,,Entrée avant 21h,Shotgun,43.64,49.32,1,1
2025-09-26,2025-09-26 23:50:36,single_day,early_entry,,Entrée avant 21h,Shotgun,43.64,49.32,1,1
2025-09-26,2025-09-26 23:50:36,single_day,early_entry,,Entrée avant 21h,Shotgun,43.64,49.32,1,1
2025-09-26,2025-09-26 23:50:36,single_day,early_entry,,Entrée avant 21h,Shotgun,43.64,49.32,1,1
2025-09-26,2025-09-26 23:54:37,single_day,regular,,Admission Générale,Shotgun,52.73,59.6,1,1
2025-09-26,2025-09-26 20:19:33,single_day,regular,,Admission Générale,Shotgun,52.73,59.6,1,1
2025-09-26,2025-09-26 20:19:03,single_day,regular,,Admission Générale,Shotgun,52.73,59.6,1,1
2025-09-26,2025-09-26 21:39:53,single_day,regular,,Admission Générale,Shotgun,52.73,59.6,1,1
2025-09-26,2025-09-26 21:39:53,single_day,regular,,Admission Générale,Shotgun,52.73,59.6,1,1
2025-08-23,2025-08-23 00:17:38,single_day,early_entry,,Entrée avant 21h,Shotgun,43.64,49.32,1,1
2025-08-23,2025-08-23 09:30:52,single_day,regular,,Admission Générale,Shotgun,52.73,59.6,1,1
2025-09-26,2025-09-26 22:49:54,single_day,early_entry,,Entrée avant 21h,Shotgun,43.64,49.32,1,1
2025-08-23,2025-08-23 15:17:31,single_day,regular,,Admission Générale,Shotgun,52.73,59.6,1,1
2025-08-23,2025-08-23 15:17:31,single_day,regular,,Admission Générale,Shotgun,52.73,59.6,1,1
2025-09-26,2025-09-26 23:31:10,single_day,regular,,Admission Générale,Shotgun,52.73,59.6,1,1
2025-09-26,2025-09-26 23:31:10,single_day,regular,,Admission Générale,Shotgun,52.73,59.6,1,1
2025-09-26,2025-09-26 23:37:22,single_day,regular,,Admission Générale,Shotgun,52.73,59.6,1,1
2025-08-23,2025-08-23 23:39:57,single_day,early_entry,,Entrée avant 21h,Shotgun,43.64,49.32,1,1
2025-08-23,2025-08-23 23:39:57,single_day,early_entry,,Entrée avant 21h,Shotgun,43.64,49.32,1,1
2025-08-24,2025-08-24 09:54:40,single_day,regular,,Admission Générale,Shotgun,52.73,59.6,1,1
2025-08-24,2025-08-24 09:54:40,single_day,regular,,Admission Générale,Shotgun,52.73,59.6,1,1
2025-08-24,2025-08-24 10:15:35,single_day,regular,,Admission Générale,Shotgun,52.73,59.6,1,1
2025-08-24,2025-08-24 19:05:30,single_day,regular,,Admission Générale,Shotgun,52.73,59.6,1,1
2025-08-24,2025-08-24 19:05:30,single_day,regular,,Admission Générale,Shotgun,52.73,59.6,1,1
2025-08-24,2025-08-24 19:24:53,single_day,early_entry,,Entrée avant 21h,Shotgun,43.64,49.32,1,1
2025-08-24,2025-08-24 21:27:58,single_day,regular,,Admission Générale,Shotgun,52.73,59.6,1,1
2025-08-24,2025-08-24 21:27:58,single_day,regular,,Admission Générale,Shotgun,52.73,59.6,1,1
2025-08-25,2025-08-25 09:26:54,single_day,early_entry,,Entrée avant 21h,Shotgun,43.64,49.32,1,1
2025-08-25,2025-08-25 09:30:18,single_day,early_entry,,Entrée avant 21h,Shotgun,43.64,49.32,1,1
2025-08-25,2025-08-25 10:42:23,single_day,early_entry,,Entrée avant 21h,Shotgun,43.64,49.32,1,1
2025-08-25,2025-08-25 11:36:09,single_day,regular,,Admission Générale,Shotgun,52.73,59.6,1,1
2025-08-25,2025-08-25 11:36:09,single_day,regular,,Admission Générale,Shotgun,52.73,59.6,1,1
2025-09-27,2025-09-27 19:23:49,single_day,regular,,Admission Générale,Shotgun,52.73,59.6,1,1
2025-09-27,2025-09-27 21:16:27,single_day,early_entry,,Entrée avant 21h,Shotgun,43.64,49.32,1,1
2025-09-27,2025-09-27 10:29:47,single_day,vip,,Tickets Backstage,Shotgun,120.0,135.63,1,1
2025-08-25,2025-08-25 17:21:47,single_day,early_entry,,Entrée avant 21h,Shotgun,43.64,49.32,1,1
2025-08-25,2025-08-25 17:21:47,single_day,early_entry,,Entrée avant 21h,Shotgun,43.64,49.32,1,1
2025-09-27,2025-09-27 12:28:39,single_day,regular,,Admission Générale,Shotgun,52.73,59.6,1,1
2025-09-27,2025-09-27 12:37:52,single_day,early_entry,,Entrée avant 21h,Shotgun,43.64,49.32,1,1
2025-09-27,2025-09-27 12:36:17,single_day,early_entry,,Entrée avant 21h,Shotgun,43.64,49.32,1,1
2025-08-25,2025-08-25 18:00:23,single_day,early_entry,,Entrée avant 21h,Shotgun,43.64,49.32,1,1
2025-08-25,2025-08-25 18:00:23,single_day,early_entry,,Entrée avant 21h,Shotgun,43.64,49.32,1,1
2025-09-27,2025-09-27 13:33:37,single_day,early_entry,,Entrée avant 21h,Shotgun,43.64,49.32,1,1
2025-09-27,2025-09-27 20:44:21,single_day,early_entry,,Entrée avant 21h,Shotgun,43.64,49.32,1,1
2025-09-27,2025-09-27 14:23:00,single_day,early_entry,,Entrée avant 21h,Shotgun,43.64,49.32,1,1
2025-09-27,2025-09-27 14:58:57,single_day,early_entry,,Entrée avant 21h,Shotgun,43.64,49.32,1,1
2025-09-27,2025-09-27 14:58:57,single_day,early_entry,,Entrée avant 21h,Shotgun,43.64,49.32,1,1
2025-08-24,2025-08-24 13:25:29,single_day,early_entry,,Entrée avant 21h,Shotgun,43.64,49.32,1,1
2025-08-24,2025-08-24 17:09:22,single_day,early_entry,,Entrée avant 21h,Shotgun,43.64,49.32,1,1
2025-09-27,2025-09-27 20:23:17,single_day,early_entry,,Entrée avant 21h,Shotgun,43.64,49.32,1,1
2025-08-24,2025-08-24 19:02:21,single_day,regular,,Admission Générale,Shotgun,52.73,59.6,1,1
2025-08-24,2025-08-24 20:19:59,single_day,early_entry,,Entrée avant 21h,Shotgun,43.64,49.32,1,1
2025-08-25,2025-08-25 10:41:21,single_day,early_entry,,Entrée avant 21h,Shotgun,43.64,49.32,1,1
2025-08-25,2025-08-25 10:55:02,single_day,regular,,Admission Générale,Shotgun,52.73,59.6,1,1
2025-09-27,2025-09-27 20:55:39,single_day,regular,,Admission Générale,Shotgun,52.73,59.6,1,1
2025-09-27,2025-09-27 10:29:47,single_day,vip,,Tickets Backstage,Shotgun,120.0,135.63,1,1
2025-09-27,2025-09-27 11:21:29,single_day,regular,,Admission Générale,Shotgun,52.73,59.6,1,1
2025-09-27,2025-09-27 17:56:35,single_day,early_entry,,Entrée avant 21h,Shotgun,43.64,49.32,1,1
2025-09-27,2025-09-27 19:52:25,single_day,early_entry,,Entrée avant 21h,Shotgun,43.64,49.32,1,1
2025-09-27,2025-09-27 19:52:25,single_day,early_entry,,Entrée avant 21h,Shotgun,43.64,49.32,1,1
2025-09-27,2025-09-27 12:56:05,single_day,regular,,Admission Générale,Shotgun,52.73,59.6,1,1
2025-08-25,2025-08-25 18:15:07,single_day,regular,,Admission Générale,Shotgun,52.73,59.6,1,1
2025-09-27,2025-09-27 20:20:05,single_day,regular,,Admission Générale,Shotgun,52.73,59.6,1,1
2025-09-27,2025-09-27 20:20:05,single_day,regular,,Admission Générale,Shotgun,52.73,59.6,1,1
2025-08-21,2025-08-21 11:58:45,single_day,vip,,Tickets Backstage,Shotgun,120.0,135.63,1,1
2025-08-26,2025-08-26 09:56:30,single_day,regular,,Admission Générale,Shotgun,52.73,59.6,1,1
2025-08-26,2025-08-26 10:31:28,single_day,early_entry,,Entrée avant 21h,Shotgun,43.64,49.32,1,1
2025-08-26,2025-08-26 10:31:28,single_day,early_entry,,Entrée avant 21h,Shotgun,43.64,49.32,1,1
2025-08-26,2025-08-26 11:15:51,single_day,early_entry,,Entrée avant 21h,Shotgun,43.64,49.32,1,1
2025-09-27,2025-09-27 21:41:48,single_day,early_entry,,Entrée avant 21h,Shotgun,43.64,49.32,1,1
2025-08-26,2025-08-26 14:20:23,single_day,regular,,Admission Générale,Shotgun,52.73,59.6,1,1
2025-08-26,2025-08-26 18:26:07,single_day,early_entry,,Entrée avant 21h,Shotgun,43.64,49.32,1,1
2025-08-26,2025-08-26 20:25:27,single_day,regular,,Admission Générale,Shotgun,52.73,59.6,1,1
2025-08-26,2025-08-26 20:25:27,single_day,regular,,Admission Générale,Shotgun,52.73,59.6,1,1
2025-09-27,2025-09-27 22:54:29,single_day,regular,,Admission Générale,Shotgun,52.73,59.6,1,1
2025-09-27,2025-09-27 22:54:29,single_day,regular,,Admission Générale,Shotgun,52.73,59.6,1,1
2025-08-26,2025-08-26 21:51:08,single_day,regular,,Admission Générale,Shotgun,52.73,59.6,1,1
2025-08-26,2025-08-26 21:51:08,single_day,regular,,Admission Générale,Shotgun,52.73,59.6,1,1
2025-08-26,2025-08-26 23:10:13,single_day,early_entry,,Entrée avant 21h,Shotgun,43.64,49.32,1,1
2025-08-26,2025-08-26 23:10:13,single_day,early_entry,,Entrée avant 21h,Shotgun,43.64,49.32,1,1
2025-08-26,2025-08-26 23:10:13,single_day,early_entry,,Entrée avant 21h,Shotgun,43.64,49.32,1,1
2025-08-27,2025-08-27 11:33:18,single_day,early_entry,,Entrée avant 21h,Shotgun,43.64,49.32,1,1
2025-08-25,2025-08-25 21:25:03,single_day,regular,,Admission Générale,Shotgun,52.73,59.6,1,1
2025-08-25,2025-08-25 21:25:03,single_day,regular,,Admission Générale,Shotgun,52.73,59.6,1,1
2025-08-25,2025-08-25 22:06:51,single_day,vip,,Tickets Backstage,Shotgun,120.0,135.63,1,1
2025-08-26,2025-08-26 08:13:59,single_day,regular,,Admission Générale,Shotgun,52.73,59.6,1,1
2025-08-26,2025-08-26 08:13:59,single_day,regular,,Admission Générale,Shotgun,52.73,59.6,1,1
2025-08-26,2025-08-26 08:13:59,single_day,regular,,Admission Générale,Shotgun,52.73,59.6,1,1
2025-09-27,2025-09-27 22:08:13,single_day,regular,,Admission Générale,Shotgun,52.73,59.6,1,1
2025-08-26,2025-08-26 19:50:44,single_day,early_entry,,Entrée avant 21h,Shotgun,43.64,49.32,1,1
2025-08-26,2025-08-26 19:50:44,single_day,early_entry,,Entrée avant 21h,Shotgun,43.64,49.32,1,1
2025-08-26,2025-08-26 19:50:44,single_day,early_entry,,Entrée avant 21h,Shotgun,43.64,49.32,1,1
2025-08-26,2025-08-26 21:44:36,single_day,regular,,Admission Générale,Shotgun,52.73,59.6,1,1
2025-08-26,2025-08-26 21:44:36,single_day,regular,,Admission Générale,Shotgun,52.73,59.6,1,1
2025-09-27,2025-09-27 23:13:18,single_day,regular,,Admission Générale,Shotgun,52.73,59.6,1,1
2025-08-27,2025-08-27 09:19:15,single_day,early_entry,,Entrée avant 21h,Shotgun,43.64,49.32,1,1
2025-08-27,2025-08-27 09:19:15,single_day,early_entry,,Entrée avant 21h,Shotgun,43.64,49.32,1,1
2025-08-27,2025-08-27 15:58:03,single_day,regular,,Admission Générale,Shotgun,52.73,59.6,1,1
2025-08-27,2025-08-27 15:58:03,single_day,regular,,Admission Générale,Shotgun,52.73,59.6,1,1
2025-08-27,2025-08-27 15:58:03,single_day,regular,,Admission Générale,Shotgun,52.73,59.6,1,1
2025-08-27,2025-08-27 19:54:59,single_day,regular,,Admission Générale,Shotgun,52.73,59.6,1,1
2025-08-27,2025-08-27 21:46:49,single_day,regular,,Admission Générale,Shotgun,52.73,59.6,1,1
2025-09-28,2025-09-28 23:23:51,single_day,early_entry,,Entrée avant 21h,Shotgun,43.64,49.32,1,1
2025-09-28,2025-09-28 09:44:20,single_day,early_entry,,Entrée avant 21h,Shotgun,43.64,49.32,1,1
2025-08-28,2025-08-28 00:09:20,single_day,early_entry,,Entrée avant 21h,Shotgun,43.64,49.32,1,1
2025-08-28,2025-08-28 01:51:31,single_day,regular,,Admission Générale,Shotgun,52.73,59.6,1,1
2025-09-28,2025-09-28 12:09:09,single_day,regular,,Admission Générale,Shotgun,52.73,59.6,1,1
2025-09-28,2025-09-28 12:36:39,single_day,early_entry,,Entrée avant 21h,Shotgun,43.64,49.32,1,1
2025-09-28,2025-09-28 13:05:36,single_day,early_entry,,Entrée avant 21h,Shotgun,43.64,49.32,1,1
2025-09-28,2025-09-28 13:05:36,single_day,early_entry,,Entrée avant 21h,Shotgun,43.64,49.32,1,1
2025-09-28,2025-09-28 13:12:38,single_day,regular,,Admission Générale,Shotgun,52.73,59.6,1,1
2025-09-28,2025-09-28 13:38:58,single_day,regular,,Admission Générale,Shotgun,52.73,59.6,1,1
2025-09-28,2025-09-28 13:38:58,single_day,regular,,Admission Générale,Shotgun,52.73,59.6,1,1
2025-09-29,2025-09-29 14:30:12,single_day,regular,,Admission Générale,Shotgun,52.73,59.6,1,1
2025-09-29,2025-09-29 14:30:12,single_day,regular,,Admission Générale,Shotgun,52.73,59.6,1,1
2025-08-27,2025-08-27 12:21:56,single_day,regular,,Admission Générale,Shotgun,52.73,59.6,1,1
2025-08-27,2025-08-27 16:24:35,single_day,early_entry,,Entrée avant 21h,Shotgun,43.64,49.32,1,1
2025-08-27,2025-08-27 17:49:24,single_day,regular,,Admission Générale,Shotgun,52.73,59.6,1,1
2025-08-27,2025-08-27 19:54:48,single_day,regular,,Admission Générale,Shotgun,52.73,59.6,1,1
2025-09-28,2025-09-28 09:22:29,single_day,regular,,Admission Générale,Shotgun,52.73,59.6,1,1
2025-09-28,2025-09-28 09:22:29,single_day,regular,,Admission Générale,Shotgun,52.73,59.6,1,1
2025-09-28,2025-09-28 09:22:29,single_day,regular,,Admission Générale,Shotgun,52.73,59.6,1,1
2025-09-28,2025-09-28 09:22:29,single_day,regular,,Admission Générale,Shotgun,52.73,59.6,1,1
2025-08-27,2025-08-27 23:57:58,single_day,early_entry,,Entrée avant 21h,Shotgun,43.64,49.32,1,1
2025-09-29,2025-09-29 14:22:52,single_day,regular,,Admission Générale,Shotgun,52.73,59.6,1,1
2025-08-28,2025-08-28 07:53:39,single_day,early_entry,,Entrée avant 21h,Shotgun,43.64,49.32,1,1
2025-08-28,2025-08-28 07:53:39,single_day,early_entry,,Entrée avant 21h,Shotgun,43.64,49.32,1,1
2025-08-28,2025-08-28 07:53:39,single_day,early_entry,,Entrée avant 21h,Shotgun,43.64,49.32,1,1
2025-09-28,2025-09-28 12:43:44,single_day,regular,,Admission Générale,Shotgun,52.73,59.6,1,1
2025-09-28,2025-09-28 12:43:44,single_day,regular,,Admission Générale,Shotgun,52.73,59.6,1,1
2025-09-28,2025-09-28 13:02:04,single_day,regular,,Admission Générale,Shotgun,52.73,59.6,1,1
2025-09-28,2025-09-28 14:04:45,single_day,regular,,Admission Générale,Shotgun,52.73,59.6,1,1
2025-09-29,2025-09-29 14:37:44,single_day,early_entry,,Entrée avant 21h,Shotgun,43.64,49.32,1,1
2025-09-29,2025-09-29 14:37:44,single_day,early_entry,,Entrée avant 21h,Shotgun,43.64,49.32,1,1
2025-09-29,2025-09-29 03:18:43,single_day,early_entry,,Entrée avant 21h,Shotgun,43.64,49.32,1,1
2025-09-29,2025-09-29 03:18:43,single_day,early_entry,,Entrée avant 21h,Shotgun,43.64,49.32,1,1
2025-09-28,2025-09-28 17:58:41,single_day,regular,,Admission Générale,Shotgun,52.73,59.6,1,1
2025-09-28,2025-09-28 17:58:41,single_day,regular,,Admission Générale,Shotgun,52.73,59.6,1,1
2025-08-28,2025-08-28 17:31:44,single_day,early_entry,,Entrée avant 21h,Shotgun,43.64,49.32,1,1
2025-08-28,2025-08-28 17:31:44,single_day,early_entry,,Entrée avant 21h,Shotgun,43.64,49.32,1,1
2025-09-28,2025-09-28 18:21:14,single_day,early_entry,,Entrée avant 21h,Shotgun,43.64,49.32,1,1
2025-09-29,2025-09-29 09:03:25,single_day,regular,,Admission Générale,Shotgun,52.73,59.6,1,1
2025-09-29,2025-09-29 09:03:25,single_day,regular,,Admission Générale,Shotgun,52.73,59.6,1,1
2025-09-28,2025-09-28 18:37:54,single_day,early_entry,,Entrée avant 21h,Shotgun,43.64,49.32,1,1
2025-09-28,2025-09-28 18:48:52,single_day,early_entry,,Entrée avant 21h,Shotgun,43.64,49.32,1,1
2025-09-28,2025-09-28 18:48:52,single_day,early_entry,,Entrée avant 21h,Shotgun,43.64,49.32,1,1
2025-09-29,2025-09-29 09:40:12,single_day,vip,,Tickets Backstage,Shotgun,120.0,135.63,1,1
2025-09-29,2025-09-29 09:40:12,single_day,vip,,Tickets Backstage,Shotgun,120.0,135.63,1,1
2025-09-29,2025-09-29 12:33:53,single_day,early_entry,,Entrée avant 21h,Shotgun,43.64,49.32,1,1
2025-09-29,2025-09-29 12:33:53,single_day,early_entry,,Entrée avant 21h,Shotgun,43.64,49.32,1,1
2025-08-28,2025-08-28 19:16:04,single_day,regular,,Admission Générale,Shotgun,52.73,59.6,1,1
2025-08-28,2025-08-28 19:40:34,single_day,regular,,Admission Générale,Shotgun,52.73,59.6,1,1
2025-09-28,2025-09-28 19:40:14,single_day,early_entry,,Entrée avant 21h,Shotgun,43.64,49.32,1,1
2025-09-28,2025-09-28 19:40:14,single_day,early_entry,,Entrée avant 21h,Shotgun,43.64,49.32,1,1
2025-09-28,2025-09-28 19:50:04,single_day,regular,,Admission Générale,Shotgun,52.73,59.6,1,1
2025-09-29,2025-09-29 15:10:46,single_day,early_entry,,Entrée avant 21h,Shotgun,43.64,49.32,1,1
2025-09-29,2025-09-29 15:10:46,single_day,early_entry,,Entrée avant 21h,Shotgun,43.64,49.32,1,1
2025-09-28,2025-09-28 14:21:10,single_day,early_entry,,Entrée avant 21h,Shotgun,43.64,49.32,1,1
2025-08-28,2025-08-28 13:32:13,single_day,early_entry,,Entrée avant 21h,Shotgun,43.64,49.32,1,1
2025-08-28,2025-08-28 13:32:13,single_day,early_entry,,Entrée avant 21h,Shotgun,43.64,49.32,1,1
2025-08-28,2025-08-28 15:29:26,single_day,regular,,Admission Générale,Shotgun,52.73,59.6,1,1
2025-08-28,2025-08-28 17:42:31,single_day,regular,,Admission Générale,Shotgun,52.73,59.6,1,1
2025-08-28,2025-08-28 18:13:23,single_day,early_entry,,Entrée avant 21h,Shotgun,43.64,49.32,1,1
2025-08-28,2025-08-28 18:13:23,single_day,early_entry,,Entrée avant 21h,Shotgun,43.64,49.32,1,1
2025-09-29,2025-09-29 09:10:43,single_day,regular,,Admission Générale,Shotgun,52.73,59.6,1,1
2025-09-29,2025-09-29 09:10:43,single_day,regular,,Admission Générale,Shotgun,52.73,59.6,1,1
2025-09-29,2025-09-29 12:28:50,single_day,regular,,Admission Générale,Shotgun,52.73,59.6,1,1
2025-10-12,2025-10-12 08:59:23,single_day,early_entry,,Entrée avant 21h,Shotgun,50.0,56.51,1,1
2025-08-02,2025-08-02 06:52:48,single_day,early_entry,,Entrée avant 21h,Shotgun,43.64,49.32,1,1
2025-09-29,2025-09-29 12:32:10,single_day,regular,,Admission Générale,Shotgun,52.73,59.6,1,1
2025-09-29,2025-09-29 12:32:10,single_day,regular,,Admission Générale,Shotgun,52.73,59.6,1,1
2025-09-28,2025-09-28 20:39:15,single_day,early_entry,,Entrée avant 21h,Shotgun,43.64,49.32,1,1
2025-09-28,2025-09-28 20:39:15,single_day,early_entry,,Entrée avant 21h,Shotgun,43.64,49.32,1,1
2025-08-28,2025-08-28 21:12:11,single_day,regular,,Admission Générale,Shotgun,52.73,59.6,1,1
2025-09-29,2025-09-29 13:08:16,single_day,early_entry,,Entrée avant 21h,Shotgun,43.64,49.32,1,1
2025-09-28,2025-09-28 21:22:37,single_day,regular,,Admission Générale,Shotgun,52.73,59.6,1,1
2025-09-28,2025-09-28 21:37:16,single_day,regular,,Admission Générale,Shotgun,52.73,59.6,1,1
2025-09-28,2025-09-28 21:36:08,single_day,early_entry,,Entrée avant 21h,Shotgun,43.64,49.32,1,1
2025-09-28,2025-09-28 22:16:53,single_day,early_entry,,Entrée avant 21h,Shotgun,43.64,49.32,1,1
2025-09-28,2025-09-28 22:16:53,single_day,early_entry,,Entrée avant 21h,Shotgun,43.64,49.32,1,1
2025-09-28,2025-09-28 22:38:09,single_day,early_entry,,Entrée avant 21h,Shotgun,43.64,49.32,1,1
2025-09-28,2025-09-28 22:38:09,single_day,early_entry,,Entrée avant 21h,Shotgun,43.64,49.32,1,1
2025-09-28,2025-09-28 22:42:57,single_day,regular,,Admission Générale,Shotgun,52.73,59.6,1,1
2025-09-29,2025-09-29 22:55:03,single_day,regular,,Admission Générale,Shotgun,52.73,59.6,1,1
2025-08-29,2025-08-29 09:05:50,single_day,regular,,Admission Générale,Shotgun,52.73,59.6,1,1
2025-08-29,2025-08-29 09:05:50,single_day,regular,,Admission Générale,Shotgun,52.73,59.6,1,1
2025-08-29,2025-08-29 09:05:50,single_day,regular,,Admission Générale,Shotgun,52.73,59.6,1,1
2025-08-29,2025-08-29 09:05:50,single_day,regular,,Admission Générale,Shotgun,52.73,59.6,1,1
2025-08-29,2025-08-29 12:39:38,single_day,early_entry,,Entrée avant 21h,Shotgun,43.64,49.32,1,1
2025-08-29,2025-08-29 13:58:23,single_day,regular,,Admission Générale,Shotgun,52.73,59.6,1,1
2025-08-29,2025-08-29 13:58:23,single_day,regular,,Admission Générale,Shotgun,52.73,59.6,1,1
2025-09-29,2025-09-29 23:12:29,single_day,regular,,Admission Générale,Shotgun,52.73,59.6,1,1
2025-09-29,2025-09-29 23:12:29,single_day,regular,,Admission Générale,Shotgun,52.73,59.6,1,1
2025-09-29,2025-09-29 17:44:24,single_day,early_entry,,Entrée avant 21h,Shotgun,43.64,49.32,1,1
2025-09-29,2025-09-29 17:44:24,single_day,early_entry,,Entrée avant 21h,Shotgun,43.64,49.32,1,1
2025-09-28,2025-09-28 19:55:42,single_day,regular,,Admission Générale,Shotgun,52.73,59.6,1,1
2025-09-28,2025-09-28 19:55:42,single_day,regular,,Admission Générale,Shotgun,52.73,59.6,1,1
2025-09-29,2025-09-29 14:06:29,single_day,regular,,Admission Générale,Shotgun,52.73,59.6,1,1
2025-09-28,2025-09-28 20:51:53,single_day,early_entry,,Entrée avant 21h,Shotgun,43.64,49.32,1,1
2025-09-28,2025-09-28 20:51:53,single_day,early_entry,,Entrée avant 21h,Shotgun,43.64,49.32,1,1
2025-09-28,2025-09-28 21:31:16,single_day,regular,,Admission Générale,Shotgun,52.73,59.6,1,1
2025-09-29,2025-09-29 13:13:48,single_day,regular,,Admission Générale,Shotgun,52.73,59.6,1,1
2025-09-29,2025-09-29 13:13:48,single_day,regular,,Admission Générale,Shotgun,52.73,59.6,1,1
2025-09-29,2025-09-29 11:37:43,single_day,early_entry,,Entrée avant 21h,Shotgun,43.64,49.32,1,1
2025-09-29,2025-09-29 11:37:43,single_day,early_entry,,Entrée avant 21h,Shotgun,43.64,49.32,1,1
2025-09-29,2025-09-29 20:23:43,single_day,early_entry,,Entrée avant 21h,Shotgun,43.64,49.32,1,1
2025-08-29,2025-08-29 12:58:57,single_day,regular,,Admission Générale,Shotgun,52.73,59.6,1,1
2025-09-29,2025-09-29 17:11:44,single_day,early_entry,,Entrée avant 21h,Shotgun,43.64,49.32,1,1
2025-09-29,2025-09-29 17:11:44,single_day,early_entry,,Entrée avant 21h,Shotgun,43.64,49.32,1,1
2025-09-29,2025-09-29 21:42:32,single_day,regular,,Admission Générale,Shotgun,52.73,59.6,1,1
2025-09-29,2025-09-29 21:42:32,single_day,regular,,Admission Générale,Shotgun,52.73,59.6,1,1
2025-09-29,2025-09-29 21:42:32,single_day,regular,,Admission Générale,Shotgun,52.73,59.6,1,1
2025-09-29,2025-09-29 21:42:32,single_day,regular,,Admission Générale,Shotgun,52.73,59.6,1,1
2025-09-29,2025-09-29 18:31:25,single_day,early_entry,,Entrée avant 21h,Shotgun,43.64,49.32,1,1
2025-09-29,2025-09-29 23:37:10,single_day,regular,,Admission Générale,Shotgun,52.73,59.6,1,1
2025-08-29,2025-08-29 18:51:25,single_day,early_entry,,Entrée avant 21h,Shotgun,43.64,49.32,1,1
2025-08-29,2025-08-29 18:51:25,single_day,early_entry,,Entrée avant 21h,Shotgun,43.64,49.32,1,1
2025-08-29,2025-08-29 18:51:25,single_day,early_entry,,Entrée avant 21h,Shotgun,43.64,49.32,1,1
2025-08-29,2025-08-29 18:51:25,single_day,early_entry,,Entrée avant 21h,Shotgun,43.64,49.32,1,1
2025-08-29,2025-08-29 18:51:25,single_day,early_entry,,Entrée avant 21h,Shotgun,43.64,49.32,1,1
2025-08-29,2025-08-29 20:30:08,single_day,regular,,Admission Générale,Shotgun,52.73,59.6,1,1
2025-08-29,2025-08-29 20:59:16,single_day,early_entry,,Entrée avant 21h,Shotgun,43.64,49.32,1,1
2025-09-29,2025-09-29 19:11:08,single_day,regular,,Admission Générale,Shotgun,52.73,59.6,1,1
2025-09-29,2025-09-29 19:59:01,single_day,vip,,Tickets Backstage,Shotgun,120.0,135.63,1,1
2025-09-29,2025-09-29 20:16:56,single_day,regular,,Admission Générale,Shotgun,52.73,59.6,1,1
2025-09-29,2025-09-29 20:16:13,single_day,early_entry,,Entrée avant 21h,Shotgun,43.64,49.32,1,1
2025-09-29,2025-09-29 20:23:43,single_day,early_entry,,Entrée avant 21h,Shotgun,43.64,49.32,1,1
2025-09-26,2025-09-26 20:57:32,single_day,early_entry,,Entrée avant 21h,Shotgun,43.64,49.32,1,1
2025-08-30,2025-08-30 10:34:11,single_day,early_entry,,Entrée avant 21h,Shotgun,43.64,49.32,1,1
2025-08-30,2025-08-30 10:34:11,single_day,early_entry,,Entrée avant 21h,Shotgun,43.64,49.32,1,1
2025-09-30,2025-09-30 13:28:11,single_day,early_entry,,Entrée avant 21h,Shotgun,43.64,49.32,1,1
2025-09-30,2025-09-30 15:51:11,single_day,early_entry,,Entrée avant 21h,Shotgun,43.64,49.32,1,1
2025-08-29,2025-08-29 17:01:56,single_day,regular,,Admission Générale,Shotgun,52.73,59.6,1,1
2025-08-29,2025-08-29 17:01:56,single_day,regular,,Admission Générale,Shotgun,52.73,59.6,1,1
2025-08-29,2025-08-29 17:27:52,single_day,vip,,Tickets Backstage,Shotgun,120.0,135.63,1,1
2025-09-29,2025-09-29 23:33:58,single_day,regular,,Admission Générale,Shotgun,52.73,59.6,1,1
2025-08-29,2025-08-29 19:07:28,single_day,regular,,Admission Générale,Shotgun,52.73,59.6,1,1
2025-09-29,2025-09-29 18:40:32,single_day,regular,,Admission Générale,Shotgun,52.73,59.6,1,1
2025-09-29,2025-09-29 18:56:04,single_day,regular,,Admission Générale,Shotgun,52.73,59.6,1,1
2025-09-29,2025-09-29 18:56:04,single_day,regular,,Admission Générale,Shotgun,52.73,59.6,1,1
2025-09-29,2025-09-29 19:08:38,single_day,early_entry,,Entrée avant 21h,Shotgun,43.64,49.32,1,1
2025-09-29,2025-09-29 19:16:16,single_day,regular,,Admission Générale,Shotgun,52.73,59.6,1,1
2025-09-29,2025-09-29 19:40:59,single_day,regular,,Admission Générale,Shotgun,52.73,59.6,1,1
2025-09-29,2025-09-29 19:40:59,single_day,regular,,Admission Générale,Shotgun,52.73,59.6,1,1
2025-08-30,2025-08-30 01:23:57,single_day,regular,,Admission Générale,Shotgun,52.73,59.6,1,1
2025-09-29,2025-09-29 22:45:39,single_day,early_entry,,Entrée avant 21h,Shotgun,43.64,49.32,1,1
2025-08-30,2025-08-30 09:44:44,single_day,regular,,Admission Générale,Shotgun,52.73,59.6,1,1
2025-09-30,2025-09-30 07:31:49,single_day,regular,,Admission Générale,Shotgun,52.73,59.6,1,1
2025-09-30,2025-09-30 14:54:16,single_day,regular,,Admission Générale,Shotgun,52.73,59.6,1,1
2025-08-30,2025-08-30 19:33:28,single_day,regular,,Admission Générale,Shotgun,52.73,59.6,1,1
2025-09-30,2025-09-30 11:45:53,single_day,regular,,Admission Générale,Shotgun,52.73,59.6,1,1
2025-09-30,2025-09-30 11:43:44,single_day,early_entry,,Entrée avant 21h,Shotgun,43.64,49.32,1,1
2025-09-30,2025-09-30 11:52:37,single_day,regular,,Admission Générale,Shotgun,52.73,59.6,1,1
2025-08-30,2025-08-30 22:45:15,single_day,early_entry,,Entrée avant 21h,Shotgun,43.64,49.32,1,1
2025-09-30,2025-09-30 12:13:22,single_day,regular,,Admission Générale,Shotgun,52.73,59.6,1,1
2025-08-31,2025-08-31 01:48:18,single_day,early_entry,,Entrée avant 21h,Shotgun,43.64,49.32,1,1
2025-08-31,2025-08-31 01:48:18,single_day,early_entry,,Entrée avant 21h,Shotgun,43.64,49.32,1,1
2025-08-31,2025-08-31 01:48:18,single_day,early_entry,,Entrée avant 21h,Shotgun,43.64,49.32,1,1
2025-09-30,2025-09-30 12:36:46,single_day,early_entry,,Entrée avant 21h,Shotgun,43.64,49.32,1,1
2025-09-30,2025-09-30 12:36:46,single_day,early_entry,,Entrée avant 21h,Shotgun,43.64,49.32,1,1
2025-09-30,2025-09-30 12:36:46,single_day,early_entry,,Entrée avant 21h,Shotgun,43.64,49.32,1,1
2025-09-30,2025-09-30 12:45:47,single_day,early_entry,,Entrée avant 21h,Shotgun,43.64,49.32,1,1
2025-09-30,2025-09-30 12:48:52,single_day,regular,,Admission Générale,Shotgun,52.73,59.6,1,1
2025-08-31,2025-08-31 09:53:23,single_day,early_entry,,Entrée avant 21h,Shotgun,43.64,49.32,1,1
2025-08-31,2025-08-31 10:01:03,single_day,early_entry,,Entrée avant 21h,Shotgun,43.64,49.32,1,1
2025-08-31,2025-08-31 10:01:03,single_day,early_entry,,Entrée avant 21h,Shotgun,43.64,49.32,1,1
2025-08-31,2025-08-31 11:06:39,single_day,regular,,Admission Générale,Shotgun,52.73,59.6,1,1
2025-08-31,2025-08-31 11:18:40,single_day,regular,,Admission Générale,Shotgun,52.73,59.6,1,1
2025-08-31,2025-08-31 11:38:46,single_day,early_entry,,Entrée avant 21h,Shotgun,43.64,49.32,1,1
2025-08-31,2025-08-31 11:38:46,single_day,early_entry,,Entrée avant 21h,Shotgun,43.64,49.32,1,1
2025-08-31,2025-08-31 11:38:46,single_day,early_entry,,Entrée avant 21h,Shotgun,43.64,49.32,1,1
2025-08-31,2025-08-31 11:38:46,single_day,early_entry,,Entrée avant 21h,Shotgun,43.64,49.32,1,1
2025-08-31,2025-08-31 16:04:42,single_day,regular,,Admission Générale,Shotgun,52.73,59.6,1,1
2025-08-31,2025-08-31 16:17:22,single_day,regular,,Admission Générale,Shotgun,52.73,59.6,1,1
2025-08-31,2025-08-31 16:17:22,single_day,regular,,Admission Générale,Shotgun,52.73,59.6,1,1
2025-08-31,2025-08-31 18:00:35,single_day,regular,,Admission Générale,Shotgun,52.73,59.6,1,1
2025-09-30,2025-09-30 16:37:18,single_day,early_entry,,Entrée avant 21h,Shotgun,43.64,49.32,1,1
2025-08-31,2025-08-31 20:09:41,single_day,early_entry,,Entrée avant 21h,Shotgun,43.64,49.32,1,1
2025-08-31,2025-08-31 20:41:51,single_day,early_entry,,Entrée avant 21h,Shotgun,43.64,49.32,1,1
2025-08-31,2025-08-31 21:17:39,single_day,regular,,Admission Générale,Shotgun,52.73,59.6,1,1
2025-08-31,2025-08-31 21:17:39,single_day,regular,,Admission Générale,Shotgun,52.73,59.6,1,1
2025-10-01,2025-10-01 07:23:35,single_day,early_entry,,Entrée avant 21h,Shotgun,43.64,49.32,1,1
2025-09-30,2025-09-30 17:26:43,single_day,early_entry,,Entrée avant 21h,Shotgun,43.64,49.32,1,1
2025-09-30,2025-09-30 17:26:43,single_day,early_entry,,Entrée avant 21h,Shotgun,43.64,49.32,1,1
2025-09-30,2025-09-30 17:58:51,single_day,regular,,Admission Générale,Shotgun,52.73,59.6,1,1
2025-08-30,2025-08-30 16:07:57,single_day,early_entry,,Entrée avant 21h,Shotgun,43.64,49.32,1,1
2025-09-30,2025-09-30 10:23:18,single_day,regular,,Admission Générale,Shotgun,52.73,59.6,1,1
2025-08-30,2025-08-30 21:46:57,single_day,early_entry,,Entrée avant 21h,Shotgun,43.64,49.32,1,1
2025-08-30,2025-08-30 21:46:57,single_day,early_entry,,Entrée avant 21h,Shotgun,43.64,49.32,1,1
2025-09-30,2025-09-30 12:24:22,single_day,early_entry,,Entrée avant 21h,Shotgun,43.64,49.32,1,1
2025-09-30,2025-09-30 12:24:22,single_day,early_entry,,Entrée avant 21h,Shotgun,43.64,49.32,1,1
2025-08-31,2025-08-31 06:59:29,single_day,regular,,Admission Générale,Shotgun,52.73,59.6,1,1
2025-08-31,2025-08-31 17:26:23,single_day,regular,,Admission Générale,Shotgun,52.73,59.6,1,1
2025-08-31,2025-08-31 18:21:14,single_day,early_entry,,Entrée avant 21h,Shotgun,43.64,49.32,1,1
2025-08-31,2025-08-31 20:11:45,single_day,vip,,Tickets Backstage,Shotgun,120.0,135.63,1,1
2025-10-01,2025-10-01 06:32:58,single_day,regular,,Admission Générale,Shotgun,52.73,59.6,1,1
2025-10-01,2025-10-01 06:32:58,single_day,regular,,Admission Générale,Shotgun,52.73,59.6,1,1
2025-08-31,2025-08-31 22:18:20,single_day,regular,,Admission Générale,Shotgun,52.73,59.6,1,1
2025-08-31,2025-08-31 22:18:20,single_day,regular,,Admission Générale,Shotgun,52.73,59.6,1,1
2025-10-01,2025-10-01 12:45:08,single_day,regular,,Admission Générale,Shotgun,52.73,59.6,1,1
2025-10-01,2025-10-01 12:45:08,single_day,regular,,Admission Générale,Shotgun,52.73,59.6,1,1
2025-09-30,2025-09-30 23:25:28,single_day,regular,,Admission Générale,Shotgun,52.73,59.6,1,1
2025-09-01,2025-09-01 12:47:22,single_day,regular,,Admission Générale,Shotgun,52.73,59.6,1,1
2025-10-01,2025-10-01 00:04:03,single_day,early_entry,,Entrée avant 21h,Shotgun,43.64,49.32,1,1
2025-09-01,2025-09-01 14:59:37,single_day,regular,,Admission Générale,Shotgun,52.73,59.6,1,1
2025-09-01,2025-09-01 14:59:37,single_day,regular,,Admission Générale,Shotgun,52.73,59.6,1,1
2025-09-01,2025-09-01 14:59:37,single_day,regular,,Admission Générale,Shotgun,52.73,59.6,1,1
2025-09-30,2025-09-30 19:29:54,single_day,early_entry,,Entrée avant 21h,Shotgun,43.64,49.32,1,1
2025-09-30,2025-09-30 19:29:54,single_day,early_entry,,Entrée avant 21h,Shotgun,43.64,49.32,1,1
2025-09-30,2025-09-30 19:41:24,single_day,early_entry,,Entrée avant 21h,Shotgun,43.64,49.32,1,1
2025-09-30,2025-09-30 19:41:24,single_day,early_entry,,Entrée avant 21h,Shotgun,43.64,49.32,1,1
2025-10-01,2025-10-01 11:37:07,single_day,early_entry,,Entrée avant 21h,Shotgun,43.64,49.32,1,1
2025-10-01,2025-10-01 11:37:07,single_day,early_entry,,Entrée avant 21h,Shotgun,43.64,49.32,1,1
2025-09-30,2025-09-30 20:02:17,single_day,early_entry,,Entrée avant 21h,Shotgun,43.64,49.32,1,1
2025-09-30,2025-09-30 20:02:00,single_day,early_entry,,Entrée avant 21h,Shotgun,43.64,49.32,1,1
2025-09-30,2025-09-30 20:06:21,single_day,early_entry,,Entrée avant 21h,Shotgun,43.64,49.32,1,1
2025-09-01,2025-09-01 16:52:33,single_day,regular,,Admission Générale,Shotgun,52.73,59.6,1,1
2025-09-30,2025-09-30 20:06:21,single_day,early_entry,,Entrée avant 21h,Shotgun,43.64,49.32,1,1
2025-10-01,2025-10-01 10:28:45,single_day,regular,,Admission Générale,Shotgun,52.73,59.6,1,1
2025-09-01,2025-09-01 18:16:50,single_day,early_entry,,Entrée avant 21h,Shotgun,43.64,49.32,1,1
2025-09-01,2025-09-01 18:16:50,single_day,early_entry,,Entrée avant 21h,Shotgun,43.64,49.32,1,1
2025-10-01,2025-10-01 12:23:22,single_day,regular,,Admission Générale,Shotgun,52.73,59.6,1,1
2025-10-01,2025-10-01 08:50:56,single_day,early_entry,,Entrée avant 21h,Shotgun,43.64,49.32,1,1
2025-10-01,2025-10-01 12:51:44,single_day,regular,,Admission Générale,Shotgun,52.73,59.6,1,1
2025-10-01,2025-10-01 08:58:23,single_day,early_entry,,Entrée avant 21h,Shotgun,43.64,49.32,1,1
2025-09-30,2025-09-30 18:39:44,single_day,regular,,Admission Générale,Shotgun,52.73,59.6,1,1
2025-09-30,2025-09-30 18:52:59,single_day,early_entry,,Entrée avant 21h,Shotgun,43.64,49.32,1,1
2025-10-01,2025-10-01 09:43:55,single_day,early_entry,,Entrée avant 21h,Shotgun,43.64,49.32,1,1
2025-10-01,2025-10-01 11:35:55,single_day,regular,,Admission Générale,Shotgun,52.73,59.6,1,1
2025-09-30,2025-09-30 19:38:20,single_day,regular,,Admission Générale,Shotgun,52.73,59.6,1,1
2025-09-01,2025-09-01 15:51:52,single_day,regular,,Admission Générale,Shotgun,52.73,59.6,1,1
2025-09-30,2025-09-30 19:48:22,single_day,early_entry,,Entrée avant 21h,Shotgun,43.64,49.32,1,1
2025-09-01,2025-09-01 16:20:30,single_day,early_entry,,Entrée avant 21h,Shotgun,43.64,49.32,1,1
2025-09-30,2025-09-30 20:05:06,single_day,early_entry,,Entrée avant 21h,Shotgun,43.64,49.32,1,1
2025-10-01,2025-10-01 11:41:53,single_day,early_entry,,Entrée avant 21h,Shotgun,43.64,49.32,1,1
2025-10-01,2025-10-01 10:23:01,single_day,early_entry,,Entrée avant 21h,Shotgun,43.64,49.32,1,1
2025-09-30,2025-09-30 20:59:14,single_day,regular,,Admission Générale,Shotgun,52.73,59.6,1,1
2025-09-30,2025-09-30 20:59:14,single_day,regular,,Admission Générale,Shotgun,52.73,59.6,1,1
2025-09-30,2025-09-30 20:59:14,single_day,regular,,Admission Générale,Shotgun,52.73,59.6,1,1
2025-09-30,2025-09-30 20:59:14,single_day,regular,,Admission Générale,Shotgun,52.73,59.6,1,1
2025-09-01,2025-09-01 18:49:25,single_day,regular,,Admission Générale,Shotgun,52.73,59.6,1,1
2025-10-01,2025-10-01 11:57:18,single_day,early_entry,,Entrée avant 21h,Shotgun,43.64,49.32,1,1
2025-10-01,2025-10-01 12:56:25,single_day,early_entry,,Entrée avant 21h,Shotgun,43.64,49.32,1,1
2025-09-01,2025-09-01 19:40:13,single_day,early_entry,,Entrée avant 21h,Shotgun,43.64,49.32,1,1
2025-09-01,2025-09-01 19:40:13,single_day,early_entry,,Entrée avant 21h,Shotgun,43.64,49.32,1,1
2025-09-01,2025-09-01 20:11:56,single_day,regular,,Admission Générale,Shotgun,52.73,59.6,1,1
2025-09-01,2025-09-01 20:11:56,single_day,regular,,Admission Générale,Shotgun,52.73,59.6,1,1
2025-10-01,2025-10-01 11:00:52,single_day,early_entry,,Entrée avant 21h,Shotgun,43.64,49.32,1,1
2025-09-01,2025-09-01 20:59:40,single_day,regular,,Admission Générale,Shotgun,52.73,59.6,1,1
2025-09-01,2025-09-01 21:03:48,single_day,regular,,Admission Générale,Shotgun,52.73,59.6,1,1
2025-09-01,2025-09-01 21:03:48,single_day,regular,,Admission Générale,Shotgun,52.73,59.6,1,1
2025-09-01,2025-09-01 21:03:48,single_day,regular,,Admission Générale,Shotgun,52.73,59.6,1,1
2025-10-01,2025-10-01 13:33:48,single_day,early_entry,,Entrée avant 21h,Shotgun,43.64,49.32,1,1
2025-10-01,2025-10-01 13:34:26,single_day,early_entry,,Entrée avant 21h,Shotgun,43.64,49.32,1,1
2025-10-01,2025-10-01 21:53:24,single_day,early_entry,,Entrée avant 21h,Shotgun,43.64,49.32,1,1
2025-10-01,2025-10-01 14:20:54,single_day,early_entry,,Entrée avant 21h,Shotgun,43.64,49.32,1,1
2025-10-01,2025-10-01 14:20:54,single_day,early_entry,,Entrée avant 21h,Shotgun,43.64,49.32,1,1
2025-10-01,2025-10-01 14:32:34,single_day,regular,,Admission Générale,Shotgun,52.73,59.6,1,1
2025-10-01,2025-10-01 12:05:16,single_day,regular,,Admission Générale,Shotgun,52.73,59.6,1,1
2025-09-30,2025-09-30 21:18:52,single_day,early_entry,,Entrée avant 21h,Shotgun,43.64,49.32,1,1
2025-09-30,2025-09-30 21:18:52,single_day,early_entry,,Entrée avant 21h,Shotgun,43.64,49.32,1,1
2025-09-30,2025-09-30 21:35:17,single_day,regular,,Admission Générale,Shotgun,52.73,59.6,1,1
2025-09-30,2025-09-30 21:35:17,single_day,regular,,Admission Générale,Shotgun,52.73,59.6,1,1
2025-10-01,2025-10-01 21:31:21,single_day,early_entry,,Entrée avant 21h,Shotgun,43.64,49.32,1,1
2025-10-01,2025-10-01 13:26:03,single_day,early_entry,,Entrée avant 21h,Shotgun,43.64,49.32,1,1
2025-10-01,2025-10-01 13:28:40,single_day,early_entry,,Entrée avant 21h,Shotgun,43.64,49.32,1,1
2025-10-01,2025-10-01 13:42:36,single_day,regular,,Admission Générale,Shotgun,52.73,59.6,1,1
2025-10-01,2025-10-01 13:42:36,single_day,regular,,Admission Générale,Shotgun,52.73,59.6,1,1
2025-10-01,2025-10-01 14:05:56,single_day,early_entry,,Entrée avant 21h,Shotgun,43.64,49.32,1,1
2025-10-01,2025-10-01 19:21:45,single_day,early_entry,,Entrée avant 21h,Shotgun,43.64,49.32,1,1
2025-10-01,2025-10-01 19:21:45,single_day,early_entry,,Entrée avant 21h,Shotgun,43.64,49.32,1,1
2025-09-01,2025-09-01 21:43:18,single_day,early_entry,,Entrée avant 21h,Shotgun,43.64,49.32,1,1
2025-09-01,2025-09-01 21:43:18,single_day,early_entry,,Entrée avant 21h,Shotgun,43.64,49.32,1,1
2025-10-01,2025-10-01 21:51:38,single_day,regular,,Admission Générale,Shotgun,52.73,59.6,1,1
2025-09-01,2025-09-01 22:10:30,single_day,regular,,Admission Générale,Shotgun,52.73,59.6,1,1
2025-10-01,2025-10-01 16:11:36,single_day,regular,,Admission Générale,Shotgun,52.73,59.6,1,1
2025-10-01,2025-10-01 22:25:29,single_day,regular,,Admission Générale,Shotgun,52.73,59.6,1,1
2025-10-01,2025-10-01 23:26:02,single_day,regular,,Admission Générale,Shotgun,52.73,59.6,1,1
2025-10-01,2025-10-01 22:29:18,single_day,regular,,Admission Générale,Shotgun,52.73,59.6,1,1
2025-10-01,2025-10-01 17:32:00,single_day,early_entry,,Entrée avant 21h,Shotgun,43.64,49.32,1,1
2025-10-01,2025-10-01 20:49:43,single_day,regular,,Admission Générale,Shotgun,52.73,59.6,1,1
2025-09-02,2025-09-02 07:48:22,single_day,regular,,Admission Générale,Shotgun,52.73,59.6,1,1
2025-10-01,2025-10-01 17:49:18,single_day,early_entry,,Entrée avant 21h,Shotgun,43.64,49.32,1,1
2025-09-02,2025-09-02 09:24:22,single_day,early_entry,,Entrée avant 21h,Shotgun,43.64,49.32,1,1
2025-10-01,2025-10-01 17:52:41,single_day,early_entry,,Entrée avant 21h,Shotgun,43.64,49.32,1,1
2025-10-01,2025-10-01 23:28:47,single_day,early_entry,,Entrée avant 21h,Shotgun,43.64,49.32,1,1
2025-10-01,2025-10-01 23:28:47,single_day,early_entry,,Entrée avant 21h,Shotgun,43.64,49.32,1,1
2025-10-01,2025-10-01 23:28:47,single_day,early_entry,,Entrée avant 21h,Shotgun,43.64,49.32,1,1
2025-10-13,2025-10-13 12:11:52,single_day,early_entry,,Entrée avant 21h,Shotgun,50.0,56.51,1,1
2025-09-02,2025-09-02 14:53:21,single_day,regular,,Admission Générale,Shotgun,52.73,59.6,1,1
2025-09-02,2025-09-02 14:53:21,single_day,regular,,Admission Générale,Shotgun,52.73,59.6,1,1
2025-10-01,2025-10-01 18:09:12,single_day,early_entry,,Entrée avant 21h,Shotgun,43.64,49.32,1,1
2025-10-01,2025-10-01 18:09:12,single_day,early_entry,,Entrée avant 21h,Shotgun,43.64,49.32,1,1
2025-10-01,2025-10-01 18:12:29,single_day,early_entry,,Entrée avant 21h,Shotgun,43.64,49.32,1,1
2025-10-01,2025-10-01 18:12:29,single_day,early_entry,,Entrée avant 21h,Shotgun,43.64,49.32,1,1
2025-10-01,2025-10-01 18:19:29,single_day,regular,,Admission Générale,Shotgun,52.73,59.6,1,1
2025-09-02,2025-09-02 17:42:39,single_day,regular,,Admission Générale,Shotgun,52.73,59.6,1,1
2025-10-01,2025-10-01 21:15:35,single_day,early_entry,,Entrée avant 21h,Shotgun,43.64,49.32,1,1
2025-09-02,2025-09-02 19:13:22,single_day,early_entry,,Entrée avant 21h,Shotgun,43.64,49.32,1,1
2025-09-02,2025-09-02 19:13:22,single_day,early_entry,,Entrée avant 21h,Shotgun,43.64,49.32,1,1
2025-10-02,2025-10-02 00:38:15,single_day,early_entry,,Entrée avant 21h,Shotgun,43.64,49.32,1,1
2025-09-02,2025-09-02 21:28:38,single_day,regular,,Admission Générale,Shotgun,52.73,59.6,1,1
2025-10-01,2025-10-01 19:41:01,single_day,early_entry,,Entrée avant 21h,Shotgun,43.64,49.32,1,1
2025-10-01,2025-10-01 19:41:01,single_day,early_entry,,Entrée avant 21h,Shotgun,43.64,49.32,1,1
2025-09-01,2025-09-01 21:44:50,single_day,regular,,Admission Générale,Shotgun,52.73,59.6,1,1
2025-10-01,2025-10-01 22:01:08,single_day,early_entry,,Entrée avant 21h,Shotgun,43.64,49.32,1,1
2025-10-01,2025-10-01 23:27:17,single_day,regular,,Admission Générale,Shotgun,52.73,59.6,1,1
2025-09-01,2025-09-01 23:52:32,single_day,regular,,Admission Générale,Shotgun,52.73,59.6,1,1
2025-10-01,2025-10-01 20:42:03,single_day,vip,,Tickets Backstage,Shotgun,120.0,135.63,1,1
2025-10-01,2025-10-01 23:46:02,single_day,early_entry,,Entrée avant 21h,Shotgun,43.64,49.32,1,1
2025-10-01,2025-10-01 23:46:02,single_day,early_entry,,Entrée avant 21h,Shotgun,43.64,49.32,1,1
2025-09-02,2025-09-02 19:07:07,single_day,regular,,Admission Générale,Shotgun,52.73,59.6,1,1
2025-09-02,2025-09-02 19:07:07,single_day,regular,,Admission Générale,Shotgun,52.73,59.6,1,1
2025-09-02,2025-09-02 19:13:22,single_day,early_entry,,Entrée avant 21h,Shotgun,43.64,49.32,1,1
2025-09-02,2025-09-02 20:56:54,single_day,regular,,Admission Générale,Shotgun,52.73,59.6,1,1
2025-09-02,2025-09-02 22:26:02,single_day,regular,,Admission Générale,Shotgun,52.73,59.6,1,1
2025-09-03,2025-09-03 08:17:10,single_day,regular,,Admission Générale,Shotgun,52.73,59.6,1,1
2025-09-03,2025-09-03 08:17:10,single_day,regular,,Admission Générale,Shotgun,52.73,59.6,1,1
2025-09-03,2025-09-03 09:47:25,single_day,regular,,Admission Générale,Shotgun,52.73,59.6,1,1
2025-09-03,2025-09-03 09:47:25,single_day,regular,,Admission Générale,Shotgun,52.73,59.6,1,1
2025-10-02,2025-10-02 03:42:50,single_day,early_entry,,Entrée avant 21h,Shotgun,43.64,49.32,1,1
2025-10-02,2025-10-02 13:28:44,single_day,regular,,Admission Générale,Shotgun,52.73,59.6,1,1
2025-10-02,2025-10-02 13:28:44,single_day,regular,,Admission Générale,Shotgun,52.73,59.6,1,1
2025-10-02,2025-10-02 13:28:44,single_day,regular,,Admission Générale,Shotgun,52.73,59.6,1,1
2025-10-02,2025-10-02 06:59:03,single_day,early_entry,,Entrée avant 21h,Shotgun,43.64,49.32,1,1
2025-10-02,2025-10-02 06:59:03,single_day,early_entry,,Entrée avant 21h,Shotgun,43.64,49.32,1,1
2025-10-13,2025-10-13 14:05:31,single_day,regular,,Admission Générale,Shotgun,54.0,61.03,1,1
2025-10-13,2025-10-13 14:05:31,single_day,regular,,Admission Générale,Shotgun,54.0,61.03,1,1
2025-10-02,2025-10-02 13:42:50,single_day,vip,,Tickets Backstage,Shotgun,120.0,135.63,1,1
2025-09-03,2025-09-03 14:08:26,single_day,regular,,Admission Générale,Shotgun,52.73,59.6,1,1
2025-09-03,2025-09-03 14:08:26,single_day,regular,,Admission Générale,Shotgun,52.73,59.6,1,1
2025-10-02,2025-10-02 16:00:29,single_day,early_entry,,Entrée avant 21h,Shotgun,43.64,49.32,1,1
2025-10-02,2025-10-02 12:39:55,single_day,early_entry,,Entrée avant 21h,Shotgun,43.64,49.32,1,1
2025-10-02,2025-10-02 12:39:55,single_day,early_entry,,Entrée avant 21h,Shotgun,43.64,49.32,1,1
2025-10-02,2025-10-02 12:41:01,single_day,early_entry,,Entrée avant 21h,Shotgun,43.64,49.32,1,1
2025-09-03,2025-09-03 03:55:14,single_day,regular,,Admission Générale,Shotgun,52.73,59.6,1,1
2025-09-03,2025-09-03 09:50:34,single_day,regular,,Admission Générale,Shotgun,52.73,59.6,1,1
2025-09-03,2025-09-03 09:50:34,single_day,regular,,Admission Générale,Shotgun,52.73,59.6,1,1
2025-09-03,2025-09-03 09:50:34,single_day,regular,,Admission Générale,Shotgun,52.73,59.6,1,1
2025-09-03,2025-09-03 09:50:34,single_day,regular,,Admission Générale,Shotgun,52.73,59.6,1,1
2025-09-03,2025-09-03 11:23:26,single_day,regular,,Admission Générale,Shotgun,52.73,59.6,1,1
2025-10-02,2025-10-02 06:51:16,single_day,regular,,Admission Générale,Shotgun,52.73,59.6,1,1
2025-10-02,2025-10-02 07:29:16,single_day,regular,,Admission Générale,Shotgun,52.73,59.6,1,1
2025-10-02,2025-10-02 08:03:57,single_day,early_entry,,Entrée avant 21h,Shotgun,43.64,49.32,1,1
2025-10-02,2025-10-02 08:03:57,single_day,early_entry,,Entrée avant 21h,Shotgun,43.64,49.32,1,1
2025-10-02,2025-10-02 08:03:57,single_day,early_entry,,Entrée avant 21h,Shotgun,43.64,49.32,1,1
2025-10-02,2025-10-02 10:22:00,single_day,early_entry,,Entrée avant 21h,Shotgun,43.64,49.32,1,1
2025-10-02,2025-10-02 10:22:00,single_day,early_entry,,Entrée avant 21h,Shotgun,43.64,49.32,1,1
2025-10-02,2025-10-02 10:22:00,single_day,early_entry,,Entrée avant 21h,Shotgun,43.64,49.32,1,1
2025-09-03,2025-09-03 17:02:44,single_day,regular,,Admission Générale,Shotgun,52.73,59.6,1,1
2025-10-02,2025-10-02 11:12:59,single_day,early_entry,,Entrée avant 21h,Shotgun,43.64,49.32,1,1
2025-09-03,2025-09-03 17:29:20,single_day,early_entry,,Entrée avant 21h,Shotgun,43.64,49.32,1,1
2025-10-02,2025-10-02 15:23:23,single_day,regular,,Admission Générale,Shotgun,52.73,59.6,1,1
2025-09-03,2025-09-03 18:32:44,single_day,early_entry,,Entrée avant 21h,Shotgun,43.64,49.32,1,1
2025-09-03,2025-09-03 18:32:44,single_day,early_entry,,Entrée avant 21h,Shotgun,43.64,49.32,1,1
2025-09-03,2025-09-03 19:32:18,single_day,early_entry,,Entrée avant 21h,Shotgun,43.64,49.32,1,1
2025-10-02,2025-10-02 14:31:40,single_day,early_entry,,Entrée avant 21h,Shotgun,43.64,49.32,1,1
2025-10-02,2025-10-02 12:24:37,single_day,early_entry,,Entrée avant 21h,Shotgun,43.64,49.32,1,1
2025-09-03,2025-09-03 22:17:15,single_day,early_entry,,Entrée avant 21h,Shotgun,43.64,49.32,1,1
2025-09-03,2025-09-03 22:17:15,single_day,early_entry,,Entrée avant 21h,Shotgun,43.64,49.32,1,1
2025-10-02,2025-10-02 19:13:37,single_day,early_entry,,Entrée avant 21h,Shotgun,43.64,49.32,1,1
2025-09-04,2025-09-04 04:50:27,single_day,regular,,Admission Générale,Shotgun,52.73,59.6,1,1
2025-09-04,2025-09-04 04:50:27,single_day,regular,,Admission Générale,Shotgun,52.73,59.6,1,1
2025-10-02,2025-10-02 19:10:25,single_day,regular,,Admission Générale,Shotgun,52.73,59.6,1,1
2025-09-04,2025-09-04 11:02:53,single_day,regular,,Admission Générale,Shotgun,52.73,59.6,1,1
2025-09-04,2025-09-04 11:23:54,single_day,early_entry,,Entrée avant 21h,Shotgun,43.64,49.32,1,1
2025-09-04,2025-09-04 11:33:14,single_day,regular,,Admission Générale,Shotgun,52.73,59.6,1,1
2025-09-04,2025-09-04 11:33:14,single_day,regular,,Admission Générale,Shotgun,52.73,59.6,1,1
2025-09-04,2025-09-04 11:33:14,single_day,regular,,Admission Générale,Shotgun,52.73,59.6,1,1
2025-09-04,2025-09-04 12:05:26,single_day,regular,,Admission Générale,Shotgun,52.73,59.6,1,1
2025-09-04,2025-09-04 12:05:26,single_day,regular,,Admission Générale,Shotgun,52.73,59.6,1,1
2025-10-02,2025-10-02 20:42:09,single_day,regular,,Admission Générale,Shotgun,52.73,59.6,1,1
2025-09-04,2025-09-04 12:50:46,single_day,early_entry,,Entrée avant 21h,Shotgun,43.64,49.32,1,1
2025-09-04,2025-09-04 12:50:46,single_day,early_entry,,Entrée avant 21h,Shotgun,43.64,49.32,1,1
2025-10-13,2025-10-13 16:09:32,single_day,early_entry,,Entrée avant 21h,Shotgun,50.0,56.51,1,1
2025-10-02,2025-10-02 10:52:48,single_day,early_entry,,Entrée avant 21h,Shotgun,43.64,49.32,1,1
2025-10-02,2025-10-02 11:20:37,single_day,regular,,Admission Générale,Shotgun,52.73,59.6,1,1
2025-09-03,2025-09-03 18:07:48,single_day,early_entry,,Entrée avant 21h,Shotgun,43.64,49.32,1,1
2025-10-02,2025-10-02 14:20:21,single_day,regular,,Admission Générale,Shotgun,52.73,59.6,1,1
2025-09-03,2025-09-03 21:17:22,single_day,early_entry,,Entrée avant 21h,Shotgun,43.64,49.32,1,1
2025-09-03,2025-09-03 21:52:27,single_day,regular,,Admission Générale,Shotgun,52.73,59.6,1,1
2025-09-03,2025-09-03 22:49:47,single_day,early_entry,,Entrée avant 21h,Shotgun,43.64,49.32,1,1
2025-09-04,2025-09-04 03:28:00,single_day,early_entry,,Entrée avant 21h,Shotgun,43.64,49.32,1,1
2025-09-04,2025-09-04 09:06:01,single_day,regular,,Admission Générale,Shotgun,52.73,59.6,1,1
2025-10-02,2025-10-02 16:36:33,single_day,early_entry,,Entrée avant 21h,Shotgun,43.64,49.32,1,1
2025-09-04,2025-09-04 11:19:56,single_day,early_entry,,Entrée avant 21h,Shotgun,43.64,49.32,1,1
2025-09-04,2025-09-04 11:18:16,single_day,early_entry,,Entrée avant 21h,Shotgun,43.64,49.32,1,1
2025-09-04,2025-09-04 12:24:18,single_day,regular,,Admission Générale,Shotgun,52.73,59.6,1,1
2025-09-04,2025-09-04 12:47:20,single_day,regular,,Admission Générale,Shotgun,52.73,59.6,1,1
2025-09-04,2025-09-04 12:54:54,single_day,early_entry,,Entrée avant 21h,Shotgun,43.64,49.32,1,1
2025-09-04,2025-09-04 12:54:54,single_day,early_entry,,Entrée avant 21h,Shotgun,43.64,49.32,1,1
2025-10-02,2025-10-02 20:45:48,single_day,vip,,Tickets Backstage,Shotgun,120.0,135.63,1,1
2025-10-02,2025-10-02 20:45:48,single_day,vip,,Tickets Backstage,Shotgun,120.0,135.63,1,1
2025-09-04,2025-09-04 15:56:55,single_day,early_entry,,Entrée avant 21h,Shotgun,43.64,49.32,1,1
2025-10-02,2025-10-02 17:33:23,single_day,early_entry,,Entrée avant 21h,Shotgun,43.64,49.32,1,1
2025-10-02,2025-10-02 20:48:09,single_day,early_entry,,Entrée avant 21h,Shotgun,43.64,49.32,1,1
2025-09-04,2025-09-04 17:31:35,single_day,regular,,Admission Générale,Shotgun,52.73,59.6,1,1
2025-10-02,2025-10-02 20:54:48,single_day,early_entry,,Entrée avant 21h,Shotgun,43.64,49.32,1,1
2025-09-04,2025-09-04 18:25:48,single_day,early_entry,,Entrée avant 21h,Shotgun,43.64,49.32,1,1
2025-10-02,2025-10-02 20:21:19,single_day,regular,,Admission Générale,Shotgun,52.73,59.6,1,1
2025-09-04,2025-09-04 19:19:48,single_day,regular,,Admission Générale,Shotgun,52.73,59.6,1,1
2025-09-04,2025-09-04 19:59:15,single_day,early_entry,,Entrée avant 21h,Shotgun,43.64,49.32,1,1
2025-10-02,2025-10-02 20:20:06,single_day,regular,,Admission Générale,Shotgun,52.73,59.6,1,1
2025-09-04,2025-09-04 20:55:26,single_day,early_entry,,Entrée avant 21h,Shotgun,43.64,49.32,1,1
2025-10-02,2025-10-02 19:13:14,single_day,regular,,Admission Générale,Shotgun,52.73,59.6,1,1
2025-09-04,2025-09-04 22:08:49,single_day,early_entry,,Entrée avant 21h,Shotgun,43.64,49.32,1,1
2025-09-04,2025-09-04 13:25:17,single_day,early_entry,,Entrée avant 21h,Shotgun,43.64,49.32,1,1
2025-10-02,2025-10-02 20:43:59,single_day,regular,,Admission Générale,Shotgun,52.73,59.6,1,1
2025-10-02,2025-10-02 20:48:56,single_day,regular,,Admission Générale,Shotgun,52.73,59.6,1,1
2025-10-02,2025-10-02 20:50:38,single_day,early_entry,,Entrée avant 21h,Shotgun,43.64,49.32,1,1
2025-09-04,2025-09-04 17:16:59,single_day,early_entry,,Entrée avant 21h,Shotgun,43.64,49.32,1,1
2025-10-02,2025-10-02 19:46:28,single_day,regular,,Admission Générale,Shotgun,52.73,59.6,1,1
2025-10-02,2025-10-02 19:46:28,single_day,regular,,Admission Générale,Shotgun,52.73,59.6,1,1
2025-09-04,2025-09-04 18:31:26,single_day,regular,,Admission Générale,Shotgun,52.73,59.6,1,1
2025-10-02,2025-10-02 18:30:11,single_day,early_entry,,Entrée avant 21h,Shotgun,43.64,49.32,1,1
2025-10-02,2025-10-02 18:30:11,single_day,early_entry,,Entrée avant 21h,Shotgun,43.64,49.32,1,1
2025-09-04,2025-09-04 19:30:25,single_day,regular,,Admission Générale,Shotgun,52.73,59.6,1,1
2025-09-04,2025-09-04 20:06:09,single_day,early_entry,,Entrée avant 21h,Shotgun,43.64,49.32,1,1
2025-09-04,2025-09-04 20:16:03,single_day,regular,,Admission Générale,Shotgun,52.73,59.6,1,1
2025-09-04,2025-09-04 20:16:03,single_day,regular,,Admission Générale,Shotgun,52.73,59.6,1,1
2025-09-04,2025-09-04 20:16:03,single_day,regular,,Admission Générale,Shotgun,52.73,59.6,1,1
2025-10-02,2025-10-02 21:10:56,single_day,regular,,Admission Générale,Shotgun,52.73,59.6,1,1
2025-10-02,2025-10-02 22:08:08,single_day,regular,,Admission Générale,Shotgun,52.73,59.6,1,1
2025-10-02,2025-10-02 22:08:08,single_day,regular,,Admission Générale,Shotgun,52.73,59.6,1,1
2025-10-03,2025-10-03 11:41:31,single_day,regular,,Admission Générale,Shotgun,52.73,59.6,1,1
2025-09-04,2025-09-04 23:21:00,single_day,early_entry,,Entrée avant 21h,Shotgun,43.64,49.32,1,1
2025-09-05,2025-09-05 10:31:28,single_day,early_entry,,Entrée avant 21h,Shotgun,43.64,49.32,1,1
2025-09-05,2025-09-05 12:14:33,single_day,early_entry,,Entrée avant 21h,Shotgun,43.64,49.32,1,1
2025-09-05,2025-09-05 12:12:07,single_day,regular,,Admission Générale,Shotgun,52.73,59.6,1,1
2025-09-05,2025-09-05 12:40:26,single_day,regular,,Admission Générale,Shotgun,52.73,59.6,1,1
2025-09-05,2025-09-05 15:02:11,single_day,regular,,Admission Générale,Shotgun,52.73,59.6,1,1
2025-09-05,2025-09-05 15:02:11,single_day,regular,,Admission Générale,Shotgun,52.73,59.6,1,1
2025-10-03,2025-10-03 08:03:22,single_day,regular,,Admission Générale,Shotgun,52.73,59.6,1,1
2025-10-02,2025-10-02 22:04:26,single_day,regular,,Admission Générale,Shotgun,52.73,59.6,1,1
2025-10-02,2025-10-02 22:04:26,single_day,regular,,Admission Générale,Shotgun,52.73,59.6,1,1
2025-09-05,2025-09-05 06:31:49,single_day,early_entry,,Entrée avant 21h,Shotgun,43.64,49.32,1,1
2025-09-05,2025-09-05 10:00:10,single_day,early_entry,,Entrée avant 21h,Shotgun,43.64,49.32,1,1
2025-09-05,2025-09-05 11:53:33,single_day,regular,,Admission Générale,Shotgun,52.73,59.6,1,1
2025-09-05,2025-09-05 11:53:33,single_day,regular,,Admission Générale,Shotgun,52.73,59.6,1,1
2025-09-05,2025-09-05 12:09:00,single_day,early_entry,,Entrée avant 21h,Shotgun,43.64,49.32,1,1
2025-09-05,2025-09-05 12:09:00,single_day,early_entry,,Entrée avant 21h,Shotgun,43.64,49.32,1,1
2025-09-05,2025-09-05 12:09:00,single_day,early_entry,,Entrée avant 21h,Shotgun,43.64,49.32,1,1
2025-09-05,2025-09-05 12:09:00,single_day,early_entry,,Entrée avant 21h,Shotgun,43.64,49.32,1,1
2025-09-05,2025-09-05 12:40:19,single_day,regular,,Admission Générale,Shotgun,52.73,59.6,1,1
2025-09-05,2025-09-05 13:12:33,single_day,regular,,Admission Générale,Shotgun,52.73,59.6,1,1
2025-10-02,2025-10-02 23:42:42,single_day,regular,,Admission Générale,Shotgun,52.73,59.6,1,1
2025-09-05,2025-09-05 15:38:14,single_day,early_entry,,Entrée avant 21h,Shotgun,43.64,49.32,1,1
2025-09-05,2025-09-05 16:02:25,single_day,regular,,Admission Générale,Shotgun,52.73,59.6,1,1
2025-09-05,2025-09-05 16:02:25,single_day,regular,,Admission Générale,Shotgun,52.73,59.6,1,1
2025-10-03,2025-10-03 11:12:19,single_day,regular,,Admission Générale,Shotgun,52.73,59.6,1,1
2025-10-03,2025-10-03 00:20:45,single_day,regular,,Admission Générale,Shotgun,52.73,59.6,1,1
2025-09-05,2025-09-05 16:16:46,single_day,early_entry,,Entrée avant 21h,Shotgun,43.64,49.32,1,1
2025-10-03,2025-10-03 11:13:04,single_day,regular,,Admission Générale,Shotgun,52.73,59.6,1,1
2025-10-03,2025-10-03 11:13:04,single_day,regular,,Admission Générale,Shotgun,52.73,59.6,1,1
2025-09-05,2025-09-05 17:15:11,single_day,early_entry,,Entrée avant 21h,Shotgun,43.64,49.32,1,1
2025-09-05,2025-09-05 18:13:31,single_day,regular,,Admission Générale,Shotgun,52.73,59.6,1,1
2025-09-05,2025-09-05 18:24:25,single_day,regular,,Admission Générale,Shotgun,52.73,59.6,1,1
2025-09-05,2025-09-05 18:24:25,single_day,regular,,Admission Générale,Shotgun,52.73,59.6,1,1
2025-09-05,2025-09-05 20:14:55,single_day,regular,,Admission Générale,Shotgun,52.73,59.6,1,1
2025-09-05,2025-09-05 20:14:55,single_day,regular,,Admission Générale,Shotgun,52.73,59.6,1,1
2025-09-05,2025-09-05 20:17:57,single_day,regular,,Admission Générale,Shotgun,52.73,59.6,1,1
2025-09-05,2025-09-05 20:45:20,single_day,regular,,Admission Générale,Shotgun,52.73,59.6,1,1
2025-09-05,2025-09-05 20:43:07,single_day,regular,,Admission Générale,Shotgun,52.73,59.6,1,1
2025-09-05,2025-09-05 20:59:48,single_day,early_entry,,Entrée avant 21h,Shotgun,43.64,49.32,1,1
2025-09-05,2025-09-05 20:59:48,single_day,early_entry,,Entrée avant 21h,Shotgun,43.64,49.32,1,1
2025-10-13,2025-10-13 18:33:01,single_day,early_entry,,Entrée avant 21h,Shotgun,50.0,56.51,1,1
2025-10-03,2025-10-03 17:21:36,single_day,regular,,Admission Générale,Shotgun,52.73,59.6,1,1
2025-09-05,2025-09-05 22:22:11,single_day,regular,,Admission Générale,Shotgun,52.73,59.6,1,1
2025-10-03,2025-10-03 08:05:40,single_day,regular,,Admission Générale,Shotgun,52.73,59.6,1,1
2025-10-03,2025-10-03 00:24:34,single_day,regular,,Admission Générale,Shotgun,52.73,59.6,1,1
2025-10-03,2025-10-03 08:19:11,single_day,regular,,Admission Générale,Shotgun,52.73,59.6,1,1
2025-09-05,2025-09-05 16:04:58,single_day,regular,,Admission Générale,Shotgun,52.73,59.6,1,1
2025-09-05,2025-09-05 16:04:58,single_day,regular,,Admission Générale,Shotgun,52.73,59.6,1,1
2025-09-05,2025-09-05 16:44:10,single_day,early_entry,,Entrée avant 21h,Shotgun,43.64,49.32,1,1
2025-09-05,2025-09-05 16:44:10,single_day,early_entry,,Entrée avant 21h,Shotgun,43.64,49.32,1,1
2025-09-05,2025-09-05 17:28:17,single_day,early_entry,,Entrée avant 21h,Shotgun,43.64,49.32,1,1
2025-09-05,2025-09-05 17:28:17,single_day,early_entry,,Entrée avant 21h,Shotgun,43.64,49.32,1,1
2025-09-05,2025-09-05 18:20:20,single_day,regular,,Admission Générale,Shotgun,52.73,59.6,1,1
2025-10-03,2025-10-03 11:55:14,single_day,regular,,Admission Générale,Shotgun,52.73,59.6,1,1
2025-09-05,2025-09-05 20:38:31,single_day,regular,,Admission Générale,Shotgun,52.73,59.6,1,1
2025-09-05,2025-09-05 20:43:39,single_day,regular,,Admission Générale,Shotgun,52.73,59.6,1,1
2025-09-05,2025-09-05 21:40:08,single_day,vip,,Tickets Backstage,Shotgun,120.0,135.63,1,1
2025-09-05,2025-09-05 21:40:08,single_day,vip,,Tickets Backstage,Shotgun,120.0,135.63,1,1
2025-09-05,2025-09-05 22:05:12,single_day,early_entry,,Entrée avant 21h,Shotgun,43.64,49.32,1,1
2025-09-05,2025-09-05 23:02:29,single_day,early_entry,,Entrée avant 21h,Shotgun,43.64,49.32,1,1
2025-09-05,2025-09-05 23:02:29,single_day,early_entry,,Entrée avant 21h,Shotgun,43.64,49.32,1,1
2025-10-03,2025-10-03 19:15:33,single_day,regular,,Admission Générale,Shotgun,52.73,59.6,1,1
2025-10-03,2025-10-03 19:15:33,single_day,regular,,Admission Générale,Shotgun,52.73,59.6,1,1
2025-10-03,2025-10-03 18:39:31,single_day,regular,,Admission Générale,Shotgun,52.73,59.6,1,1
2025-10-03,2025-10-03 15:53:44,single_day,regular,,Admission Générale,Shotgun,52.73,59.6,1,1
2025-10-03,2025-10-03 15:53:44,single_day,regular,,Admission Générale,Shotgun,52.73,59.6,1,1
2025-10-03,2025-10-03 19:23:53,single_day,regular,,Admission Générale,Shotgun,52.73,59.6,1,1
2025-09-06,2025-09-06 07:48:37,single_day,early_entry,,Entrée avant 21h,Shotgun,43.64,49.32,1,1
2025-09-06,2025-09-06 08:37:53,single_day,early_entry,,Entrée avant 21h,Shotgun,43.64,49.32,1,1
2025-09-06,2025-09-06 08:37:53,single_day,early_entry,,Entrée avant 21h,Shotgun,43.64,49.32,1,1
2025-09-06,2025-09-06 09:48:00,single_day,early_entry,,Entrée avant 21h,Shotgun,43.64,49.32,1,1
2025-09-06,2025-09-06 09:48:00,single_day,early_entry,,Entrée avant 21h,Shotgun,43.64,49.32,1,1
2025-09-06,2025-09-06 12:51:24,single_day,regular,,Admission Générale,Shotgun,52.73,59.6,1,1
2025-09-06,2025-09-06 13:53:00,single_day,early_entry,,Entrée avant 21h,Shotgun,43.64,49.32,1,1
2025-09-06,2025-09-06 14:17:49,single_day,early_entry,,Entrée avant 21h,Shotgun,43.64,49.32,1,1
2025-09-06,2025-09-06 14:17:49,single_day,early_entry,,Entrée avant 21h,Shotgun,43.64,49.32,1,1
2025-10-03,2025-10-03 23:44:12,single_day,regular,,Admission Générale,Shotgun,52.73,59.6,1,1
2025-09-06,2025-09-06 14:55:23,single_day,early_entry,,Entrée avant 21h,Shotgun,43.64,49.32,1,1
2025-10-03,2025-10-03 22:54:23,single_day,regular,,Admission Générale,Shotgun,52.73,59.6,1,1
2025-09-06,2025-09-06 18:08:10,single_day,early_entry,,Entrée avant 21h,Shotgun,43.64,49.32,1,1
2025-10-03,2025-10-03 21:11:59,single_day,regular,,Admission Générale,Shotgun,52.73,59.6,1,1
2025-10-03,2025-10-03 21:11:59,single_day,regular,,Admission Générale,Shotgun,52.73,59.6,1,1
2025-10-03,2025-10-03 21:11:59,single_day,regular,,Admission Générale,Shotgun,52.73,59.6,1,1
2025-09-06,2025-09-06 18:58:54,single_day,regular,,Admission Générale,Shotgun,52.73,59.6,1,1
2025-09-06,2025-09-06 18:58:54,single_day,regular,,Admission Générale,Shotgun,52.73,59.6,1,1
2025-09-06,2025-09-06 19:48:42,single_day,early_entry,,Entrée avant 21h,Shotgun,43.64,49.32,1,1
2025-09-06,2025-09-06 21:06:27,single_day,regular,,Admission Générale,Shotgun,52.73,59.6,1,1
2025-10-03,2025-10-03 14:51:03,single_day,regular,,Admission Générale,Shotgun,52.73,59.6,1,1
2025-09-05,2025-09-05 23:39:41,single_day,early_entry,,Entrée avant 21h,Shotgun,43.64,49.32,1,1
2025-10-03,2025-10-03 18:37:22,single_day,regular,,Admission Générale,Shotgun,52.73,59.6,1,1
2025-09-06,2025-09-06 01:52:48,single_day,regular,,Admission Générale,Shotgun,52.73,59.6,1,1
2025-09-06,2025-09-06 08:20:24,single_day,regular,,Admission Générale,Shotgun,52.73,59.6,1,1
2025-09-06,2025-09-06 08:20:24,single_day,regular,,Admission Générale,Shotgun,52.73,59.6,1,1
2025-09-06,2025-09-06 12:31:11,single_day,early_entry,,Entrée avant 21h,Shotgun,43.64,49.32,1,1
2025-10-03,2025-10-03 19:55:27,single_day,regular,,Admission Générale,Shotgun,52.73,59.6,1,1
2025-09-06,2025-09-06 14:08:44,single_day,early_entry,,Entrée avant 21h,Shotgun,43.64,49.32,1,1
2025-09-06,2025-09-06 14:08:44,single_day,early_entry,,Entrée avant 21h,Shotgun,43.64,49.32,1,1
2025-09-06,2025-09-06 14:20:43,single_day,regular,,Admission Générale,Shotgun,52.73,59.6,1,1
2025-10-03,2025-10-03 20:45:07,single_day,regular,,Admission Générale,Shotgun,52.73,59.6,1,1
2025-10-03,2025-10-03 20:45:07,single_day,regular,,Admission Générale,Shotgun,52.73,59.6,1,1
2025-10-03,2025-10-03 20:45:07,single_day,regular,,Admission Générale,Shotgun,52.73,59.6,1,1
2025-10-03,2025-10-03 20:54:42,single_day,regular,,Admission Générale,Shotgun,52.73,59.6,1,1
2025-09-06,2025-09-06 18:52:42,single_day,regular,,Admission Générale,Shotgun,52.73,59.6,1,1
2025-10-03,2025-10-03 21:40:11,single_day,regular,,Admission Générale,Shotgun,52.73,59.6,1,1
2025-09-06,2025-09-06 21:23:42,single_day,regular,,Admission Générale,Shotgun,52.73,59.6,1,1
2025-09-06,2025-09-06 21:50:43,single_day,early_entry,,Entrée avant 21h,Shotgun,43.64,49.32,1,1
2025-09-06,2025-09-06 22:32:21,single_day,regular,,Admission Générale,Shotgun,52.73,59.6,1,1
2025-09-06,2025-09-06 23:32:34,single_day,regular,,Admission Générale,Shotgun,52.73,59.6,1,1
2025-09-07,2025-09-07 02:19:13,single_day,early_entry,,Entrée avant 21h,Shotgun,43.64,49.32,1,1
2025-09-07,2025-09-07 11:50:12,single_day,early_entry,,Entrée avant 21h,Shotgun,43.64,49.32,1,1
2025-09-07,2025-09-07 12:01:56,single_day,regular,,Admission Générale,Shotgun,52.73,59.6,1,1
2025-09-07,2025-09-07 12:55:14,single_day,early_entry,,Entrée avant 21h,Shotgun,43.64,49.32,1,1
2025-09-07,2025-09-07 12:55:14,single_day,early_entry,,Entrée avant 21h,Shotgun,43.64,49.32,1,1
2025-09-07,2025-09-07 13:22:16,single_day,regular,,Admission Générale,Shotgun,52.73,59.6,1,1
2025-09-07,2025-09-07 14:14:08,single_day,early_entry,,Entrée avant 21h,Shotgun,43.64,49.32,1,1
2025-09-07,2025-09-07 15:39:24,single_day,early_entry,,Entrée avant 21h,Shotgun,43.64,49.32,1,1
2025-09-07,2025-09-07 15:39:24,single_day,early_entry,,Entrée avant 21h,Shotgun,43.64,49.32,1,1
2025-09-07,2025-09-07 15:46:23,single_day,early_entry,,Entrée avant 21h,Shotgun,43.64,49.32,1,1
2025-09-07,2025-09-07 15:46:23,single_day,early_entry,,Entrée avant 21h,Shotgun,43.64,49.32,1,1
2025-09-07,2025-09-07 17:06:09,single_day,regular,,Admission Générale,Shotgun,52.73,59.6,1,1
2025-10-04,2025-10-04 00:09:57,single_day,regular,,Admission Générale,Shotgun,52.73,59.6,1,1
2025-09-06,2025-09-06 21:17:09,single_day,early_entry,,Entrée avant 21h,Shotgun,43.64,49.32,1,1
2025-09-06,2025-09-06 21:17:09,single_day,early_entry,,Entrée avant 21h,Shotgun,43.64,49.32,1,1
2025-10-03,2025-10-03 21:51:45,single_day,regular,,Admission Générale,Shotgun,52.73,59.6,1,1
2025-10-03,2025-10-03 21:51:45,single_day,regular,,Admission Générale,Shotgun,52.73,59.6,1,1
2025-09-06,2025-09-06 22:53:28,single_day,regular,,Admission Générale,Shotgun,52.73,59.6,1,1
2025-09-06,2025-09-06 22:53:28,single_day,regular,,Admission Générale,Shotgun,52.73,59.6,1,1
2025-10-04,2025-10-04 12:32:02,single_day,regular,,Admission Générale,Shotgun,52.73,59.6,1,1
2025-09-07,2025-09-07 08:35:54,single_day,early_entry,,Entrée avant 21h,Shotgun,43.64,49.32,1,1
2025-09-07,2025-09-07 08:35:54,single_day,early_entry,,Entrée avant 21h,Shotgun,43.64,49.32,1,1
2025-09-07,2025-09-07 13:12:05,single_day,regular,,Admission Générale,Shotgun,52.73,59.6,1,1
2025-09-07,2025-09-07 13:12:05,single_day,regular,,Admission Générale,Shotgun,52.73,59.6,1,1
2025-10-04,2025-10-04 01:13:25,single_day,regular,,Admission Générale,Shotgun,52.73,59.6,1,1
2025-09-07,2025-09-07 14:14:08,single_day,early_entry,,Entrée avant 21h,Shotgun,43.64,49.32,1,1
2025-09-07,2025-09-07 19:07:44,single_day,early_entry,,Entrée avant 21h,Shotgun,43.64,49.32,1,1
2025-09-07,2025-09-07 19:07:44,single_day,early_entry,,Entrée avant 21h,Shotgun,43.64,49.32,1,1
2025-09-07,2025-09-07 20:20:56,single_day,regular,,Admission Générale,Shotgun,52.73,59.6,1,1
2025-09-07,2025-09-07 20:20:56,single_day,regular,,Admission Générale,Shotgun,52.73,59.6,1,1
2025-09-08,2025-09-08 00:12:54,single_day,early_entry,,Entrée avant 21h,Shotgun,43.64,49.32,1,1
2025-09-08,2025-09-08 01:05:02,single_day,early_entry,,Entrée avant 21h,Shotgun,43.64,49.32,1,1
2025-09-08,2025-09-08 09:42:11,single_day,early_entry,,Entrée avant 21h,Shotgun,43.64,49.32,1,1
2025-09-08,2025-09-08 09:42:11,single_day,early_entry,,Entrée avant 21h,Shotgun,43.64,49.32,1,1
2025-09-08,2025-09-08 09:42:11,single_day,early_entry,,Entrée avant 21h,Shotgun,43.64,49.32,1,1
2025-09-08,2025-09-08 10:44:03,single_day,early_entry,,Entrée avant 21h,Shotgun,43.64,49.32,1,1
2025-10-04,2025-10-04 08:44:29,single_day,regular,,Admission Générale,Shotgun,52.73,59.6,1,1
2025-09-08,2025-09-08 13:42:23,single_day,early_entry,,Entrée avant 21h,Shotgun,43.64,49.32,1,1
2025-09-08,2025-09-08 14:12:16,single_day,early_entry,,Entrée avant 21h,Shotgun,43.64,49.32,1,1
2025-09-08,2025-09-08 14:12:16,single_day,early_entry,,Entrée avant 21h,Shotgun,43.64,49.32,1,1
2025-09-08,2025-09-08 15:49:09,single_day,early_entry,,Entrée avant 21h,Shotgun,43.64,49.32,1,1
2025-09-08,2025-09-08 15:49:09,single_day,early_entry,,Entrée avant 21h,Shotgun,43.64,49.32,1,1
2025-09-08,2025-09-08 16:14:29,single_day,early_entry,,Entrée avant 21h,Shotgun,43.64,49.32,1,1
2025-10-04,2025-10-04 10:16:46,single_day,regular,,Admission Générale,Shotgun,52.73,59.6,1,1
2025-10-04,2025-10-04 10:53:52,single_day,regular,,Admission Générale,Shotgun,52.73,59.6,1,1
2025-09-07,2025-09-07 18:25:49,single_day,regular,,Admission Générale,Shotgun,52.73,59.6,1,1
2025-09-07,2025-09-07 18:25:49,single_day,regular,,Admission Générale,Shotgun,52.73,59.6,1,1
2025-09-07,2025-09-07 19:48:27,single_day,early_entry,,Entrée avant 21h,Shotgun,43.64,49.32,1,1
2025-09-07,2025-09-07 19:48:27,single_day,early_entry,,Entrée avant 21h,Shotgun,43.64,49.32,1,1
2025-09-07,2025-09-07 22:11:36,single_day,regular,,Admission Générale,Shotgun,52.73,59.6,1,1
2025-09-08,2025-09-08 08:24:03,single_day,regular,,Admission Générale,Shotgun,52.73,59.6,1,1
2025-09-08,2025-09-08 10:11:35,single_day,regular,,Admission Générale,Shotgun,52.73,59.6,1,1
2025-09-08,2025-09-08 10:11:35,single_day,regular,,Admission Générale,Shotgun,52.73,59.6,1,1
2025-10-04,2025-10-04 12:00:08,single_day,regular,,Admission Générale,Shotgun,52.73,59.6,1,1
2025-10-04,2025-10-04 12:00:08,single_day,regular,,Admission Générale,Shotgun,52.73,59.6,1,1
2025-10-04,2025-10-04 12:55:53,single_day,regular,,Admission Générale,Shotgun,52.73,59.6,1,1
2025-09-08,2025-09-08 13:55:05,single_day,early_entry,,Entrée avant 21h,Shotgun,43.64,49.32,1,1
2025-09-08,2025-09-08 15:00:42,single_day,early_entry,,Entrée avant 21h,Shotgun,43.64,49.32,1,1
2025-09-08,2025-09-08 15:00:42,single_day,early_entry,,Entrée avant 21h,Shotgun,43.64,49.32,1,1
2025-10-04,2025-10-04 10:05:39,single_day,regular,,Admission Générale,Shotgun,52.73,59.6,1,1
2025-10-04,2025-10-04 12:21:24,single_day,regular,,Admission Générale,Shotgun,52.73,59.6,1,1
2025-10-04,2025-10-04 12:21:24,single_day,regular,,Admission Générale,Shotgun,52.73,59.6,1,1
2025-10-04,2025-10-04 13:20:59,single_day,regular,,Admission Générale,Shotgun,52.73,59.6,1,1
2025-09-08,2025-09-08 18:01:55,single_day,early_entry,,Entrée avant 21h,Shotgun,43.64,49.32,1,1
2025-09-08,2025-09-08 18:32:23,single_day,early_entry,,Entrée avant 21h,Shotgun,43.64,49.32,1,1
2025-09-08,2025-09-08 18:53:50,single_day,early_entry,,Entrée avant 21h,Shotgun,43.64,49.32,1,1
2025-09-08,2025-09-08 18:53:50,single_day,early_entry,,Entrée avant 21h,Shotgun,43.64,49.32,1,1
2025-09-08,2025-09-08 18:53:50,single_day,early_entry,,Entrée avant 21h,Shotgun,43.64,49.32,1,1
2025-09-08,2025-09-08 18:53:50,single_day,early_entry,,Entrée avant 21h,Shotgun,43.64,49.32,1,1
2025-10-04,2025-10-04 18:37:25,single_day,regular,,Admission Générale,Shotgun,52.73,59.6,1,1
2025-10-04,2025-10-04 18:37:53,single_day,regular,,Admission Générale,Shotgun,52.73,59.6,1,1
2025-10-04,2025-10-04 18:37:53,single_day,regular,,Admission Générale,Shotgun,52.73,59.6,1,1
2025-10-04,2025-10-04 20:13:08,single_day,regular,,Admission Générale,Shotgun,52.73,59.6,1,1
2025-09-08,2025-09-08 20:13:50,single_day,regular,,Admission Générale,Shotgun,52.73,59.6,1,1
2025-09-08,2025-09-08 21:08:27,single_day,regular,,Admission Générale,Shotgun,52.73,59.6,1,1
2025-09-08,2025-09-08 21:25:08,single_day,early_entry,,Entrée avant 21h,Shotgun,43.64,49.32,1,1
2025-09-08,2025-09-08 21:32:57,single_day,early_entry,,Entrée avant 21h,Shotgun,43.64,49.32,1,1
2025-09-08,2025-09-08 21:48:28,single_day,regular,,Admission Générale,Shotgun,52.73,59.6,1,1
2025-09-08,2025-09-08 22:45:05,single_day,early_entry,,Entrée avant 21h,Shotgun,43.64,49.32,1,1
2025-09-08,2025-09-08 22:45:05,single_day,early_entry,,Entrée avant 21h,Shotgun,43.64,49.32,1,1
2025-09-09,2025-09-09 01:05:10,single_day,regular,,Admission Générale,Shotgun,52.73,59.6,1,1
2025-09-09,2025-09-09 06:10:45,single_day,early_entry,,Entrée avant 21h,Shotgun,43.64,49.32,1,1
2025-09-09,2025-09-09 06:10:45,single_day,early_entry,,Entrée avant 21h,Shotgun,43.64,49.32,1,1
2025-09-09,2025-09-09 08:33:17,single_day,regular,,Admission Générale,Shotgun,52.73,59.6,1,1
2025-09-08,2025-09-08 17:04:58,single_day,early_entry,,Entrée avant 21h,Shotgun,43.64,49.32,1,1
2025-09-08,2025-09-08 17:04:58,single_day,early_entry,,Entrée avant 21h,Shotgun,43.64,49.32,1,1
2025-10-04,2025-10-04 13:26:16,single_day,regular,,Admission Générale,Shotgun,52.73,59.6,1,1
2025-10-04,2025-10-04 13:26:16,single_day,regular,,Admission Générale,Shotgun,52.73,59.6,1,1
2025-09-08,2025-09-08 17:46:26,single_day,early_entry,,Entrée avant 21h,Shotgun,43.64,49.32,1,1
2025-09-08,2025-09-08 18:34:18,single_day,early_entry,,Entrée avant 21h,Shotgun,43.64,49.32,1,1
2025-09-08,2025-09-08 18:54:58,single_day,early_entry,,Entrée avant 21h,Shotgun,43.64,49.32,1,1
2025-09-08,2025-09-08 19:12:00,single_day,regular,,Admission Générale,Shotgun,52.73,59.6,1,1
2025-10-04,2025-10-04 14:37:18,single_day,regular,,Admission Générale,Shotgun,52.73,59.6,1,1
2025-10-04,2025-10-04 20:50:51,single_day,regular,,Admission Générale,Shotgun,52.73,59.6,1,1
2025-10-04,2025-10-04 20:50:51,single_day,regular,,Admission Générale,Shotgun,52.73,59.6,1,1
2025-10-04,2025-10-04 20:09:59,single_day,regular,,Admission Générale,Shotgun,52.73,59.6,1,1
2025-10-04,2025-10-04 20:09:59,single_day,regular,,Admission Générale,Shotgun,52.73,59.6,1,1
2025-10-04,2025-10-04 20:09:59,single_day,regular,,Admission Générale,Shotgun,52.73,59.6,1,1
2025-09-09,2025-09-09 06:11:48,single_day,early_entry,,Entrée avant 21h,Shotgun,43.64,49.32,1,1
2025-10-04,2025-10-04 16:10:37,single_day,regular,,Admission Générale,Shotgun,52.73,59.6,1,1
2025-10-04,2025-10-04 16:20:21,single_day,regular,,Admission Générale,Shotgun,52.73,59.6,1,1
2025-10-04,2025-10-04 16:34:41,single_day,regular,,Admission Générale,Shotgun,52.73,59.6,1,1
2025-10-04,2025-10-04 16:34:41,single_day,regular,,Admission Générale,Shotgun,52.73,59.6,1,1
2025-10-04,2025-10-04 16:34:41,single_day,regular,,Admission Générale,Shotgun,52.73,59.6,1,1
2025-09-09,2025-09-09 14:46:46,single_day,early_entry,,Entrée avant 21h,Shotgun,43.64,49.32,1,1
2025-09-09,2025-09-09 16:05:05,single_day,early_entry,,Entrée avant 21h,Shotgun,43.64,49.32,1,1
2025-09-09,2025-09-09 16:05:05,single_day,early_entry,,Entrée avant 21h,Shotgun,43.64,49.32,1,1
2025-09-09,2025-09-09 16:05:05,single_day,early_entry,,Entrée avant 21h,Shotgun,43.64,49.32,1,1
2025-09-09,2025-09-09 16:33:47,single_day,regular,,Admission Générale,Shotgun,52.73,59.6,1,1
2025-09-09,2025-09-09 17:44:43,single_day,regular,,Admission Générale,Shotgun,52.73,59.6,1,1
2025-09-09,2025-09-09 18:20:15,single_day,early_entry,,Entrée avant 21h,Shotgun,43.64,49.32,1,1
2025-09-09,2025-09-09 18:20:15,single_day,early_entry,,Entrée avant 21h,Shotgun,43.64,49.32,1,1
2025-09-09,2025-09-09 18:33:00,single_day,early_entry,,Entrée avant 21h,Shotgun,43.64,49.32,1,1
2025-09-09,2025-09-09 19:23:09,single_day,regular,,Admission Générale,Shotgun,52.73,59.6,1,1
2025-09-09,2025-09-09 19:23:09,single_day,regular,,Admission Générale,Shotgun,52.73,59.6,1,1
2025-09-09,2025-09-09 19:23:09,single_day,regular,,Admission Générale,Shotgun,52.73,59.6,1,1
2025-09-09,2025-09-09 19:25:50,single_day,regular,,Admission Générale,Shotgun,52.73,59.6,1,1
2025-09-09,2025-09-09 19:25:50,single_day,regular,,Admission Générale,Shotgun,52.73,59.6,1,1
2025-10-04,2025-10-04 17:44:08,single_day,regular,,Admission Générale,Shotgun,52.73,59.6,1,1
2025-10-04,2025-10-04 17:49:55,single_day,regular,,Admission Générale,Shotgun,52.73,59.6,1,1
2025-09-09,2025-09-09 08:38:52,single_day,regular,,Admission Générale,Shotgun,52.73,59.6,1,1
2025-09-09,2025-09-09 11:10:02,single_day,vip,,Tickets Backstage,Shotgun,120.0,135.63,1,1
2025-09-09,2025-09-09 11:40:54,single_day,regular,,Admission Générale,Shotgun,52.73,59.6,1,1
2025-09-09,2025-09-09 13:28:27,single_day,regular,,Admission Générale,Shotgun,52.73,59.6,1,1
2025-10-04,2025-10-04 20:44:20,single_day,regular,,Admission Générale,Shotgun,52.73,59.6,1,1
2025-09-09,2025-09-09 14:46:46,single_day,early_entry,,Entrée avant 21h,Shotgun,43.64,49.32,1,1
2025-09-09,2025-09-09 16:36:41,single_day,early_entry,,Entrée avant 21h,Shotgun,43.64,49.32,1,1
2025-09-09,2025-09-09 16:37:10,single_day,early_entry,,Entrée avant 21h,Shotgun,43.64,49.32,1,1
2025-10-04,2025-10-04 19:27:40,single_day,regular,,Admission Générale,Shotgun,52.73,59.6,1,1
2025-10-04,2025-10-04 19:32:33,single_day,regular,,Admission Générale,Shotgun,52.73,59.6,1,1
2025-09-09,2025-09-09 18:23:00,single_day,early_entry,,Entrée avant 21h,Shotgun,43.64,49.32,1,1
2025-09-09,2025-09-09 18:23:00,single_day,early_entry,,Entrée avant 21h,Shotgun,43.64,49.32,1,1
2025-09-09,2025-09-09 19:04:40,single_day,regular,,Admission Générale,Shotgun,52.73,59.6,1,1
2025-10-04,2025-10-04 20:47:11,single_day,regular,,Admission Générale,Shotgun,52.73,59.6,1,1
2025-10-04,2025-10-04 20:47:11,single_day,regular,,Admission Générale,Shotgun,52.73,59.6,1,1
2025-10-04,2025-10-04 20:47:11,single_day,regular,,Admission Générale,Shotgun,52.73,59.6,1,1
2025-10-04,2025-10-04 19:42:14,single_day,regular,,Admission Générale,Shotgun,52.73,59.6,1,1
2025-10-04,2025-10-04 19:42:14,single_day,regular,,Admission Générale,Shotgun,52.73,59.6,1,1
2025-09-09,2025-09-09 20:33:14,single_day,early_entry,,Entrée avant 21h,Shotgun,43.64,49.32,1,1
2025-09-09,2025-09-09 20:43:49,single_day,regular,,Admission Générale,Shotgun,52.73,59.6,1,1
2025-09-09,2025-09-09 20:43:49,single_day,regular,,Admission Générale,Shotgun,52.73,59.6,1,1
2025-09-09,2025-09-09 23:29:02,single_day,early_entry,,Entrée avant 21h,Shotgun,43.64,49.32,1,1
2025-09-09,2025-09-09 23:29:02,single_day,early_entry,,Entrée avant 21h,Shotgun,43.64,49.32,1,1
2025-09-09,2025-09-09 23:50:56,single_day,early_entry,,Entrée avant 21h,Shotgun,43.64,49.32,1,1
2025-09-10,2025-09-10 05:20:27,single_day,regular,,Admission Générale,Shotgun,52.73,59.6,1,1
2025-09-10,2025-09-10 07:34:32,single_day,regular,,Admission Générale,Shotgun,52.73,59.6,1,1
2025-09-10,2025-09-10 07:34:32,single_day,regular,,Admission Générale,Shotgun,52.73,59.6,1,1
2025-09-10,2025-09-10 07:34:32,single_day,regular,,Admission Générale,Shotgun,52.73,59.6,1,1
2025-09-10,2025-09-10 08:30:31,single_day,regular,,Admission Générale,Shotgun,52.73,59.6,1,1
2025-10-04,2025-10-04 21:11:08,single_day,regular,,Admission Générale,Shotgun,52.73,59.6,1,1
2025-09-10,2025-09-10 12:06:20,single_day,regular,,Admission Générale,Shotgun,52.73,59.6,1,1
2025-09-10,2025-09-10 13:27:05,single_day,regular,,Admission Générale,Shotgun,52.73,59.6,1,1
2025-09-10,2025-09-10 14:19:27,single_day,regular,,Admission Générale,Shotgun,52.73,59.6,1,1
2025-09-10,2025-09-10 16:23:00,single_day,early_entry,,Entrée avant 21h,Shotgun,43.64,49.32,1,1
2025-09-10,2025-09-10 16:42:16,single_day,early_entry,,Entrée avant 21h,Shotgun,43.64,49.32,1,1
2025-10-04,2025-10-04 22:13:30,single_day,regular,,Admission Générale,Shotgun,52.73,59.6,1,1
2025-09-09,2025-09-09 20:45:09,single_day,early_entry,,Entrée avant 21h,Shotgun,43.64,49.32,1,1
2025-09-09,2025-09-09 20:45:09,single_day,early_entry,,Entrée avant 21h,Shotgun,43.64,49.32,1,1
2025-09-09,2025-09-09 20:45:09,single_day,early_entry,,Entrée avant 21h,Shotgun,43.64,49.32,1,1
2025-09-09,2025-09-09 22:01:38,single_day,early_entry,,Entrée avant 21h,Shotgun,43.64,49.32,1,1
2025-09-09,2025-09-09 22:01:38,single_day,early_entry,,Entrée avant 21h,Shotgun,43.64,49.32,1,1
2025-09-10,2025-09-10 00:33:41,single_day,regular,,Admission Générale,Shotgun,52.73,59.6,1,1
2025-09-10,2025-09-10 08:23:21,single_day,early_entry,,Entrée avant 21h,Shotgun,43.64,49.32,1,1
2025-09-10,2025-09-10 11:06:15,single_day,early_entry,,Entrée avant 21h,Shotgun,43.64,49.32,1,1
2025-09-10,2025-09-10 12:37:36,single_day,early_entry,,Entrée avant 21h,Shotgun,43.64,49.32,1,1
2025-09-10,2025-09-10 12:37:36,single_day,early_entry,,Entrée avant 21h,Shotgun,43.64,49.32,1,1
2025-09-10,2025-09-10 14:15:02,single_day,early_entry,,Entrée avant 21h,Shotgun,43.64,49.32,1,1
2025-10-04,2025-10-04 22:06:53,single_day,regular,,Admission Générale,Shotgun,52.73,59.6,1,1
2025-09-10,2025-09-10 16:28:38,single_day,early_entry,,Entrée avant 21h,Shotgun,43.64,49.32,1,1
2025-09-10,2025-09-10 16:28:38,single_day,early_entry,,Entrée avant 21h,Shotgun,43.64,49.32,1,1
2025-10-04,2025-10-04 22:13:24,single_day,regular,,Admission Générale,Shotgun,52.73,59.6,1,1
2025-09-10,2025-09-10 17:58:23,single_day,early_entry,,Entrée avant 21h,Shotgun,43.64,49.32,1,1
2025-09-10,2025-09-10 17:58:36,single_day,early_entry,,Entrée avant 21h,Shotgun,43.64,49.32,1,1
2025-09-10,2025-09-10 17:58:36,single_day,early_entry,,Entrée avant 21h,Shotgun,43.64,49.32,1,1
2025-09-10,2025-09-10 19:09:03,single_day,regular,,Admission Générale,Shotgun,52.73,59.6,1,1
2025-09-10,2025-09-10 20:31:27,single_day,early_entry,,Entrée avant 21h,Shotgun,43.64,49.32,1,1
2025-09-11,2025-09-11 09:59:07,single_day,early_entry,,Entrée avant 21h,Shotgun,43.64,49.32,1,1
2025-09-11,2025-09-11 10:05:52,single_day,early_entry,,Entrée avant 21h,Shotgun,43.64,49.32,1,1
2025-10-05,2025-10-05 15:59:59,single_day,regular,,Admission Générale,Shotgun,52.73,59.6,1,1
2025-09-11,2025-09-11 12:03:07,single_day,regular,,Admission Générale,Shotgun,52.73,59.6,1,1
2025-09-11,2025-09-11 12:03:07,single_day,regular,,Admission Générale,Shotgun,52.73,59.6,1,1
2025-09-10,2025-09-10 17:29:48,single_day,early_entry,,Entrée avant 21h,Shotgun,43.64,49.32,1,1
2025-09-10,2025-09-10 17:59:47,single_day,early_entry,,Entrée avant 21h,Shotgun,43.64,49.32,1,1
2025-09-10,2025-09-10 17:54:36,single_day,regular,,Admission Générale,Shotgun,52.73,59.6,1,1
2025-09-10,2025-09-10 17:54:36,single_day,regular,,Admission Générale,Shotgun,52.73,59.6,1,1
2025-09-10,2025-09-10 19:08:59,single_day,regular,,Admission Générale,Shotgun,52.73,59.6,1,1
2025-10-04,2025-10-04 23:04:58,single_day,regular,,Admission Générale,Shotgun,52.73,59.6,1,1
2025-10-04,2025-10-04 23:04:58,single_day,regular,,Admission Générale,Shotgun,52.73,59.6,1,1
2025-10-04,2025-10-04 23:04:58,single_day,regular,,Admission Générale,Shotgun,52.73,59.6,1,1
2025-09-10,2025-09-10 20:31:42,single_day,early_entry,,Entrée avant 21h,Shotgun,43.64,49.32,1,1
2025-09-10,2025-09-10 21:42:20,single_day,regular,,Admission Générale,Shotgun,52.73,59.6,1,1
2025-09-10,2025-09-10 21:42:20,single_day,regular,,Admission Générale,Shotgun,52.73,59.6,1,1
2025-09-11,2025-09-11 11:36:34,single_day,early_entry,,Entrée avant 21h,Shotgun,43.64,49.32,1,1
2025-09-11,2025-09-11 11:36:34,single_day,early_entry,,Entrée avant 21h,Shotgun,43.64,49.32,1,1
2025-09-11,2025-09-11 11:36:34,single_day,early_entry,,Entrée avant 21h,Shotgun,43.64,49.32,1,1
2025-10-05,2025-10-05 04:08:15,single_day,regular,,Admission Générale,Shotgun,52.73,59.6,1,1
2025-09-11,2025-09-11 14:48:29,single_day,early_entry,,Entrée avant 21h,Shotgun,43.64,49.32,1,1
2025-09-11,2025-09-11 16:11:21,single_day,regular,,Admission Générale,Shotgun,52.73,59.6,1,1
2025-09-11,2025-09-11 16:11:21,single_day,regular,,Admission Générale,Shotgun,52.73,59.6,1,1
2025-09-11,2025-09-11 16:11:21,single_day,regular,,Admission Générale,Shotgun,52.73,59.6,1,1
2025-09-11,2025-09-11 16:11:21,single_day,regular,,Admission Générale,Shotgun,52.73,59.6,1,1
2025-09-11,2025-09-11 16:11:21,single_day,regular,,Admission Générale,Shotgun,52.73,59.6,1,1
2025-09-11,2025-09-11 17:18:54,single_day,early_entry,,Entrée avant 21h,Shotgun,43.64,49.32,1,1
2025-09-11,2025-09-11 17:18:54,single_day,early_entry,,Entrée avant 21h,Shotgun,43.64,49.32,1,1
2025-10-05,2025-10-05 09:53:58,single_day,regular,,Admission Générale,Shotgun,52.73,59.6,1,1
2025-09-11,2025-09-11 20:14:23,single_day,early_entry,,Entrée avant 21h,Shotgun,43.64,49.32,1,1
2025-09-11,2025-09-11 20:42:39,single_day,early_entry,,Entrée avant 21h,Shotgun,43.64,49.32,1,1
2025-09-11,2025-09-11 20:47:01,single_day,regular,,Admission Générale,Shotgun,52.73,59.6,1,1
2025-09-11,2025-09-11 20:47:01,single_day,regular,,Admission Générale,Shotgun,52.73,59.6,1,1
2025-10-05,2025-10-05 11:18:08,single_day,regular,,Admission Générale,Shotgun,52.73,59.6,1,1
2025-10-05,2025-10-05 11:46:00,single_day,regular,,Admission Générale,Shotgun,52.73,59.6,1,1
2025-10-05,2025-10-05 12:11:51,single_day,regular,,Admission Générale,Shotgun,52.73,59.6,1,1
2025-10-05,2025-10-05 12:11:51,single_day,regular,,Admission Générale,Shotgun,52.73,59.6,1,1
2025-10-05,2025-10-05 12:43:54,single_day,regular,,Admission Générale,Shotgun,52.73,59.6,1,1
2025-10-05,2025-10-05 13:18:29,single_day,regular,,Admission Générale,Shotgun,52.73,59.6,1,1
2025-10-05,2025-10-05 13:18:29,single_day,regular,,Admission Générale,Shotgun,52.73,59.6,1,1
2025-09-11,2025-09-11 13:18:24,single_day,early_entry,,Entrée avant 21h,Shotgun,43.64,49.32,1,1
2025-09-11,2025-09-11 13:18:24,single_day,early_entry,,Entrée avant 21h,Shotgun,43.64,49.32,1,1
2025-10-05,2025-10-05 18:35:20,single_day,regular,,Admission Générale,Shotgun,52.73,59.6,1,1
2025-10-05,2025-10-05 18:35:20,single_day,regular,,Admission Générale,Shotgun,52.73,59.6,1,1
2025-09-11,2025-09-11 14:44:53,single_day,regular,,Admission Générale,Shotgun,52.73,59.6,1,1
2025-09-11,2025-09-11 17:00:40,single_day,early_entry,,Entrée avant 21h,Shotgun,43.64,49.32,1,1
2025-09-11,2025-09-11 17:04:45,single_day,early_entry,,Entrée avant 21h,Shotgun,43.64,49.32,1,1
2025-09-11,2025-09-11 20:43:22,single_day,early_entry,,Entrée avant 21h,Shotgun,43.64,49.32,1,1
2025-10-05,2025-10-05 10:40:36,single_day,regular,,Admission Générale,Shotgun,52.73,59.6,1,1
2025-10-05,2025-10-05 10:40:36,single_day,regular,,Admission Générale,Shotgun,52.73,59.6,1,1
2025-10-05,2025-10-05 11:08:12,single_day,regular,,Admission Générale,Shotgun,52.73,59.6,1,1
2025-10-05,2025-10-05 11:08:12,single_day,regular,,Admission Générale,Shotgun,52.73,59.6,1,1
2025-09-12,2025-09-12 01:55:12,single_day,regular,,Admission Générale,Shotgun,52.73,59.6,1,1
2025-10-05,2025-10-05 12:27:18,single_day,regular,,Admission Générale,Shotgun,52.73,59.6,1,1
2025-10-05,2025-10-05 12:43:44,single_day,regular,,Admission Générale,Shotgun,52.73,59.6,1,1
2025-09-12,2025-09-12 09:55:34,single_day,regular,,Admission Générale,Shotgun,52.73,59.6,1,1
2025-09-12,2025-09-12 09:55:34,single_day,regular,,Admission Générale,Shotgun,52.73,59.6,1,1
2025-10-05,2025-10-05 13:40:22,single_day,regular,,Admission Générale,Shotgun,52.73,59.6,1,1
2025-10-05,2025-10-05 18:12:03,single_day,regular,,Admission Générale,Shotgun,52.73,59.6,1,1
2025-10-05,2025-10-05 18:12:45,single_day,regular,,Admission Générale,Shotgun,52.73,59.6,1,1
2025-10-05,2025-10-05 19:32:04,single_day,regular,,Admission Générale,Shotgun,52.73,59.6,1,1
2025-10-05,2025-10-05 15:25:47,single_day,regular,,Admission Générale,Shotgun,52.73,59.6,1,1
2025-10-05,2025-10-05 15:25:47,single_day,regular,,Admission Générale,Shotgun,52.73,59.6,1,1
2025-10-06,2025-10-06 09:15:58,single_day,regular,,Admission Générale,Shotgun,54.0,61.03,1,1
2025-10-06,2025-10-06 09:15:58,single_day,regular,,Admission Générale,Shotgun,54.0,61.03,1,1
2025-10-06,2025-10-06 14:06:38,single_day,early_entry,,Entrée avant 21h,Shotgun,50.0,56.51,1,1
2025-08-26,2025-08-26 13:01:41,single_day,early_entry,,Entrée avant 21h,Shotgun,43.64,49.32,1,1
2025-10-06,2025-10-06 10:10:20,single_day,invitation,,Admission Générale,Shotgun,0.0,0.0,1,0
2025-10-06,2025-10-06 10:10:20,single_day,invitation,,Admission Générale,Shotgun,0.0,0.0,1,0
2025-10-06,2025-10-06 10:14:09,single_day,regular,,Admission Générale,Shotgun,54.0,61.03,1,1
2025-10-05,2025-10-05 21:22:25,single_day,early_entry,,Entrée avant 21h,Shotgun,50.0,56.51,1,1
2025-10-06,2025-10-06 10:10:21,single_day,invitation,,Admission Générale,Shotgun,0.0,0.0,1,0
2025-10-06,2025-10-06 10:10:21,single_day,invitation,,Admission Générale,Shotgun,0.0,0.0,1,0
2025-10-05,2025-10-05 13:26:54,single_day,regular,,Admission Générale,Shotgun,52.73,59.6,1,1
2025-10-05,2025-10-05 13:26:54,single_day,regular,,Admission Générale,Shotgun,52.73,59.6,1,1
2025-10-05,2025-10-05 19:24:43,single_day,regular,,Admission Générale,Shotgun,52.73,59.6,1,1
2025-10-05,2025-10-05 19:24:43,single_day,regular,,Admission Générale,Shotgun,52.73,59.6,1,1
2025-10-05,2025-10-05 18:12:24,single_day,regular,,Admission Générale,Shotgun,52.73,59.6,1,1
2025-10-05,2025-10-05 15:19:20,single_day,regular,,Admission Générale,Shotgun,52.73,59.6,1,1
2025-10-05,2025-10-05 19:37:44,single_day,regular,,Admission Générale,Shotgun,52.73,59.6,1,1
2025-09-12,2025-09-12 12:32:04,single_day,regular,,Admission Générale,Shotgun,52.73,59.6,1,1
2025-10-05,2025-10-05 20:43:10,single_day,regular,,Admission Générale,Shotgun,52.73,59.6,1,1
2025-09-12,2025-09-12 13:45:42,single_day,early_entry,,Entrée avant 21h,Shotgun,43.64,49.32,1,1
2025-09-12,2025-09-12 13:45:42,single_day,early_entry,,Entrée avant 21h,Shotgun,43.64,49.32,1,1
2025-10-05,2025-10-05 20:59:18,single_day,regular,,Admission Générale,Shotgun,54.0,61.03,1,1
2025-09-12,2025-09-12 15:15:46,single_day,early_entry,,Entrée avant 21h,Shotgun,43.64,49.32,1,1
2025-09-12,2025-09-12 15:15:46,single_day,early_entry,,Entrée avant 21h,Shotgun,43.64,49.32,1,1
2025-10-05,2025-10-05 21:08:43,single_day,regular,,Admission Générale,Shotgun,54.0,61.03,1,1
2025-10-06,2025-10-06 10:10:21,single_day,invitation,,Admission Générale,Shotgun,0.0,0.0,1,0
2025-10-06,2025-10-06 10:10:21,single_day,invitation,,Admission Générale,Shotgun,0.0,0.0,1,0
2025-10-05,2025-10-05 21:24:33,single_day,early_entry,,Entrée avant 21h,Shotgun,50.0,56.51,1,1
2025-10-06,2025-10-06 16:21:55,single_day,early_entry,,Entrée avant 21h,Shotgun,50.0,56.51,1,1
2025-10-06,2025-10-06 16:21:55,single_day,early_entry,,Entrée avant 21h,Shotgun,50.0,56.51,1,1
2025-10-05,2025-10-05 22:21:29,single_day,regular,,Admission Générale,Shotgun,54.0,61.03,1,1
2025-10-05,2025-10-05 22:21:29,single_day,regular,,Admission Générale,Shotgun,54.0,61.03,1,1
2025-10-06,2025-10-06 15:40:47,single_day,early_entry,,Entrée avant 21h,Shotgun,50.0,56.51,1,1
2025-09-12,2025-09-12 19:02:30,single_day,regular,,Admission Générale,Shotgun,52.73,59.6,1,1
2025-09-12,2025-09-12 19:02:30,single_day,regular,,Admission Générale,Shotgun,52.73,59.6,1,1
2025-09-12,2025-09-12 22:51:50,single_day,regular,,Admission Générale,Shotgun,52.73,59.6,1,1
2025-09-12,2025-09-12 22:51:50,single_day,regular,,Admission Générale,Shotgun,52.73,59.6,1,1
2025-09-12,2025-09-12 22:56:33,single_day,regular,,Admission Générale,Shotgun,52.73,59.6,1,1
2025-09-12,2025-09-12 22:56:33,single_day,regular,,Admission Générale,Shotgun,52.73,59.6,1,1
2025-09-12,2025-09-12 23:40:35,single_day,regular,,Admission Générale,Shotgun,52.73,59.6,1,1
2025-09-13,2025-09-13 00:41:54,single_day,regular,,Admission Générale,Shotgun,52.73,59.6,1,1
2025-10-06,2025-10-06 15:12:45,single_day,early_entry,,Entrée avant 21h,Shotgun,50.0,56.51,1,1
2025-10-06,2025-10-06 10:10:20,single_day,invitation,,Admission Générale,Shotgun,0.0,0.0,1,0
2025-10-06,2025-10-06 10:10:20,single_day,invitation,,Admission Générale,Shotgun,0.0,0.0,1,0
2025-10-06,2025-10-06 10:10:21,single_day,invitation,,Admission Générale,Shotgun,0.0,0.0,1,0
2025-10-06,2025-10-06 10:10:21,single_day,invitation,,Admission Générale,Shotgun,0.0,0.0,1,0
2025-10-06,2025-10-06 10:14:07,single_day,regular,,Admission Générale,Shotgun,54.0,61.03,1,1
2025-10-06,2025-10-06 10:44:00,single_day,regular,,Admission Générale,Shotgun,54.0,61.03,1,1
2025-09-12,2025-09-12 16:14:09,single_day,early_entry,,Entrée avant 21h,Shotgun,43.64,49.32,1,1
2025-09-12,2025-09-12 16:39:22,single_day,regular,,Admission Générale,Shotgun,52.73,59.6,1,1
2025-08-10,2025-08-10 17:18:32,single_day,early_entry,,Entrée avant 21h,Shotgun,43.64,49.32,1,1
2025-10-05,2025-10-05 23:06:59,single_day,early_entry,,Entrée avant 21h,Shotgun,50.0,56.51,1,1
2025-10-05,2025-10-05 23:06:59,single_day,early_entry,,Entrée avant 21h,Shotgun,50.0,56.51,1,1
2025-10-06,2025-10-06 12:23:30,single_day,early_entry,,Entrée avant 21h,Shotgun,50.0,56.51,1,1
2025-09-12,2025-09-12 23:03:15,single_day,regular,,Admission Générale,Shotgun,52.73,59.6,1,1
2025-10-06,2025-10-06 13:04:30,single_day,regular,,Admission Générale,Shotgun,54.0,61.03,1,1
2025-10-06,2025-10-06 13:04:30,single_day,regular,,Admission Générale,Shotgun,54.0,61.03,1,1
2025-10-06,2025-10-06 15:53:17,single_day,regular,,Admission Générale,Shotgun,54.0,61.03,1,1
2025-09-13,2025-09-13 07:53:58,single_day,early_entry,,Entrée avant 21h,Shotgun,43.64,49.32,1,1
2025-09-13,2025-09-13 07:53:58,single_day,early_entry,,Entrée avant 21h,Shotgun,43.64,49.32,1,1
2025-09-13,2025-09-13 07:53:58,single_day,early_entry,,Entrée avant 21h,Shotgun,43.64,49.32,1,1
2025-09-13,2025-09-13 10:19:14,single_day,regular,,Admission Générale,Shotgun,52.73,59.6,1,1
2025-09-13,2025-09-13 10:19:14,single_day,regular,,Admission Générale,Shotgun,52.73,59.6,1,1
2025-09-13,2025-09-13 10:19:14,single_day,regular,,Admission Générale,Shotgun,52.73,59.6,1,1
2025-09-13,2025-09-13 13:37:35,single_day,regular,,Admission Générale,Shotgun,52.73,59.6,1,1
2025-09-13,2025-09-13 14:22:15,single_day,early_entry,,Entrée avant 21h,Shotgun,43.64,49.32,1,1
2025-09-13,2025-09-13 14:37:51,single_day,early_entry,,Entrée avant 21h,Shotgun,43.64,49.32,1,1
2025-09-13,2025-09-13 14:37:51,single_day,early_entry,,Entrée avant 21h,Shotgun,43.64,49.32,1,1
2025-09-13,2025-09-13 15:58:58,single_day,early_entry,,Entrée avant 21h,Shotgun,43.64,49.32,1,1
2025-09-13,2025-09-13 16:22:46,single_day,early_entry,,Entrée avant 21h,Shotgun,43.64,49.32,1,1
2025-10-06,2025-10-06 17:21:45,single_day,regular,,Admission Générale,Shotgun,54.0,61.03,1,1
2025-09-13,2025-09-13 18:10:15,single_day,early_entry,,Entrée avant 21h,Shotgun,43.64,49.32,1,1
2025-09-13,2025-09-13 19:36:43,single_day,regular,,Admission Générale,Shotgun,52.73,59.6,1,1
2025-09-13,2025-09-13 20:26:19,single_day,early_entry,,Entrée avant 21h,Shotgun,43.64,49.32,1,1
2025-09-13,2025-09-13 20:26:08,single_day,early_entry,,Entrée avant 21h,Shotgun,43.64,49.32,1,1
2025-09-13,2025-09-13 21:53:04,single_day,early_entry,,Entrée avant 21h,Shotgun,43.64,49.32,1,1
2025-09-13,2025-09-13 21:53:04,single_day,early_entry,,Entrée avant 21h,Shotgun,43.64,49.32,1,1
2025-10-06,2025-10-06 13:42:29,single_day,regular,,Admission Générale,Shotgun,54.0,61.03,1,1
2025-10-06,2025-10-06 13:56:46,single_day,early_entry,,Entrée avant 21h,Shotgun,50.0,56.51,1,1
2025-10-06,2025-10-06 13:56:46,single_day,early_entry,,Entrée avant 21h,Shotgun,50.0,56.51,1,1
2025-09-13,2025-09-13 09:42:50,single_day,regular,,Admission Générale,Shotgun,52.73,59.6,1,1
2025-10-06,2025-10-06 16:27:20,single_day,early_entry,,Entrée avant 21h,Shotgun,50.0,56.51,1,1
2025-09-13,2025-09-13 13:57:20,single_day,regular,,Admission Générale,Shotgun,52.73,59.6,1,1
2025-09-13,2025-09-13 13:57:20,single_day,regular,,Admission Générale,Shotgun,52.73,59.6,1,1
2025-09-13,2025-09-13 13:57:20,single_day,regular,,Admission Générale,Shotgun,52.73,59.6,1,1
2025-10-06,2025-10-06 19:38:53,single_day,regular,,Admission Générale,Shotgun,54.0,61.03,1,1
2025-09-13,2025-09-13 15:58:33,single_day,early_entry,,Entrée avant 21h,Shotgun,43.64,49.32,1,1
2025-10-06,2025-10-06 17:17:59,single_day,regular,,Admission Générale,Shotgun,54.0,61.03,1,1
2025-09-13,2025-09-13 17:42:06,single_day,early_entry,,Entrée avant 21h,Shotgun,43.64,49.32,1,1
2025-10-06,2025-10-06 17:36:27,single_day,regular,,Admission Générale,Shotgun,54.0,61.03,1,1
2025-10-06,2025-10-06 17:36:27,single_day,regular,,Admission Générale,Shotgun,54.0,61.03,1,1
2025-10-06,2025-10-06 17:58:52,single_day,early_entry,,Entrée avant 21h,Shotgun,50.0,56.51,1,1
2025-09-13,2025-09-13 20:26:02,single_day,early_entry,,Entrée avant 21h,Shotgun,43.64,49.32,1,1
2025-09-13,2025-09-13 21:16:18,single_day,early_entry,,Entrée avant 21h,Shotgun,43.64,49.32,1,1
2025-10-06,2025-10-06 18:33:54,single_day,regular,,Admission Générale,Shotgun,54.0,61.03,1,1
2025-09-14,2025-09-14 05:12:11,single_day,regular,,Admission Générale,Shotgun,52.73,59.6,1,1
2025-09-14,2025-09-14 09:04:22,single_day,regular,,Admission Générale,Shotgun,52.73,59.6,1,1
2025-09-14,2025-09-14 09:04:22,single_day,regular,,Admission Générale,Shotgun,52.73,59.6,1,1
2025-09-14,2025-09-14 09:00:10,single_day,regular,,Admission Générale,Shotgun,52.73,59.6,1,1
2025-09-14,2025-09-14 09:00:10,single_day,regular,,Admission Générale,Shotgun,52.73,59.6,1,1
2025-09-14,2025-09-14 10:40:39,single_day,regular,,Admission Générale,Shotgun,52.73,59.6,1,1
2025-09-14,2025-09-14 10:40:39,single_day,regular,,Admission Générale,Shotgun,52.73,59.6,1,1
2025-09-14,2025-09-14 12:47:57,single_day,early_entry,,Entrée avant 21h,Shotgun,43.64,49.32,1,1
2025-09-14,2025-09-14 13:34:50,single_day,early_entry,,Entrée avant 21h,Shotgun,43.64,49.32,1,1
2025-09-14,2025-09-14 14:14:24,single_day,early_entry,,Entrée avant 21h,Shotgun,43.64,49.32,1,1
2025-09-14,2025-09-14 15:10:00,single_day,regular,,Admission Générale,Shotgun,52.73,59.6,1,1
2025-09-14,2025-09-14 15:17:05,single_day,early_entry,,Entrée avant 21h,Shotgun,43.64,49.32,1,1
2025-09-14,2025-09-14 15:17:05,single_day,early_entry,,Entrée avant 21h,Shotgun,43.64,49.32,1,1
2025-09-14,2025-09-14 17:06:48,single_day,early_entry,,Entrée avant 21h,Shotgun,43.64,49.32,1,1
2025-09-14,2025-09-14 17:06:48,single_day,early_entry,,Entrée avant 21h,Shotgun,43.64,49.32,1,1
2025-09-14,2025-09-14 19:27:20,single_day,regular,,Admission Générale,Shotgun,52.73,59.6,1,1
2025-09-14,2025-09-14 20:50:48,single_day,early_entry,,Entrée avant 21h,Shotgun,43.64,49.32,1,1
2025-09-14,2025-09-14 22:57:36,single_day,early_entry,,Entrée avant 21h,Shotgun,43.64,49.32,1,1
2025-09-14,2025-09-14 22:57:36,single_day,early_entry,,Entrée avant 21h,Shotgun,43.64,49.32,1,1
2025-09-14,2025-09-14 23:13:58,single_day,regular,,Admission Générale,Shotgun,52.73,59.6,1,1
2025-09-15,2025-09-15 06:35:36,single_day,early_entry,,Entrée avant 21h,Shotgun,43.64,49.32,1,1
2025-09-15,2025-09-15 09:41:08,single_day,regular,,Admission Générale,Shotgun,52.73,59.6,1,1
2025-09-15,2025-09-15 09:41:08,single_day,regular,,Admission Générale,Shotgun,52.73,59.6,1,1
2025-10-06,2025-10-06 18:14:34,single_day,regular,,Admission Générale,Shotgun,54.0,61.03,1,1
2025-10-06,2025-10-06 18:28:33,single_day,regular,,Admission Générale,Shotgun,54.0,61.03,1,1
2025-09-14,2025-09-14 08:19:56,single_day,regular,,Admission Générale,Shotgun,52.73,59.6,1,1
2025-09-14,2025-09-14 08:41:16,single_day,early_entry,,Entrée avant 21h,Shotgun,43.64,49.32,1,1
2025-09-14,2025-09-14 08:41:16,single_day,early_entry,,Entrée avant 21h,Shotgun,43.64,49.32,1,1
2025-09-14,2025-09-14 09:50:50,single_day,regular,,Admission Générale,Shotgun,52.73,59.6,1,1
2025-09-14,2025-09-14 10:19:30,single_day,regular,,Admission Générale,Shotgun,52.73,59.6,1,1
2025-09-14,2025-09-14 11:38:11,single_day,early_entry,,Entrée avant 21h,Shotgun,43.64,49.32,1,1
2025-09-14,2025-09-14 11:38:11,single_day,early_entry,,Entrée avant 21h,Shotgun,43.64,49.32,1,1
2025-09-14,2025-09-14 13:14:34,single_day,early_entry,,Entrée avant 21h,Shotgun,43.64,49.32,1,1
2025-09-14,2025-09-14 13:14:34,single_day,early_entry,,Entrée avant 21h,Shotgun,43.64,49.32,1,1
2025-09-14,2025-09-14 17:39:43,single_day,regular,,Admission Générale,Shotgun,52.73,59.6,1,1
2025-09-15,2025-09-15 08:29:01,single_day,early_entry,,Entrée avant 21h,Shotgun,43.64,49.32,1,1
2025-09-15,2025-09-15 13:17:13,single_day,early_entry,,Entrée avant 21h,Shotgun,43.64,49.32,1,1
2025-09-15,2025-09-15 13:17:13,single_day,early_entry,,Entrée avant 21h,Shotgun,43.64,49.32,1,1
2025-09-15,2025-09-15 13:40:02,single_day,early_entry,,Entrée avant 21h,Shotgun,43.64,49.32,1,1
2025-09-15,2025-09-15 13:40:02,single_day,early_entry,,Entrée avant 21h,Shotgun,43.64,49.32,1,1
2025-09-15,2025-09-15 19:15:28,single_day,early_entry,,Entrée avant 21h,Shotgun,43.64,49.32,1,1
2025-09-15,2025-09-15 19:41:54,single_day,early_entry,,Entrée avant 21h,Shotgun,43.64,49.32,1,1
2025-09-15,2025-09-15 19:49:09,single_day,early_entry,,Entrée avant 21h,Shotgun,43.64,49.32,1,1
2025-10-06,2025-10-06 23:08:21,single_day,regular,,Admission Générale,Shotgun,54.0,61.03,1,1
2025-10-06,2025-10-06 23:08:21,single_day,regular,,Admission Générale,Shotgun,54.0,61.03,1,1
2025-09-15,2025-09-15 20:56:15,single_day,early_entry,,Entrée avant 21h,Shotgun,43.64,49.32,1,1
2025-09-15,2025-09-15 21:03:55,single_day,early_entry,,Entrée avant 21h,Shotgun,43.64,49.32,1,1
2025-10-06,2025-10-06 21:21:41,single_day,early_entry,,Entrée avant 21h,Shotgun,50.0,56.51,1,1
2025-09-15,2025-09-15 21:15:27,single_day,early_entry,,Entrée avant 21h,Shotgun,43.64,49.32,1,1
2025-09-15,2025-09-15 21:15:27,single_day,early_entry,,Entrée avant 21h,Shotgun,43.64,49.32,1,1
2025-09-15,2025-09-15 21:15:27,single_day,early_entry,,Entrée avant 21h,Shotgun,43.64,49.32,1,1
2025-09-15,2025-09-15 11:36:13,single_day,early_entry,,Entrée avant 21h,Shotgun,43.64,49.32,1,1
2025-09-15,2025-09-15 11:55:37,single_day,regular,,Admission Générale,Shotgun,52.73,59.6,1,1
2025-09-15,2025-09-15 11:55:37,single_day,regular,,Admission Générale,Shotgun,52.73,59.6,1,1
2025-09-15,2025-09-15 11:55:37,single_day,regular,,Admission Générale,Shotgun,52.73,59.6,1,1
2025-10-06,2025-10-06 20:34:03,single_day,regular,,Admission Générale,Shotgun,54.0,61.03,1,1
2025-10-06,2025-10-06 22:53:47,single_day,regular,,Admission Générale,Shotgun,54.0,61.03,1,1
2025-09-15,2025-09-15 19:14:30,single_day,early_entry,,Entrée avant 21h,Shotgun,43.64,49.32,1,1
2025-10-06,2025-10-06 21:14:45,single_day,regular,,Admission Générale,Shotgun,54.0,61.03,1,1
2025-09-15,2025-09-15 20:22:27,single_day,early_entry,,Entrée avant 21h,Shotgun,43.64,49.32,1,1
2025-09-15,2025-09-15 20:22:27,single_day,early_entry,,Entrée avant 21h,Shotgun,43.64,49.32,1,1
2025-09-15,2025-09-15 21:12:49,single_day,early_entry,,Entrée avant 21h,Shotgun,43.64,49.32,1,1
2025-09-15,2025-09-15 22:13:33,single_day,early_entry,,Entrée avant 21h,Shotgun,43.64,49.32,1,1
2025-09-15,2025-09-15 22:13:33,single_day,early_entry,,Entrée avant 21h,Shotgun,43.64,49.32,1,1
2025-09-15,2025-09-15 23:16:48,single_day,early_entry,,Entrée avant 21h,Shotgun,43.64,49.32,1,1
2025-09-16,2025-09-16 02:10:42,single_day,vip,,Tickets Backstage,Shotgun,120.0,135.63,1,1
2025-09-16,2025-09-16 02:10:42,single_day,vip,,Tickets Backstage,Shotgun,120.0,135.63,1,1
2025-09-16,2025-09-16 08:42:30,single_day,early_entry,,Entrée avant 21h,Shotgun,43.64,49.32,1,1
2025-09-16,2025-09-16 08:42:30,single_day,early_entry,,Entrée avant 21h,Shotgun,43.64,49.32,1,1
2025-10-06,2025-10-06 21:45:23,single_day,regular,,Admission Générale,Shotgun,54.0,61.03,1,1
2025-10-06,2025-10-06 21:45:23,single_day,regular,,Admission Générale,Shotgun,54.0,61.03,1,1
2025-09-16,2025-09-16 10:11:30,single_day,regular,,Admission Générale,Shotgun,52.73,59.6,1,1
2025-10-06,2025-10-06 21:49:42,single_day,regular,,Admission Générale,Shotgun,54.0,61.03,1,1
2025-10-06,2025-10-06 21:49:42,single_day,regular,,Admission Générale,Shotgun,54.0,61.03,1,1
2025-09-16,2025-09-16 13:32:56,single_day,early_entry,,Entrée avant 21h,Shotgun,43.64,49.32,1,1
2025-10-06,2025-10-06 22:18:14,single_day,regular,,Admission Générale,Shotgun,54.0,61.03,1,1
2025-10-06,2025-10-06 22:18:14,single_day,regular,,Admission Générale,Shotgun,54.0,61.03,1,1
2025-10-07,2025-10-07 00:37:48,single_day,early_entry,,Entrée avant 21h,Shotgun,50.0,56.51,1,1
2025-10-07,2025-10-07 00:25:32,single_day,regular,,Admission Générale,Shotgun,54.0,61.03,1,1
2025-10-07,2025-10-07 00:24:49,single_day,regular,,Admission Générale,Shotgun,54.0,61.03,1,1
2025-10-07,2025-10-07 00:34:36,single_day,early_entry,,Entrée avant 21h,Shotgun,50.0,56.51,1,1
2025-09-16,2025-09-16 18:40:42,single_day,early_entry,,Entrée avant 21h,Shotgun,43.64,49.32,1,1
2025-09-16,2025-09-16 18:40:42,single_day,early_entry,,Entrée avant 21h,Shotgun,43.64,49.32,1,1
2025-09-15,2025-09-15 22:06:49,single_day,regular,,Admission Générale,Shotgun,52.73,59.6,1,1
2025-09-15,2025-09-15 22:06:49,single_day,regular,,Admission Générale,Shotgun,52.73,59.6,1,1
2025-09-15,2025-09-15 22:39:04,single_day,early_entry,,Entrée avant 21h,Shotgun,43.64,49.32,1,1
2025-09-16,2025-09-16 08:27:41,single_day,regular,,Admission Générale,Shotgun,52.73,59.6,1,1
2025-09-16,2025-09-16 09:31:10,single_day,early_entry,,Entrée avant 21h,Shotgun,43.64,49.32,1,1
2025-09-16,2025-09-16 09:31:10,single_day,early_entry,,Entrée avant 21h,Shotgun,43.64,49.32,1,1
2025-09-16,2025-09-16 10:09:52,single_day,early_entry,,Entrée avant 21h,Shotgun,43.64,49.32,1,1
2025-09-16,2025-09-16 10:09:52,single_day,early_entry,,Entrée avant 21h,Shotgun,43.64,49.32,1,1
2025-09-16,2025-09-16 12:28:19,single_day,regular,,Admission Générale,Shotgun,52.73,59.6,1,1
2025-09-16,2025-09-16 12:28:19,single_day,regular,,Admission Générale,Shotgun,52.73,59.6,1,1
2025-09-16,2025-09-16 16:45:30,single_day,early_entry,,Entrée avant 21h,Shotgun,43.64,49.32,1,1
2025-09-16,2025-09-16 16:45:30,single_day,early_entry,,Entrée avant 21h,Shotgun,43.64,49.32,1,1
2025-10-06,2025-10-06 22:19:50,single_day,regular,,Admission Générale,Shotgun,54.0,61.03,1,1
2025-09-16,2025-09-16 17:52:53,single_day,early_entry,,Entrée avant 21h,Shotgun,43.64,49.32,1,1
2025-09-16,2025-09-16 17:52:53,single_day,early_entry,,Entrée avant 21h,Shotgun,43.64,49.32,1,1
2025-09-16,2025-09-16 18:21:36,single_day,early_entry,,Entrée avant 21h,Shotgun,43.64,49.32,1,1
2025-10-07,2025-10-07 09:08:16,single_day,regular,,Admission Générale,Shotgun,54.0,61.03,1,1
2025-10-07,2025-10-07 09:30:11,single_day,early_entry,,Entrée avant 21h,Shotgun,50.0,56.51,1,1
2025-10-07,2025-10-07 12:14:16,single_day,regular,,Admission Générale,Shotgun,54.0,61.03,1,1
2025-10-07,2025-10-07 12:14:16,single_day,regular,,Admission Générale,Shotgun,54.0,61.03,1,1
2025-10-07,2025-10-07 12:14:16,single_day,regular,,Admission Générale,Shotgun,54.0,61.03,1,1
2025-10-07,2025-10-07 14:47:30,single_day,early_entry,,Entrée avant 21h,Shotgun,50.0,56.51,1,1
2025-10-07,2025-10-07 14:54:39,single_day,regular,,Admission Générale,Shotgun,54.0,61.03,1,1
2025-10-07,2025-10-07 15:26:06,single_day,early_entry,,Entrée avant 21h,Shotgun,50.0,56.51,1,1
2025-10-07,2025-10-07 15:26:06,single_day,early_entry,,Entrée avant 21h,Shotgun,50.0,56.51,1,1
2025-10-07,2025-10-07 15:26:06,single_day,early_entry,,Entrée avant 21h,Shotgun,50.0,56.51,1,1
2025-09-14,2025-09-14 03:29:04,single_day,early_entry,,Entrée avant 21h,Shotgun,43.64,49.32,1,1
2025-10-07,2025-10-07 16:15:02,single_day,early_entry,,Entrée avant 21h,Shotgun,50.0,56.51,1,1
2025-10-07,2025-10-07 16:15:02,single_day,early_entry,,Entrée avant 21h,Shotgun,50.0,56.51,1,1
2025-10-07,2025-10-07 18:06:11,single_day,early_entry,,Entrée avant 21h,Shotgun,50.0,56.51,1,1
2025-10-07,2025-10-07 18:06:11,single_day,early_entry,,Entrée avant 21h,Shotgun,50.0,56.51,1,1
2025-10-07,2025-10-07 18:22:17,single_day,early_entry,,Entrée avant 21h,Shotgun,50.0,56.51,1,1
2025-10-07,2025-10-07 01:13:04,single_day,early_entry,,Entrée avant 21h,Shotgun,50.0,56.51,1,1
2025-10-07,2025-10-07 06:57:30,single_day,regular,,Admission Générale,Shotgun,54.0,61.03,1,1
2025-10-07,2025-10-07 06:57:30,single_day,regular,,Admission Générale,Shotgun,54.0,61.03,1,1
2025-10-07,2025-10-07 09:22:26,single_day,regular,,Admission Générale,Shotgun,54.0,61.03,1,1
2025-10-07,2025-10-07 10:28:02,single_day,early_entry,,Entrée avant 21h,Shotgun,50.0,56.51,1,1
2025-10-07,2025-10-07 12:57:57,single_day,regular,,Admission Générale,Shotgun,54.0,61.03,1,1
2025-10-07,2025-10-07 13:57:59,single_day,regular,,Admission Générale,Shotgun,54.0,61.03,1,1
2025-10-07,2025-10-07 14:52:57,single_day,early_entry,,Entrée avant 21h,Shotgun,50.0,56.51,1,1
2025-10-07,2025-10-07 15:12:56,single_day,early_entry,,Entrée avant 21h,Shotgun,50.0,56.51,1,1
2025-10-07,2025-10-07 15:53:44,single_day,early_entry,,Entrée avant 21h,Shotgun,50.0,56.51,1,1
2025-10-07,2025-10-07 16:21:32,single_day,early_entry,,Entrée avant 21h,Shotgun,50.0,56.51,1,1
2025-10-07,2025-10-07 16:47:50,single_day,early_entry,,Entrée avant 21h,Shotgun,50.0,56.51,1,1
2025-10-07,2025-10-07 17:05:40,single_day,regular,,Admission Générale,Shotgun,54.0,61.03,1,1
2025-10-07,2025-10-07 17:05:40,single_day,regular,,Admission Générale,Shotgun,54.0,61.03,1,1
2025-10-07,2025-10-07 18:15:08,single_day,early_entry,,Entrée avant 21h,Shotgun,50.0,56.51,1,1
2025-10-07,2025-10-07 18:15:08,single_day,early_entry,,Entrée avant 21h,Shotgun,50.0,56.51,1,1
2025-10-07,2025-10-07 18:53:15,single_day,early_entry,,Entrée avant 21h,Shotgun,50.0,56.51,1,1
2025-10-07,2025-10-07 19:15:11,single_day,regular,,Admission Générale,Shotgun,54.0,61.03,1,1
2025-10-07,2025-10-07 19:58:20,single_day,regular,,Admission Générale,Shotgun,54.0,61.03,1,1
2025-10-07,2025-10-07 21:54:25,single_day,regular,,Admission Générale,Shotgun,54.0,61.03,1,1
2025-10-07,2025-10-07 22:14:11,single_day,regular,,Admission Générale,Shotgun,54.0,61.03,1,1
2025-10-08,2025-10-08 01:42:57,single_day,early_entry,,Entrée avant 21h,Shotgun,50.0,56.51,1,1
2025-10-08,2025-10-08 07:21:58,single_day,regular,,Admission Générale,Shotgun,54.0,61.03,1,1
2025-10-06,2025-10-06 21:14:45,single_day,regular,,Admission Générale,Shotgun,54.0,61.03,1,1
2025-10-08,2025-10-08 10:42:59,single_day,early_entry,,Entrée avant 21h,Shotgun,50.0,56.51,1,1
2025-10-08,2025-10-08 12:22:34,single_day,regular,,Admission Générale,Shotgun,54.0,61.03,1,1
2025-10-08,2025-10-08 12:22:34,single_day,regular,,Admission Générale,Shotgun,54.0,61.03,1,1
2025-10-08,2025-10-08 12:58:55,single_day,early_entry,,Entrée avant 21h,Shotgun,50.0,56.51,1,1
2025-10-08,2025-10-08 13:57:40,single_day,regular,,Admission Générale,Shotgun,54.0,61.03,1,1
2025-10-08,2025-10-08 14:20:00,single_day,regular,,Admission Générale,Shotgun,54.0,61.03,1,1
2025-10-08,2025-10-08 14:24:16,single_day,regular,,Admission Générale,Shotgun,54.0,61.03,1,1
2025-10-08,2025-10-08 14:24:48,single_day,early_entry,,Entrée avant 21h,Shotgun,50.0,56.51,1,1
2025-10-08,2025-10-08 14:37:05,single_day,early_entry,,Entrée avant 21h,Shotgun,50.0,56.51,1,1
2025-10-07,2025-10-07 18:53:02,single_day,early_entry,,Entrée avant 21h,Shotgun,50.0,56.51,1,1
2025-10-07,2025-10-07 18:53:02,single_day,early_entry,,Entrée avant 21h,Shotgun,50.0,56.51,1,1
2025-10-07,2025-10-07 18:53:02,single_day,early_entry,,Entrée avant 21h,Shotgun,50.0,56.51,1,1
2025-10-07,2025-10-07 19:33:48,single_day,early_entry,,Entrée avant 21h,Shotgun,50.0,56.51,1,1
2025-10-07,2025-10-07 20:33:25,single_day,regular,,Admission Générale,Shotgun,54.0,61.03,1,1
2025-10-07,2025-10-07 21:57:06,single_day,vip,,Tickets Backstage,Shotgun,120.0,135.63,1,1
2025-10-07,2025-10-07 23:02:25,single_day,vip,,Tickets Backstage,Shotgun,120.0,135.63,1,1
2025-10-08,2025-10-08 07:54:05,single_day,regular,,Admission Générale,Shotgun,54.0,61.03,1,1
2025-10-08,2025-10-08 10:06:54,single_day,regular,,Admission Générale,Shotgun,54.0,61.03,1,1
2025-10-08,2025-10-08 11:32:19,single_day,regular,,Admission Générale,Shotgun,54.0,61.03,1,1
2025-10-08,2025-10-08 12:00:05,single_day,regular,,Admission Générale,Shotgun,54.0,61.03,1,1
2025-10-08,2025-10-08 12:43:28,single_day,early_entry,,Entrée avant 21h,Shotgun,50.0,56.51,1,1
2025-10-08,2025-10-08 13:03:01,single_day,regular,,Admission Générale,Shotgun,54.0,61.03,1,1
2025-10-08,2025-10-08 13:50:15,single_day,early_entry,,Entrée avant 21h,Shotgun,50.0,56.51,1,1
2025-10-08,2025-10-08 13:50:15,single_day,early_entry,,Entrée avant 21h,Shotgun,50.0,56.51,1,1
2025-10-08,2025-10-08 14:30:28,single_day,regular,,Admission Générale,Shotgun,54.0,61.03,1,1
2025-10-08,2025-10-08 16:02:59,single_day,early_entry,,Entrée avant 21h,Shotgun,50.0,56.51,1,1
2025-10-08,2025-10-08 16:28:15,single_day,regular,,Admission Générale,Shotgun,54.0,61.03,1,1
2025-10-08,2025-10-08 16:28:15,single_day,regular,,Admission Générale,Shotgun,54.0,61.03,1,1
2025-10-08,2025-10-08 17:33:56,single_day,early_entry,,Entrée avant 21h,Shotgun,50.0,56.51,1,1
2025-10-08,2025-10-08 17:54:03,single_day,early_entry,,Entrée avant 21h,Shotgun,50.0,56.51,1,1
2025-10-08,2025-10-08 17:54:03,single_day,early_entry,,Entrée avant 21h,Shotgun,50.0,56.51,1,1
2025-10-08,2025-10-08 18:05:28,single_day,regular,,Admission Générale,Shotgun,54.0,61.03,1,1
2025-10-08,2025-10-08 18:05:28,single_day,regular,,Admission Générale,Shotgun,54.0,61.03,1,1
2025-10-08,2025-10-08 19:03:48,single_day,early_entry,,Entrée avant 21h,Shotgun,50.0,56.51,1,1
2025-10-08,2025-10-08 19:03:48,single_day,early_entry,,Entrée avant 21h,Shotgun,50.0,56.51,1,1
2025-10-08,2025-10-08 19:08:19,single_day,regular,,Admission Générale,Shotgun,54.0,61.03,1,1
2025-10-08,2025-10-08 19:44:54,single_day,regular,,Admission Générale,Shotgun,54.0,61.03,1,1
2025-10-08,2025-10-08 20:14:58,single_day,early_entry,,Entrée avant 21h,Shotgun,50.0,56.51,1,1
2025-10-08,2025-10-08 20:20:28,single_day,early_entry,,Entrée avant 21h,Shotgun,50.0,56.51,1,1
2025-10-08,2025-10-08 20:23:26,single_day,early_entry,,Entrée avant 21h,Shotgun,50.0,56.51,1,1
2025-08-21,2025-08-21 11:58:45,single_day,vip,,Tickets Backstage,Shotgun,120.0,135.63,1,1
2025-10-08,2025-10-08 20:57:28,single_day,early_entry,,Entrée avant 21h,Shotgun,50.0,56.51,1,1
2025-10-08,2025-10-08 20:57:28,single_day,early_entry,,Entrée avant 21h,Shotgun,50.0,56.51,1,1
2025-08-21,2025-08-21 11:58:45,single_day,vip,,Tickets Backstage,Shotgun,120.0,135.63,1,1
2025-10-08,2025-10-08 21:08:20,single_day,regular,,Admission Générale,Shotgun,54.0,61.03,1,1
2025-10-08,2025-10-08 21:50:30,single_day,early_entry,,Entrée avant 21h,Shotgun,50.0,56.51,1,1
2025-10-08,2025-10-08 22:38:37,single_day,regular,,Admission Générale,Shotgun,54.0,61.03,1,1
2025-10-08,2025-10-08 23:12:11,single_day,early_entry,,Entrée avant 21h,Shotgun,50.0,56.51,1,1
2025-10-08,2025-10-08 15:25:01,single_day,early_entry,,Entrée avant 21h,Shotgun,50.0,56.51,1,1
2025-10-08,2025-10-08 16:01:03,single_day,regular,,Admission Générale,Shotgun,54.0,61.03,1,1
2025-10-08,2025-10-08 16:25:55,single_day,regular,,Admission Générale,Shotgun,54.0,61.03,1,1
2025-10-08,2025-10-08 17:12:03,single_day,regular,,Admission Générale,Shotgun,54.0,61.03,1,1
2025-10-08,2025-10-08 17:12:03,single_day,regular,,Admission Générale,Shotgun,54.0,61.03,1,1
2025-10-08,2025-10-08 19:02:27,single_day,early_entry,,Entrée avant 21h,Shotgun,50.0,56.51,1,1
2025-10-08,2025-10-08 19:29:39,single_day,regular,,Admission Générale,Shotgun,54.0,61.03,1,1
2025-10-08,2025-10-08 19:48:50,single_day,regular,,Admission Générale,Shotgun,54.0,61.03,1,1
2025-10-08,2025-10-08 20:00:53,single_day,early_entry,,Entrée avant 21h,Shotgun,50.0,56.51,1,1
2025-10-08,2025-10-08 20:15:09,single_day,early_entry,,Entrée avant 21h,Shotgun,50.0,56.51,1,1
2025-10-08,2025-10-08 20:37:07,single_day,early_entry,,Entrée avant 21h,Shotgun,50.0,56.51,1,1
2025-10-08,2025-10-08 20:37:07,single_day,early_entry,,Entrée avant 21h,Shotgun,50.0,56.51,1,1
2025-10-08,2025-10-08 20:45:28,single_day,early_entry,,Entrée avant 21h,Shotgun,50.0,56.51,1,1
2025-10-08,2025-10-08 20:43:18,single_day,early_entry,,Entrée avant 21h,Shotgun,50.0,56.51,1,1
2025-10-08,2025-10-08 20:54:15,single_day,early_entry,,Entrée avant 21h,Shotgun,50.0,56.51,1,1
2025-10-08,2025-10-08 22:28:44,single_day,regular,,Admission Générale,Shotgun,54.0,61.03,1,1
2025-10-08,2025-10-08 22:44:23,single_day,early_entry,,Entrée avant 21h,Shotgun,50.0,56.51,1,1
2025-10-08,2025-10-08 23:49:50,single_day,early_entry,,Entrée avant 21h,Shotgun,50.0,56.51,1,1
2025-10-09,2025-10-09 00:06:59,single_day,regular,,Admission Générale,Shotgun,54.0,61.03,1,1
2025-10-09,2025-10-09 07:44:45,single_day,early_entry,,Entrée avant 21h,Shotgun,50.0,56.51,1,1
2025-10-09,2025-10-09 07:44:45,single_day,early_entry,,Entrée avant 21h,Shotgun,50.0,56.51,1,1
2025-10-09,2025-10-09 09:50:50,single_day,regular,,Admission Générale,Shotgun,54.0,61.03,1,1
2025-10-09,2025-10-09 09:50:50,single_day,regular,,Admission Générale,Shotgun,54.0,61.03,1,1
2025-10-09,2025-10-09 10:04:26,single_day,regular,,Admission Générale,Shotgun,54.0,61.03,1,1
2025-10-09,2025-10-09 10:44:51,single_day,regular,,Admission Générale,Shotgun,54.0,61.03,1,1
2025-10-09,2025-10-09 12:17:33,single_day,regular,,Admission Générale,Shotgun,54.0,61.03,1,1
2025-10-09,2025-10-09 13:32:44,single_day,early_entry,,Entrée avant 21h,Shotgun,50.0,56.51,1,1
2025-10-09,2025-10-09 16:45:53,single_day,early_entry,,Entrée avant 21h,Shotgun,50.0,56.51,1,1
2025-10-09,2025-10-09 16:45:53,single_day,early_entry,,Entrée avant 21h,Shotgun,50.0,56.51,1,1
2025-10-09,2025-10-09 16:45:53,single_day,early_entry,,Entrée avant 21h,Shotgun,50.0,56.51,1,1
2025-10-09,2025-10-09 16:45:53,single_day,early_entry,,Entrée avant 21h,Shotgun,50.0,56.51,1,1
2025-10-09,2025-10-09 16:45:53,single_day,early_entry,,Entrée avant 21h,Shotgun,50.0,56.51,1,1
2025-10-09,2025-10-09 17:51:30,single_day,regular,,Admission Générale,Shotgun,54.0,61.03,1,1
2025-10-09,2025-10-09 18:30:56,single_day,regular,,Admission Générale,Shotgun,54.0,61.03,1,1
2025-10-09,2025-10-09 18:46:24,single_day,early_entry,,Entrée avant 21h,Shotgun,50.0,56.51,1,1
2025-10-09,2025-10-09 18:59:08,single_day,regular,,Admission Générale,Shotgun,54.0,61.03,1,1
2025-10-09,2025-10-09 18:59:08,single_day,regular,,Admission Générale,Shotgun,54.0,61.03,1,1
2025-10-09,2025-10-09 19:44:39,single_day,early_entry,,Entrée avant 21h,Shotgun,50.0,56.51,1,1
2025-10-08,2025-10-08 23:17:49,single_day,regular,,Admission Générale,Shotgun,54.0,61.03,1,1
2025-10-08,2025-10-08 23:17:49,single_day,regular,,Admission Générale,Shotgun,54.0,61.03,1,1
2025-10-08,2025-10-08 23:17:49,single_day,regular,,Admission Générale,Shotgun,54.0,61.03,1,1
2025-10-08,2025-10-08 23:55:11,single_day,regular,,Admission Générale,Shotgun,54.0,61.03,1,1
2025-10-09,2025-10-09 06:25:45,single_day,early_entry,,Entrée avant 21h,Shotgun,50.0,56.51,1,1
2025-10-09,2025-10-09 09:09:22,single_day,regular,,Admission Générale,Shotgun,54.0,61.03,1,1
2025-10-09,2025-10-09 09:09:22,single_day,regular,,Admission Générale,Shotgun,54.0,61.03,1,1
2025-10-09,2025-10-09 10:05:44,single_day,early_entry,,Entrée avant 21h,Shotgun,50.0,56.51,1,1
2025-10-09,2025-10-09 12:05:27,single_day,regular,,Admission Générale,Shotgun,54.0,61.03,1,1
2025-10-09,2025-10-09 13:00:34,single_day,regular,,Admission Générale,Shotgun,54.0,61.03,1,1
2025-10-09,2025-10-09 13:12:46,single_day,regular,,Admission Générale,Shotgun,54.0,61.03,1,1
2025-10-09,2025-10-09 13:40:38,single_day,regular,,Admission Générale,Shotgun,54.0,61.03,1,1
2025-10-09,2025-10-09 13:48:03,single_day,regular,,Admission Générale,Shotgun,54.0,61.03,1,1
2025-10-09,2025-10-09 17:02:00,single_day,regular,,Admission Générale,Shotgun,54.0,61.03,1,1
2025-10-09,2025-10-09 18:17:03,single_day,regular,,Admission Générale,Shotgun,54.0,61.03,1,1
2025-10-09,2025-10-09 18:38:32,single_day,regular,,Admission Générale,Shotgun,54.0,61.03,1,1
2025-10-09,2025-10-09 19:41:33,single_day,regular,,Admission Générale,Shotgun,54.0,61.03,1,1
2025-10-09,2025-10-09 21:28:32,single_day,regular,,Admission Générale,Shotgun,54.0,61.03,1,1
2025-10-09,2025-10-09 21:52:04,single_day,regular,,Admission Générale,Shotgun,54.0,61.03,1,1
2025-10-10,2025-10-10 10:04:35,single_day,early_entry,,Entrée avant 21h,Shotgun,50.0,56.51,1,1
2025-10-10,2025-10-10 10:24:44,single_day,regular,,Admission Générale,Shotgun,54.0,61.03,1,1
2025-10-10,2025-10-10 10:58:40,single_day,regular,,Admission Générale,Shotgun,54.0,61.03,1,1
2025-10-10,2025-10-10 10:58:40,single_day,regular,,Admission Générale,Shotgun,54.0,61.03,1,1
2025-10-10,2025-10-10 10:58:40,single_day,regular,,Admission Générale,Shotgun,54.0,61.03,1,1
2025-10-10,2025-10-10 14:15:11,single_day,regular,,Admission Générale,Shotgun,54.0,61.03,1,1
2025-10-10,2025-10-10 14:15:11,single_day,regular,,Admission Générale,Shotgun,54.0,61.03,1,1
2025-10-10,2025-10-10 17:05:00,single_day,regular,,Admission Générale,Shotgun,54.0,61.03,1,1
2025-10-10,2025-10-10 18:25:43,single_day,regular,,Admission Générale,Shotgun,54.0,61.03,1,1
2025-10-10,2025-10-10 19:38:50,single_day,regular,,Admission Générale,Shotgun,54.0,61.03,1,1
2025-10-10,2025-10-10 20:56:32,single_day,early_entry,,Entrée avant 21h,Shotgun,50.0,56.51,1,1
2025-10-10,2025-10-10 21:37:48,single_day,regular,,Admission Générale,Shotgun,54.0,61.03,1,1
2025-10-10,2025-10-10 21:37:48,single_day,regular,,Admission Générale,Shotgun,54.0,61.03,1,1
2025-10-10,2025-10-10 22:56:52,single_day,early_entry,,Entrée avant 21h,Shotgun,50.0,56.51,1,1
2025-10-10,2025-10-10 22:58:01,single_day,early_entry,,Entrée avant 21h,Shotgun,50.0,56.51,1,1
2025-10-10,2025-10-10 23:49:17,single_day,regular,,Admission Générale,Shotgun,54.0,61.03,1,1
2025-10-11,2025-10-11 00:03:36,single_day,early_entry,,Entrée avant 21h,Shotgun,50.0,56.51,1,1
2025-10-11,2025-10-11 00:42:27,single_day,regular,,Admission Générale,Shotgun,54.0,61.03,1,1
2025-10-09,2025-10-09 21:39:16,single_day,regular,,Admission Générale,Shotgun,54.0,61.03,1,1
2025-10-09,2025-10-09 22:53:14,single_day,early_entry,,Entrée avant 21h,Shotgun,50.0,56.51,1,1
2025-10-10,2025-10-10 09:22:01,single_day,regular,,Admission Générale,Shotgun,54.0,61.03,1,1
2025-10-10,2025-10-10 10:22:59,single_day,early_entry,,Entrée avant 21h,Shotgun,50.0,56.51,1,1
2025-10-10,2025-10-10 10:55:34,single_day,regular,,Admission Générale,Shotgun,54.0,61.03,1,1
2025-10-10,2025-10-10 11:57:30,single_day,regular,,Admission Générale,Shotgun,54.0,61.03,1,1
2025-10-10,2025-10-10 17:57:13,single_day,regular,,Admission Générale,Shotgun,54.0,61.03,1,1
2025-10-10,2025-10-10 19:38:34,single_day,early_entry,,Entrée avant 21h,Shotgun,50.0,56.51,1,1
2025-10-10,2025-10-10 20:39:13,single_day,early_entry,,Entrée avant 21h,Shotgun,50.0,56.51,1,1
2025-10-10,2025-10-10 20:39:13,single_day,early_entry,,Entrée avant 21h,Shotgun,50.0,56.51,1,1
2025-10-10,2025-10-10 20:50:24,single_day,regular,,Admission Générale,Shotgun,54.0,61.03,1,1
2025-10-10,2025-10-10 21:28:56,single_day,regular,,Admission Générale,Shotgun,54.0,61.03,1,1
2025-10-10,2025-10-10 22:23:13,single_day,regular,,Admission Générale,Shotgun,54.0,61.03,1,1
2025-10-10,2025-10-10 23:12:37,single_day,early_entry,,Entrée avant 21h,Shotgun,50.0,56.51,1,1
2025-10-11,2025-10-11 00:36:12,single_day,regular,,Admission Générale,Shotgun,54.0,61.03,1,1
2025-10-11,2025-10-11 00:47:47,single_day,regular,,Admission Générale,Shotgun,54.0,61.03,1,1
2025-10-11,2025-10-11 09:47:40,single_day,regular,,Admission Générale,Shotgun,54.0,61.03,1,1
2025-10-11,2025-10-11 09:47:40,single_day,regular,,Admission Générale,Shotgun,54.0,61.03,1,1
2025-10-11,2025-10-11 11:16:33,single_day,regular,,Admission Générale,Shotgun,54.0,61.03,1,1
2025-09-29,2025-09-29 09:20:37,single_day,early_entry,,Entrée avant 21h,Shotgun,43.64,49.32,1,1
2025-10-11,2025-10-11 13:16:28,single_day,early_entry,,Entrée avant 21h,Shotgun,50.0,56.51,1,1
2025-10-11,2025-10-11 15:32:29,single_day,early_entry,,Entrée avant 21h,Shotgun,50.0,56.51,1,1
2025-10-11,2025-10-11 15:53:31,single_day,early_entry,,Entrée avant 21h,Shotgun,50.0,56.51,1,1
2025-10-11,2025-10-11 16:12:39,single_day,early_entry,,Entrée avant 21h,Shotgun,50.0,56.51,1,1
2025-10-11,2025-10-11 16:56:18,single_day,early_entry,,Entrée avant 21h,Shotgun,50.0,56.51,1,1
2025-10-11,2025-10-11 16:56:18,single_day,early_entry,,Entrée avant 21h,Shotgun,50.0,56.51,1,1
2025-10-11,2025-10-11 17:22:06,single_day,regular,,Admission Générale,Shotgun,54.0,61.03,1,1
2025-10-11,2025-10-11 17:22:06,single_day,regular,,Admission Générale,Shotgun,54.0,61.03,1,1
2025-10-11,2025-10-11 18:11:52,single_day,early_entry,,Entrée avant 21h,Shotgun,50.0,56.51,1,1
2025-10-11,2025-10-11 18:16:00,single_day,regular,,Admission Générale,Shotgun,54.0,61.03,1,1
2025-10-11,2025-10-11 18:16:00,single_day,regular,,Admission Générale,Shotgun,54.0,61.03,1,1
2025-10-11,2025-10-11 18:16:54,single_day,regular,,Admission Générale,Shotgun,54.0,61.03,1,1
2025-10-11,2025-10-11 18:21:47,single_day,early_entry,,Entrée avant 21h,Shotgun,50.0,56.51,1,1
2025-10-11,2025-10-11 18:22:20,single_day,regular,,Admission Générale,Shotgun,54.0,61.03,1,1
2025-10-11,2025-10-11 19:23:48,single_day,early_entry,,Entrée avant 21h,Shotgun,50.0,56.51,1,1
2025-10-11,2025-10-11 19:36:47,single_day,regular,,Admission Générale,Shotgun,54.0,61.03,1,1
2025-10-11,2025-10-11 20:40:16,single_day,early_entry,,Entrée avant 21h,Shotgun,50.0,56.51,1,1
2025-10-11,2025-10-11 20:40:16,single_day,early_entry,,Entrée avant 21h,Shotgun,50.0,56.51,1,1
2025-10-11,2025-10-11 20:40:16,single_day,early_entry,,Entrée avant 21h,Shotgun,50.0,56.51,1,1
2025-10-11,2025-10-11 20:58:44,single_day,early_entry,,Entrée avant 21h,Shotgun,50.0,56.51,1,1
2025-10-11,2025-10-11 20:58:44,single_day,early_entry,,Entrée avant 21h,Shotgun,50.0,56.51,1,1
2025-10-11,2025-10-11 21:29:16,single_day,regular,,Admission Générale,Shotgun,54.0,61.03,1,1
2025-10-11,2025-10-11 21:29:16,single_day,regular,,Admission Générale,Shotgun,54.0,61.03,1,1
2025-10-11,2025-10-11 21:33:41,single_day,regular,,Admission Générale,Shotgun,54.0,61.03,1,1
2025-10-11,2025-10-11 21:33:41,single_day,regular,,Admission Générale,Shotgun,54.0,61.03,1,1
2025-10-11,2025-10-11 21:33:41,single_day,regular,,Admission Générale,Shotgun,54.0,61.03,1,1
2025-10-11,2025-10-11 23:10:47,single_day,regular,,Admission Générale,Shotgun,54.0,61.03,1,1
2025-10-12,2025-10-12 01:51:30,single_day,regular,,Admission Générale,Shotgun,54.0,61.03,1,1
2025-10-12,2025-10-12 01:51:30,single_day,regular,,Admission Générale,Shotgun,54.0,61.03,1,1
2025-10-12,2025-10-12 07:30:16,single_day,regular,,Admission Générale,Shotgun,54.0,61.03,1,1
2025-10-12,2025-10-12 07:30:16,single_day,regular,,Admission Générale,Shotgun,54.0,61.03,1,1
2025-10-11,2025-10-11 11:53:10,single_day,early_entry,,Entrée avant 21h,Shotgun,50.0,56.51,1,1
2025-10-11,2025-10-11 13:46:34,single_day,regular,,Admission Générale,Shotgun,54.0,61.03,1,1
2025-10-11,2025-10-11 14:46:41,single_day,regular,,Admission Générale,Shotgun,54.0,61.03,1,1
2025-10-11,2025-10-11 15:42:53,single_day,early_entry,,Entrée avant 21h,Shotgun,50.0,56.51,1,1
2025-10-11,2025-10-11 16:31:53,single_day,early_entry,,Entrée avant 21h,Shotgun,50.0,56.51,1,1
2025-10-11,2025-10-11 17:20:09,single_day,regular,,Admission Générale,Shotgun,54.0,61.03,1,1
2025-10-11,2025-10-11 17:36:02,single_day,regular,,Admission Générale,Shotgun,54.0,61.03,1,1
2025-10-11,2025-10-11 17:36:02,single_day,regular,,Admission Générale,Shotgun,54.0,61.03,1,1
2025-10-11,2025-10-11 21:10:51,single_day,regular,,Admission Générale,Shotgun,54.0,61.03,1,1
2025-10-11,2025-10-11 21:10:51,single_day,regular,,Admission Générale,Shotgun,54.0,61.03,1,1
2025-10-11,2025-10-11 21:30:09,single_day,regular,,Admission Générale,Shotgun,54.0,61.03,1,1
2025-10-12,2025-10-12 00:35:33,single_day,early_entry,,Entrée avant 21h,Shotgun,50.0,56.51,1,1
2025-10-12,2025-10-12 05:25:32,single_day,early_entry,,Entrée avant 21h,Shotgun,50.0,56.51,1,1
2025-10-12,2025-10-12 05:25:32,single_day,early_entry,,Entrée avant 21h,Shotgun,50.0,56.51,1,1
2025-10-12,2025-10-12 05:25:32,single_day,early_entry,,Entrée avant 21h,Shotgun,50.0,56.51,1,1
2025-10-12,2025-10-12 13:12:01,single_day,regular,,Admission Générale,Shotgun,54.0,61.03,1,1
2025-10-12,2025-10-12 13:12:01,single_day,regular,,Admission Générale,Shotgun,54.0,61.03,1,1
2025-10-12,2025-10-12 15:51:48,single_day,regular,,Admission Générale,Shotgun,54.0,61.03,1,1
2025-10-12,2025-10-12 15:51:48,single_day,regular,,Admission Générale,Shotgun,54.0,61.03,1,1
2025-10-12,2025-10-12 17:20:05,single_day,regular,,Admission Générale,Shotgun,54.0,61.03,1,1
2025-10-12,2025-10-12 18:43:38,single_day,early_entry,,Entrée avant 21h,Shotgun,50.0,56.51,1,1
2025-10-12,2025-10-12 08:46:06,single_day,regular,,Admission Générale,Shotgun,54.0,61.03,1,1
2025-10-12,2025-10-12 09:46:59,single_day,regular,,Admission Générale,Shotgun,54.0,61.03,1,1
2025-10-12,2025-10-12 10:12:12,single_day,regular,,Admission Générale,Shotgun,54.0,61.03,1,1
2025-10-12,2025-10-12 10:38:12,single_day,regular,,Admission Générale,Shotgun,54.0,61.03,1,1
2025-10-12,2025-10-12 11:14:51,single_day,early_entry,,Entrée avant 21h,Shotgun,50.0,56.51,1,1
2025-10-12,2025-10-12 11:15:17,single_day,early_entry,,Entrée avant 21h,Shotgun,50.0,56.51,1,1
2025-10-12,2025-10-12 11:40:56,single_day,early_entry,,Entrée avant 21h,Shotgun,50.0,56.51,1,1
2025-10-12,2025-10-12 12:21:37,single_day,early_entry,,Entrée avant 21h,Shotgun,50.0,56.51,1,1
2025-10-12,2025-10-12 12:33:24,single_day,early_entry,,Entrée avant 21h,Shotgun,50.0,56.51,1,1
2025-10-12,2025-10-12 13:09:44,single_day,regular,,Admission Générale,Shotgun,54.0,61.03,1,1
2025-10-12,2025-10-12 13:25:02,single_day,regular,,Admission Générale,Shotgun,54.0,61.03,1,1
2025-10-12,2025-10-12 16:08:19,single_day,regular,,Admission Générale,Shotgun,54.0,61.03,1,1
2025-10-12,2025-10-12 16:31:32,single_day,early_entry,,Entrée avant 21h,Shotgun,50.0,56.51,1,1
2025-10-12,2025-10-12 16:31:32,single_day,early_entry,,Entrée avant 21h,Shotgun,50.0,56.51,1,1
2025-10-12,2025-10-12 17:50:30,single_day,regular,,Admission Générale,Shotgun,54.0,61.03,1,1
2025-10-12,2025-10-12 17:50:30,single_day,regular,,Admission Générale,Shotgun,54.0,61.03,1,1
2025-10-12,2025-10-12 20:03:51,single_day,early_entry,,Entrée avant 21h,Shotgun,50.0,56.51,1,1
2025-10-12,2025-10-12 20:15:27,single_day,regular,,Admission Générale,Shotgun,54.0,61.03,1,1
2025-10-12,2025-10-12 20:15:27,single_day,regular,,Admission Générale,Shotgun,54.0,61.03,1,1
2025-10-12,2025-10-12 20:41:49,single_day,early_entry,,Entrée avant 21h,Shotgun,50.0,56.51,1,1
2025-10-12,2025-10-12 20:56:17,single_day,regular,,Admission Générale,Shotgun,54.0,61.03,1,1
2025-10-12,2025-10-12 20:56:17,single_day,regular,,Admission Générale,Shotgun,54.0,61.03,1,1
2025-10-12,2025-10-12 21:24:27,single_day,early_entry,,Entrée avant 21h,Shotgun,50.0,56.51,1,1
2025-10-12,2025-10-12 21:24:27,single_day,early_entry,,Entrée avant 21h,Shotgun,50.0,56.51,1,1
2025-10-12,2025-10-12 23:13:14,single_day,early_entry,,Entrée avant 21h,Shotgun,50.0,56.51,1,1
2025-10-13,2025-10-13 07:39:05,single_day,regular,,Admission Générale,Shotgun,54.0,61.03,1,1
2025-10-13,2025-10-13 09:39:01,single_day,early_entry,,Entrée avant 21h,Shotgun,50.0,56.51,1,1
2025-10-13,2025-10-13 09:39:01,single_day,early_entry,,Entrée avant 21h,Shotgun,50.0,56.51,1,1
2025-10-13,2025-10-13 14:07:46,single_day,regular,,Admission Générale,Shotgun,54.0,61.03,1,1
2025-10-13,2025-10-13 14:35:30,single_day,regular,,Admission Générale,Shotgun,54.0,61.03,1,1
2025-10-13,2025-10-13 14:39:51,single_day,regular,,Admission Générale,Shotgun,54.0,61.03,1,1
2025-10-13,2025-10-13 15:03:49,single_day,regular,,Admission Générale,Shotgun,54.0,61.03,1,1
2025-10-13,2025-10-13 15:57:35,single_day,regular,,Admission Générale,Shotgun,54.0,61.03,1,1
2025-10-12,2025-10-12 19:36:37,single_day,early_entry,,Entrée avant 21h,Shotgun,50.0,56.51,1,1
2025-10-12,2025-10-12 19:41:39,single_day,early_entry,,Entrée avant 21h,Shotgun,50.0,56.51,1,1
2025-10-12,2025-10-12 19:59:06,single_day,early_entry,,Entrée avant 21h,Shotgun,50.0,56.51,1,1
2025-10-12,2025-10-12 20:39:43,single_day,early_entry,,Entrée avant 21h,Shotgun,50.0,56.51,1,1
2025-10-12,2025-10-12 20:55:20,single_day,early_entry,,Entrée avant 21h,Shotgun,50.0,56.51,1,1
2025-10-12,2025-10-12 20:56:11,single_day,regular,,Admission Générale,Shotgun,54.0,61.03,1,1
2025-10-12,2025-10-12 21:17:49,single_day,regular,,Admission Générale,Shotgun,54.0,61.03,1,1
2025-10-12,2025-10-12 21:21:25,single_day,regular,,Admission Générale,Shotgun,54.0,61.03,1,1
2025-10-12,2025-10-12 22:29:08,single_day,regular,,Admission Générale,Shotgun,54.0,61.03,1,1
2025-10-13,2025-10-13 07:50:09,single_day,regular,,Admission Générale,Shotgun,54.0,61.03,1,1
2025-10-13,2025-10-13 10:19:19,single_day,regular,,Admission Générale,Shotgun,54.0,61.03,1,1
2025-10-13,2025-10-13 12:32:36,single_day,early_entry,,Entrée avant 21h,Shotgun,50.0,56.51,1,1
2025-10-13,2025-10-13 13:21:26,single_day,regular,,Admission Générale,Shotgun,54.0,61.03,1,1
2025-10-13,2025-10-13 14:13:46,single_day,regular,,Admission Générale,Shotgun,54.0,61.03,1,1
2025-10-13,2025-10-13 14:11:20,single_day,regular,,Admission Générale,Shotgun,54.0,61.03,1,1
2025-10-13,2025-10-13 15:07:43,single_day,regular,,Admission Générale,Shotgun,54.0,61.03,1,1
2025-10-13,2025-10-13 15:07:54,single_day,regular,,Admission Générale,Shotgun,54.0,61.03,1,1
2025-10-13,2025-10-13 16:35:11,single_day,regular,,Admission Générale,Shotgun,54.0,61.03,1,1
2025-10-13,2025-10-13 17:04:09,single_day,early_entry,,Entrée avant 21h,Shotgun,50.0,56.51,1,1
2025-10-13,2025-10-13 18:27:43,single_day,early_entry,,Entrée avant 21h,Shotgun,50.0,56.51,1,1
2025-10-13,2025-10-13 18:23:15,single_day,early_entry,,Entrée avant 21h,Shotgun,50.0,56.51,1,1
2025-10-13,2025-10-13 19:26:58,single_day,regular,,Admission Générale,Shotgun,54.0,61.03,1,1
2025-10-13,2025-10-13 19:30:59,single_day,early_entry,,Entrée avant 21h,Shotgun,50.0,56.51,1,1
2025-10-13,2025-10-13 19:57:54,single_day,regular,,Admission Générale,Shotgun,59.09,66.79,1,1
2025-10-13,2025-10-13 20:15:54,single_day,early_entry,,Entrée avant 21h,Shotgun,50.0,56.51,1,1
2025-10-13,2025-10-13 20:32:56,single_day,early_entry,,Entrée avant 21h,Shotgun,50.0,56.51,1,1
2025-10-13,2025-10-13 20:50:53,single_day,early_entry,,Entrée avant 21h,Shotgun,50.0,56.51,1,1
2025-10-13,2025-10-13 21:06:43,single_day,regular,,Admission Générale,Shotgun,59.09,66.79,1,1
2025-10-13,2025-10-13 21:06:43,single_day,regular,,Admission Générale,Shotgun,59.09,66.79,1,1
2025-10-13,2025-10-13 16:05:56,single_day,early_entry,,Entrée avant 21h,Shotgun,50.0,56.51,1,1
2025-10-13,2025-10-13 17:44:07,single_day,early_entry,,Entrée avant 21h,Shotgun,50.0,56.51,1,1
2025-10-13,2025-10-13 17:44:07,single_day,early_entry,,Entrée avant 21h,Shotgun,50.0,56.51,1,1
2025-10-13,2025-10-13 18:23:04,single_day,early_entry,,Entrée avant 21h,Shotgun,50.0,56.51,1,1
2025-10-13,2025-10-13 19:26:00,single_day,regular,,Admission Générale,Shotgun,54.0,61.03,1,1
2025-10-13,2025-10-13 19:33:06,single_day,regular,,Admission Générale,Shotgun,54.0,61.03,1,1
2025-10-13,2025-10-13 19:24:47,single_day,early_entry,,Entrée avant 21h,Shotgun,50.0,56.51,1,1
2025-10-13,2025-10-13 19:24:47,single_day,early_entry,,Entrée avant 21h,Shotgun,50.0,56.51,1,1
2025-10-13,2025-10-13 19:54:58,single_day,regular,,Admission Générale,Shotgun,59.09,66.79,1,1
2025-10-13,2025-10-13 19:44:56,single_day,early_entry,,Entrée avant 21h,Shotgun,50.0,56.51,1,1
2025-10-13,2025-10-13 19:46:43,single_day,regular,,Admission Générale,Shotgun,59.09,66.79,1,1
2025-10-13,2025-10-13 20:11:17,single_day,early_entry,,Entrée avant 21h,Shotgun,50.0,56.51,1,1
2025-10-13,2025-10-13 20:10:02,single_day,regular,,Admission Générale,Shotgun,59.09,66.79,1,1
2025-10-13,2025-10-13 20:20:59,single_day,early_entry,,Entrée avant 21h,Shotgun,50.0,56.51,1,1
2025-10-13,2025-10-13 20:53:50,single_day,early_entry,,Entrée avant 21h,Shotgun,50.0,56.51,1,1
2025-10-13,2025-10-13 20:50:29,single_day,early_entry,,Entrée avant 21h,Shotgun,50.0,56.51,1,1
2025-10-13,2025-10-13 20:50:29,single_day,early_entry,,Entrée avant 21h,Shotgun,50.0,56.51,1,1
2025-10-13,2025-10-13 22:21:20,single_day,regular,,Admission Générale,Shotgun,59.09,66.79,1,1
2025-10-13,2025-10-13 23:32:52,single_day,early_entry,,Entrée avant 21h,Shotgun,50.0,56.51,1,1
2025-10-13,2025-10-13 23:32:55,single_day,early_entry,,Entrée avant 21h,Shotgun,50.0,56.51,1,1
2025-10-14,2025-10-14 08:15:15,single_day,regular,,Admission Générale,Shotgun,59.09,66.79,1,1
2025-10-14,2025-10-14 08:50:32,single_day,regular,,Admission Générale,Shotgun,59.09,66.79,1,1
2025-10-14,2025-10-14 09:30:35,single_day,regular,,Admission Générale,Shotgun,59.09,66.79,1,1
2025-10-14,2025-10-14 09:39:41,single_day,regular,,Admission Générale,Shotgun,59.09,66.79,1,1
2025-10-14,2025-10-14 10:52:36,single_day,regular,,Admission Générale,Shotgun,59.09,66.79,1,1
2025-10-14,2025-10-14 10:52:36,single_day,regular,,Admission Générale,Shotgun,59.09,66.79,1,1
2025-10-14,2025-10-14 12:43:31,single_day,regular,,Admission Générale,Shotgun,59.09,66.79,1,1
2025-10-14,2025-10-14 13:20:46,single_day,early_entry,,Entrée avant 21h,Shotgun,50.0,56.51,1,1
2025-10-14,2025-10-14 13:20:46,single_day,early_entry,,Entrée avant 21h,Shotgun,50.0,56.51,1,1
2025-10-14,2025-10-14 13:47:15,single_day,early_entry,,Entrée avant 21h,Shotgun,50.0,56.51,1,1
2025-10-14,2025-10-14 16:32:23,single_day,regular,,Admission Générale,Shotgun,59.09,66.79,1,1
2025-10-14,2025-10-14 16:32:23,single_day,regular,,Admission Générale,Shotgun,59.09,66.79,1,1
2025-10-14,2025-10-14 16:32:23,single_day,regular,,Admission Générale,Shotgun,59.09,66.79,1,1
2025-10-14,2025-10-14 17:20:44,single_day,early_entry,,Entrée avant 21h,Shotgun,50.0,56.51,1,1
2025-10-14,2025-10-14 17:49:03,single_day,early_entry,,Entrée avant 21h,Shotgun,50.0,56.51,1,1
2025-10-14,2025-10-14 20:02:57,single_day,regular,,Admission Générale,Shotgun,59.09,66.79,1,1
2025-10-14,2025-10-14 20:02:57,single_day,regular,,Admission Générale,Shotgun,59.09,66.79,1,1
2025-10-13,2025-10-13 21:28:47,single_day,early_entry,,Entrée avant 21h,Shotgun,50.0,56.51,1,1
2025-10-13,2025-10-13 22:04:20,single_day,regular,,Admission Générale,Shotgun,59.09,66.79,1,1
2025-10-13,2025-10-13 22:32:52,single_day,early_entry,,Entrée avant 21h,Shotgun,50.0,56.51,1,1
2025-10-13,2025-10-13 22:32:52,single_day,early_entry,,Entrée avant 21h,Shotgun,50.0,56.51,1,1
2025-10-13,2025-10-13 23:53:18,single_day,early_entry,,Entrée avant 21h,Shotgun,50.0,56.51,1,1
2025-10-14,2025-10-14 08:07:41,single_day,early_entry,,Entrée avant 21h,Shotgun,50.0,56.51,1,1
2025-10-14,2025-10-14 08:47:51,single_day,early_entry,,Entrée avant 21h,Shotgun,50.0,56.51,1,1
2025-10-14,2025-10-14 08:47:51,single_day,early_entry,,Entrée avant 21h,Shotgun,50.0,56.51,1,1
2025-10-14,2025-10-14 12:29:28,single_day,regular,,Admission Générale,Shotgun,59.09,66.79,1,1
2025-10-14,2025-10-14 13:32:17,single_day,early_entry,,Entrée avant 21h,Shotgun,50.0,56.51,1,1
2025-10-14,2025-10-14 13:29:24,single_day,regular,,Admission Générale,Shotgun,59.09,66.79,1,1
2025-10-14,2025-10-14 14:54:54,single_day,early_entry,,Entrée avant 21h,Shotgun,50.0,56.51,1,1
2025-10-14,2025-10-14 16:51:33,single_day,early_entry,,Entrée avant 21h,Shotgun,50.0,56.51,1,1
2025-10-14,2025-10-14 16:51:33,single_day,early_entry,,Entrée avant 21h,Shotgun,50.0,56.51,1,1
2025-10-14,2025-10-14 17:37:25,single_day,regular,,Admission Générale,Shotgun,59.09,66.79,1,1
2025-10-14,2025-10-14 17:59:20,single_day,early_entry,,Entrée avant 21h,Shotgun,50.0,56.51,1,1
2025-10-14,2025-10-14 20:01:12,single_day,regular,,Admission Générale,Shotgun,59.09,66.79,1,1
2025-10-14,2025-10-14 20:24:05,single_day,early_entry,,Entrée avant 21h,Shotgun,50.0,56.51,1,1
2025-10-14,2025-10-14 20:24:05,single_day,early_entry,,Entrée avant 21h,Shotgun,50.0,56.51,1,1
2025-10-14,2025-10-14 20:32:47,single_day,early_entry,,Entrée avant 21h,Shotgun,50.0,56.51,1,1
2025-10-14,2025-10-14 21:00:17,single_day,early_entry,,Entrée avant 21h,Shotgun,50.0,56.51,1,1
2025-10-14,2025-10-14 21:14:17,single_day,regular,,Admission Générale,Shotgun,59.09,66.79,1,1
2025-10-14,2025-10-14 21:30:50,single_day,regular,,Admission Générale,Shotgun,59.09,66.79,1,1
2025-10-14,2025-10-14 21:49:50,single_day,regular,,Admission Générale,Shotgun,59.09,66.79,1,1
2025-10-14,2025-10-14 22:23:01,single_day,early_entry,,Entrée avant 21h,Shotgun,50.0,56.51,1,1
2025-10-14,2025-10-14 22:31:54,single_day,early_entry,,Entrée avant 21h,Shotgun,50.0,56.51,1,1
2025-10-14,2025-10-14 22:31:54,single_day,early_entry,,Entrée avant 21h,Shotgun,50.0,56.51,1,1
2025-10-14,2025-10-14 22:43:26,single_day,early_entry,,Entrée avant 21h,Shotgun,50.0,56.51,1,1
2025-10-14,2025-10-14 22:43:23,single_day,early_entry,,Entrée avant 21h,Shotgun,50.0,56.51,1,1
2025-10-14,2025-10-14 22:43:23,single_day,early_entry,,Entrée avant 21h,Shotgun,50.0,56.51,1,1
2025-10-14,2025-10-14 22:46:26,single_day,regular,,Admission Générale,Shotgun,59.09,66.79,1,1
2025-10-14,2025-10-14 22:46:26,single_day,regular,,Admission Générale,Shotgun,59.09,66.79,1,1
2025-10-14,2025-10-14 22:46:26,single_day,regular,,Admission Générale,Shotgun,59.09,66.79,1,1
2025-10-14,2025-10-14 18:47:03,single_day,regular,,Admission Générale,Shotgun,59.09,66.79,1,1
2025-10-14,2025-10-14 19:38:57,single_day,early_entry,,Entrée avant 21h,Shotgun,50.0,56.51,1,1
2025-10-14,2025-10-14 20:01:12,single_day,regular,,Admission Générale,Shotgun,59.09,66.79,1,1
2025-10-14,2025-10-14 20:17:29,single_day,early_entry,,Entrée avant 21h,Shotgun,50.0,56.51,1,1
2025-10-07,2025-10-07 21:55:31,single_day,regular,,Admission Générale,Shotgun,54.0,61.03,1,1
2025-10-14,2025-10-14 20:01:12,single_day,regular,,Admission Générale,Shotgun,59.09,66.79,1,1
2025-10-14,2025-10-14 21:22:13,single_day,early_entry,,Entrée avant 21h,Shotgun,50.0,56.51,1,1
2025-10-14,2025-10-14 21:22:13,single_day,early_entry,,Entrée avant 21h,Shotgun,50.0,56.51,1,1
2025-10-14,2025-10-14 21:40:16,single_day,vip,,Tickets Backstage,Shotgun,120.0,135.63,1,1
2025-10-14,2025-10-14 21:40:16,single_day,vip,,Tickets Backstage,Shotgun,120.0,135.63,1,1
2025-10-14,2025-10-14 22:09:02,single_day,early_entry,,Entrée avant 21h,Shotgun,50.0,56.51,1,1
2025-10-14,2025-10-14 22:35:37,single_day,early_entry,,Entrée avant 21h,Shotgun,50.0,56.51,1,1
2025-10-14,2025-10-14 22:35:37,single_day,early_entry,,Entrée avant 21h,Shotgun,50.0,56.51,1,1
2025-10-14,2025-10-14 22:35:37,single_day,early_entry,,Entrée avant 21h,Shotgun,50.0,56.51,1,1
2025-10-14,2025-10-14 22:39:07,single_day,early_entry,,Entrée avant 21h,Shotgun,50.0,56.51,1,1
2025-10-14,2025-10-14 23:20:26,single_day,early_entry,,Entrée avant 21h,Shotgun,50.0,56.51,1,1
2025-10-14,2025-10-14 23:20:26,single_day,early_entry,,Entrée avant 21h,Shotgun,50.0,56.51,1,1
2025-10-15,2025-10-15 09:40:46,single_day,invitation,,Admission Générale,Shotgun,0.0,0.0,1,0
2025-10-15,2025-10-15 09:40:46,single_day,invitation,,Admission Générale,Shotgun,0.0,0.0,1,0
2025-10-15,2025-10-15 09:45:31,single_day,regular,,Admission Générale,Shotgun,59.09,66.79,1,1
2025-10-15,2025-10-15 10:06:18,single_day,early_entry,,Entrée avant 21h,Shotgun,50.0,56.51,1,1
2025-10-15,2025-10-15 14:07:55,single_day,regular,,Admission Générale,Shotgun,59.09,66.79,1,1
2025-10-15,2025-10-15 16:54:21,single_day,regular,,Admission Générale,Shotgun,59.09,66.79,1,1
2025-10-15,2025-10-15 18:05:29,single_day,early_entry,,Entrée avant 21h,Shotgun,50.0,56.51,1,1
2025-10-15,2025-10-15 18:17:05,single_day,regular,,Admission Générale,Shotgun,59.09,66.79,1,1
2025-10-15,2025-10-15 19:08:10,single_day,early_entry,,Entrée avant 21h,Shotgun,50.0,56.51,1,1
2025-10-15,2025-10-15 18:56:40,single_day,early_entry,,Entrée avant 21h,Shotgun,50.0,56.51,1,1
2025-10-15,2025-10-15 19:17:40,single_day,regular,,Admission Générale,Shotgun,59.09,66.79,1,1
2025-10-15,2025-10-15 19:47:03,single_day,early_entry,,Entrée avant 21h,Shotgun,50.0,56.51,1,1
2025-10-14,2025-10-14 23:18:44,single_day,regular,,Admission Générale,Shotgun,59.09,66.79,1,1
2025-10-14,2025-10-14 23:48:55,single_day,early_entry,,Entrée avant 21h,Shotgun,50.0,56.51,1,1
2025-10-15,2025-10-15 09:08:54,single_day,early_entry,,Entrée avant 21h,Shotgun,50.0,56.51,1,1
2025-10-15,2025-10-15 09:53:09,single_day,early_entry,,Entrée avant 21h,Shotgun,50.0,56.51,1,1
2025-10-15,2025-10-15 10:22:52,single_day,early_entry,,Entrée avant 21h,Shotgun,50.0,56.51,1,1
2025-10-15,2025-10-15 10:41:10,single_day,early_entry,,Entrée avant 21h,Shotgun,50.0,56.51,1,1
2025-10-15,2025-10-15 16:45:34,single_day,regular,,Admission Générale,Shotgun,59.09,66.79,1,1
2025-10-15,2025-10-15 18:06:32,single_day,regular,,Admission Générale,Shotgun,59.09,66.79,1,1
2025-10-15,2025-10-15 18:08:36,single_day,regular,,Admission Générale,Shotgun,59.09,66.79,1,1
2025-10-15,2025-10-15 18:05:51,single_day,early_entry,,Entrée avant 21h,Shotgun,50.0,56.51,1,1
2025-10-15,2025-10-15 18:55:30,single_day,early_entry,,Entrée avant 21h,Shotgun,50.0,56.51,1,1
2025-10-15,2025-10-15 19:20:38,single_day,early_entry,,Entrée avant 21h,Shotgun,50.0,56.51,1,1
2025-10-15,2025-10-15 19:20:38,single_day,early_entry,,Entrée avant 21h,Shotgun,50.0,56.51,1,1
2025-10-15,2025-10-15 20:54:15,single_day,early_entry,,Entrée avant 21h,Shotgun,50.0,56.51,1,1
2025-10-13,2025-10-13 17:52:33,single_day,regular,,Admission Générale,Shotgun,54.0,61.03,1,1
2025-10-13,2025-10-13 17:52:33,single_day,regular,,Admission Générale,Shotgun,54.0,61.03,1,1
2025-10-15,2025-10-15 21:46:13,single_day,early_entry,,Entrée avant 21h,Shotgun,50.0,56.51,1,1
2025-10-15,2025-10-15 21:46:13,single_day,early_entry,,Entrée avant 21h,Shotgun,50.0,56.51,1,1
2025-10-15,2025-10-15 23:26:13,single_day,regular,,Admission Générale,Shotgun,59.09,66.79,1,1
2025-10-16,2025-10-16 01:55:34,single_day,regular,,Admission Générale,Shotgun,59.09,66.79,1,1
2025-10-16,2025-10-16 01:55:34,single_day,regular,,Admission Générale,Shotgun,59.09,66.79,1,1
2025-10-16,2025-10-16 10:07:38,single_day,invitation,,Admission Générale,Shotgun,0.0,0.0,1,0
2025-10-16,2025-10-16 10:07:38,single_day,invitation,,Admission Générale,Shotgun,0.0,0.0,1,0
2025-10-16,2025-10-16 10:16:07,single_day,regular,,Admission Générale,Shotgun,59.09,66.79,1,1
2025-10-16,2025-10-16 10:16:07,single_day,regular,,Admission Générale,Shotgun,59.09,66.79,1,1
2025-10-16,2025-10-16 11:32:34,single_day,early_entry,,Entrée avant 21h,Shotgun,50.0,56.51,1,1
2025-10-16,2025-10-16 11:12:15,single_day,early_entry,,Entrée avant 21h,Shotgun,50.0,56.51,1,1
2025-10-16,2025-10-16 11:12:15,single_day,early_entry,,Entrée avant 21h,Shotgun,50.0,56.51,1,1
2025-10-16,2025-10-16 12:50:58,single_day,regular,,Admission Générale,Shotgun,59.09,66.79,1,1
2025-10-15,2025-10-15 20:20:26,single_day,early_entry,,Entrée avant 21h,Shotgun,50.0,56.51,1,1
2025-10-15,2025-10-15 20:54:15,single_day,early_entry,,Entrée avant 21h,Shotgun,50.0,56.51,1,1
2025-10-15,2025-10-15 20:56:37,single_day,early_entry,,Entrée avant 21h,Shotgun,50.0,56.51,1,1
2025-10-15,2025-10-15 21:36:09,single_day,regular,,Admission Générale,Shotgun,59.09,66.79,1,1
2025-10-15,2025-10-15 21:36:09,single_day,regular,,Admission Générale,Shotgun,59.09,66.79,1,1
2025-10-15,2025-10-15 22:29:28,single_day,regular,,Admission Générale,Shotgun,59.09,66.79,1,1
2025-10-15,2025-10-15 23:02:11,single_day,regular,,Admission Générale,Shotgun,59.09,66.79,1,1
2025-10-15,2025-10-15 23:26:15,single_day,regular,,Admission Générale,Shotgun,59.09,66.79,1,1
2025-10-15,2025-10-15 23:56:02,single_day,regular,,Admission Générale,Shotgun,59.09,66.79,1,1
2025-10-16,2025-10-16 08:22:09,single_day,early_entry,,Entrée avant 21h,Shotgun,50.0,56.51,1,1
2025-10-16,2025-10-16 09:52:31,single_day,early_entry,,Entrée avant 21h,Shotgun,50.0,56.51,1,1
2025-10-16,2025-10-16 10:14:06,single_day,early_entry,,Entrée avant 21h,Shotgun,50.0,56.51,1,1
2025-10-16,2025-10-16 10:14:06,single_day,early_entry,,Entrée avant 21h,Shotgun,50.0,56.51,1,1
2025-10-16,2025-10-16 10:30:30,single_day,early_entry,,Entrée avant 21h,Shotgun,50.0,56.51,1,1
2025-10-16,2025-10-16 11:05:30,single_day,regular,,Admission Générale,Shotgun,59.09,66.79,1,1
2025-10-16,2025-10-16 12:08:26,single_day,early_entry,,Entrée avant 21h,Shotgun,50.0,56.51,1,1
2025-10-16,2025-10-16 12:22:20,single_day,invitation,,Admission Générale,Shotgun,0.0,0.0,1,0
2025-10-16,2025-10-16 12:22:20,single_day,invitation,,Admission Générale,Shotgun,0.0,0.0,1,0
2025-10-16,2025-10-16 14:19:25,single_day,regular,,Admission Générale,Shotgun,59.09,66.79,1,1
2025-10-16,2025-10-16 16:03:53,single_day,early_entry,,Entrée avant 21h,Shotgun,50.0,56.51,1,1
2025-10-16,2025-10-16 16:57:37,single_day,early_entry,,Entrée avant 21h,Shotgun,50.0,56.51,1,1
2025-10-16,2025-10-16 17:20:55,single_day,invitation,,Admission Générale,Shotgun,0.0,0.0,1,0
2025-10-16,2025-10-16 17:20:55,single_day,invitation,,Admission Générale,Shotgun,0.0,0.0,1,0
2025-10-16,2025-10-16 17:20:55,single_day,invitation,,Admission Générale,Shotgun,0.0,0.0,1,0
2025-10-16,2025-10-16 17:20:55,single_day,invitation,,Admission Générale,Shotgun,0.0,0.0,1,0
2025-10-16,2025-10-16 17:20:55,single_day,invitation,,Admission Générale,Shotgun,0.0,0.0,1,0
2025-10-16,2025-10-16 17:20:55,single_day,invitation,,Admission Générale,Shotgun,0.0,0.0,1,0
2025-10-16,2025-10-16 17:20:56,single_day,invitation,,Admission Générale,Shotgun,0.0,0.0,1,0
2025-10-16,2025-10-16 17:20:56,single_day,invitation,,Admission Générale,Shotgun,0.0,0.0,1,0
2025-10-16,2025-10-16 17:20:56,single_day,invitation,,Admission Générale,Shotgun,0.0,0.0,1,0
2025-10-16,2025-10-16 17:20:56,single_day,invitation,,Admission Générale,Shotgun,0.0,0.0,1,0
2025-10-16,2025-10-16 19:04:35,single_day,early_entry,,Entrée avant 21h,Shotgun,50.0,56.51,1,1
2025-10-16,2025-10-16 19:02:48,single_day,early_entry,,Entrée avant 21h,Shotgun,50.0,56.51,1,1
2025-10-16,2025-10-16 19:17:13,single_day,regular,,Admission Générale,Shotgun,59.09,66.79,1,1
2025-10-16,2025-10-16 19:17:13,single_day,regular,,Admission Générale,Shotgun,59.09,66.79,1,1
2025-10-16,2025-10-16 19:35:57,single_day,regular,,Admission Générale,Shotgun,59.09,66.79,1,1
2025-10-16,2025-10-16 19:35:57,single_day,regular,,Admission Générale,Shotgun,59.09,66.79,1,1
2025-10-16,2025-10-16 20:17:38,single_day,regular,,Admission Générale,Shotgun,59.09,66.79,1,1
2025-10-16,2025-10-16 20:17:38,single_day,regular,,Admission Générale,Shotgun,59.09,66.79,1,1
2025-10-16,2025-10-16 20:17:38,single_day,regular,,Admission Générale,Shotgun,59.09,66.79,1,1
2025-10-16,2025-10-16 20:29:52,single_day,early_entry,,Entrée avant 21h,Shotgun,50.0,56.51,1,1
2025-10-16,2025-10-16 20:32:13,single_day,regular,,Admission Générale,Shotgun,59.09,66.79,1,1
2025-10-16,2025-10-16 21:04:34,single_day,early_entry,,Entrée avant 21h,Shotgun,50.0,56.51,1,1
2025-10-16,2025-10-16 16:03:56,single_day,early_entry,,Entrée avant 21h,Shotgun,50.0,56.51,1,1
2025-10-16,2025-10-16 16:27:43,single_day,early_entry,,Entrée avant 21h,Shotgun,50.0,56.51,1,1
2025-10-16,2025-10-16 17:11:51,single_day,regular,,Admission Générale,Shotgun,59.09,66.79,1,1
2025-10-16,2025-10-16 18:02:38,single_day,early_entry,,Entrée avant 21h,Shotgun,50.0,56.51,1,1
2025-10-16,2025-10-16 18:02:38,single_day,early_entry,,Entrée avant 21h,Shotgun,50.0,56.51,1,1
2025-10-16,2025-10-16 18:02:38,single_day,early_entry,,Entrée avant 21h,Shotgun,50.0,56.51,1,1
2025-10-16,2025-10-16 18:30:41,single_day,regular,,Admission Générale,Shotgun,59.09,66.79,1,1
2025-10-16,2025-10-16 18:30:41,single_day,regular,,Admission Générale,Shotgun,59.09,66.79,1,1
2025-10-16,2025-10-16 18:43:01,single_day,regular,,Admission Générale,Shotgun,59.09,66.79,1,1
2025-10-16,2025-10-16 18:43:01,single_day,regular,,Admission Générale,Shotgun,59.09,66.79,1,1
2025-10-16,2025-10-16 19:24:36,single_day,early_entry,,Entrée avant 21h,Shotgun,50.0,56.51,1,1
2025-10-16,2025-10-16 19:53:20,single_day,early_entry,,Entrée avant 21h,Shotgun,50.0,56.51,1,1
2025-10-16,2025-10-16 20:20:04,single_day,early_entry,,Entrée avant 21h,Shotgun,50.0,56.51,1,1
2025-10-16,2025-10-16 20:20:21,single_day,regular,,Admission Générale,Shotgun,59.09,66.79,1,1
2025-10-16,2025-10-16 21:04:50,single_day,early_entry,,Entrée avant 21h,Shotgun,50.0,56.51,1,1
2025-10-16,2025-10-16 21:04:50,single_day,early_entry,,Entrée avant 21h,Shotgun,50.0,56.51,1,1
2025-10-16,2025-10-16 21:20:45,single_day,regular,,Admission Générale,Shotgun,59.09,66.79,1,1
2025-10-16,2025-10-16 21:50:17,single_day,regular,,Admission Générale,Shotgun,59.09,66.79,1,1
2025-10-16,2025-10-16 22:07:23,single_day,early_entry,,Entrée avant 21h,Shotgun,50.0,56.51,1,1
2025-10-16,2025-10-16 22:18:33,single_day,regular,,Admission Générale,Shotgun,59.09,66.79,1,1
2025-10-16,2025-10-16 22:38:12,single_day,early_entry,,Entrée avant 21h,Shotgun,50.0,56.51,1,1
2025-10-16,2025-10-16 23:02:19,single_day,regular,,Admission Générale,Shotgun,59.09,66.79,1,1
2025-10-16,2025-10-16 23:29:19,single_day,regular,,Admission Générale,Shotgun,59.09,66.79,1,1
2025-10-17,2025-10-17 00:09:25,single_day,regular,,Admission Générale,Shotgun,59.09,66.79,1,1
2025-10-17,2025-10-17 00:09:25,single_day,regular,,Admission Générale,Shotgun,59.09,66.79,1,1
2025-10-17,2025-10-17 00:17:19,single_day,regular,,Admission Générale,Shotgun,59.09,66.79,1,1
2025-10-17,2025-10-17 00:40:10,single_day,regular,,Admission Générale,Shotgun,59.09,66.79,1,1
2025-10-17,2025-10-17 00:40:10,single_day,regular,,Admission Générale,Shotgun,59.09,66.79,1,1
2025-10-17,2025-10-17 03:46:18,single_day,regular,,Admission Générale,Shotgun,59.09,66.79,1,1
2025-10-17,2025-10-17 03:46:18,single_day,regular,,Admission Générale,Shotgun,59.09,66.79,1,1
2025-10-17,2025-10-17 09:21:18,single_day,early_entry,,Entrée avant 21h,Shotgun,50.0,56.51,1,1
2025-10-17,2025-10-17 09:38:13,single_day,early_entry,,Entrée avant 21h,Shotgun,50.0,56.51,1,1
2025-10-17,2025-10-17 10:36:54,single_day,early_entry,,Entrée avant 21h,Shotgun,50.0,56.51,1,1
2025-10-17,2025-10-17 11:30:43,single_day,regular,,Admission Générale,Shotgun,59.09,66.79,1,1
2025-10-17,2025-10-17 12:04:14,single_day,early_entry,,Entrée avant 21h,Shotgun,50.0,56.51,1,1
2025-10-17,2025-10-17 13:54:11,single_day,regular,,Admission Générale,Shotgun,59.09,66.79,1,1
2025-10-16,2025-10-16 21:04:01,single_day,regular,,Admission Générale,Shotgun,59.09,66.79,1,1
2025-10-16,2025-10-16 21:08:38,single_day,regular,,Admission Générale,Shotgun,59.09,66.79,1,1
2025-10-16,2025-10-16 21:47:05,single_day,regular,,Admission Générale,Shotgun,59.09,66.79,1,1
2025-10-16,2025-10-16 22:28:33,single_day,regular,,Admission Générale,Shotgun,59.09,66.79,1,1
2025-10-16,2025-10-16 22:19:51,single_day,regular,,Admission Générale,Shotgun,59.09,66.79,1,1
2025-10-16,2025-10-16 22:54:41,single_day,regular,,Admission Générale,Shotgun,59.09,66.79,1,1
2025-10-16,2025-10-16 22:57:46,single_day,regular,,Admission Générale,Shotgun,59.09,66.79,1,1
2025-10-17,2025-10-17 00:07:56,single_day,regular,,Admission Générale,Shotgun,59.09,66.79,1,1
2025-10-17,2025-10-17 00:15:01,single_day,regular,,Admission Générale,Shotgun,59.09,66.79,1,1
2025-10-17,2025-10-17 00:17:14,single_day,regular,,Admission Générale,Shotgun,59.09,66.79,1,1
2025-10-17,2025-10-17 01:44:37,single_day,early_entry,,Entrée avant 21h,Shotgun,50.0,56.51,1,1
2025-10-17,2025-10-17 04:50:20,single_day,early_entry,,Entrée avant 21h,Shotgun,50.0,56.51,1,1
2025-10-17,2025-10-17 04:50:20,single_day,early_entry,,Entrée avant 21h,Shotgun,50.0,56.51,1,1
2025-10-17,2025-10-17 09:23:08,single_day,early_entry,,Entrée avant 21h,Shotgun,50.0,56.51,1,1
2025-10-17,2025-10-17 10:41:03,single_day,early_entry,,Entrée avant 21h,Shotgun,50.0,56.51,1,1
2025-10-17,2025-10-17 12:08:19,single_day,early_entry,,Entrée avant 21h,Shotgun,50.0,56.51,1,1
2025-10-17,2025-10-17 12:35:57,single_day,early_entry,,Entrée avant 21h,Shotgun,50.0,56.51,1,1
2025-10-17,2025-10-17 14:32:38,single_day,regular,,Admission Générale,Shotgun,59.09,66.79,1,1
2025-10-17,2025-10-17 14:32:38,single_day,regular,,Admission Générale,Shotgun,59.09,66.79,1,1
2025-10-17,2025-10-17 15:14:26,single_day,early_entry,,Entrée avant 21h,Shotgun,50.0,56.51,1,1
2025-10-17,2025-10-17 16:12:37,single_day,early_entry,,Entrée avant 21h,Shotgun,50.0,56.51,1,1
2025-10-17,2025-10-17 16:12:37,single_day,early_entry,,Entrée avant 21h,Shotgun,50.0,56.51,1,1
2025-10-17,2025-10-17 16:36:10,single_day,regular,,Admission Générale,Shotgun,59.09,66.79,1,1
2025-10-17,2025-10-17 16:57:45,single_day,early_entry,,Entrée avant 21h,Shotgun,50.0,56.51,1,1
2025-10-17,2025-10-17 17:08:04,single_day,regular,,Admission Générale,Shotgun,59.09,66.79,1,1
2025-10-17,2025-10-17 17:48:31,single_day,invitation,,Admission Générale,Shotgun,0.0,0.0,1,0
2025-10-17,2025-10-17 17:48:31,single_day,invitation,,Admission Générale,Shotgun,0.0,0.0,1,0
2025-10-17,2025-10-17 17:48:31,single_day,invitation,,Admission Générale,Shotgun,0.0,0.0,1,0
2025-10-17,2025-10-17 18:22:51,single_day,invitation,,Admission Générale,Shotgun,0.0,0.0,1,0
2025-10-17,2025-10-17 18:22:51,single_day,invitation,,Admission Générale,Shotgun,0.0,0.0,1,0
2025-10-17,2025-10-17 18:22:51,single_day,invitation,,Admission Générale,Shotgun,0.0,0.0,1,0
2025-10-17,2025-10-17 18:56:02,single_day,regular,,Admission Générale,Shotgun,59.09,66.79,1,1
2025-10-17,2025-10-17 18:58:21,single_day,regular,,Admission Générale,Shotgun,59.09,66.79,1,1
2025-10-17,2025-10-17 19:06:54,single_day,regular,,Admission Générale,Shotgun,59.09,66.79,1,1
2025-10-02,2025-10-02 23:09:47,single_day,regular,,Admission Générale,Shotgun,52.73,59.6,1,1
2025-10-17,2025-10-17 20:00:51,single_day,early_entry,,Entrée avant 21h,Shotgun,50.0,56.51,1,1
2025-10-17,2025-10-17 20:00:51,single_day,early_entry,,Entrée avant 21h,Shotgun,50.0,56.51,1,1
2025-10-17,2025-10-17 13:48:15,single_day,early_entry,,Entrée avant 21h,Shotgun,50.0,56.51,1,1
2025-10-17,2025-10-17 14:30:10,single_day,regular,,Admission Générale,Shotgun,59.09,66.79,1,1
2025-10-17,2025-10-17 15:06:18,single_day,early_entry,,Entrée avant 21h,Shotgun,50.0,56.51,1,1
2025-10-17,2025-10-17 15:31:17,single_day,regular,,Admission Générale,Shotgun,59.09,66.79,1,1
2025-10-17,2025-10-17 16:25:36,single_day,early_entry,,Entrée avant 21h,Shotgun,50.0,56.51,1,1
2025-10-17,2025-10-17 17:13:38,single_day,regular,,Admission Générale,Shotgun,59.09,66.79,1,1
2025-10-17,2025-10-17 17:51:03,single_day,early_entry,,Entrée avant 21h,Shotgun,50.0,56.51,1,1
2025-10-17,2025-10-17 18:00:12,single_day,early_entry,,Entrée avant 21h,Shotgun,50.0,56.51,1,1
2025-10-17,2025-10-17 18:00:12,single_day,early_entry,,Entrée avant 21h,Shotgun,50.0,56.51,1,1
2025-10-17,2025-10-17 18:22:03,single_day,invitation,,Tickets Backstage,Shotgun,0.0,0.0,1,0
2025-10-17,2025-10-17 18:22:03,single_day,invitation,,Tickets Backstage,Shotgun,0.0,0.0,1,0
2025-10-17,2025-10-17 18:41:41,single_day,regular,,Admission Générale,Shotgun,59.09,66.79,1,1
2025-10-17,2025-10-17 18:52:23,single_day,regular,,Admission Générale,Shotgun,59.09,66.79,1,1
2025-10-17,2025-10-17 19:05:45,single_day,early_entry,,Entrée avant 21h,Shotgun,50.0,56.51,1,1
2025-10-17,2025-10-17 19:05:45,single_day,early_entry,,Entrée avant 21h,Shotgun,50.0,56.51,1,1
2025-10-17,2025-10-17 19:59:58,single_day,early_entry,,Entrée avant 21h,Shotgun,50.0,56.51,1,1
2025-10-17,2025-10-17 20:35:19,single_day,regular,,Admission Générale,Shotgun,59.09,66.79,1,1
2025-10-17,2025-10-17 20:35:19,single_day,regular,,Admission Générale,Shotgun,59.09,66.79,1,1
2025-10-17,2025-10-17 20:55:49,single_day,invitation,,Admission Générale,Shotgun,0.0,0.0,1,0
2025-10-17,2025-10-17 20:55:49,single_day,invitation,,Admission Générale,Shotgun,0.0,0.0,1,0
2025-10-17,2025-10-17 21:59:50,single_day,early_entry,,Entrée avant 21h,Shotgun,50.0,56.51,1,1
2025-10-17,2025-10-17 22:05:37,single_day,early_entry,,Entrée avant 21h,Shotgun,50.0,56.51,1,1
2025-10-17,2025-10-17 22:24:28,single_day,regular,,Admission Générale,Shotgun,59.09,66.79,1,1
2025-10-17,2025-10-17 22:42:15,single_day,regular,,Admission Générale,Shotgun,59.09,66.79,1,1
2025-10-17,2025-10-17 22:42:15,single_day,regular,,Admission Générale,Shotgun,59.09,66.79,1,1
2025-10-17,2025-10-17 23:08:01,single_day,early_entry,,Entrée avant 21h,Shotgun,50.0,56.51,1,1
2025-10-17,2025-10-17 23:28:26,single_day,early_entry,,Entrée avant 21h,Shotgun,50.0,56.51,1,1
2025-10-17,2025-10-17 23:29:47,single_day,regular,,Admission Générale,Shotgun,59.09,66.79,1,1
2025-10-18,2025-10-18 05:07:58,single_day,early_entry,,Entrée avant 21h,Shotgun,50.0,56.51,1,1
2025-10-17,2025-10-17 20:14:59,single_day,early_entry,,Entrée avant 21h,Shotgun,50.0,56.51,1,1
2025-10-02,2025-10-02 23:09:47,single_day,regular,,Admission Générale,Shotgun,52.73,59.6,1,1
2025-10-17,2025-10-17 20:20:28,single_day,regular,,Admission Générale,Shotgun,59.09,66.79,1,1
2025-10-17,2025-10-17 20:37:46,single_day,early_entry,,Entrée avant 21h,Shotgun,50.0,56.51,1,1
2025-10-17,2025-10-17 20:37:46,single_day,early_entry,,Entrée avant 21h,Shotgun,50.0,56.51,1,1
2025-10-17,2025-10-17 21:01:06,single_day,regular,,Admission Générale,Shotgun,59.09,66.79,1,1
2025-10-17,2025-10-17 21:10:24,single_day,early_entry,,Entrée avant 21h,Shotgun,50.0,56.51,1,1
2025-10-17,2025-10-17 21:10:24,single_day,early_entry,,Entrée avant 21h,Shotgun,50.0,56.51,1,1
2025-10-17,2025-10-17 21:48:10,single_day,early_entry,,Entrée avant 21h,Shotgun,50.0,56.51,1,1
2025-10-17,2025-10-17 22:22:25,single_day,regular,,Admission Générale,Shotgun,59.09,66.79,1,1
2025-10-17,2025-10-17 22:45:07,single_day,regular,,Admission Générale,Shotgun,59.09,66.79,1,1
2025-10-17,2025-10-17 22:45:07,single_day,regular,,Admission Générale,Shotgun,59.09,66.79,1,1
2025-10-17,2025-10-17 22:44:44,single_day,early_entry,,Entrée avant 21h,Shotgun,50.0,56.51,1,1
2025-10-17,2025-10-17 22:44:44,single_day,early_entry,,Entrée avant 21h,Shotgun,50.0,56.51,1,1
2025-10-17,2025-10-17 23:22:42,single_day,early_entry,,Entrée avant 21h,Shotgun,50.0,56.51,1,1
2025-10-17,2025-10-17 23:22:42,single_day,early_entry,,Entrée avant 21h,Shotgun,50.0,56.51,1,1
2025-10-18,2025-10-18 02:14:34,single_day,early_entry,,Entrée avant 21h,Shotgun,50.0,56.51,1,1
2025-08-22,2025-08-22 22:05:31,single_day,regular,,Admission Générale,Shotgun,52.73,59.6,1,1
2025-10-18,2025-10-18 09:36:06,single_day,early_entry,,Entrée avant 21h,Shotgun,50.0,56.51,1,1
2025-10-18,2025-10-18 09:36:06,single_day,early_entry,,Entrée avant 21h,Shotgun,50.0,56.51,1,1
2025-10-18,2025-10-18 10:43:21,single_day,regular,,Admission Générale,Shotgun,59.09,66.79,1,1
2025-10-18,2025-10-18 10:50:25,single_day,early_entry,,Entrée avant 21h,Shotgun,50.0,56.51,1,1
2025-10-18,2025-10-18 11:02:36,single_day,regular,,Admission Générale,Shotgun,59.09,66.79,1,1
2025-10-18,2025-10-18 12:01:56,single_day,regular,,Admission Générale,Shotgun,59.09,66.79,1,1
2025-10-18,2025-10-18 12:01:56,single_day,regular,,Admission Générale,Shotgun,59.09,66.79,1,1
2025-10-18,2025-10-18 12:16:20,single_day,early_entry,,Entrée avant 21h,Shotgun,50.0,56.51,1,1
2025-10-18,2025-10-18 12:28:40,single_day,regular,,Admission Générale,Shotgun,59.09,66.79,1,1
2025-10-18,2025-10-18 12:47:02,single_day,regular,,Admission Générale,Shotgun,59.09,66.79,1,1
2025-10-18,2025-10-18 12:54:34,single_day,early_entry,,Entrée avant 21h,Shotgun,50.0,56.51,1,1
2025-10-18,2025-10-18 13:10:49,single_day,regular,,Admission Générale,Shotgun,59.09,66.79,1,1
2025-10-18,2025-10-18 13:06:58,single_day,early_entry,,Entrée avant 21h,Shotgun,50.0,56.51,1,1
2025-10-18,2025-10-18 13:13:48,single_day,early_entry,,Entrée avant 21h,Shotgun,50.0,56.51,1,1
2025-10-18,2025-10-18 13:13:48,single_day,early_entry,,Entrée avant 21h,Shotgun,50.0,56.51,1,1
2025-10-18,2025-10-18 07:48:07,single_day,regular,,Admission Générale,Shotgun,59.09,66.79,1,1
2025-10-18,2025-10-18 08:47:01,single_day,early_entry,,Entrée avant 21h,Shotgun,50.0,56.51,1,1
2025-10-18,2025-10-18 08:47:01,single_day,early_entry,,Entrée avant 21h,Shotgun,50.0,56.51,1,1
2025-10-18,2025-10-18 09:37:28,single_day,regular,,Admission Générale,Shotgun,59.09,66.79,1,1
2025-10-15,2025-10-15 19:14:35,single_day,regular,,Admission Générale,Shotgun,59.09,66.79,1,1
2025-10-06,2025-10-06 10:44:00,single_day,regular,,Admission Générale,Shotgun,54.0,61.03,1,1
2025-10-18,2025-10-18 10:56:02,single_day,early_entry,,Entrée avant 21h,Shotgun,50.0,56.51,1,1
2025-10-18,2025-10-18 10:56:02,single_day,early_entry,,Entrée avant 21h,Shotgun,50.0,56.51,1,1
2025-10-18,2025-10-18 11:28:19,single_day,early_entry,,Entrée avant 21h,Shotgun,50.0,56.51,1,1
2025-10-18,2025-10-18 11:28:19,single_day,early_entry,,Entrée avant 21h,Shotgun,50.0,56.51,1,1
2025-09-02,2025-09-02 14:33:21,single_day,early_entry,,Entrée avant 21h,Shotgun,43.64,49.32,1,1
2025-10-18,2025-10-18 12:29:50,single_day,regular,,Admission Générale,Shotgun,59.09,66.79,1,1
2025-10-18,2025-10-18 12:29:50,single_day,regular,,Admission Générale,Shotgun,59.09,66.79,1,1
2025-10-18,2025-10-18 12:50:05,single_day,regular,,Admission Générale,Shotgun,59.09,66.79,1,1
2025-10-18,2025-10-18 12:50:05,single_day,regular,,Admission Générale,Shotgun,59.09,66.79,1,1
2025-10-18,2025-10-18 13:13:00,single_day,regular,,Admission Générale,Shotgun,59.09,66.79,1,1
2025-10-18,2025-10-18 12:59:23,single_day,regular,,Admission Générale,Shotgun,59.09,66.79,1,1
2025-10-18,2025-10-18 13:24:08,single_day,early_entry,,Entrée avant 21h,Shotgun,50.0,56.51,1,1
2025-10-18,2025-10-18 13:24:08,single_day,early_entry,,Entrée avant 21h,Shotgun,50.0,56.51,1,1
2025-10-18,2025-10-18 13:52:53,single_day,regular,,Admission Générale,Shotgun,59.09,66.79,1,1
2025-10-09,2025-10-09 19:52:42,single_day,regular,,Admission Générale,Shotgun,54.0,61.03,1,1
2025-10-18,2025-10-18 15:14:20,single_day,regular,,Admission Générale,Shotgun,59.09,66.79,1,1
2025-10-18,2025-10-18 15:13:31,single_day,early_entry,,Entrée avant 21h,Shotgun,50.0,56.51,1,1
2025-10-18,2025-10-18 15:33:56,single_day,early_entry,,Entrée avant 21h,Shotgun,50.0,56.51,1,1
2025-10-18,2025-10-18 15:38:55,single_day,regular,,Admission Générale,Shotgun,59.09,66.79,1,1
2025-10-18,2025-10-18 15:50:07,single_day,early_entry,,Entrée avant 21h,Shotgun,50.0,56.51,1,1
2025-10-18,2025-10-18 15:46:40,single_day,early_entry,,Entrée avant 21h,Shotgun,50.0,56.51,1,1
2025-10-18,2025-10-18 16:08:55,single_day,regular,,Admission Générale,Shotgun,59.09,66.79,1,1
2025-10-18,2025-10-18 16:08:55,single_day,regular,,Admission Générale,Shotgun,59.09,66.79,1,1
2025-10-18,2025-10-18 16:07:35,single_day,regular,,Admission Générale,Shotgun,59.09,66.79,1,1
2025-10-18,2025-10-18 16:26:36,single_day,early_entry,,Entrée avant 21h,Shotgun,50.0,56.51,1,1
2025-07-06,2025-07-06 20:17:35,single_day,early_entry,,Entrée avant 21h,Shotgun,43.64,49.32,1,1
2025-10-18,2025-10-18 16:55:52,single_day,early_entry,,Entrée avant 21h,Shotgun,50.0,56.51,1,1
2025-10-18,2025-10-18 16:55:52,single_day,early_entry,,Entrée avant 21h,Shotgun,50.0,56.51,1,1
2025-10-18,2025-10-18 17:29:24,single_day,early_entry,,Entrée avant 21h,Shotgun,50.0,56.51,1,1
2025-09-29,2025-09-29 20:23:43,single_day,early_entry,,Entrée avant 21h,Shotgun,43.64,49.32,1,1
2025-10-18,2025-10-18 17:17:30,single_day,early_entry,,Entrée avant 21h,Shotgun,50.0,56.51,1,1
2025-10-18,2025-10-18 17:28:08,single_day,regular,,Admission Générale,Shotgun,59.09,66.79,1,1
2025-10-18,2025-10-18 17:28:08,single_day,regular,,Admission Générale,Shotgun,59.09,66.79,1,1
2025-10-18,2025-10-18 17:34:34,single_day,regular,,Admission Générale,Shotgun,59.09,66.79,1,1
2025-10-18,2025-10-18 17:35:04,single_day,early_entry,,Entrée avant 21h,Shotgun,50.0,56.51,1,1
2025-10-18,2025-10-18 17:45:19,single_day,regular,,Admission Générale,Shotgun,59.09,66.79,1,1
2025-10-18,2025-10-18 17:45:19,single_day,regular,,Admission Générale,Shotgun,59.09,66.79,1,1
2025-10-18,2025-10-18 13:16:40,single_day,early_entry,,Entrée avant 21h,Shotgun,50.0,56.51,1,1
2025-10-18,2025-10-18 13:16:40,single_day,early_entry,,Entrée avant 21h,Shotgun,50.0,56.51,1,1
2025-10-18,2025-10-18 13:30:20,single_day,regular,,Admission Générale,Shotgun,59.09,66.79,1,1
2025-10-18,2025-10-18 13:28:24,single_day,regular,,Admission Générale,Shotgun,59.09,66.79,1,1
2025-10-18,2025-10-18 14:57:51,single_day,regular,,Admission Générale,Shotgun,59.09,66.79,1,1
2025-10-18,2025-10-18 15:51:20,single_day,early_entry,,Entrée avant 21h,Shotgun,50.0,56.51,1,1
2025-10-18,2025-10-18 15:25:22,single_day,regular,,Admission Générale,Shotgun,59.09,66.79,1,1
2025-10-18,2025-10-18 15:34:41,single_day,regular,,Admission Générale,Shotgun,59.09,66.79,1,1
2025-10-18,2025-10-18 15:39:30,single_day,regular,,Admission Générale,Shotgun,59.09,66.79,1,1
2025-10-18,2025-10-18 17:00:16,single_day,regular,,Admission Générale,Shotgun,59.09,66.79,1,1
2025-10-18,2025-10-18 17:00:16,single_day,regular,,Admission Générale,Shotgun,59.09,66.79,1,1
2025-10-18,2025-10-18 17:26:00,single_day,early_entry,,Entrée avant 21h,Shotgun,50.0,56.51,1,1
2025-10-18,2025-10-18 17:44:32,single_day,regular,,Admission Générale,Shotgun,59.09,66.79,1,1
2025-10-18,2025-10-18 17:47:45,single_day,regular,,Admission Générale,Shotgun,59.09,66.79,1,1
2025-10-18,2025-10-18 17:40:48,single_day,early_entry,,Entrée avant 21h,Shotgun,50.0,56.51,1,1
2025-10-18,2025-10-18 18:06:49,single_day,early_entry,,Entrée avant 21h,Shotgun,50.0,56.51,1,1
2025-10-18,2025-10-18 18:06:49,single_day,early_entry,,Entrée avant 21h,Shotgun,50.0,56.51,1,1
2025-10-18,2025-10-18 18:06:49,single_day,early_entry,,Entrée avant 21h,Shotgun,50.0,56.51,1,1
2025-10-18,2025-10-18 18:11:05,single_day,early_entry,,Entrée avant 21h,Shotgun,50.0,56.51,1,1
2025-10-18,2025-10-18 18:36:15,single_day,regular,,Admission Générale,Shotgun,59.09,66.79,1,1
2025-10-18,2025-10-18 18:31:54,single_day,regular,,Admission Générale,Shotgun,59.09,66.79,1,1
2025-10-18,2025-10-18 18:31:45,single_day,regular,,Admission Générale,Shotgun,59.09,66.79,1,1
2025-10-18,2025-10-18 18:33:46,single_day,regular,,Admission Générale,Shotgun,59.09,66.79,1,1
2025-10-18,2025-10-18 18:36:46,single_day,regular,,Admission Générale,Shotgun,59.09,66.79,1,1
2025-10-18,2025-10-18 18:36:46,single_day,regular,,Admission Générale,Shotgun,59.09,66.79,1,1
2025-10-18,2025-10-18 20:15:38,single_day,invitation,,Admission Générale,Shotgun,0.0,0.0,1,0
2025-10-18,2025-10-18 20:15:37,single_day,invitation,,Admission Générale,Shotgun,0.0,0.0,1,0
2025-10-18,2025-10-18 20:15:42,single_day,invitation,,Admission Générale,Shotgun,0.0,0.0,1,0
2025-10-18,2025-10-18 20:15:43,single_day,invitation,,Admission Générale,Shotgun,0.0,0.0,1,0
2025-10-18,2025-10-18 20:15:45,single_day,invitation,,Admission Générale,Shotgun,0.0,0.0,1,0
2025-10-18,2025-10-18 20:15:46,single_day,invitation,,Admission Générale,Shotgun,0.0,0.0,1,0
2025-10-18,2025-10-18 20:15:30,single_day,invitation,,Admission Générale,Shotgun,0.0,0.0,1,0
2025-10-18,2025-10-18 17:50:04,single_day,regular,,Admission Générale,Shotgun,59.09,66.79,1,1
2025-10-18,2025-10-18 17:50:04,single_day,regular,,Admission Générale,Shotgun,59.09,66.79,1,1
2025-10-18,2025-10-18 18:07:45,single_day,early_entry,,Entrée avant 21h,Shotgun,50.0,56.51,1,1
2025-10-18,2025-10-18 18:07:54,single_day,early_entry,,Entrée avant 21h,Shotgun,50.0,56.51,1,1
2025-10-18,2025-10-18 18:14:20,single_day,regular,,Admission Générale,Shotgun,59.09,66.79,1,1
2025-10-18,2025-10-18 18:14:20,single_day,regular,,Admission Générale,Shotgun,59.09,66.79,1,1
2025-10-18,2025-10-18 18:12:13,single_day,regular,,Admission Générale,Shotgun,59.09,66.79,1,1
2025-10-18,2025-10-18 18:20:08,single_day,regular,,Admission Générale,Shotgun,59.09,66.79,1,1
2025-10-18,2025-10-18 18:24:21,single_day,early_entry,,Entrée avant 21h,Shotgun,50.0,56.51,1,1
2025-10-18,2025-10-18 18:24:21,single_day,early_entry,,Entrée avant 21h,Shotgun,50.0,56.51,1,1
2025-10-18,2025-10-18 18:40:02,single_day,regular,,Admission Générale,Shotgun,59.09,66.79,1,1
2025-10-18,2025-10-18 18:41:23,single_day,regular,,Admission Générale,Shotgun,59.09,66.79,1,1
2025-10-18,2025-10-18 20:15:15,single_day,invitation,,Admission Générale,Shotgun,0.0,0.0,1,0
2025-10-18,2025-10-18 20:15:19,single_day,invitation,,Admission Générale,Shotgun,0.0,0.0,1,0
2025-10-18,2025-10-18 20:15:28,single_day,invitation,,Admission Générale,Shotgun,0.0,0.0,1,0
2025-10-18,2025-10-18 20:15:29,single_day,invitation,,Admission Générale,Shotgun,0.0,0.0,1,0
2025-10-18,2025-10-18 20:15:29,single_day,invitation,,Admission Générale,Shotgun,0.0,0.0,1,0
2025-10-18,2025-10-18 20:15:30,single_day,invitation,,Admission Générale,Shotgun,0.0,0.0,1,0
2025-10-18,2025-10-18 20:15:31,single_day,invitation,,Admission Générale,Shotgun,0.0,0.0,1,0
2025-10-18,2025-10-18 20:15:31,single_day,invitation,,Admission Générale,Shotgun,0.0,0.0,1,0
2025-10-18,2025-10-18 20:15:32,single_day,invitation,,Admission Générale,Shotgun,0.0,0.0,1,0
2025-10-18,2025-10-18 20:15:32,single_day,invitation,,Admission Générale,Shotgun,0.0,0.0,1,0
2025-10-18,2025-10-18 20:15:33,single_day,invitation,,Admission Générale,Shotgun,0.0,0.0,1,0
2025-10-18,2025-10-18 20:15:33,single_day,invitation,,Admission Générale,Shotgun,0.0,0.0,1,0
2025-10-18,2025-10-18 20:15:34,single_day,invitation,,Admission Générale,Shotgun,0.0,0.0,1,0
2025-10-18,2025-10-18 20:15:35,single_day,invitation,,Admission Générale,Shotgun,0.0,0.0,1,0
2025-10-18,2025-10-18 20:15:36,single_day,invitation,,Admission Générale,Shotgun,0.0,0.0,1,0
2025-10-18,2025-10-18 20:15:36,single_day,invitation,,Admission Générale,Shotgun,0.0,0.0,1,0
2025-10-18,2025-10-18 20:15:37,single_day,invitation,,Admission Générale,Shotgun,0.0,0.0,1,0
2025-10-18,2025-10-18 20:15:38,single_day,invitation,,Admission Générale,Shotgun,0.0,0.0,1,0
2025-10-18,2025-10-18 20:15:39,single_day,invitation,,Admission Générale,Shotgun,0.0,0.0,1,0
2025-10-18,2025-10-18 20:15:40,single_day,invitation,,Admission Générale,Shotgun,0.0,0.0,1,0
2025-10-18,2025-10-18 20:15:40,single_day,invitation,,Admission Générale,Shotgun,0.0,0.0,1,0
2025-10-18,2025-10-18 20:15:41,single_day,invitation,,Admission Générale,Shotgun,0.0,0.0,1,0
2025-10-18,2025-10-18 20:15:41,single_day,invitation,,Admission Générale,Shotgun,0.0,0.0,1,0
2025-10-18,2025-10-18 20:15:42,single_day,invitation,,Admission Générale,Shotgun,0.0,0.0,1,0
2025-10-18,2025-10-18 20:15:43,single_day,invitation,,Admission Générale,Shotgun,0.0,0.0,1,0
2025-10-18,2025-10-18 20:15:44,single_day,invitation,,Admission Générale,Shotgun,0.0,0.0,1,0
2025-10-18,2025-10-18 20:15:44,single_day,invitation,,Admission Générale,Shotgun,0.0,0.0,1,0
2025-10-18,2025-10-18 20:15:44,single_day,invitation,,Admission Générale,Shotgun,0.0,0.0,1,0
2025-10-18,2025-10-18 20:15:44,single_day,invitation,,Admission Générale,Shotgun,0.0,0.0,1,0
2025-10-18,2025-10-18 20:15:48,single_day,invitation,,Admission Générale,Shotgun,0.0,0.0,1,0
2025-10-18,2025-10-18 20:15:49,single_day,invitation,,Admission Générale,Shotgun,0.0,0.0,1,0
2025-10-18,2025-10-18 20:15:49,single_day,invitation,,Admission Générale,Shotgun,0.0,0.0,1,0
2025-10-18,2025-10-18 20:15:50,single_day,invitation,,Admission Générale,Shotgun,0.0,0.0,1,0
2025-10-18,2025-10-18 20:15:51,single_day,invitation,,Admission Générale,Shotgun,0.0,0.0,1,0
2025-10-18,2025-10-18 20:15:51,single_day,invitation,,Admission Générale,Shotgun,0.0,0.0,1,0
2025-10-18,2025-10-18 20:15:52,single_day,invitation,,Admission Générale,Shotgun,0.0,0.0,1,0
2025-10-18,2025-10-18 20:15:53,single_day,invitation,,Admission Générale,Shotgun,0.0,0.0,1,0
2025-10-18,2025-10-18 20:15:53,single_day,invitation,,Admission Générale,Shotgun,0.0,0.0,1,0
2025-10-18,2025-10-18 20:15:54,single_day,invitation,,Admission Générale,Shotgun,0.0,0.0,1,0
2025-10-18,2025-10-18 20:15:55,single_day,invitation,,Admission Générale,Shotgun,0.0,0.0,1,0
2025-10-18,2025-10-18 20:15:57,single_day,invitation,,Admission Générale,Shotgun,0.0,0.0,1,0
2025-10-18,2025-10-18 20:16:21,single_day,invitation,,Admission Générale,Shotgun,0.0,0.0,1,0
2025-10-18,2025-10-18 20:16:23,single_day,invitation,,Admission Générale,Shotgun,0.0,0.0,1,0
2025-10-18,2025-10-18 20:16:25,single_day,invitation,,Admission Générale,Shotgun,0.0,0.0,1,0
2025-10-18,2025-10-18 20:16:26,single_day,invitation,,Admission Générale,Shotgun,0.0,0.0,1,0
2025-10-18,2025-10-18 20:15:44,single_day,invitation,,Admission Générale,Shotgun,0.0,0.0,1,0
2025-10-18,2025-10-18 20:15:44,single_day,invitation,,Admission Générale,Shotgun,0.0,0.0,1,0
2025-10-18,2025-10-18 20:15:47,single_day,invitation,,Admission Générale,Shotgun,0.0,0.0,1,0
2025-10-18,2025-10-18 20:15:47,single_day,invitation,,Admission Générale,Shotgun,0.0,0.0,1,0
2025-10-18,2025-10-18 20:16:30,single_day,invitation,,Admission Générale,Shotgun,0.0,0.0,1,0
2025-10-18,2025-10-18 20:16:31,single_day,invitation,,Admission Générale,Shotgun,0.0,0.0,1,0
2025-10-18,2025-10-18 20:16:31,single_day,invitation,,Admission Générale,Shotgun,0.0,0.0,1,0
2025-10-18,2025-10-18 20:16:32,single_day,invitation,,Admission Générale,Shotgun,0.0,0.0,1,0
2025-10-18,2025-10-18 20:16:33,single_day,invitation,,Admission Générale,Shotgun,0.0,0.0,1,0
2025-10-18,2025-10-18 20:16:33,single_day,invitation,,Admission Générale,Shotgun,0.0,0.0,1,0
2025-10-18,2025-10-18 20:16:36,single_day,invitation,,Admission Générale,Shotgun,0.0,0.0,1,0
2025-10-18,2025-10-18 20:16:29,single_day,invitation,,Admission Générale,Shotgun,0.0,0.0,1,0
2025-10-18,2025-10-18 20:15:46,single_day,invitation,,Admission Générale,Shotgun,0.0,0.0,1,0
2025-10-18,2025-10-18 20:15:48,single_day,invitation,,Admission Générale,Shotgun,0.0,0.0,1,0
2025-10-18,2025-10-18 20:16:27,single_day,invitation,,Admission Générale,Shotgun,0.0,0.0,1,0
2025-10-18,2025-10-18 20:16:24,single_day,invitation,,Admission Générale,Shotgun,0.0,0.0,1,0
2025-10-18,2025-10-18 20:16:19,single_day,invitation,,Admission Générale,Shotgun,0.0,0.0,1,0
2025-10-18,2025-10-18 20:16:22,single_day,invitation,,Admission Générale,Shotgun,0.0,0.0,1,0
2025-10-18,2025-10-18 20:16:25,single_day,invitation,,Admission Générale,Shotgun,0.0,0.0,1,0
2025-10-18,2025-10-18 20:16:28,single_day,invitation,,Admission Générale,Shotgun,0.0,0.0,1,0
2025-10-18,2025-10-18 20:16:28,single_day,invitation,,Admission Générale,Shotgun,0.0,0.0,1,0
2025-10-18,2025-10-18 20:16:29,single_day,invitation,,Admission Générale,Shotgun,0.0,0.0,1,0
2025-10-18,2025-10-18 20:16:34,single_day,invitation,,Admission Générale,Shotgun,0.0,0.0,1,0
2025-10-18,2025-10-18 20:16:34,single_day,invitation,,Admission Générale,Shotgun,0.0,0.0,1,0
2025-10-18,2025-10-18 20:16:35,single_day,invitation,,Admission Générale,Shotgun,0.0,0.0,1,0
2025-10-18,2025-10-18 20:16:35,single_day,invitation,,Admission Générale,Shotgun,0.0,0.0,1,0
2025-10-18,2025-10-18 20:15:19,single_day,invitation,,Admission Générale,Shotgun,0.0,0.0,1,0
2025-10-18,2025-10-18 20:15:20,single_day,invitation,,Admission Générale,Shotgun,0.0,0.0,1,0
2025-10-18,2025-10-18 20:15:21,single_day,invitation,,Admission Générale,Shotgun,0.0,0.0,1,0
2025-10-18,2025-10-18 20:15:21,single_day,invitation,,Admission Générale,Shotgun,0.0,0.0,1,0
2025-10-18,2025-10-18 20:15:21,single_day,invitation,,Admission Générale,Shotgun,0.0,0.0,1,0
2025-10-18,2025-10-18 20:15:22,single_day,invitation,,Admission Générale,Shotgun,0.0,0.0,1,0
2025-10-18,2025-10-18 20:15:22,single_day,invitation,,Admission Générale,Shotgun,0.0,0.0,1,0
2025-10-18,2025-10-18 20:15:26,single_day,invitation,,Admission Générale,Shotgun,0.0,0.0,1,0
2025-10-18,2025-10-18 20:15:55,single_day,invitation,,Admission Générale,Shotgun,0.0,0.0,1,0
2025-10-18,2025-10-18 20:15:56,single_day,invitation,,Admission Générale,Shotgun,0.0,0.0,1,0
2025-10-18,2025-10-18 20:15:56,single_day,invitation,,Admission Générale,Shotgun,0.0,0.0,1,0
2025-10-18,2025-10-18 20:15:57,single_day,invitation,,Admission Générale,Shotgun,0.0,0.0,1,0
2025-10-18,2025-10-18 20:15:26,single_day,invitation,,Admission Générale,Shotgun,0.0,0.0,1,0
2025-10-18,2025-10-18 20:15:27,single_day,invitation,,Admission Générale,Shotgun,0.0,0.0,1,0
2025-10-18,2025-10-18 20:15:23,single_day,invitation,,Admission Générale,Shotgun,0.0,0.0,1,0
2025-10-18,2025-10-18 20:15:23,single_day,invitation,,Admission Générale,Shotgun,0.0,0.0,1,0
2025-10-18,2025-10-18 20:15:24,single_day,invitation,,Admission Générale,Shotgun,0.0,0.0,1,0
2025-10-18,2025-10-18 20:15:24,single_day,invitation,,Admission Générale,Shotgun,0.0,0.0,1,0
2025-10-18,2025-10-18 20:15:25,single_day,invitation,,Admission Générale,Shotgun,0.0,0.0,1,0
2025-10-18,2025-10-18 20:15:27,single_day,invitation,,Admission Générale,Shotgun,0.0,0.0,1,0
2025-10-18,2025-10-18 20:15:58,single_day,invitation,,Admission Générale,Shotgun,0.0,0.0,1,0
2025-10-18,2025-10-18 20:16:00,single_day,invitation,,Admission Générale,Shotgun,0.0,0.0,1,0
2025-10-18,2025-10-18 20:16:10,single_day,invitation,,Admission Générale,Shotgun,0.0,0.0,1,0
2025-10-18,2025-10-18 20:16:18,single_day,invitation,,Admission Générale,Shotgun,0.0,0.0,1,0
2025-10-18,2025-10-18 20:16:22,single_day,invitation,,Admission Générale,Shotgun,0.0,0.0,1,0
2025-10-18,2025-10-18 20:16:24,single_day,invitation,,Admission Générale,Shotgun,0.0,0.0,1,0
2025-10-18,2025-10-18 20:16:26,single_day,invitation,,Admission Générale,Shotgun,0.0,0.0,1,0
